ï»¿datasheet_id|detachment_ability_id|
000000001|000008884|
000000001|000009990|
000000001|000008365|
000000001|000009622|
000000001|000009614|
000000002|000008884|
000000002|000009990|
000000002|000008365|
000000002|000009622|
000000002|000009614|
000000003|000008884|
000000003|000008365|
000000003|000008871|
000000004|000009614|
000000004|000009990|
000000004|000008365|
000000006|000009794|
000000006|000009614|
000000006|000009990|
000000006|000009622|
000000006|000008365|
000000006|000008875|
000000007|000009614|
000000007|000008871|
000000007|000008365|
000000008|000009990|
000000008|000008884|
000000008|000008365|
000000008|000009622|
000000008|000009614|
000000009|000009990|
000000009|000008365|
000000010|000009990|
000000010|000008365|
000000011|000008365|
000000011|000009990|
000000011|000009614|
000000012|000008365|
000000012|000008875|
000000012|000009614|
000000012|000009990|
000000012|000009794|
000000013|000009990|
000000013|000008365|
000000013|000009614|
000000014|000008365|
000000014|000008871|
000000015|000008365|
000000015|000009614|
000000015|000009990|
000000016|000009990|
000000016|000008880|
000000016|000008365|
000000016|000009614|
000000017|000009990|
000000017|000008365|
000000019|000008365|
000000019|000009990|
000000019|000009614|
000000020|000009990|
000000020|000008365|
000000021|000009614|
000000021|000008884|
000000021|000009622|
000000021|000009990|
000000021|000008365|
000000022|000008365|
000000022|000009990|
000000023|000008871|
000000023|000008365|
000000024|000008884|
000000024|000009622|
000000024|000008365|
000000024|000009990|
000000025|000008365|
000000025|000009614|
000000025|000009990|
000000026|000008365|
000000027|000009614|
000000027|000008365|
000000027|000009990|
000000028|000008871|
000000028|000008365|
000000029|000008871|
000000029|000008365|
000000030|000008365|
000000030|000008871|
000000031|000008365|
000000031|000008871|
000000032|000008871|
000000032|000008365|
000000033|000008365|
000000033|000008871|
000000034|000008365|
000000034|000008871|
000000035|000008871|
000000035|000008365|
000000036|000008365|
000000036|000008871|
000000037|000009794|
000000037|000008875|
000000037|000008365|
000000038|000008365|
000000038|000008875|
000000038|000009794|
000000039|000008365|
000000040|000008875|
000000040|000009990|
000000040|000009794|
000000040|000008365|
000000041|000008365|
000000041|000008875|
000000041|000009794|
000000041|000009990|
000000042|000009794|
000000042|000008365|
000000042|000009990|
000000042|000008875|
000000043|000008875|
000000043|000009794|
000000043|000009990|
000000043|000008365|
000000044|000009990|
000000044|000008365|
000000045|000009990|
000000045|000009614|
000000045|000008365|
000000046|000008875|
000000046|000009990|
000000046|000008365|
000000046|000009794|
000000049|000008875|
000000049|000009794|
000000049|000008365|
000000050|000009794|
000000050|000008365|
000000050|000008875|
000000051|000008365|
000000052|000009990|
000000052|000008365|
000000052|000009794|
000000052|000008875|
000000053|000008365|
000000054|000008365|
000000055|000008365|
000000056|000008365|
000000057|000008365|
000000057|000008871|
000000059|000008365|
000000060|000010620|
000000060|000009834|
000000060|000010154|
000000060|000008493|
000000060|000008481|
000000060|000008770|
000000060|000010627|
000000060|000008473|
000000060|000010367|
000000060|000008477|
000000060|000009842|
000000060|000009732|
000000060|000010626|
000000060|000010399|
000000060|000010391|
000000060|000008374|
000000060|000008521|
000000060|000010463|
000000060|000008777|
000000060|000009850|
000000060|000008485|
000000060|000008489|
000000060|000010268|
000000060|000010621|
000000060|000008355|
000000060|000009242|
000000060|000010459|
000000061|000008485|
000000061|000008489|
000000061|000008481|
000000061|000009842|
000000061|000010459|
000000061|000010391|
000000061|000010626|
000000061|000009850|
000000061|000009834|
000000061|000008770|
000000061|000008374|
000000061|000010627|
000000061|000010399|
000000061|000010620|
000000061|000008355|
000000061|000010621|
000000061|000010463|
000000061|000009732|
000000061|000008493|
000000061|000010268|
000000061|000008477|
000000061|000010367|
000000061|000008473|
000000061|000008777|
000000061|000010154|
000000063|000008477|
000000063|000008777|
000000063|000008355|
000000063|000010459|
000000063|000008481|
000000063|000010626|
000000063|000010620|
000000063|000010621|
000000063|000010463|
000000063|000010627|
000000063|000010399|
000000063|000010154|
000000063|000010367|
000000063|000008489|
000000063|000010391|
000000063|000009842|
000000063|000008485|
000000063|000008770|
000000063|000008521|
000000063|000009732|
000000063|000008493|
000000063|000008473|
000000063|000008374|
000000063|000010268|
000000063|000009834|
000000064|000010463|
000000064|000010459|
000000064|000008355|
000000064|000010626|
000000064|000010154|
000000064|000009189|
000000064|000010627|
000000064|000009834|
000000064|000010621|
000000064|000008770|
000000064|000010620|
000000064|000010391|
000000064|000010367|
000000064|000008477|
000000064|000008777|
000000064|000010399|
000000064|000010268|
000000064|000009842|
000000064|000009732|
000000064|000008493|
000000064|000008489|
000000064|000008485|
000000064|000008473|
000000064|000008374|
000000064|000008481|
000000064|000009850|
000000065|000009842|
000000065|000008473|
000000065|000010620|
000000065|000010399|
000000065|000009732|
000000065|000008777|
000000065|000008493|
000000065|000010627|
000000065|000010626|
000000065|000008489|
000000065|000008477|
000000065|000008355|
000000065|000008481|
000000065|000010621|
000000065|000008485|
000000065|000008521|
000000065|000010391|
000000065|000010463|
000000065|000009834|
000000065|000008374|
000000065|000010459|
000000065|000008770|
000000065|000010367|
000000065|000010268|
000000066|000010621|
000000066|000010391|
000000066|000010268|
000000066|000008521|
000000066|000010620|
000000066|000008355|
000000066|000010463|
000000066|000010627|
000000066|000008777|
000000066|000010367|
000000066|000009834|
000000066|000008477|
000000066|000008770|
000000066|000010399|
000000066|000010626|
000000066|000009842|
000000066|000008374|
000000066|000010459|
000000066|000009732|
000000066|000008481|
000000066|000008485|
000000066|000008489|
000000066|000008493|
000000066|000008473|
000000067|000010399|
000000067|000010627|
000000067|000010626|
000000067|000008481|
000000067|000008777|
000000067|000010391|
000000067|000008477|
000000067|000010367|
000000067|000010268|
000000067|000010621|
000000067|000008355|
000000067|000009842|
000000067|000010459|
000000067|000009732|
000000067|000010463|
000000067|000008493|
000000067|000008489|
000000067|000008485|
000000067|000010620|
000000067|000008473|
000000067|000008374|
000000067|000009834|
000000067|000008521|
000000067|000008770|
000000068|000008473|
000000068|000008374|
000000068|000009834|
000000068|000010459|
000000068|000010627|
000000068|000009850|
000000068|000009189|
000000068|000008481|
000000068|000008355|
000000068|000010391|
000000068|000008521|
000000068|000010463|
000000068|000010620|
000000068|000010154|
000000068|000010367|
000000068|000008770|
000000068|000010626|
000000068|000010399|
000000068|000008777|
000000068|000010621|
000000068|000008477|
000000068|000010268|
000000068|000009842|
000000068|000009732|
000000068|000008493|
000000068|000008489|
000000068|000008485|
000000070|000009834|
000000070|000010367|
000000070|000009242|
000000070|000010459|
000000070|000009842|
000000070|000008374|
000000070|000009732|
000000070|000010399|
000000070|000010154|
000000070|000008777|
000000070|000010626|
000000070|000010268|
000000070|000010391|
000000070|000008493|
000000070|000010627|
000000070|000008489|
000000070|000008485|
000000070|000008770|
000000070|000010620|
000000070|000008355|
000000070|000008477|
000000070|000009850|
000000070|000008473|
000000070|000008481|
000000070|000010621|
000000070|000010463|
000000071|000010459|
000000071|000009834|
000000071|000010627|
000000071|000010620|
000000071|000010391|
000000071|000008770|
000000071|000009850|
000000071|000010367|
000000071|000008481|
000000071|000008355|
000000071|000010399|
000000071|000010463|
000000071|000008521|
000000071|000008777|
000000071|000010268|
000000071|000009842|
000000071|000009732|
000000071|000008493|
000000071|000008489|
000000071|000008485|
000000071|000010626|
000000071|000008473|
000000071|000010621|
000000071|000008374|
000000071|000008477|
000000071|000008773|
000000071|000009242|
000000071|000010154|
000000072|000010463|
000000072|000008481|
000000072|000008777|
000000072|000010268|
000000072|000010627|
000000072|000009842|
000000072|000008770|
000000072|000010620|
000000072|000008477|
000000072|000008374|
000000072|000008473|
000000072|000008521|
000000072|000009834|
000000072|000010399|
000000072|000009732|
000000072|000010367|
000000072|000008485|
000000072|000010459|
000000072|000010621|
000000072|000010626|
000000072|000008355|
000000072|000008493|
000000072|000010391|
000000072|000008489|
000000073|000009732|
000000073|000010268|
000000073|000010399|
000000073|000008770|
000000073|000009242|
000000073|000008777|
000000073|000010627|
000000073|000010463|
000000073|000008521|
000000073|000008493|
000000073|000010459|
000000073|000010154|
000000073|000008485|
000000073|000010367|
000000073|000008355|
000000073|000008374|
000000073|000010621|
000000073|000010626|
000000073|000009834|
000000073|000010620|
000000073|000009850|
000000073|000008489|
000000073|000010391|
000000073|000009842|
000000073|000008477|
000000073|000008481|
000000073|000008473|
000000076|000008777|
000000076|000009842|
000000076|000009247|
000000076|000009732|
000000076|000008493|
000000076|000008489|
000000076|000010391|
000000076|000008485|
000000076|000008481|
000000076|000008521|
000000076|000009850|
000000076|000010367|
000000076|000009834|
000000076|000008355|
000000076|000008477|
000000076|000010399|
000000076|000010627|
000000076|000008770|
000000076|000010621|
000000076|000008374|
000000076|000010463|
000000076|000010620|
000000076|000010154|
000000076|000010626|
000000076|000009242|
000000076|000008473|
000000076|000010459|
000000076|000010268|
000000079|000010268|
000000079|000008489|
000000079|000010621|
000000079|000010463|
000000079|000008493|
000000079|000010459|
000000079|000009732|
000000079|000010367|
000000079|000009850|
000000079|000008477|
000000079|000008481|
000000079|000008355|
000000079|000009784|
000000079|000010391|
000000079|000008374|
000000079|000008770|
000000079|000010620|
000000079|000008777|
000000079|000010399|
000000079|000009834|
000000079|000008473|
000000079|000010154|
000000079|000010626|
000000079|000010627|
000000079|000008773|
000000079|000008485|
000000079|000009842|
000000079|000008521|
000000079|000009254|
000000081|000008481|
000000081|000010391|
000000081|000008777|
000000081|000010154|
000000081|000010626|
000000081|000010459|
000000081|000008521|
000000081|000010367|
000000081|000008770|
000000081|000009850|
000000081|000008485|
000000081|000009732|
000000081|000008489|
000000081|000008477|
000000081|000010621|
000000081|000009242|
000000081|000008493|
000000081|000008355|
000000081|000009834|
000000081|000010620|
000000081|000008473|
000000081|000010627|
000000081|000009842|
000000081|000010463|
000000081|000010399|
000000081|000008374|
000000081|000010268|
000000083|000008481|
000000083|000008521|
000000083|000008489|
000000083|000010391|
000000083|000010268|
000000083|000008374|
000000083|000010463|
000000083|000010620|
000000083|000010627|
000000083|000009834|
000000083|000008777|
000000083|000009732|
000000083|000008770|
000000083|000008473|
000000083|000008477|
000000083|000008493|
000000083|000010459|
000000083|000010621|
000000083|000009842|
000000083|000010154|
000000083|000008355|
000000083|000009242|
000000083|000008485|
000000083|000010399|
000000083|000009850|
000000083|000009189|
000000083|000010367|
000000083|000010626|
000000084|000008521|
000000084|000008477|
000000084|000008355|
000000084|000010367|
000000084|000008481|
000000084|000010620|
000000084|000010621|
000000084|000010626|
000000084|000010399|
000000084|000010627|
000000084|000010459|
000000084|000008777|
000000084|000010268|
000000084|000009842|
000000084|000010391|
000000084|000009732|
000000084|000008493|
000000084|000008489|
000000084|000008485|
000000084|000008473|
000000084|000008374|
000000084|000009834|
000000084|000008770|
000000084|000010463|
000000085|000009732|
000000085|000010268|
000000085|000009842|
000000085|000008485|
000000085|000008473|
000000085|000008481|
000000085|000010627|
000000085|000010367|
000000085|000010620|
000000085|000010399|
000000085|000010621|
000000085|000008374|
000000085|000008521|
000000085|000008355|
000000085|000010463|
000000085|000010459|
000000085|000008477|
000000085|000008493|
000000085|000010391|
000000085|000010626|
000000085|000008489|
000000085|000008770|
000000085|000009834|
000000085|000008777|
000000086|000010620|
000000086|000008493|
000000086|000010268|
000000086|000008777|
000000086|000009842|
000000086|000010459|
000000086|000009834|
000000086|000008481|
000000086|000008355|
000000086|000010626|
000000086|000010367|
000000086|000010463|
000000086|000010399|
000000086|000008374|
000000086|000008473|
000000086|000008477|
000000086|000010391|
000000086|000010621|
000000086|000008489|
000000086|000010627|
000000086|000008521|
000000086|000009732|
000000086|000008770|
000000086|000008485|
000000087|000009842|
000000087|000009732|
000000087|000010367|
000000087|000008493|
000000087|000008770|
000000087|000009834|
000000087|000010627|
000000087|000010621|
000000087|000010626|
000000087|000008485|
000000087|000010463|
000000087|000008374|
000000087|000008521|
000000087|000010459|
000000087|000010391|
000000087|000008473|
000000087|000010620|
000000087|000008489|
000000087|000010399|
000000087|000008481|
000000087|000008477|
000000087|000008777|
000000087|000010268|
000000087|000008355|
000000091|000010621|
000000091|000010459|
000000091|000008481|
000000091|000008473|
000000091|000008374|
000000091|000008777|
000000091|000010391|
000000091|000010268|
000000091|000010463|
000000091|000010367|
000000091|000008485|
000000091|000010627|
000000091|000010620|
000000091|000008521|
000000091|000009834|
000000091|000008770|
000000091|000009732|
000000091|000008355|
000000091|000010399|
000000091|000009842|
000000091|000008493|
000000091|000010626|
000000091|000009850|
000000091|000008489|
000000091|000008477|
000000092|000009732|
000000092|000010391|
000000092|000008477|
000000092|000008770|
000000092|000010459|
000000092|000009842|
000000092|000010399|
000000092|000010621|
000000092|000010268|
000000092|000008481|
000000092|000010626|
000000092|000010627|
000000092|000010367|
000000092|000008473|
000000092|000008374|
000000092|000008777|
000000092|000009834|
000000092|000010620|
000000092|000008493|
000000092|000010463|
000000092|000008489|
000000092|000008485|
000000092|000008355|
000000092|000008521|
000000093|000009842|
000000093|000008473|
000000093|000008374|
000000093|000010268|
000000093|000008481|
000000093|000008777|
000000093|000009834|
000000093|000010399|
000000093|000010621|
000000093|000010620|
000000093|000010626|
000000093|000008355|
000000093|000010367|
000000093|000010463|
000000093|000008770|
000000093|000008485|
000000093|000010391|
000000093|000008521|
000000093|000010459|
000000093|000008477|
000000093|000010627|
000000093|000008489|
000000093|000008493|
000000093|000009732|
000000094|000008473|
000000094|000010463|
000000094|000008489|
000000094|000008493|
000000094|000008485|
000000094|000009842|
000000094|000008777|
000000094|000010367|
000000094|000008770|
000000094|000008355|
000000094|000010620|
000000094|000010154|
000000094|000008521|
000000094|000008374|
000000094|000010459|
000000094|000010399|
000000094|000009732|
000000094|000008477|
000000094|000010268|
000000094|000009834|
000000094|000008481|
000000094|000010627|
000000094|000010626|
000000094|000010391|
000000094|000010621|
000000095|000008777|
000000095|000008489|
000000095|000010399|
000000095|000010391|
000000095|000009842|
000000095|000009850|
000000095|000008521|
000000095|000010627|
000000095|000010268|
000000095|000008481|
000000095|000010621|
000000095|000008473|
000000095|000009732|
000000095|000008374|
000000095|000008493|
000000095|000009834|
000000095|000008477|
000000095|000010620|
000000095|000008770|
000000095|000008355|
000000095|000010626|
000000095|000010154|
000000095|000010367|
000000095|000010459|
000000095|000008485|
000000095|000010463|
000000096|000010620|
000000096|000010463|
000000096|000008481|
000000096|000010626|
000000096|000010459|
000000096|000008473|
000000096|000010391|
000000096|000010367|
000000096|000010399|
000000096|000008770|
000000096|000008374|
000000096|000009842|
000000096|000008777|
000000096|000009732|
000000096|000009834|
000000096|000009850|
000000096|000008493|
000000096|000008485|
000000096|000010268|
000000096|000008355|
000000096|000010621|
000000096|000008489|
000000096|000010627|
000000096|000008477|
000000096|000008521|
000000097|000010626|
000000097|000008477|
000000097|000008777|
000000097|000010268|
000000097|000010627|
000000097|000009842|
000000097|000009732|
000000097|000010391|
000000097|000008493|
000000097|000008521|
000000097|000009834|
000000097|000010459|
000000097|000008374|
000000097|000008473|
000000097|000010463|
000000097|000008485|
000000097|000010620|
000000097|000008489|
000000097|000008355|
000000097|000010621|
000000097|000010399|
000000097|000008770|
000000097|000010367|
000000097|000008481|
000000098|000008770|
000000098|000010620|
000000098|000009834|
000000098|000010367|
000000098|000008777|
000000098|000010268|
000000098|000009842|
000000098|000010626|
000000098|000009732|
000000098|000010391|
000000098|000008477|
000000098|000010399|
000000098|000008493|
000000098|000008489|
000000098|000008355|
000000098|000010627|
000000098|000008374|
000000098|000008473|
000000098|000010621|
000000098|000010463|
000000098|000008481|
000000098|000010459|
000000098|000008521|
000000098|000008485|
000000099|000008374|
000000099|000008521|
000000099|000009842|
000000099|000010399|
000000099|000008493|
000000099|000010463|
000000099|000008489|
000000099|000008777|
000000099|000009732|
000000099|000009834|
000000099|000010268|
000000099|000008485|
000000099|000008355|
000000099|000008473|
000000099|000010627|
000000099|000010626|
000000099|000010621|
000000099|000010391|
000000099|000010620|
000000099|000010459|
000000099|000008481|
000000099|000010367|
000000099|000008770|
000000099|000008477|
000000103|000008481|
000000103|000009242|
000000103|000008473|
000000103|000009732|
000000103|000008485|
000000103|000008374|
000000103|000009834|
000000103|000010627|
000000103|000008770|
000000103|000010459|
000000103|000008489|
000000103|000009842|
000000103|000008477|
000000103|000008355|
000000103|000010621|
000000103|000010399|
000000103|000010367|
000000103|000008777|
000000103|000010268|
000000103|000010391|
000000103|000010626|
000000103|000008493|
000000103|000010154|
000000103|000008521|
000000103|000009850|
000000103|000010463|
000000103|000010620|
000000104|000009842|
000000104|000010399|
000000104|000008493|
000000104|000010268|
000000104|000008477|
000000104|000008773|
000000104|000010620|
000000104|000010459|
000000104|000008481|
000000104|000010367|
000000104|000009850|
000000104|000009732|
000000104|000008355|
000000104|000010463|
000000104|000010154|
000000104|000010626|
000000104|000010627|
000000104|000010621|
000000104|000010391|
000000104|000008770|
000000104|000009834|
000000104|000008374|
000000104|000008777|
000000104|000008473|
000000104|000008485|
000000104|000008489|
000000107|000010268|
000000107|000010627|
000000107|000010620|
000000107|000008521|
000000107|000010459|
000000107|000010626|
000000107|000008777|
000000107|000010621|
000000107|000010367|
000000107|000009834|
000000107|000008374|
000000107|000010463|
000000107|000008481|
000000107|000008473|
000000107|000008485|
000000107|000008477|
000000107|000010391|
000000107|000008489|
000000107|000008493|
000000107|000008770|
000000107|000009732|
000000107|000009842|
000000107|000008355|
000000107|000010399|
000000110|000008355|
000000110|000008489|
000000110|000008485|
000000110|000008473|
000000110|000010627|
000000110|000008374|
000000110|000010620|
000000110|000010621|
000000110|000010459|
000000110|000010626|
000000110|000010367|
000000110|000010391|
000000110|000008481|
000000110|000008777|
000000110|000010268|
000000110|000009834|
000000110|000008521|
000000110|000008493|
000000110|000008477|
000000110|000008770|
000000110|000010399|
000000110|000010463|
000000110|000009842|
000000110|000009732|
000000111|000008473|
000000111|000008485|
000000111|000010399|
000000111|000010391|
000000111|000008489|
000000111|000008493|
000000111|000010367|
000000111|000009732|
000000111|000009842|
000000111|000010268|
000000111|000008777|
000000111|000010626|
000000111|000010463|
000000111|000009850|
000000111|000010620|
000000111|000008481|
000000111|000008355|
000000111|000010627|
000000111|000010459|
000000111|000008477|
000000111|000010621|
000000111|000008770|
000000111|000008521|
000000111|000009834|
000000111|000008374|
000000112|000010626|
000000112|000010154|
000000112|000010621|
000000112|000008489|
000000112|000009842|
000000112|000008481|
000000112|000009242|
000000112|000008374|
000000112|000008477|
000000112|000009732|
000000112|000010399|
000000112|000008770|
000000112|000010463|
000000112|000010268|
000000112|000010627|
000000112|000008777|
000000112|000010391|
000000112|000010459|
000000112|000008473|
000000112|000008485|
000000112|000008493|
000000112|000008521|
000000112|000009189|
000000112|000008355|
000000112|000010367|
000000112|000009834|
000000112|000010620|
000000112|000009850|
000000113|000008473|
000000113|000008477|
000000113|000010399|
000000113|000010463|
000000113|000008521|
000000113|000010459|
000000113|000010391|
000000113|000010627|
000000113|000009834|
000000113|000009732|
000000113|000010621|
000000113|000008355|
000000113|000010626|
000000113|000010268|
000000113|000008481|
000000113|000008493|
000000113|000008770|
000000113|000008374|
000000113|000010367|
000000113|000008777|
000000113|000008489|
000000113|000009842|
000000113|000008485|
000000113|000010620|
000000114|000008374|
000000114|000010268|
000000114|000010399|
000000114|000008521|
000000114|000008477|
000000114|000010391|
000000114|000010621|
000000114|000010367|
000000114|000010627|
000000114|000009842|
000000114|000009732|
000000114|000008473|
000000114|000008493|
000000114|000010463|
000000114|000010626|
000000114|000009834|
000000114|000008355|
000000114|000008489|
000000114|000008485|
000000114|000008777|
000000114|000008770|
000000114|000010620|
000000114|000010459|
000000114|000008481|
000000115|000008521|
000000115|000008481|
000000115|000010154|
000000115|000008777|
000000115|000008374|
000000115|000010367|
000000115|000010391|
000000115|000010399|
000000115|000008477|
000000115|000008473|
000000115|000008489|
000000115|000009254|
000000115|000010621|
000000115|000008355|
000000115|000008493|
000000115|000010626|
000000115|000009842|
000000115|000010459|
000000115|000009850|
000000115|000008770|
000000115|000009732|
000000115|000008773|
000000115|000010620|
000000115|000009834|
000000115|000010627|
000000115|000010268|
000000115|000010463|
000000115|000008485|
000000116|000008493|
000000116|000009732|
000000116|000008485|
000000116|000008473|
000000116|000008489|
000000116|000010459|
000000116|000010391|
000000116|000008481|
000000116|000010399|
000000116|000010463|
000000116|000009834|
000000116|000010621|
000000116|000010620|
000000116|000010626|
000000116|000010627|
000000116|000008355|
000000116|000010154|
000000116|000008777|
000000116|000008521|
000000116|000010268|
000000116|000009842|
000000116|000008374|
000000116|000008477|
000000116|000008770|
000000116|000010367|
000000117|000010621|
000000117|000010459|
000000117|000008355|
000000117|000009850|
000000117|000010627|
000000117|000010626|
000000117|000009834|
000000117|000008374|
000000117|000008477|
000000117|000008481|
000000117|000008521|
000000117|000010399|
000000117|000010620|
000000117|000008473|
000000117|000008770|
000000117|000010367|
000000117|000010268|
000000117|000008485|
000000117|000008489|
000000117|000010391|
000000117|000008493|
000000117|000009732|
000000117|000009842|
000000117|000008777|
000000117|000010463|
000000118|000008485|
000000118|000009834|
000000118|000008773|
000000118|000009254|
000000118|000010621|
000000118|000010620|
000000118|000008481|
000000118|000009850|
000000118|000008477|
000000118|000008770|
000000118|000010627|
000000118|000010154|
000000118|000009842|
000000118|000008777|
000000118|000010268|
000000118|000010367|
000000118|000008355|
000000118|000010463|
000000118|000010391|
000000118|000010626|
000000118|000008493|
000000118|000009732|
000000118|000008374|
000000118|000008489|
000000118|000010399|
000000118|000010459|
000000118|000008473|
000000119|000009850|
000000119|000009842|
000000119|000009247|
000000119|000008473|
000000119|000008477|
000000119|000008374|
000000119|000008777|
000000119|000008485|
000000119|000010391|
000000119|000008493|
000000119|000009732|
000000119|000008770|
000000119|000009834|
000000119|000010367|
000000119|000009242|
000000119|000010627|
000000119|000008489|
000000119|000010463|
000000119|000008355|
000000119|000010268|
000000119|000008481|
000000119|000010621|
000000119|000010620|
000000119|000010459|
000000119|000008521|
000000119|000010154|
000000119|000009784|
000000119|000010626|
000000119|000010399|
000000120|000010268|
000000120|000008777|
000000120|000010620|
000000120|000008355|
000000120|000010391|
000000120|000010627|
000000120|000010626|
000000120|000010621|
000000120|000008477|
000000120|000010459|
000000120|000010463|
000000120|000009850|
000000120|000008374|
000000120|000010367|
000000120|000010399|
000000120|000008770|
000000120|000009834|
000000120|000008481|
000000120|000008473|
000000120|000008485|
000000120|000008489|
000000120|000008493|
000000120|000008521|
000000120|000009732|
000000120|000009842|
000000121|000010459|
000000121|000008374|
000000121|000010367|
000000121|000008481|
000000121|000010268|
000000121|000009834|
000000121|000010463|
000000121|000008355|
000000121|000008777|
000000121|000009850|
000000121|000008770|
000000121|000009842|
000000121|000009732|
000000121|000010399|
000000121|000008493|
000000121|000008489|
000000121|000008485|
000000121|000010621|
000000121|000010627|
000000121|000008521|
000000121|000010154|
000000121|000010620|
000000121|000009242|
000000121|000010391|
000000121|000008473|
000000121|000008477|
000000121|000010626|
000000122|000010268|
000000122|000010399|
000000122|000010620|
000000122|000008481|
000000122|000010463|
000000122|000010391|
000000122|000010627|
000000122|000010621|
000000122|000010459|
000000122|000010626|
000000122|000008777|
000000122|000008770|
000000122|000008477|
000000122|000008521|
000000122|000009834|
000000122|000008355|
000000122|000008374|
000000122|000010367|
000000122|000008473|
000000122|000008485|
000000122|000008489|
000000122|000008493|
000000122|000009732|
000000122|000009842|
000000123|000010399|
000000123|000008473|
000000123|000008493|
000000123|000010627|
000000123|000008777|
000000123|000009834|
000000123|000010367|
000000123|000010626|
000000123|000010459|
000000123|000010620|
000000123|000008489|
000000123|000010391|
000000123|000010268|
000000123|000009842|
000000123|000009732|
000000123|000008770|
000000123|000008485|
000000123|000008374|
000000123|000008477|
000000123|000008521|
000000123|000008481|
000000123|000010621|
000000123|000008355|
000000123|000010463|
000000124|000010621|
000000124|000008477|
000000124|000010367|
000000124|000010463|
000000124|000009842|
000000124|000010627|
000000124|000008485|
000000124|000008374|
000000124|000009732|
000000124|000010620|
000000124|000008355|
000000124|000010459|
000000124|000008770|
000000124|000008493|
000000124|000010391|
000000124|000008777|
000000124|000008489|
000000124|000008521|
000000124|000009834|
000000124|000008481|
000000124|000008473|
000000124|000010268|
000000124|000010399|
000000124|000010626|
000000125|000010627|
000000125|000008770|
000000125|000010459|
000000125|000010463|
000000125|000010621|
000000125|000008477|
000000125|000009850|
000000125|000008374|
000000125|000009189|
000000125|000008473|
000000125|000008355|
000000125|000010620|
000000125|000008485|
000000125|000010399|
000000125|000008489|
000000125|000009842|
000000125|000008493|
000000125|000010154|
000000125|000008777|
000000125|000010626|
000000125|000010391|
000000125|000008481|
000000125|000008521|
000000125|000010367|
000000125|000009834|
000000125|000009732|
000000125|000010268|
000000126|000008355|
000000126|000010620|
000000126|000008777|
000000126|000010268|
000000126|000010627|
000000126|000008481|
000000126|000009842|
000000126|000010621|
000000126|000009242|
000000126|000010367|
000000126|000009732|
000000126|000008493|
000000126|000010391|
000000126|000008489|
000000126|000008485|
000000126|000010399|
000000126|000008473|
000000126|000010626|
000000126|000010154|
000000126|000009850|
000000126|000008374|
000000126|000009834|
000000126|000010459|
000000126|000008477|
000000126|000008770|
000000126|000008521|
000000126|000010463|
000000127|000008481|
000000127|000010621|
000000127|000008770|
000000127|000009850|
000000127|000009732|
000000127|000010627|
000000127|000008489|
000000127|000009242|
000000127|000008473|
000000127|000010626|
000000127|000009834|
000000127|000010399|
000000127|000010391|
000000127|000008477|
000000127|000010620|
000000127|000010367|
000000127|000008374|
000000127|000010268|
000000127|000010459|
000000127|000009842|
000000127|000008355|
000000127|000008521|
000000127|000010463|
000000127|000008777|
000000127|000008493|
000000127|000008485|
000000127|000010154|
000000128|000008489|
000000128|000008493|
000000128|000010154|
000000128|000008481|
000000128|000009732|
000000128|000009842|
000000128|000009850|
000000128|000010268|
000000128|000008777|
000000128|000009247|
000000128|000008355|
000000128|000009834|
000000128|000010621|
000000128|000010459|
000000128|000008521|
000000128|000010399|
000000128|000008770|
000000128|000010391|
000000128|000010463|
000000128|000010620|
000000128|000010626|
000000128|000010367|
000000128|000010627|
000000128|000008477|
000000128|000008374|
000000128|000008473|
000000128|000008485|
000000129|000010620|
000000129|000008374|
000000129|000008355|
000000129|000008521|
000000129|000010399|
000000129|000009834|
000000129|000008481|
000000129|000008493|
000000129|000008473|
000000129|000008485|
000000129|000010459|
000000129|000010268|
000000129|000010367|
000000129|000009842|
000000129|000010463|
000000129|000009732|
000000129|000010621|
000000129|000010627|
000000129|000008770|
000000129|000008477|
000000129|000008777|
000000129|000010391|
000000129|000008489|
000000129|000010626|
000000131|000008493|
000000131|000009732|
000000131|000009842|
000000131|000010268|
000000131|000008777|
000000131|000010459|
000000131|000010391|
000000131|000010627|
000000131|000008477|
000000131|000010463|
000000131|000010367|
000000131|000009850|
000000131|000008521|
000000131|000008473|
000000131|000008485|
000000131|000008489|
000000131|000010621|
000000131|000008481|
000000131|000008374|
000000131|000010626|
000000131|000010620|
000000131|000008355|
000000131|000010399|
000000131|000009834|
000000131|000008770|
000000132|000008493|
000000132|000010620|
000000132|000010627|
000000132|000009834|
000000132|000009732|
000000132|000010367|
000000132|000008477|
000000132|000010459|
000000132|000010399|
000000132|000010463|
000000132|000010621|
000000132|000008485|
000000132|000008355|
000000132|000009842|
000000132|000010391|
000000132|000008770|
000000132|000010626|
000000132|000008777|
000000132|000010268|
000000132|000008489|
000000132|000008473|
000000132|000008374|
000000132|000008481|
000000134|000010367|
000000134|000009842|
000000134|000010459|
000000134|000010620|
000000134|000010391|
000000134|000010627|
000000134|000010154|
000000134|000008473|
000000134|000010268|
000000134|000008489|
000000134|000008355|
000000134|000008493|
000000134|000009834|
000000134|000008777|
000000134|000008485|
000000134|000008521|
000000134|000008374|
000000134|000009850|
000000134|000008770|
000000134|000008477|
000000134|000010621|
000000134|000008481|
000000134|000010463|
000000134|000010399|
000000134|000009732|
000000134|000010626|
000000135|000010626|
000000135|000010399|
000000135|000010391|
000000135|000010367|
000000135|000008773|
000000135|000009850|
000000135|000008355|
000000135|000008777|
000000135|000008481|
000000135|000008493|
000000135|000010627|
000000135|000008770|
000000135|000008473|
000000135|000008477|
000000135|000008489|
000000135|000009842|
000000135|000009254|
000000135|000010463|
000000135|000009732|
000000135|000008485|
000000135|000010621|
000000135|000010154|
000000135|000008374|
000000135|000010268|
000000135|000010620|
000000135|000009834|
000000135|000008521|
000000135|000010459|
000000136|000008481|
000000136|000008770|
000000136|000010367|
000000136|000010627|
000000136|000008473|
000000136|000008485|
000000136|000010391|
000000136|000008489|
000000136|000008493|
000000136|000009834|
000000136|000010463|
000000136|000009732|
000000136|000008374|
000000136|000010399|
000000136|000010268|
000000136|000010626|
000000136|000008477|
000000136|000008777|
000000136|000010621|
000000136|000010459|
000000136|000008521|
000000136|000009842|
000000136|000008355|
000000136|000009850|
000000136|000010620|
000000137|000010627|
000000137|000008777|
000000137|000010268|
000000137|000009732|
000000137|000008493|
000000137|000010367|
000000137|000010154|
000000137|000009842|
000000137|000008481|
000000137|000010620|
000000137|000010626|
000000137|000010459|
000000137|000010621|
000000137|000008477|
000000137|000008770|
000000137|000009834|
000000137|000008374|
000000137|000010399|
000000137|000008355|
000000137|000008485|
000000137|000010463|
000000137|000010391|
000000137|000008489|
000000137|000008473|
000000138|000010621|
000000138|000008770|
000000138|000009834|
000000138|000010268|
000000138|000010463|
000000138|000008374|
000000138|000008473|
000000138|000008485|
000000138|000008477|
000000138|000008493|
000000138|000008489|
000000138|000010620|
000000138|000009242|
000000138|000008355|
000000138|000010391|
000000138|000009732|
000000138|000009842|
000000138|000008481|
000000138|000010459|
000000138|000008777|
000000138|000010367|
000000138|000010626|
000000138|000010627|
000000138|000010399|
000000138|000008521|
000000139|000009732|
000000139|000009842|
000000139|000010268|
000000139|000008770|
000000139|000008777|
000000139|000010459|
000000139|000010621|
000000139|000008493|
000000139|000008489|
000000139|000010367|
000000139|000008485|
000000139|000008355|
000000139|000008521|
000000139|000008473|
000000139|000008374|
000000139|000010620|
000000139|000010463|
000000139|000009834|
000000139|000008477|
000000139|000010626|
000000139|000008481|
000000139|000010627|
000000139|000010391|
000000139|000010399|
000000140|000010627|
000000140|000010459|
000000140|000008481|
000000140|000009834|
000000140|000010620|
000000140|000008493|
000000140|000010463|
000000140|000009850|
000000140|000009732|
000000140|000010268|
000000140|000008489|
000000140|000008355|
000000140|000008374|
000000140|000008521|
000000140|000009842|
000000140|000010391|
000000140|000008477|
000000140|000008485|
000000140|000009242|
000000140|000010399|
000000140|000010626|
000000140|000008770|
000000140|000010154|
000000140|000008777|
000000140|000010367|
000000140|000010621|
000000140|000008473|
000000146|000008355|
000000146|000008770|
000000146|000010621|
000000146|000010391|
000000146|000010459|
000000146|000010626|
000000146|000010627|
000000146|000008777|
000000146|000010268|
000000146|000009842|
000000146|000008493|
000000146|000008477|
000000146|000008489|
000000146|000008485|
000000146|000010367|
000000146|000008473|
000000146|000008374|
000000146|000009834|
000000146|000008521|
000000146|000010399|
000000146|000008481|
000000146|000009732|
000000146|000010620|
000000146|000010463|
000000147|000008481|
000000147|000008485|
000000147|000008473|
000000147|000008374|
000000147|000008521|
000000147|000010620|
000000147|000010391|
000000147|000009242|
000000147|000008477|
000000147|000008493|
000000147|000009732|
000000147|000009842|
000000147|000009189|
000000147|000010268|
000000147|000008777|
000000147|000010621|
000000147|000008770|
000000147|000010459|
000000147|000008355|
000000147|000010626|
000000147|000010367|
000000147|000009850|
000000147|000008773|
000000147|000010627|
000000147|000009834|
000000147|000010463|
000000147|000010154|
000000147|000010399|
000000147|000008489|
000000148|000008374|
000000148|000010621|
000000148|000008521|
000000148|000010620|
000000148|000009834|
000000148|000008770|
000000148|000010268|
000000148|000008477|
000000148|000009842|
000000148|000008355|
000000148|000008777|
000000148|000010399|
000000148|000010627|
000000148|000008481|
000000148|000009732|
000000148|000010391|
000000148|000010154|
000000148|000009850|
000000148|000010626|
000000148|000010367|
000000148|000008489|
000000148|000009242|
000000148|000010459|
000000148|000008485|
000000148|000010463|
000000148|000008473|
000000148|000008493|
000000151|000010459|
000000151|000008489|
000000151|000009189|
000000151|000008777|
000000151|000008374|
000000151|000008481|
000000151|000010399|
000000151|000010620|
000000151|000010268|
000000151|000009242|
000000151|000009834|
000000151|000008477|
000000151|000008493|
000000151|000010463|
000000151|000010621|
000000151|000008473|
000000151|000010391|
000000151|000008521|
000000151|000008485|
000000151|000010367|
000000151|000009732|
000000151|000010626|
000000151|000010627|
000000151|000008355|
000000151|000009850|
000000151|000008770|
000000151|000010154|
000000151|000009842|
000000152|000008355|
000000152|000009834|
000000152|000008777|
000000152|000008477|
000000152|000008489|
000000152|000008770|
000000152|000009732|
000000152|000009242|
000000152|000010459|
000000152|000008473|
000000152|000009850|
000000152|000010627|
000000152|000010154|
000000152|000008481|
000000152|000008521|
000000152|000010268|
000000152|000010367|
000000152|000010463|
000000152|000008374|
000000152|000010399|
000000152|000010391|
000000152|000008493|
000000152|000009842|
000000152|000010626|
000000152|000010620|
000000152|000008485|
000000152|000010621|
000000153|000010268|
000000153|000008777|
000000153|000010627|
000000153|000010626|
000000153|000010620|
000000153|000010463|
000000153|000010459|
000000153|000010399|
000000153|000009850|
000000153|000010154|
000000153|000008481|
000000153|000008355|
000000153|000008477|
000000153|000008521|
000000153|000010391|
000000153|000010621|
000000153|000009242|
000000153|000008770|
000000153|000009834|
000000153|000008374|
000000153|000008473|
000000153|000008485|
000000153|000008489|
000000153|000008493|
000000153|000009732|
000000153|000009842|
000000153|000010367|
000000154|000010399|
000000154|000008481|
000000154|000010627|
000000154|000008521|
000000154|000008355|
000000154|000009834|
000000154|000008374|
000000154|000009850|
000000154|000008473|
000000154|000010620|
000000154|000009784|
000000154|000008485|
000000154|000008489|
000000154|000009732|
000000154|000009842|
000000154|000010391|
000000154|000010268|
000000154|000008493|
000000154|000010626|
000000154|000008777|
000000154|000010459|
000000154|000010367|
000000154|000010463|
000000154|000008477|
000000154|000008770|
000000154|000010621|
000000155|000008521|
000000155|000008473|
000000155|000008374|
000000155|000010268|
000000155|000009834|
000000155|000008770|
000000155|000010621|
000000155|000010399|
000000155|000010620|
000000155|000009242|
000000155|000010367|
000000155|000008477|
000000155|000010627|
000000155|000009850|
000000155|000010391|
000000155|000008355|
000000155|000008777|
000000155|000008481|
000000155|000009842|
000000155|000010463|
000000155|000010154|
000000155|000009732|
000000155|000008493|
000000155|000009784|
000000155|000010459|
000000155|000010626|
000000155|000008489|
000000155|000008485|
000000156|000008477|
000000156|000009850|
000000156|000008521|
000000156|000009842|
000000156|000010399|
000000156|000008770|
000000156|000010626|
000000156|000010627|
000000156|000010621|
000000156|000009242|
000000156|000009732|
000000156|000010367|
000000156|000010459|
000000156|000008355|
000000156|000009834|
000000156|000010268|
000000156|000009189|
000000156|000010154|
000000156|000008481|
000000156|000010463|
000000156|000008374|
000000156|000008473|
000000156|000008777|
000000156|000008493|
000000156|000008485|
000000156|000010620|
000000156|000008489|
000000156|000010391|
000000157|000010620|
000000157|000009732|
000000157|000009850|
000000157|000010367|
000000157|000010399|
000000157|000010459|
000000157|000010391|
000000157|000009842|
000000157|000008481|
000000157|000010154|
000000157|000008355|
000000157|000009834|
000000157|000010268|
000000157|000008777|
000000157|000008374|
000000157|000008473|
000000157|000008485|
000000157|000008489|
000000157|000010463|
000000157|000008521|
000000157|000008770|
000000157|000008493|
000000157|000010626|
000000157|000010621|
000000157|000008477|
000000157|000009189|
000000157|000010627|
000000157|000009242|
000000158|000008481|
000000158|000010268|
000000158|000010620|
000000158|000008473|
000000158|000010463|
000000158|000009242|
000000158|000008477|
000000158|000008485|
000000158|000010367|
000000158|000008489|
000000158|000008521|
000000158|000008493|
000000158|000010391|
000000158|000008770|
000000158|000010621|
000000158|000009732|
000000158|000008355|
000000158|000010627|
000000158|000010459|
000000158|000009850|
000000158|000010154|
000000158|000009834|
000000158|000009842|
000000158|000008374|
000000158|000008777|
000000158|000010399|
000000158|000010626|
000000159|000008374|
000000159|000010459|
000000159|000010620|
000000159|000010399|
000000159|000010463|
000000159|000008477|
000000159|000008777|
000000159|000010367|
000000159|000010626|
000000159|000008521|
000000159|000010627|
000000159|000008473|
000000159|000008355|
000000159|000009834|
000000159|000008770|
000000159|000010391|
000000159|000008481|
000000159|000010621|
000000159|000010268|
000000159|000010154|
000000159|000009842|
000000159|000009732|
000000159|000008493|
000000159|000008489|
000000159|000008485|
000000160|000008485|
000000160|000009242|
000000160|000010367|
000000160|000008777|
000000160|000010463|
000000160|000008477|
000000160|000009842|
000000160|000009732|
000000160|000010268|
000000160|000008481|
000000160|000010154|
000000160|000008493|
000000160|000010627|
000000160|000009834|
000000160|000010620|
000000160|000008489|
000000160|000008521|
000000160|000008473|
000000160|000008374|
000000160|000008355|
000000160|000009850|
000000160|000010626|
000000160|000010621|
000000160|000010391|
000000160|000010459|
000000160|000010399|
000000160|000008770|
000000164|000010367|
000000164|000009842|
000000164|000010154|
000000164|000010268|
000000164|000008374|
000000164|000008521|
000000164|000010399|
000000164|000008473|
000000164|000008777|
000000164|000008485|
000000164|000008355|
000000164|000008489|
000000164|000010627|
000000164|000009189|
000000164|000008493|
000000164|000008481|
000000164|000009732|
000000164|000010620|
000000164|000008770|
000000164|000010391|
000000164|000010463|
000000164|000009850|
000000164|000010621|
000000164|000010626|
000000164|000009242|
000000164|000010459|
000000164|000008477|
000000164|000009834|
000000165|000009242|
000000165|000010459|
000000165|000010268|
000000165|000008355|
000000165|000010399|
000000165|000010367|
000000165|000008477|
000000165|000009732|
000000165|000008485|
000000165|000010463|
000000165|000008493|
000000165|000009850|
000000165|000010391|
000000165|000008473|
000000165|000008489|
000000165|000010627|
000000165|000009189|
000000165|000010626|
000000165|000010154|
000000165|000008770|
000000165|000008777|
000000165|000008374|
000000165|000009834|
000000165|000008521|
000000165|000009842|
000000165|000010620|
000000165|000008481|
000000165|000010621|
000000166|000010621|
000000166|000008521|
000000166|000008355|
000000166|000010268|
000000166|000009842|
000000166|000010463|
000000166|000010627|
000000166|000008493|
000000166|000008489|
000000166|000010391|
000000166|000008485|
000000166|000009850|
000000166|000008473|
000000166|000010626|
000000166|000008374|
000000166|000010459|
000000166|000009834|
000000166|000008777|
000000166|000008477|
000000166|000008770|
000000166|000010399|
000000166|000010620|
000000166|000008481|
000000166|000010367|
000000166|000009732|
000000166|000009185|
000000167|000008777|
000000167|000008481|
000000167|000008355|
000000167|000010463|
000000167|000008521|
000000167|000010367|
000000167|000010621|
000000167|000009732|
000000167|000009850|
000000167|000010459|
000000167|000008473|
000000167|000009834|
000000167|000008770|
000000167|000008477|
000000167|000009842|
000000167|000010391|
000000167|000008485|
000000167|000008489|
000000167|000008493|
000000167|000010626|
000000167|000010627|
000000167|000010399|
000000167|000010268|
000000167|000008374|
000000167|000010620|
000000168|000008485|
000000168|000008473|
000000168|000010626|
000000168|000010391|
000000168|000010399|
000000168|000010459|
000000168|000010463|
000000168|000008374|
000000168|000010620|
000000168|000010367|
000000168|000009834|
000000168|000008477|
000000168|000008355|
000000168|000010621|
000000168|000008770|
000000168|000008481|
000000168|000008777|
000000168|000010268|
000000168|000009842|
000000168|000009732|
000000168|000008493|
000000168|000008489|
000000168|000010627|
000000168|000008521|
000000169|000008374|
000000169|000010621|
000000169|000008355|
000000169|000008493|
000000169|000008489|
000000169|000009842|
000000169|000010627|
000000169|000010620|
000000169|000008485|
000000169|000010399|
000000169|000009732|
000000169|000008481|
000000169|000010626|
000000169|000010459|
000000169|000010463|
000000169|000009242|
000000169|000008777|
000000169|000008521|
000000169|000008477|
000000169|000008473|
000000169|000010154|
000000169|000009850|
000000169|000008770|
000000169|000010391|
000000169|000010268|
000000169|000009834|
000000169|000010367|
000000218|000010459|
000000218|000008374|
000000218|000010367|
000000218|000010399|
000000218|000009850|
000000218|000008773|
000000218|000008493|
000000218|000009732|
000000218|000010627|
000000218|000010621|
000000218|000008777|
000000218|000008477|
000000218|000008770|
000000218|000008481|
000000218|000008489|
000000218|000009242|
000000218|000010463|
000000218|000009842|
000000218|000010626|
000000218|000008485|
000000218|000008473|
000000218|000010268|
000000218|000008355|
000000218|000010154|
000000218|000010620|
000000218|000008521|
000000218|000009834|
000000218|000010391|
000000219|000010367|
000000219|000008489|
000000219|000008777|
000000219|000010459|
000000219|000008473|
000000219|000010463|
000000219|000008770|
000000219|000009842|
000000219|000008374|
000000219|000010626|
000000219|000008477|
000000219|000008481|
000000219|000010620|
000000219|000010627|
000000219|000008355|
000000219|000010268|
000000219|000009254|
000000219|000009834|
000000219|000010399|
000000219|000010621|
000000219|000008485|
000000219|000009732|
000000219|000010154|
000000219|000008493|
000000219|000009850|
000000219|000008773|
000000219|000008521|
000000219|000010391|
000000225|000009850|
000000225|000008493|
000000225|000009242|
000000225|000010620|
000000225|000008777|
000000225|000009842|
000000225|000009732|
000000225|000010627|
000000225|000008489|
000000225|000008485|
000000225|000008473|
000000225|000008374|
000000225|000010268|
000000225|000009834|
000000225|000008770|
000000225|000010621|
000000225|000008521|
000000225|000010154|
000000225|000010626|
000000225|000008773|
000000225|000008355|
000000225|000008477|
000000225|000010367|
000000225|000010391|
000000225|000010459|
000000225|000008481|
000000225|000010463|
000000225|000010399|
000000226|000010399|
000000226|000010459|
000000226|000008374|
000000226|000008481|
000000226|000008477|
000000226|000010627|
000000226|000010391|
000000226|000010367|
000000226|000010621|
000000226|000008355|
000000226|000009834|
000000226|000008521|
000000226|000009242|
000000226|000008493|
000000226|000010626|
000000226|000009732|
000000226|000010463|
000000226|000008773|
000000226|000010268|
000000226|000009850|
000000226|000008473|
000000226|000008777|
000000226|000008485|
000000226|000010154|
000000226|000008770|
000000226|000009842|
000000226|000009784|
000000226|000008489|
000000226|000010620|
000000230|000010627|
000000230|000010367|
000000230|000010621|
000000230|000010154|
000000230|000008489|
000000230|000008521|
000000230|000010391|
000000230|000010620|
000000230|000009254|
000000230|000009732|
000000230|000008770|
000000230|000010459|
000000230|000008773|
000000230|000008493|
000000230|000009850|
000000230|000009834|
000000230|000010399|
000000230|000009842|
000000230|000010268|
000000230|000008374|
000000230|000008481|
000000230|000008477|
000000230|000008777|
000000230|000010626|
000000230|000008473|
000000230|000008355|
000000230|000010463|
000000230|000008485|
000000231|000010154|
000000231|000010367|
000000231|000010391|
000000231|000010621|
000000231|000008374|
000000231|000008473|
000000231|000008485|
000000231|000009254|
000000231|000008493|
000000231|000009850|
000000231|000009732|
000000231|000009842|
000000231|000008477|
000000231|000008521|
000000231|000010620|
000000231|000009834|
000000231|000008777|
000000231|000008773|
000000231|000008355|
000000231|000010399|
000000231|000010268|
000000231|000010626|
000000231|000010459|
000000231|000008481|
000000231|000010627|
000000231|000010463|
000000231|000008770|
000000231|000008489|
000000238|000008489|
000000238|000010268|
000000238|000010367|
000000238|000010621|
000000238|000010627|
000000238|000008493|
000000238|000008521|
000000238|000008777|
000000238|000008481|
000000238|000009842|
000000238|000008374|
000000238|000008770|
000000238|000010399|
000000238|000010391|
000000238|000009834|
000000238|000008473|
000000238|000010459|
000000238|000010626|
000000238|000010463|
000000238|000008355|
000000238|000009732|
000000238|000010620|
000000238|000008477|
000000238|000008485|
000000239|000010626|
000000239|000008770|
000000239|000009834|
000000239|000010621|
000000239|000008473|
000000239|000008521|
000000239|000010463|
000000239|000008355|
000000239|000010627|
000000239|000009732|
000000239|000008374|
000000239|000010268|
000000239|000010459|
000000239|000008485|
000000239|000008477|
000000239|000008489|
000000239|000010391|
000000239|000008777|
000000239|000010620|
000000239|000010367|
000000239|000010399|
000000239|000008493|
000000239|000009842|
000000239|000008481|
000000240|000010268|
000000240|000009842|
000000240|000009732|
000000240|000008493|
000000240|000008489|
000000240|000009834|
000000240|000008485|
000000240|000008473|
000000240|000010459|
000000240|000010627|
000000240|000008374|
000000240|000008521|
000000240|000008355|
000000240|000008477|
000000240|000010399|
000000240|000010621|
000000240|000008481|
000000240|000010367|
000000240|000010620|
000000240|000008777|
000000240|000010463|
000000240|000010626|
000000240|000008770|
000000240|000010391|
000000241|000009732|
000000241|000010399|
000000241|000008777|
000000241|000008493|
000000241|000010621|
000000241|000010367|
000000241|000010391|
000000241|000008477|
000000241|000008355|
000000241|000010620|
000000241|000010154|
000000241|000008489|
000000241|000010626|
000000241|000008521|
000000241|000008481|
000000241|000010627|
000000241|000010268|
000000241|000010463|
000000241|000009834|
000000241|000009842|
000000241|000008485|
000000241|000008770|
000000241|000008473|
000000241|000008374|
000000241|000010459|
000000242|000010459|
000000242|000010391|
000000242|000008481|
000000242|000010621|
000000242|000010620|
000000242|000008770|
000000242|000008355|
000000242|000010626|
000000242|000010367|
000000242|000010627|
000000242|000008521|
000000242|000008477|
000000242|000010399|
000000242|000009834|
000000242|000008374|
000000242|000008473|
000000242|000008485|
000000242|000010463|
000000242|000008489|
000000242|000008493|
000000242|000009732|
000000242|000009842|
000000242|000010268|
000000242|000008777|
000000282|000008355|
000000282|000010260|
000000282|000010620|
000000282|000008477|
000000282|000008489|
000000282|000008473|
000000282|000010626|
000000282|000008481|
000000282|000010264|
000000282|000009850|
000000282|000009732|
000000282|000010399|
000000282|000010627|
000000282|000010154|
000000282|000008521|
000000282|000008374|
000000282|000008493|
000000282|000008485|
000000282|000009842|
000000282|000010268|
000000282|000008770|
000000282|000008777|
000000282|000010367|
000000282|000010459|
000000282|000010391|
000000282|000010621|
000000282|000009834|
000000282|000009254|
000000282|000010463|
000000283|000008521|
000000283|000010627|
000000283|000010260|
000000283|000010367|
000000283|000008489|
000000283|000010154|
000000283|000010626|
000000283|000010463|
000000283|000008477|
000000283|000008493|
000000283|000009732|
000000283|000008355|
000000283|000009834|
000000283|000010268|
000000283|000008770|
000000283|000008777|
000000283|000010399|
000000283|000010391|
000000283|000010459|
000000283|000009842|
000000283|000010620|
000000283|000008485|
000000283|000008481|
000000283|000008473|
000000283|000010264|
000000283|000008374|
000000283|000010621|
000000284|000008493|
000000284|000009732|
000000284|000008473|
000000284|000010627|
000000284|000010391|
000000284|000010626|
000000284|000008485|
000000284|000008489|
000000284|000008521|
000000284|000010260|
000000284|000010264|
000000284|000010621|
000000284|000009842|
000000284|000008477|
000000284|000010154|
000000284|000009834|
000000284|000010620|
000000284|000008355|
000000284|000010399|
000000284|000010268|
000000284|000008481|
000000284|000008777|
000000284|000010459|
000000284|000010367|
000000284|000010463|
000000284|000008374|
000000284|000008770|
000000285|000010463|
000000285|000008521|
000000285|000009834|
000000285|000008777|
000000285|000009732|
000000285|000008374|
000000285|000010154|
000000285|000008473|
000000285|000008770|
000000285|000009842|
000000285|000010459|
000000285|000010627|
000000285|000008481|
000000285|000009850|
000000285|000010268|
000000285|000010626|
000000285|000010367|
000000285|000010264|
000000285|000009242|
000000285|000010260|
000000285|000008355|
000000285|000010621|
000000285|000008477|
000000285|000010620|
000000285|000010391|
000000285|000008485|
000000285|000008489|
000000285|000008493|
000000285|000010399|
000000286|000009242|
000000286|000008477|
000000286|000010264|
000000286|000010627|
000000286|000010626|
000000286|000008481|
000000286|000008777|
000000286|000010268|
000000286|000010391|
000000286|000010260|
000000286|000009842|
000000286|000009732|
000000286|000008493|
000000286|000010620|
000000286|000008489|
000000286|000008485|
000000286|000008473|
000000286|000008374|
000000286|000010399|
000000286|000008770|
000000286|000010621|
000000286|000009834|
000000286|000008355|
000000286|000010459|
000000286|000010463|
000000286|000010367|
000000286|000010154|
000000286|000008521|
000000286|000009850|
000000287|000010620|
000000287|000010627|
000000287|000010268|
000000287|000008493|
000000287|000008489|
000000287|000009842|
000000287|000010391|
000000287|000008481|
000000287|000008355|
000000287|000008374|
000000287|000010264|
000000287|000010621|
000000287|000010399|
000000287|000010154|
000000287|000008770|
000000287|000008485|
000000287|000008777|
000000287|000009732|
000000287|000010367|
000000287|000008477|
000000287|000009834|
000000287|000008521|
000000287|000010463|
000000287|000010626|
000000287|000010459|
000000287|000008473|
000000287|000010260|
000000288|000008521|
000000288|000010627|
000000288|000008481|
000000288|000010154|
000000288|000008777|
000000288|000010621|
000000288|000010463|
000000288|000010399|
000000288|000008477|
000000288|000010391|
000000288|000010626|
000000288|000008355|
000000288|000010264|
000000288|000008770|
000000288|000010459|
000000288|000008485|
000000288|000008489|
000000288|000008493|
000000288|000010620|
000000288|000010367|
000000288|000008374|
000000288|000008473|
000000288|000009834|
000000288|000009732|
000000288|000009842|
000000288|000010260|
000000288|000010268|
000000292|000010391|
000000292|000010260|
000000292|000010264|
000000292|000010463|
000000292|000008473|
000000292|000008485|
000000292|000008489|
000000292|000008493|
000000292|000009732|
000000292|000010459|
000000292|000008770|
000000292|000009254|
000000292|000009242|
000000292|000009842|
000000292|000010268|
000000292|000010399|
000000292|000008777|
000000292|000008477|
000000292|000008355|
000000292|000008481|
000000292|000009850|
000000292|000010367|
000000292|000009834|
000000292|000010627|
000000292|000010154|
000000292|000010626|
000000292|000010621|
000000292|000009784|
000000292|000010620|
000000292|000008374|
000000292|000008521|
000000297|000010367|
000000297|000009834|
000000297|000008777|
000000297|000008374|
000000297|000008485|
000000297|000008489|
000000297|000010621|
000000297|000010154|
000000297|000008493|
000000297|000010627|
000000297|000010459|
000000297|000009732|
000000297|000010260|
000000297|000009842|
000000297|000008481|
000000297|000010268|
000000297|000010463|
000000297|000008770|
000000297|000008521|
000000297|000010626|
000000297|000009242|
000000297|000008477|
000000297|000010264|
000000297|000009850|
000000297|000010620|
000000297|000008355|
000000297|000010391|
000000297|000008473|
000000297|000010399|
000000300|000008493|
000000300|000009850|
000000300|000010391|
000000300|000010626|
000000300|000008477|
000000300|000008770|
000000300|000010620|
000000300|000008777|
000000300|000010154|
000000300|000010627|
000000300|000010268|
000000300|000009842|
000000300|000010260|
000000300|000009732|
000000300|000010621|
000000300|000010459|
000000300|000008489|
000000300|000010367|
000000300|000008485|
000000300|000008473|
000000300|000008374|
000000300|000008481|
000000300|000009834|
000000300|000010399|
000000300|000008355|
000000300|000008521|
000000300|000010264|
000000300|000010463|
000000300|000009254|
000000301|000010399|
000000301|000010459|
000000301|000010391|
000000301|000010367|
000000301|000009732|
000000301|000010627|
000000301|000010463|
000000301|000008355|
000000301|000008493|
000000301|000008521|
000000301|000008770|
000000301|000010621|
000000301|000010260|
000000301|000010268|
000000301|000009842|
000000301|000008477|
000000301|000008777|
000000301|000010154|
000000301|000010620|
000000301|000008374|
000000301|000008489|
000000301|000008485|
000000301|000009834|
000000301|000008481|
000000301|000008473|
000000301|000010626|
000000301|000010264|
000000302|000008777|
000000302|000010620|
000000302|000008485|
000000302|000010391|
000000302|000008473|
000000302|000008374|
000000302|000008489|
000000302|000008355|
000000302|000008770|
000000302|000010399|
000000302|000010621|
000000302|000009834|
000000302|000008521|
000000302|000010459|
000000302|000010268|
000000302|000008477|
000000302|000010367|
000000302|000009850|
000000302|000010627|
000000302|000009842|
000000302|000009732|
000000302|000010264|
000000302|000008493|
000000302|000010626|
000000302|000010463|
000000302|000008481|
000000302|000010260|
000000303|000010391|
000000303|000010627|
000000303|000010260|
000000303|000008485|
000000303|000008489|
000000303|000008493|
000000303|000009732|
000000303|000010626|
000000303|000008355|
000000303|000010268|
000000303|000008481|
000000303|000008521|
000000303|000008777|
000000303|000010621|
000000303|000010459|
000000303|000010264|
000000303|000009842|
000000303|000010367|
000000303|000008770|
000000303|000010399|
000000303|000008473|
000000303|000010154|
000000303|000010620|
000000303|000009242|
000000303|000009850|
000000303|000008374|
000000303|000010463|
000000303|000008477|
000000303|000009834|
000000304|000008770|
000000304|000010268|
000000304|000008355|
000000304|000009834|
000000304|000009842|
000000304|000010154|
000000304|000009732|
000000304|000010399|
000000304|000010391|
000000304|000009850|
000000304|000008493|
000000304|000008489|
000000304|000010264|
000000304|000008485|
000000304|000008521|
000000304|000010621|
000000304|000010459|
000000304|000008477|
000000304|000010463|
000000304|000010627|
000000304|000010367|
000000304|000010260|
000000304|000009242|
000000304|000008481|
000000304|000008473|
000000304|000010626|
000000304|000008374|
000000304|000008777|
000000304|000010620|
000000305|000008477|
000000305|000009834|
000000305|000010620|
000000305|000010463|
000000305|000010391|
000000305|000008485|
000000305|000008489|
000000305|000008493|
000000305|000009732|
000000305|000009842|
000000305|000010268|
000000305|000008777|
000000305|000010621|
000000305|000008521|
000000305|000009850|
000000305|000010626|
000000305|000010154|
000000305|000010260|
000000305|000009242|
000000305|000010264|
000000305|000010627|
000000305|000010367|
000000305|000008770|
000000305|000010399|
000000305|000010459|
000000305|000008481|
000000305|000008355|
000000305|000008374|
000000305|000008473|
000000306|000008374|
000000306|000010463|
000000306|000008477|
000000306|000008777|
000000306|000008355|
000000306|000010260|
000000306|000010264|
000000306|000010268|
000000306|000010620|
000000306|000009834|
000000306|000009842|
000000306|000008770|
000000306|000008485|
000000306|000010367|
000000306|000010621|
000000306|000010399|
000000306|000008521|
000000306|000009242|
000000306|000010391|
000000306|000008473|
000000306|000008481|
000000306|000010627|
000000306|000008493|
000000306|000010459|
000000306|000008489|
000000306|000009732|
000000306|000010626|
000000306|000010154|
000000306|000009850|
000000308|000010264|
000000308|000010154|
000000308|000008355|
000000308|000008481|
000000308|000009842|
000000308|000010391|
000000308|000010399|
000000308|000008473|
000000308|000008489|
000000308|000010367|
000000308|000008493|
000000308|000010620|
000000308|000010260|
000000308|000008485|
000000308|000008521|
000000308|000008477|
000000308|000010268|
000000308|000010463|
000000308|000009732|
000000308|000010626|
000000308|000010627|
000000308|000010459|
000000308|000008777|
000000308|000008770|
000000308|000009834|
000000308|000008374|
000000308|000010621|
000000310|000010463|
000000310|000010621|
000000310|000008477|
000000310|000008489|
000000310|000010620|
000000310|000010459|
000000310|000010399|
000000310|000008473|
000000310|000010391|
000000310|000010367|
000000310|000010268|
000000310|000008374|
000000310|000009850|
000000310|000010154|
000000310|000008355|
000000310|000008493|
000000310|000009842|
000000310|000009834|
000000310|000009732|
000000310|000010264|
000000310|000008485|
000000310|000010260|
000000310|000008777|
000000310|000008481|
000000310|000008770|
000000310|000010627|
000000310|000010626|
000000311|000009242|
000000311|000008777|
000000311|000008481|
000000311|000010459|
000000311|000010268|
000000311|000010627|
000000311|000008521|
000000311|000008485|
000000311|000009842|
000000311|000010391|
000000311|000010626|
000000311|000009732|
000000311|000010399|
000000311|000009834|
000000311|000008374|
000000311|000008473|
000000311|000008489|
000000311|000008770|
000000311|000010463|
000000311|000008493|
000000311|000010367|
000000311|000010620|
000000311|000010621|
000000311|000008477|
000000311|000010154|
000000311|000009850|
000000311|000010260|
000000311|000010264|
000000311|000008355|
000000314|000009242|
000000314|000008521|
000000314|000008355|
000000314|000008481|
000000314|000010399|
000000314|000008777|
000000314|000010463|
000000314|000010621|
000000314|000010627|
000000314|000010268|
000000314|000009842|
000000314|000009732|
000000314|000010620|
000000314|000010260|
000000314|000010459|
000000314|000008493|
000000314|000010367|
000000314|000010264|
000000314|000008477|
000000314|000008485|
000000314|000008770|
000000314|000010626|
000000314|000008489|
000000314|000009850|
000000314|000009834|
000000314|000010391|
000000314|000008374|
000000314|000008473|
000000315|000008770|
000000315|000008777|
000000315|000010459|
000000315|000010268|
000000315|000009842|
000000315|000009732|
000000315|000008521|
000000315|000008493|
000000315|000008489|
000000315|000008485|
000000315|000008374|
000000315|000009242|
000000315|000010367|
000000315|000010627|
000000315|000010260|
000000315|000010391|
000000315|000008355|
000000315|000010399|
000000315|000010621|
000000315|000009834|
000000315|000008481|
000000315|000008477|
000000315|000010626|
000000315|000010154|
000000315|000010620|
000000315|000008473|
000000315|000009850|
000000315|000010463|
000000315|000010264|
000000317|000008777|
000000317|000009732|
000000317|000009834|
000000317|000010399|
000000317|000010626|
000000317|000010264|
000000317|000008355|
000000317|000010459|
000000317|000010154|
000000317|000008481|
000000317|000008493|
000000317|000010463|
000000317|000010391|
000000317|000009850|
000000317|000009842|
000000317|000008374|
000000317|000010260|
000000317|000008477|
000000317|000010621|
000000317|000010627|
000000317|000009254|
000000317|000008473|
000000317|000008485|
000000317|000008521|
000000317|000008489|
000000317|000010367|
000000317|000010620|
000000317|000010268|
000000317|000008770|
000000318|000008374|
000000318|000008473|
000000318|000009842|
000000318|000008489|
000000318|000010459|
000000318|000009732|
000000318|000009242|
000000318|000010626|
000000318|000008777|
000000318|000008481|
000000318|000008493|
000000318|000009850|
000000318|000010621|
000000318|000008355|
000000318|000008477|
000000318|000010463|
000000318|000010154|
000000318|000009834|
000000318|000010627|
000000318|000010260|
000000318|000010391|
000000318|000008485|
000000318|000010264|
000000318|000010620|
000000318|000010367|
000000318|000008521|
000000318|000010268|
000000318|000010399|
000000318|000008770|
000000321|000008770|
000000321|000010620|
000000321|000010260|
000000321|000009834|
000000321|000008473|
000000321|000008485|
000000321|000008489|
000000321|000008493|
000000321|000009732|
000000321|000009842|
000000321|000010268|
000000321|000008777|
000000321|000010391|
000000321|000008374|
000000321|000010459|
000000321|000008481|
000000321|000010264|
000000321|000010626|
000000321|000008355|
000000321|000010463|
000000321|000008477|
000000321|000010621|
000000321|000008521|
000000321|000010627|
000000321|000010399|
000000321|000010367|
000000322|000010459|
000000322|000008485|
000000322|000008489|
000000322|000008493|
000000322|000009732|
000000322|000008477|
000000322|000008770|
000000322|000008777|
000000322|000010399|
000000322|000010621|
000000322|000010260|
000000322|000010367|
000000322|000010626|
000000322|000010268|
000000322|000010154|
000000322|000008521|
000000322|000010463|
000000322|000008374|
000000322|000009842|
000000322|000010264|
000000322|000008481|
000000322|000010620|
000000322|000010627|
000000322|000008355|
000000322|000010391|
000000322|000009834|
000000322|000008473|
000000323|000009834|
000000323|000008374|
000000323|000010391|
000000323|000008473|
000000323|000010367|
000000323|000008485|
000000323|000008489|
000000323|000008493|
000000323|000009732|
000000323|000009842|
000000323|000010268|
000000323|000008777|
000000323|000010621|
000000323|000008521|
000000323|000008481|
000000323|000010463|
000000323|000010459|
000000323|000010399|
000000323|000008355|
000000323|000008477|
000000323|000010620|
000000323|000010627|
000000323|000010626|
000000323|000010264|
000000323|000010260|
000000323|000008770|
000000323|000009242|
000000324|000010626|
000000324|000010154|
000000324|000010399|
000000324|000008489|
000000324|000010621|
000000324|000008473|
000000324|000010268|
000000324|000010391|
000000324|000008777|
000000324|000009242|
000000324|000008481|
000000324|000008355|
000000324|000009842|
000000324|000008374|
000000324|000010367|
000000324|000010459|
000000324|000010260|
000000324|000010627|
000000324|000008485|
000000324|000009850|
000000324|000008493|
000000324|000009189|
000000324|000008521|
000000324|000009732|
000000324|000009834|
000000324|000010463|
000000324|000010620|
000000324|000008477|
000000324|000010264|
000000324|000008770|
000000325|000009732|
000000325|000010621|
000000325|000010399|
000000325|000008477|
000000325|000008473|
000000325|000010260|
000000325|000010264|
000000325|000010627|
000000325|000010463|
000000325|000010626|
000000325|000008355|
000000325|000009834|
000000325|000010367|
000000325|000010391|
000000325|000008481|
000000325|000008374|
000000325|000008485|
000000325|000008489|
000000325|000008493|
000000325|000009842|
000000325|000010268|
000000325|000008777|
000000325|000010620|
000000325|000010459|
000000325|000008521|
000000325|000008770|
000000326|000010620|
000000326|000008777|
000000326|000008521|
000000326|000009834|
000000326|000010391|
000000326|000008770|
000000326|000008493|
000000326|000008473|
000000326|000008374|
000000326|000009732|
000000326|000010627|
000000326|000010459|
000000326|000008355|
000000326|000008481|
000000326|000009850|
000000326|000010260|
000000326|000008477|
000000326|000010367|
000000326|000010154|
000000326|000010264|
000000326|000008489|
000000326|000010463|
000000326|000009842|
000000326|000010626|
000000326|000008485|
000000326|000010399|
000000326|000010268|
000000326|000010621|
000000358|000010367|
000000358|000010399|
000000358|000010459|
000000358|000008777|
000000358|000010268|
000000358|000009842|
000000358|000009732|
000000358|000008493|
000000358|000008489|
000000358|000008485|
000000358|000008473|
000000358|000008374|
000000358|000008481|
000000358|000009834|
000000358|000008770|
000000358|000008521|
000000358|000010621|
000000358|000008355|
000000358|000010463|
000000358|000010626|
000000358|000010627|
000000358|000010620|
000000358|000010391|
000000358|000008477|
000000373|000010347|
000000373|000009484|
000000373|000009776|
000000373|000009492|
000000373|000010351|
000000373|000010363|
000000373|000010355|
000000374|000009484|
000000374|000009776|
000000374|000010347|
000000374|000009492|
000000374|000010355|
000000374|000010351|
000000374|000010363|
000000375|000009484|
000000375|000010347|
000000375|000009776|
000000375|000010355|
000000375|000010351|
000000375|000009492|
000000375|000010363|
000000376|000010355|
000000376|000009492|
000000376|000010363|
000000376|000010347|
000000376|000009484|
000000376|000009776|
000000376|000010351|
000000377|000009492|
000000377|000010355|
000000377|000010363|
000000377|000009776|
000000377|000010351|
000000377|000009484|
000000377|000010347|
000000379|000010355|
000000379|000009776|
000000379|000010347|
000000379|000010363|
000000379|000009484|
000000380|000010355|
000000380|000010363|
000000380|000010347|
000000380|000009776|
000000380|000009484|
000000381|000010363|
000000381|000010355|
000000381|000009776|
000000381|000009484|
000000381|000010347|
000000382|000010363|
000000382|000010351|
000000382|000010347|
000000382|000009776|
000000382|000009492|
000000382|000010355|
000000382|000009484|
000000383|000010355|
000000383|000009776|
000000383|000009484|
000000383|000010347|
000000383|000010363|
000000384|000010351|
000000384|000010363|
000000384|000009776|
000000384|000010347|
000000384|000009492|
000000384|000010355|
000000384|000009484|
000000387|000010347|
000000387|000009776|
000000387|000009484|
000000387|000010355|
000000387|000010363|
000000388|000010347|
000000388|000010355|
000000388|000009776|
000000388|000010363|
000000389|000010347|
000000389|000010359|
000000389|000009776|
000000389|000010355|
000000389|000010363|
000000390|000010355|
000000390|000010363|
000000390|000010359|
000000390|000009776|
000000390|000010347|
000000391|000010363|
000000391|000010359|
000000391|000010347|
000000391|000009776|
000000391|000010355|
000000392|000010359|
000000392|000010347|
000000392|000010355|
000000392|000009776|
000000392|000010363|
000000393|000010359|
000000393|000010355|
000000393|000010363|
000000393|000009776|
000000393|000010347|
000000395|000010355|
000000395|000010359|
000000395|000010347|
000000395|000010363|
000000395|000009776|
000000396|000010359|
000000396|000009776|
000000396|000010363|
000000396|000010347|
000000396|000010355|
000000397|000010363|
000000397|000010347|
000000397|000009776|
000000397|000010355|
000000398|000010359|
000000398|000009776|
000000398|000010363|
000000398|000010355|
000000398|000010347|
000000399|000009484|
000000399|000010363|
000000399|000010347|
000000399|000009776|
000000399|000010355|
000000400|000010347|
000000400|000010359|
000000400|000009776|
000000400|000010363|
000000400|000010355|
000000402|000009982|
000000402|000008441|
000000402|000009838|
000000402|000008810|
000000402|000008814|
000000403|000009838|
000000403|000008810|
000000403|000009982|
000000403|000008441|
000000404|000009635|
000000404|000008441|
000000404|000009838|
000000404|000008810|
000000404|000009982|
000000405|000009982|
000000405|000009635|
000000405|000008810|
000000405|000009838|
000000405|000008441|
000000406|000008441|
000000406|000009838|
000000406|000008810|
000000406|000008814|
000000406|000009982|
000000407|000009838|
000000407|000009982|
000000407|000008814|
000000407|000008810|
000000407|000008441|
000000408|000008810|
000000408|000009982|
000000408|000009635|
000000408|000008441|
000000408|000009838|
000000409|000009982|
000000409|000009838|
000000409|000008810|
000000409|000008441|
000000409|000009635|
000000410|000008810|
000000410|000009838|
000000410|000009982|
000000410|000009635|
000000410|000008441|
000000411|000009635|
000000411|000009838|
000000411|000008441|
000000411|000008810|
000000411|000009982|
000000412|000008810|
000000412|000009838|
000000412|000008441|
000000412|000009982|
000000412|000009635|
000000413|000008818|
000000413|000008810|
000000413|000009644|
000000413|000008441|
000000413|000008819|
000000413|000009838|
000000413|000009982|
000000414|000008441|
000000414|000008810|
000000414|000009644|
000000414|000009982|
000000414|000008819|
000000414|000008818|
000000414|000009838|
000000415|000009644|
000000415|000008818|
000000415|000008819|
000000415|000008441|
000000415|000009838|
000000415|000008810|
000000415|000009982|
000000417|000009635|
000000417|000009982|
000000417|000009838|
000000417|000008814|
000000417|000008441|
000000417|000008810|
000000418|000009838|
000000418|000008810|
000000418|000008441|
000000418|000009982|
000000418|000008814|
000000420|000009838|
000000420|000008810|
000000420|000008814|
000000420|000008441|
000000420|000009982|
000000421|000009838|
000000421|000008814|
000000421|000008441|
000000421|000009982|
000000421|000008810|
000000422|000008441|
000000422|000009982|
000000422|000008810|
000000422|000009838|
000000422|000009635|
000000423|000008810|
000000423|000008441|
000000423|000009838|
000000423|000009982|
000000424|000009982|
000000424|000009838|
000000424|000008441|
000000424|000008810|
000000425|000009982|
000000425|000008810|
000000425|000008441|
000000425|000009838|
000000426|000008441|
000000426|000009982|
000000426|000008810|
000000426|000009838|
000000427|000009635|
000000427|000008810|
000000427|000009982|
000000427|000009838|
000000427|000008441|
000000428|000008441|
000000428|000009838|
000000428|000009982|
000000428|000008810|
000000430|000008810|
000000430|000008441|
000000430|000009838|
000000430|000009982|
000000431|000009838|
000000431|000008810|
000000431|000008441|
000000431|000009982|
000000432|000009982|
000000432|000008810|
000000432|000008441|
000000432|000009838|
000000433|000009982|
000000433|000008441|
000000433|000008814|
000000433|000008810|
000000433|000009838|
000000434|000009982|
000000434|000009838|
000000434|000008810|
000000434|000008441|
000000435|000008810|
000000435|000009838|
000000435|000008441|
000000435|000009982|
000000436|000008441|
000000436|000009982|
000000436|000009838|
000000436|000008810|
000000437|000009982|
000000437|000008441|
000000437|000008810|
000000437|000009838|
000000439|000009838|
000000439|000008810|
000000439|000008441|
000000439|000008814|
000000439|000009982|
000000443|000008814|
000000443|000009982|
000000443|000008810|
000000443|000009838|
000000443|000008441|
000000444|000009838|
000000444|000008441|
000000444|000008814|
000000444|000008810|
000000444|000009982|
000000445|000009982|
000000445|000008810|
000000445|000008814|
000000445|000008441|
000000445|000009838|
000000446|000008441|
000000446|000008810|
000000446|000009982|
000000446|000009838|
000000447|000008810|
000000447|000009982|
000000447|000009838|
000000447|000008441|
000000448|000008810|
000000448|000009838|
000000448|000009982|
000000448|000008441|
000000449|000008441|
000000449|000008810|
000000449|000009982|
000000449|000009838|
000000452|000009982|
000000452|000008810|
000000452|000009838|
000000452|000008441|
000000453|000008441|
000000453|000009838|
000000453|000009982|
000000453|000008810|
000000454|000008441|
000000454|000008810|
000000454|000009838|
000000454|000009982|
000000455|000009838|
000000455|000008441|
000000455|000008810|
000000455|000009982|
000000456|000008810|
000000456|000009982|
000000456|000009838|
000000456|000008441|
000000457|000008441|
000000457|000009838|
000000457|000008810|
000000457|000009982|
000000458|000009838|
000000458|000008810|
000000458|000008441|
000000458|000009982|
000000459|000009982|
000000459|000009838|
000000459|000008441|
000000459|000008810|
000000460|000008356|
000000460|000010146|
000000460|000008415|
000000460|000008420|
000000460|000008403|
000000461|000008420|
000000461|000008415|
000000461|000010146|
000000461|000008356|
000000461|000008403|
000000462|000008420|
000000462|000008403|
000000462|000008415|
000000462|000010146|
000000462|000008356|
000000463|000008415|
000000463|000008356|
000000463|000010146|
000000463|000008420|
000000463|000009723|
000000465|000008415|
000000465|000010146|
000000465|000008403|
000000465|000008356|
000000465|000008420|
000000467|000009723|
000000467|000008356|
000000467|000008420|
000000467|000008415|
000000467|000010146|
000000468|000008407|
000000468|000008420|
000000468|000009680|
000000468|000009698|
000000468|000008356|
000000468|000010146|
000000468|000008415|
000000469|000008420|
000000469|000008407|
000000469|000009698|
000000469|000009689|
000000469|000008356|
000000469|000010146|
000000469|000009680|
000000469|000008415|
000000470|000008356|
000000470|000008411|
000000470|000009698|
000000470|000010146|
000000470|000008415|
000000470|000008420|
000000470|000009680|
000000471|000008356|
000000471|000010146|
000000471|000008415|
000000471|000008420|
000000472|000010146|
000000472|000008420|
000000472|000008356|
000000472|000008415|
000000473|000009689|
000000473|000008356|
000000473|000010146|
000000473|000008415|
000000473|000008420|
000000474|000008356|
000000474|000008403|
000000474|000010146|
000000474|000008415|
000000474|000008420|
000000475|000008356|
000000475|000010146|
000000475|000008415|
000000475|000008420|
000000476|000010146|
000000476|000008415|
000000476|000008420|
000000476|000008356|
000000477|000008411|
000000477|000008420|
000000477|000008415|
000000477|000010146|
000000477|000008356|
000000478|000008356|
000000478|000010146|
000000478|000008411|
000000478|000008420|
000000478|000008415|
000000478|000008403|
000000479|000010146|
000000479|000008356|
000000479|000008415|
000000479|000009689|
000000479|000008420|
000000482|000008356|
000000482|000009689|
000000482|000008415|
000000482|000008420|
000000482|000010146|
000000483|000008415|
000000483|000008356|
000000483|000008420|
000000483|000010146|
000000484|000008420|
000000484|000008415|
000000484|000008407|
000000484|000010146|
000000484|000008356|
000000485|000008420|
000000485|000008356|
000000485|000008415|
000000485|000010146|
000000485|000008403|
000000486|000008403|
000000486|000008420|
000000486|000008415|
000000486|000010146|
000000486|000008356|
000000487|000008356|
000000487|000010146|
000000487|000008415|
000000487|000008420|
000000488|000008415|
000000488|000008420|
000000488|000010146|
000000488|000008356|
000000489|000008403|
000000489|000008356|
000000489|000010146|
000000489|000008415|
000000489|000008420|
000000490|000008415|
000000490|000008420|
000000490|000008356|
000000490|000010146|
000000490|000008403|
000000491|000008356|
000000491|000010146|
000000491|000008420|
000000491|000008415|
000000493|000008356|
000000493|000010146|
000000493|000008415|
000000493|000008420|
000000493|000008403|
000000494|000008403|
000000494|000008420|
000000494|000008356|
000000494|000010146|
000000494|000008415|
000000495|000008356|
000000495|000008420|
000000495|000008415|
000000495|000008403|
000000495|000010146|
000000496|000008403|
000000496|000008415|
000000496|000008420|
000000496|000008356|
000000496|000010146|
000000497|000008415|
000000497|000010146|
000000497|000008356|
000000497|000008420|
000000497|000008403|
000000498|000008403|
000000498|000008356|
000000498|000008420|
000000498|000010146|
000000498|000008415|
000000499|000008420|
000000499|000008415|
000000499|000010146|
000000499|000008356|
000000500|000008403|
000000500|000008420|
000000500|000008356|
000000500|000008415|
000000500|000010146|
000000503|000008356|
000000503|000008420|
000000503|000008415|
000000503|000008403|
000000503|000010146|
000000504|000008420|
000000504|000008415|
000000504|000010146|
000000504|000008403|
000000504|000008356|
000000505|000010146|
000000505|000008356|
000000505|000008403|
000000505|000008420|
000000505|000008415|
000000506|000010146|
000000506|000008420|
000000506|000008356|
000000506|000008403|
000000506|000008415|
000000507|000009066|
000000507|000009082|
000000507|000009475|
000000508|000009459|
000000508|000009082|
000000508|000009066|
000000508|000009826|
000000509|000009066|
000000509|000009082|
000000509|000009826|
000000509|000009459|
000000510|000009066|
000000510|000009082|
000000510|000009826|
000000510|000009459|
000000511|000009070|
000000511|000009082|
000000511|000009826|
000000511|000009459|
000000511|000009066|
000000512|000009082|
000000512|000009826|
000000512|000009070|
000000512|000009066|
000000512|000009459|
000000513|000009082|
000000513|000009467|
000000513|000009066|
000000513|000009826|
000000513|000009070|
000000514|000009082|
000000514|000009826|
000000514|000009467|
000000514|000009074|
000000514|000009066|
000000515|000009074|
000000515|000009082|
000000515|000009066|
000000515|000009475|
000000516|000009082|
000000516|000009066|
000000516|000009826|
000000516|000009078|
000000521|000009826|
000000521|000009082|
000000521|000009078|
000000521|000009066|
000000522|000009587|
000000522|000008553|
000000522|000008370|
000000522|000008549|
000000522|000009748|
000000523|000008553|
000000523|000009587|
000000523|000009748|
000000523|000008549|
000000523|000008370|
000000524|000009748|
000000524|000008370|
000000524|000008553|
000000524|000008549|
000000527|000008553|
000000527|000008370|
000000527|000008549|
000000527|000009748|
000000528|000008370|
000000528|000009748|
000000528|000008553|
000000530|000009603|
000000530|000008553|
000000530|000009748|
000000530|000009587|
000000530|000008370|
000000530|000008545|
000000531|000008549|
000000531|000008553|
000000531|000008370|
000000531|000009748|
000000532|000008553|
000000532|000009587|
000000532|000009748|
000000532|000008549|
000000532|000008370|
000000533|000009748|
000000533|000008553|
000000534|000009748|
000000534|000009587|
000000534|000008553|
000000535|000008553|
000000535|000009587|
000000535|000009748|
000000536|000008549|
000000536|000008553|
000000536|000009587|
000000536|000009748|
000000537|000009748|
000000537|000009587|
000000537|000008553|
000000538|000008553|
000000538|000008542|
000000538|000009587|
000000538|000009748|
000000538|000009595|
000000539|000008549|
000000539|000009587|
000000539|000009748|
000000539|000008553|
000000540|000008553|
000000540|000008549|
000000540|000009748|
000000541|000009748|
000000541|000008553|
000000542|000009748|
000000542|000008553|
000000543|000009748|
000000543|000008553|
000000544|000008553|
000000544|000009748|
000000545|000009748|
000000545|000008553|
000000546|000009748|
000000546|000008553|
000000546|000008545|
000000548|000008553|
000000548|000009748|
000000551|000008553|
000000551|000009748|
000000551|000008545|
000000552|000008553|
000000552|000009748|
000000553|000009748|
000000553|000008553|
000000554|000008553|
000000554|000009748|
000000555|000008553|
000000555|000009748|
000000556|000009748|
000000556|000008553|
000000557|000009748|
000000557|000008553|
000000558|000009748|
000000558|000008545|
000000558|000008553|
000000559|000008545|
000000559|000008553|
000000559|000009748|
000000560|000008553|
000000560|000009748|
000000560|000008545|
000000561|000008553|
000000561|000009748|
000000562|000009748|
000000562|000008553|
000000564|000008553|
000000564|000009748|
000000567|000009748|
000000567|000008553|
000000568|000009898|
000000568|000009922|
000000568|000009324|
000000568|000009906|
000000569|000009922|
000000569|000009898|
000000570|000009922|
000000570|000009898|
000000571|000009898|
000000571|000009324|
000000571|000009922|
000000571|000009926|
000000572|000009922|
000000572|000009898|
000000572|000009926|
000000572|000009324|
000000573|000009922|
000000573|000009898|
000000573|000009324|
000000574|000009898|
000000574|000009922|
000000574|000009926|
000000574|000009324|
000000575|000009922|
000000575|000009898|
000000575|000009324|
000000575|000009926|
000000576|000009898|
000000576|000009922|
000000576|000009324|
000000576|000009926|
000000577|000009324|
000000577|000009922|
000000577|000009898|
000000580|000009898|
000000580|000009902|
000000580|000009922|
000000580|000009324|
000000581|000009922|
000000581|000009926|
000000581|000009898|
000000582|000009898|
000000582|000009324|
000000582|000009906|
000000582|000009922|
000000583|000009906|
000000583|000009902|
000000583|000009922|
000000583|000009324|
000000583|000009898|
000000584|000009922|
000000584|000009898|
000000584|000009906|
000000584|000009324|
000000585|000009922|
000000585|000009898|
000000585|000009906|
000000585|000009324|
000000587|000009324|
000000587|000009902|
000000587|000009906|
000000587|000009922|
000000587|000009898|
000000588|000009341|
000000588|000009906|
000000588|000009922|
000000588|000009898|
000000589|000009910|
000000589|000009333|
000000589|000009922|
000000589|000009898|
000000590|000009333|
000000590|000009910|
000000590|000009898|
000000590|000009922|
000000591|000009898|
000000591|000009922|
000000591|000009902|
000000592|000009898|
000000592|000009922|
000000593|000009324|
000000593|000009333|
000000593|000009922|
000000593|000009926|
000000593|000009910|
000000593|000009898|
000000594|000009324|
000000594|000009898|
000000594|000009922|
000000594|000009926|
000000595|000009926|
000000595|000009898|
000000595|000009922|
000000595|000009324|
000000596|000009926|
000000596|000009324|
000000596|000009898|
000000596|000009922|
000000597|000009922|
000000597|000009898|
000000597|000009341|
000000598|000009898|
000000598|000009341|
000000598|000009922|
000000599|000009898|
000000599|000009768|
000000599|000009922|
000000600|000009926|
000000600|000009922|
000000600|000009898|
000000600|000009324|
000000601|000009898|
000000601|000009324|
000000601|000009926|
000000601|000009922|
000000602|000009926|
000000602|000009898|
000000602|000009922|
000000602|000009902|
000000603|000009926|
000000603|000009898|
000000603|000009922|
000000603|000009768|
000000605|000009902|
000000605|000009898|
000000605|000009922|
000000605|000009768|
000000606|000009768|
000000606|000009906|
000000606|000009922|
000000606|000009898|
000000607|000009922|
000000607|000009898|
000000607|000009926|
000000609|000009898|
000000609|000009768|
000000609|000009922|
000000610|000009922|
000000610|000009898|
000000610|000009768|
000000611|000009898|
000000611|000009922|
000000611|000009768|
000000612|000009922|
000000612|000009768|
000000612|000009910|
000000612|000009898|
000000613|000009922|
000000613|000009898|
000000614|000009922|
000000614|000009898|
000000615|000009898|
000000615|000009922|
000000616|000009922|
000000616|000009768|
000000616|000009898|
000000617|000009922|
000000617|000009906|
000000617|000009898|
000000618|000009922|
000000618|000009898|
000000618|000009768|
000000619|000009922|
000000619|000009898|
000000619|000009768|
000000620|000009922|
000000620|000009898|
000000620|000009768|
000000621|000009768|
000000621|000009922|
000000621|000009898|
000000622|000009922|
000000622|000009768|
000000622|000009898|
000000623|000009922|
000000623|000009898|
000000623|000009768|
000000624|000009898|
000000624|000009922|
000000624|000009768|
000000625|000009898|
000000625|000009768|
000000625|000009922|
000000626|000009898|
000000626|000009922|
000000626|000009768|
000000627|000009898|
000000627|000009922|
000000628|000009898|
000000628|000009922|
000000629|000009898|
000000629|000009922|
000000630|000009324|
000000630|000009922|
000000630|000009898|
000000631|000009922|
000000631|000009898|
000000632|000009898|
000000632|000009922|
000000633|000009922|
000000633|000009898|
000000634|000010572|
000000634|000009780|
000000634|000009432|
000000634|000008714|
000000634|000010587|
000000634|000009424|
000000639|000009780|
000000639|000009424|
000000639|000010579|
000000639|000009440|
000000639|000008714|
000000639|000010572|
000000640|000009780|
000000640|000008714|
000000640|000010579|
000000640|000010572|
000000640|000009424|
000000640|000009440|
000000641|000009424|
000000641|000010583|
000000641|000009449|
000000641|000010572|
000000641|000008714|
000000641|000009780|
000000642|000010572|
000000642|000009424|
000000642|000010583|
000000642|000008714|
000000642|000009449|
000000642|000009780|
000000643|000010587|
000000643|000008714|
000000643|000009780|
000000643|000009432|
000000644|000008714|
000000644|000010572|
000000644|000009780|
000000644|000009432|
000000644|000010587|
000000646|000010572|
000000646|000010579|
000000646|000008714|
000000646|000009780|
000000646|000009440|
000000648|000009440|
000000648|000009780|
000000648|000009432|
000000648|000008714|
000000648|000010587|
000000649|000010587|
000000649|000009780|
000000649|000009432|
000000649|000008714|
000000649|000009440|
000000650|000009449|
000000650|000009780|
000000650|000010583|
000000650|000008714|
000000650|000010572|
000000651|000010583|
000000651|000009449|
000000651|000009780|
000000651|000008714|
000000652|000009780|
000000656|000009780|
000000657|000009780|
000000658|000010579|
000000658|000009780|
000000659|000009780|
000000659|000010579|
000000660|000009780|
000000661|000009780|
000000662|000010587|
000000662|000009780|
000000663|000009780|
000000663|000010583|
000000664|000010583|
000000664|000009780|
000000665|000009780|
000000665|000010587|
000000666|000009780|
000000666|000010587|
000000667|000009780|
000000680|000009864|
000000680|000009856|
000000680|000008379|
000000686|000009868|
000000686|000009860|
000000686|000009798|
000000686|000009856|
000000686|000008379|
000000690|000009868|
000000690|000009864|
000000690|000009860|
000000690|000008379|
000000690|000009856|
000000691|000009864|
000000691|000009868|
000000691|000009860|
000000691|000009856|
000000691|000008379|
000000692|000008379|
000000692|000009864|
000000692|000009856|
000000693|000009864|
000000693|000008379|
000000693|000009856|
000000694|000008379|
000000694|000009856|
000000694|000009864|
000000695|000008379|
000000695|000009856|
000000695|000009864|
000000696|000009856|
000000696|000008379|
000000696|000009864|
000000697|000008379|
000000697|000009864|
000000697|000009856|
000000698|000009864|
000000698|000009856|
000000698|000008379|
000000699|000009864|
000000699|000008379|
000000699|000009856|
000000700|000009856|
000000700|000008379|
000000700|000009864|
000000701|000009864|
000000701|000009856|
000000701|000008379|
000000702|000009856|
000000703|000009856|
000000704|000009856|
000000705|000009856|
000000706|000009856|
000000707|000009856|
000000708|000009856|
000000709|000009856|
000000713|000009379|
000000713|000009860|
000000713|000009856|
000000713|000009798|
000000714|000009379|
000000714|000009860|
000000714|000009856|
000000714|000009798|
000000716|000009798|
000000716|000009860|
000000716|000009379|
000000716|000009856|
000000719|000009798|
000000719|000009856|
000000719|000009388|
000000719|000009799|
000000719|000009860|
000000721|000008379|
000000721|000009856|
000000721|000009864|
000000722|000009856|
000000722|000009860|
000000722|000009798|
000000723|000009856|
000000723|000009860|
000000723|000009798|
000000724|000009856|
000000724|000009798|
000000724|000009860|
000000725|000009856|
000000725|000009860|
000000725|000009798|
000000727|000009856|
000000728|000009856|
000000728|000008379|
000000728|000009864|
000000729|000009864|
000000729|000008379|
000000729|000009856|
000000730|000009856|
000000731|000009864|
000000731|000009856|
000000731|000008379|
000000733|000009856|
000000733|000008379|
000000733|000009864|
000000735|000008379|
000000735|000009856|
000000735|000009864|
000000736|000009856|
000000736|000009868|
000000736|000008379|
000000736|000009860|
000000737|000008379|
000000737|000009856|
000000737|000009868|
000000737|000009860|
000000739|000009856|
000000739|000009864|
000000739|000008379|
000000740|000009856|
000000740|000008379|
000000740|000009864|
000000741|000009856|
000000743|000009856|
000000743|000009868|
000000743|000009798|
000000743|000008379|
000000744|000009856|
000000744|000008379|
000000744|000009864|
000000745|000009856|
000000745|000009868|
000000745|000009798|
000000745|000008379|
000000746|000009868|
000000746|000009798|
000000746|000008379|
000000746|000009856|
000000747|000009856|
000000751|000009856|
000000751|000009864|
000000751|000008379|
000000752|000008379|
000000752|000009864|
000000752|000009856|
000000753|000009856|
000000753|000009864|
000000753|000008379|
000000754|000009856|
000000754|000009864|
000000754|000008379|
000000755|000009856|
000000756|000009856|
000000756|000009868|
000000756|000008379|
000000756|000009798|
000000757|000009798|
000000757|000009856|
000000757|000009868|
000000757|000008379|
000000758|000009856|
000000759|000009864|
000000759|000008379|
000000759|000009856|
000000759|000009868|
000000759|000009860|
000000760|000009864|
000000760|000009856|
000000760|000008379|
000000762|000009856|
000000763|000009856|
000000764|000009856|
000000766|000009856|
000000766|000009864|
000000766|000008379|
000000767|000009856|
000000768|000009856|
000000769|000009856|
000000770|000009856|
000000771|000009856|
000000772|000009856|
000000773|000009856|
000000774|000009856|
000000775|000009856|
000000775|000009864|
000000775|000008379|
000000776|000009856|
000000776|000008379|
000000776|000009864|
000000777|000009856|
000000778|000009856|
000000779|000009856|
000000780|000009856|
000000781|000009856|
000000783|000009856|
000000784|000009856|
000000838|000008384|
000000838|000008567|
000000838|000009297|
000000838|000009744|
000000838|000008563|
000000839|000008567|
000000839|000008384|
000000839|000009280|
000000839|000009744|
000000839|000009297|
000000839|000008563|
000000840|000009280|
000000840|000008384|
000000840|000008563|
000000840|000009297|
000000840|000009744|
000000840|000008567|
000000841|000008384|
000000841|000009744|
000000841|000008563|
000000841|000009280|
000000841|000008567|
000000842|000008567|
000000842|000009744|
000000842|000008384|
000000842|000008563|
000000842|000009280|
000000843|000008567|
000000843|000008563|
000000843|000009744|
000000843|000009280|
000000843|000008384|
000000843|000009297|
000000844|000009744|
000000844|000008563|
000000844|000008567|
000000844|000008384|
000000844|000009297|
000000844|000009280|
000000845|000008567|
000000845|000008384|
000000845|000009744|
000000845|000008571|
000000846|000008384|
000000846|000008571|
000000846|000009744|
000000846|000008567|
000000846|000009297|
000000847|000008567|
000000847|000008563|
000000847|000009744|
000000847|000008384|
000000848|000009289|
000000848|000008384|
000000848|000009280|
000000848|000009744|
000000848|000008567|
000000848|000008559|
000000849|000008567|
000000849|000009289|
000000849|000008559|
000000849|000008384|
000000849|000009280|
000000849|000009744|
000000850|000009744|
000000850|000008384|
000000850|000008567|
000000850|000008559|
000000850|000009289|
000000850|000009280|
000000851|000008567|
000000851|000009289|
000000851|000008559|
000000851|000008384|
000000851|000009744|
000000851|000009280|
000000852|000008567|
000000852|000008559|
000000852|000008384|
000000852|000009744|
000000853|000008567|
000000853|000008384|
000000853|000009744|
000000854|000008567|
000000854|000009744|
000000854|000008384|
000000855|000010496|
000000855|000010505|
000000855|000010500|
000000855|000010492|
000000855|000010501|
000000855|000009760|
000000856|000010496|
000000856|000010501|
000000856|000009760|
000000856|000010492|
000000856|000010505|
000000856|000010500|
000000857|000010500|
000000857|000009760|
000000857|000010496|
000000857|000010492|
000000857|000010501|
000000857|000010505|
000000858|000010492|
000000858|000010505|
000000858|000009760|
000000858|000010496|
000000858|000010501|
000000858|000010500|
000000859|000009760|
000000859|000010496|
000000859|000010505|
000000859|000010501|
000000859|000010500|
000000859|000010492|
000000860|000009760|
000000860|000010501|
000000860|000010492|
000000860|000010505|
000000860|000010496|
000000860|000010500|
000000861|000010505|
000000861|000010492|
000000861|000010496|
000000861|000009760|
000000861|000010501|
000000861|000010500|
000000862|000009760|
000000862|000010492|
000000862|000010505|
000000862|000010500|
000000862|000010501|
000000862|000010496|
000000863|000010492|
000000863|000010501|
000000863|000010500|
000000863|000010505|
000000863|000010496|
000000863|000009760|
000000864|000010505|
000000864|000010492|
000000864|000010501|
000000864|000010500|
000000864|000009760|
000000864|000010496|
000000865|000010492|
000000865|000009760|
000000865|000010500|
000000865|000010501|
000000865|000010505|
000000865|000010496|
000000866|000010492|
000000866|000010500|
000000866|000009760|
000000866|000010501|
000000866|000010505|
000000866|000010496|
000000870|000009137|
000000870|000009756|
000000871|000009137|
000000871|000009756|
000000872|000009137|
000000872|000009756|
000000873|000009756|
000000873|000009137|
000000874|000009133|
000000874|000009137|
000000874|000009129|
000000875|000009137|
000000875|000009129|
000000875|000009133|
000000876|000009137|
000000876|000009129|
000000876|000009133|
000000877|000009133|
000000877|000009129|
000000877|000009137|
000000882|000008920|
000000882|000009986|
000000882|000009263|
000000882|000008393|
000000883|000008920|
000000883|000009752|
000000883|000008393|
000000884|000009752|
000000884|000008393|
000000884|000008920|
000000889|000009856|
000000889|000009379|
000000889|000009798|
000000889|000009860|
000000894|000008468|
000000894|000009036|
000000894|000009032|
000000894|000009830|
000000895|000009032|
000000895|000008468|
000000895|000009036|
000000895|000009830|
000000896|000009315|
000000896|000009028|
000000896|000008468|
000000896|000009036|
000000896|000009032|
000000896|000009830|
000000897|000008468|
000000897|000009036|
000000897|000009032|
000000897|000009830|
000000897|000009028|
000000898|000009032|
000000898|000009830|
000000898|000008468|
000000898|000009036|
000000899|000008468|
000000899|000009830|
000000899|000009307|
000000899|000009036|
000000899|000009032|
000000900|000009307|
000000900|000009032|
000000900|000008468|
000000900|000009036|
000000900|000009830|
000000901|000009307|
000000901|000009032|
000000901|000009830|
000000901|000008468|
000000901|000009036|
000000902|000009032|
000000902|000008468|
000000902|000009830|
000000902|000009036|
000000902|000009307|
000000903|000009830|
000000903|000009036|
000000903|000008468|
000000903|000009307|
000000903|000009032|
000000904|000009830|
000000904|000009032|
000000904|000009036|
000000904|000008468|
000000904|000009307|
000000907|000009036|
000000907|000008468|
000000907|000009028|
000000907|000009830|
000000907|000009032|
000000907|000009315|
000000908|000008468|
000000908|000009036|
000000908|000009830|
000000908|000009032|
000000909|000009307|
000000909|000009830|
000000909|000008468|
000000909|000009032|
000000909|000009036|
000000910|000008468|
000000910|000009032|
000000910|000009830|
000000910|000009036|
000000911|000009032|
000000911|000009036|
000000911|000008468|
000000911|000009830|
000000912|000008468|
000000912|000009830|
000000912|000009032|
000000912|000009036|
000000924|000009519|
000000924|000008967|
000000924|000008975|
000000924|000010150|
000000924|000008362|
000000924|000009502|
000000924|000008971|
000000924|000008959|
000000924|000009772|
000000925|000008967|
000000925|000008975|
000000925|000009502|
000000925|000008362|
000000925|000009772|
000000925|000008959|
000000925|000010150|
000000925|000008971|
000000926|000008967|
000000926|000008971|
000000926|000008362|
000000926|000009772|
000000926|000009502|
000000926|000008975|
000000926|000010150|
000000926|000008959|
000000928|000010150|
000000928|000008967|
000000928|000008971|
000000928|000009502|
000000928|000008975|
000000928|000008959|
000000928|000009772|
000000928|000008362|
000000929|000008975|
000000929|000008971|
000000929|000008967|
000000929|000008362|
000000929|000009502|
000000929|000009772|
000000929|000008963|
000000929|000008959|
000000929|000010150|
000000930|000008971|
000000930|000008967|
000000930|000009519|
000000930|000009502|
000000930|000009772|
000000930|000010150|
000000930|000008963|
000000930|000008959|
000000930|000008362|
000000930|000008975|
000000931|000008963|
000000931|000008959|
000000931|000010150|
000000931|000008971|
000000931|000008967|
000000931|000008975|
000000931|000008362|
000000932|000008971|
000000932|000009502|
000000932|000010150|
000000932|000008963|
000000932|000008959|
000000932|000008967|
000000932|000008362|
000000932|000008975|
000000933|000010150|
000000933|000008362|
000000933|000008963|
000000933|000009502|
000000933|000008975|
000000933|000009772|
000000933|000008959|
000000933|000008971|
000000933|000008967|
000000934|000008971|
000000934|000008975|
000000934|000008963|
000000934|000009772|
000000934|000008362|
000000934|000008959|
000000934|000010150|
000000934|000009502|
000000934|000008967|
000000935|000009502|
000000935|000008362|
000000935|000008971|
000000935|000008967|
000000935|000008959|
000000935|000008975|
000000935|000008963|
000000935|000010150|
000000936|000008963|
000000936|000009511|
000000936|000009772|
000000936|000008971|
000000936|000008967|
000000936|000008362|
000000936|000008959|
000000936|000010150|
000000936|000008975|
000000936|000009502|
000000937|000008971|
000000937|000008967|
000000937|000008975|
000000937|000008963|
000000937|000008362|
000000937|000010150|
000000937|000008959|
000000938|000008362|
000000938|000009772|
000000938|000008959|
000000938|000008971|
000000938|000008975|
000000938|000010150|
000000938|000009502|
000000938|000008963|
000000938|000008967|
000000939|000008959|
000000939|000008975|
000000939|000009772|
000000939|000008967|
000000939|000010150|
000000939|000008971|
000000939|000009519|
000000939|000008362|
000000939|000009502|
000000939|000008963|
000000940|000008975|
000000940|000008362|
000000940|000008963|
000000940|000008971|
000000940|000008959|
000000940|000010150|
000000940|000008967|
000000941|000010150|
000000941|000008963|
000000941|000008971|
000000941|000008975|
000000941|000008967|
000000941|000008959|
000000941|000009502|
000000941|000008362|
000000941|000009772|
000000942|000008975|
000000942|000008971|
000000942|000008959|
000000942|000008963|
000000942|000009502|
000000942|000009772|
000000942|000008967|
000000942|000010150|
000000942|000008362|
000000943|000008963|
000000943|000008959|
000000943|000008362|
000000943|000010150|
000000943|000009502|
000000943|000008967|
000000943|000008971|
000000943|000008975|
000000944|000009772|
000000944|000008967|
000000944|000008963|
000000944|000009502|
000000944|000008975|
000000944|000010150|
000000944|000008971|
000000944|000008959|
000000944|000008362|
000000946|000009511|
000000946|000008963|
000000946|000008971|
000000946|000008967|
000000946|000008979|
000000946|000008362|
000000946|000009502|
000000946|000010150|
000000947|000009502|
000000947|000008959|
000000947|000008967|
000000947|000008975|
000000947|000008362|
000000947|000010150|
000000947|000008971|
000000947|000009772|
000000947|000009519|
000000952|000008975|
000000952|000010150|
000000952|000008362|
000000952|000009502|
000000952|000008959|
000000952|000009519|
000000952|000008971|
000000952|000008967|
000000952|000009772|
000000953|000008975|
000000953|000008959|
000000953|000009772|
000000953|000008362|
000000953|000010150|
000000953|000008967|
000000953|000009502|
000000953|000008971|
000000954|000008971|
000000954|000008967|
000000954|000008959|
000000954|000008975|
000000954|000008362|
000000954|000010150|
000000955|000008967|
000000955|000008362|
000000955|000008971|
000000955|000008975|
000000955|000008959|
000000955|000009772|
000000955|000010150|
000000956|000010150|
000000956|000008971|
000000956|000008362|
000000956|000008967|
000000956|000008975|
000000956|000008959|
000000957|000008959|
000000957|000008971|
000000957|000008967|
000000957|000010150|
000000957|000008362|
000000957|000008975|
000000958|000008959|
000000958|000009502|
000000958|000009772|
000000958|000008971|
000000958|000008967|
000000958|000008975|
000000958|000010150|
000000958|000008362|
000000959|000010150|
000000959|000008362|
000000959|000009502|
000000959|000008975|
000000959|000008959|
000000959|000009772|
000000959|000008971|
000000959|000008967|
000000960|000008971|
000000960|000008967|
000000960|000008362|
000000960|000009502|
000000960|000009511|
000000960|000010150|
000000960|000009519|
000000960|000008959|
000000960|000008975|
000000961|000008967|
000000961|000008984|
000000961|000008971|
000000961|000008975|
000000961|000008959|
000000961|000010150|
000000961|000008362|
000000962|000008971|
000000962|000008967|
000000962|000008959|
000000962|000010150|
000000962|000008362|
000000962|000008975|
000000963|000010150|
000000963|000008975|
000000963|000008959|
000000963|000008971|
000000963|000008967|
000000963|000008362|
000000964|000008971|
000000964|000008362|
000000964|000008975|
000000964|000008959|
000000964|000010150|
000000964|000008967|
000000965|000008975|
000000965|000008971|
000000965|000008967|
000000965|000009772|
000000965|000010150|
000000965|000008362|
000000965|000008959|
000000966|000009772|
000000966|000008959|
000000966|000010150|
000000966|000008362|
000000966|000008971|
000000966|000008975|
000000966|000008967|
000000967|000008975|
000000967|000008959|
000000967|000008971|
000000967|000008967|
000000967|000010150|
000000967|000008362|
000000967|000008984|
000000968|000008971|
000000968|000008967|
000000968|000008362|
000000968|000008975|
000000968|000008959|
000000968|000008984|
000000968|000010150|
000000969|000008967|
000000969|000010150|
000000969|000008362|
000000969|000008975|
000000969|000008959|
000000969|000008971|
000000969|000008984|
000000970|000010150|
000000970|000008975|
000000970|000008967|
000000970|000008971|
000000970|000008959|
000000970|000008984|
000000970|000008362|
000001016|000009740|
000001016|000010192|
000001016|000009653|
000001016|000010196|
000001016|000009662|
000001017|000009662|
000001017|000010192|
000001017|000009653|
000001017|000009671|
000001017|000009740|
000001017|000010196|
000001020|000009653|
000001020|000010196|
000001020|000010192|
000001020|000009740|
000001020|000010204|
000001021|000010196|
000001021|000010208|
000001021|000009740|
000001021|000010192|
000001022|000010192|
000001022|000010208|
000001022|000010196|
000001022|000009740|
000001023|000009653|
000001023|000009740|
000001023|000010192|
000001023|000010200|
000001023|000010196|
000001023|000009671|
000001023|000009662|
000001024|000009740|
000001024|000010192|
000001024|000010196|
000001024|000010208|
000001024|000009662|
000001025|000010208|
000001025|000010196|
000001025|000009740|
000001025|000010192|
000001026|000010208|
000001026|000009740|
000001026|000010192|
000001026|000010196|
000001027|000010192|
000001027|000010196|
000001027|000010208|
000001027|000009740|
000001028|000009740|
000001028|000010192|
000001028|000010196|
000001028|000010208|
000001029|000010196|
000001029|000010208|
000001029|000009740|
000001029|000010192|
000001030|000010192|
000001030|000009740|
000001030|000010208|
000001030|000010196|
000001031|000009662|
000001031|000010196|
000001031|000009740|
000001031|000010192|
000001032|000010192|
000001032|000009740|
000001032|000009662|
000001032|000009671|
000001032|000009653|
000001032|000010196|
000001033|000010196|
000001033|000009671|
000001033|000010192|
000001033|000009662|
000001033|000009740|
000001033|000009653|
000001034|000010192|
000001034|000009653|
000001034|000009740|
000001034|000010196|
000001034|000010200|
000001034|000009662|
000001035|000009740|
000001035|000009653|
000001035|000009671|
000001035|000010204|
000001035|000010196|
000001035|000010192|
000001036|000010196|
000001036|000009740|
000001036|000010192|
000001041|000009397|
000001041|000009407|
000001041|000009415|
000001044|000010142|
000001044|000010130|
000001044|000010122|
000001044|000010134|
000001044|000009728|
000001044|000009397|
000001044|000010126|
000001044|000010138|
000001045|000010122|
000001045|000010138|
000001045|000010134|
000001045|000010126|
000001045|000010130|
000001045|000010142|
000001045|000009728|
000001046|000010122|
000001046|000010134|
000001046|000010126|
000001046|000010130|
000001046|000010142|
000001046|000010138|
000001047|000010142|
000001047|000010130|
000001047|000010126|
000001047|000010122|
000001047|000010138|
000001047|000010134|
000001048|000010126|
000001048|000009397|
000001048|000010130|
000001048|000009415|
000001048|000010122|
000001048|000010134|
000001048|000010142|
000001048|000009407|
000001048|000010138|
000001049|000010138|
000001049|000010122|
000001049|000010126|
000001049|000010142|
000001049|000010130|
000001049|000010134|
000001050|000010126|
000001050|000010130|
000001050|000010134|
000001050|000010142|
000001050|000010122|
000001050|000010138|
000001051|000010126|
000001051|000010130|
000001051|000010134|
000001051|000010138|
000001051|000010142|
000001051|000010122|
000001052|000010138|
000001052|000010130|
000001052|000010134|
000001052|000010142|
000001052|000010122|
000001052|000010126|
000001053|000009415|
000001053|000009397|
000001053|000010130|
000001053|000010126|
000001053|000010138|
000001053|000010122|
000001053|000009407|
000001053|000010142|
000001053|000010134|
000001053|000009728|
000001054|000009415|
000001054|000009728|
000001054|000010126|
000001054|000009397|
000001054|000010122|
000001054|000010142|
000001054|000009407|
000001054|000010138|
000001054|000010130|
000001054|000010134|
000001055|000010130|
000001055|000010142|
000001055|000009407|
000001055|000010122|
000001055|000009397|
000001055|000009728|
000001055|000010126|
000001055|000010134|
000001055|000010138|
000001056|000010130|
000001056|000010122|
000001056|000010126|
000001056|000010138|
000001056|000009397|
000001056|000010134|
000001056|000010142|
000001056|000009407|
000001057|000010130|
000001057|000010142|
000001057|000010134|
000001057|000010122|
000001057|000010138|
000001057|000010126|
000001058|000010126|
000001058|000010130|
000001058|000009397|
000001058|000009728|
000001058|000010138|
000001058|000009407|
000001058|000010142|
000001058|000010134|
000001058|000010122|
000001094|000008518|
000001094|000009764|
000001094|000010307|
000001094|000010303|
000001095|000008518|
000001095|000010303|
000001095|000009764|
000001095|000010307|
000001096|000010303|
000001096|000008518|
000001096|000010307|
000001096|000009764|
000001097|000008518|
000001097|000009764|
000001097|000010303|
000001097|000010307|
000001098|000010303|
000001098|000008518|
000001098|000010307|
000001098|000009764|
000001099|000010307|
000001099|000010303|
000001099|000009764|
000001099|000008518|
000001100|000008518|
000001100|000010307|
000001100|000009764|
000001100|000010303|
000001104|000008436|
000001104|000009546|
000001104|000009813|
000001104|000009814|
000001104|000009554|
000001105|000009546|
000001105|000008436|
000001105|000009813|
000001105|000009814|
000001106|000009546|
000001106|000009813|
000001106|000009554|
000001106|000008436|
000001106|000009814|
000001111|000009976|
000001111|000009978|
000001111|000009813|
000001111|000009814|
000001111|000009546|
000001111|000008436|
000001112|000009546|
000001112|000009813|
000001112|000009814|
000001112|000009554|
000001112|000009978|
000001112|000009976|
000001112|000008436|
000001114|000009554|
000001114|000009814|
000001114|000009978|
000001114|000009813|
000001114|000008436|
000001114|000009976|
000001114|000009546|
000001115|000009978|
000001115|000009976|
000001115|000009813|
000001115|000008436|
000001115|000009814|
000001115|000009546|
000001116|000009978|
000001116|000008436|
000001116|000009813|
000001116|000009814|
000001116|000009546|
000001116|000009976|
000001117|000009546|
000001117|000008436|
000001118|000008436|
000001118|000009546|
000001118|000009579|
000001119|000008436|
000001119|000009546|
000001120|000008436|
000001120|000009546|
000001120|000009978|
000001120|000009976|
000001125|000009976|
000001125|000009978|
000001125|000008436|
000001125|000009546|
000001125|000009579|
000001126|000009546|
000001126|000009579|
000001126|000009978|
000001126|000009976|
000001126|000008436|
000001127|000008436|
000001127|000009546|
000001127|000009579|
000001127|000009976|
000001127|000009978|
000001128|000009976|
000001128|000009978|
000001128|000009546|
000001128|000008436|
000001129|000009546|
000001129|000008436|
000001129|000009563|
000001129|000009818|
000001130|000009976|
000001130|000009978|
000001130|000009546|
000001130|000008436|
000001130|000009818|
000001132|000009978|
000001132|000009546|
000001132|000008436|
000001132|000009563|
000001132|000009976|
000001132|000009818|
000001133|000008436|
000001133|000009976|
000001133|000009818|
000001133|000009978|
000001133|000009546|
000001133|000009563|
000001134|000009978|
000001134|000009546|
000001134|000009976|
000001134|000008436|
000001134|000009563|
000001134|000009818|
000001135|000009978|
000001135|000009976|
000001135|000009546|
000001135|000009818|
000001135|000008436|
000001136|000009804|
000001136|000009571|
000001136|000009805|
000001136|000009809|
000001136|000008436|
000001136|000009546|
000001137|000009805|
000001137|000009804|
000001137|000008436|
000001137|000009976|
000001137|000009809|
000001137|000009978|
000001137|000009546|
000001138|000009976|
000001138|000009804|
000001138|000009978|
000001138|000008436|
000001138|000009805|
000001138|000009809|
000001138|000009571|
000001138|000009546|
000001139|000008436|
000001139|000009804|
000001139|000009978|
000001139|000009546|
000001139|000009976|
000001139|000009809|
000001139|000009805|
000001141|000009805|
000001141|000009546|
000001141|000009809|
000001141|000009804|
000001141|000009978|
000001141|000008436|
000001141|000009976|
000001142|000009546|
000001142|000008436|
000001142|000009978|
000001142|000009804|
000001142|000009805|
000001142|000009976|
000001142|000009571|
000001142|000009809|
000001143|000009805|
000001143|000009976|
000001143|000009546|
000001143|000008436|
000001143|000009809|
000001143|000009978|
000001143|000009804|
000001144|000009546|
000001144|000009804|
000001144|000009805|
000001144|000009978|
000001144|000008436|
000001144|000009809|
000001144|000009976|
000001145|000009976|
000001145|000008436|
000001145|000009546|
000001145|000009978|
000001145|000009809|
000001145|000009804|
000001145|000009805|
000001146|000009546|
000001146|000009978|
000001146|000009976|
000001146|000008436|
000001146|000009804|
000001146|000009805|
000001146|000009809|
000001147|000009546|
000001147|000008436|
000001147|000009978|
000001147|000009809|
000001147|000009805|
000001147|000009976|
000001147|000009804|
000001148|000008436|
000001148|000009976|
000001148|000009978|
000001149|000008436|
000001150|000009978|
000001150|000009976|
000001150|000008436|
000001151|000009976|
000001151|000008436|
000001151|000009978|
000001153|000008521|
000001153|000010399|
000001153|000008477|
000001153|000009834|
000001153|000010459|
000001153|000010627|
000001153|000009842|
000001153|000008770|
000001153|000009732|
000001153|000010367|
000001153|000010620|
000001153|000008493|
000001153|000010463|
000001153|000008489|
000001153|000008485|
000001153|000008473|
000001153|000008374|
000001153|000008481|
000001153|000010621|
000001153|000010626|
000001153|000010268|
000001153|000008777|
000001153|000010391|
000001153|000008355|
000001154|000008489|
000001154|000008493|
000001154|000008521|
000001154|000009732|
000001154|000009842|
000001154|000008477|
000001154|000010391|
000001154|000010268|
000001154|000010154|
000001154|000010463|
000001154|000008481|
000001154|000010367|
000001154|000008355|
000001154|000008770|
000001154|000010399|
000001154|000010627|
000001154|000010620|
000001154|000010621|
000001154|000008777|
000001154|000009850|
000001154|000010459|
000001154|000010626|
000001154|000009834|
000001154|000008374|
000001154|000008473|
000001154|000008485|
000001156|000010459|
000001156|000009732|
000001156|000008355|
000001156|000010391|
000001156|000010367|
000001156|000010463|
000001156|000010620|
000001156|000009850|
000001156|000008374|
000001156|000008521|
000001156|000010399|
000001156|000008489|
000001156|000008493|
000001156|000010626|
000001156|000008481|
000001156|000008770|
000001156|000009834|
000001156|000010621|
000001156|000008477|
000001156|000008473|
000001156|000010627|
000001156|000009842|
000001156|000010268|
000001156|000008777|
000001156|000008485|
000001157|000008770|
000001157|000009842|
000001157|000008489|
000001157|000009850|
000001157|000010399|
000001157|000010459|
000001157|000010391|
000001157|000010627|
000001157|000010268|
000001157|000010154|
000001157|000010626|
000001157|000010463|
000001157|000008485|
000001157|000008521|
000001157|000008473|
000001157|000008477|
000001157|000008355|
000001157|000009732|
000001157|000008777|
000001157|000008374|
000001157|000008481|
000001157|000010620|
000001157|000010367|
000001157|000009834|
000001157|000009242|
000001157|000008493|
000001157|000010621|
000001158|000008485|
000001158|000008521|
000001158|000010626|
000001158|000008770|
000001158|000008489|
000001158|000008493|
000001158|000009732|
000001158|000009842|
000001158|000010268|
000001158|000008777|
000001158|000010459|
000001158|000008374|
000001158|000010391|
000001158|000008355|
000001158|000010367|
000001158|000010399|
000001158|000008477|
000001158|000010627|
000001158|000010463|
000001158|000010154|
000001158|000008473|
000001158|000010621|
000001158|000008481|
000001158|000009834|
000001158|000010620|
000001159|000010626|
000001159|000009850|
000001159|000008770|
000001159|000009732|
000001159|000010154|
000001159|000009842|
000001159|000008485|
000001159|000008489|
000001159|000008355|
000001159|000008521|
000001159|000010627|
000001159|000008777|
000001159|000010463|
000001159|000010459|
000001159|000010367|
000001159|000010621|
000001159|000008473|
000001159|000010399|
000001159|000008477|
000001159|000008481|
000001159|000009834|
000001159|000010620|
000001159|000009247|
000001159|000008374|
000001159|000010268|
000001159|000010391|
000001159|000008493|
000001160|000010626|
000001160|000009732|
000001160|000008770|
000001160|000010463|
000001160|000010367|
000001160|000008493|
000001160|000008481|
000001160|000008485|
000001160|000010459|
000001160|000008473|
000001160|000008355|
000001160|000008477|
000001160|000010154|
000001160|000009842|
000001160|000008489|
000001160|000010620|
000001160|000008374|
000001160|000010627|
000001160|000009834|
000001160|000010268|
000001160|000009850|
000001160|000008777|
000001160|000010391|
000001160|000010621|
000001160|000010399|
000001161|000010367|
000001161|000010399|
000001161|000008770|
000001161|000010391|
000001161|000010463|
000001161|000010621|
000001161|000010620|
000001161|000008481|
000001161|000010459|
000001161|000008355|
000001161|000008477|
000001161|000009834|
000001161|000010626|
000001161|000010627|
000001161|000008374|
000001161|000008473|
000001161|000008485|
000001161|000008489|
000001161|000008493|
000001161|000009732|
000001161|000009842|
000001161|000010268|
000001161|000008777|
000001161|000008521|
000001162|000010391|
000001162|000008485|
000001162|000008489|
000001162|000008374|
000001162|000010459|
000001162|000008473|
000001162|000009850|
000001162|000009834|
000001162|000010627|
000001162|000008521|
000001162|000010154|
000001162|000008477|
000001162|000008493|
000001162|000010620|
000001162|000008770|
000001162|000010367|
000001162|000010463|
000001162|000008777|
000001162|000010268|
000001162|000008355|
000001162|000009842|
000001162|000008481|
000001162|000010399|
000001162|000009242|
000001162|000010621|
000001162|000009732|
000001162|000010626|
000001163|000008489|
000001163|000008521|
000001163|000010399|
000001163|000010626|
000001163|000008777|
000001163|000010391|
000001163|000010463|
000001163|000010627|
000001163|000008770|
000001163|000009834|
000001163|000010620|
000001163|000008374|
000001163|000010621|
000001163|000008485|
000001163|000008355|
000001163|000008473|
000001163|000010268|
000001163|000010459|
000001163|000010367|
000001163|000009732|
000001163|000008493|
000001163|000008481|
000001163|000008477|
000001163|000009842|
000001164|000010463|
000001164|000008489|
000001164|000008485|
000001164|000008770|
000001164|000010627|
000001164|000008473|
000001164|000010399|
000001164|000010620|
000001164|000010459|
000001164|000010626|
000001164|000008477|
000001164|000009834|
000001164|000008355|
000001164|000010367|
000001164|000010621|
000001164|000010391|
000001164|000008374|
000001164|000008481|
000001164|000008777|
000001164|000010268|
000001164|000009842|
000001164|000009732|
000001164|000008521|
000001164|000008493|
000001165|000010395|
000001165|000008355|
000001165|000009842|
000001165|000009850|
000001165|000008485|
000001165|000008770|
000001165|000008773|
000001165|000008473|
000001165|000010459|
000001165|000010627|
000001165|000010626|
000001165|000008521|
000001165|000008489|
000001165|000010621|
000001165|000008481|
000001165|000010367|
000001165|000010268|
000001165|000010391|
000001165|000009732|
000001165|000008477|
000001165|000008493|
000001165|000008374|
000001165|000008777|
000001165|000010154|
000001165|000010620|
000001165|000010399|
000001165|000010463|
000001165|000009834|
000001165|000009242|
000001166|000008777|
000001166|000009732|
000001166|000008770|
000001166|000008521|
000001166|000008355|
000001166|000009842|
000001166|000010391|
000001166|000010367|
000001166|000010627|
000001166|000010399|
000001166|000010154|
000001166|000008481|
000001166|000009834|
000001166|000010620|
000001166|000008374|
000001166|000008485|
000001166|000010626|
000001166|000008473|
000001166|000010621|
000001166|000008489|
000001166|000010463|
000001166|000008493|
000001166|000010459|
000001166|000008477|
000001166|000010268|
000001167|000010459|
000001167|000010391|
000001167|000010621|
000001167|000010627|
000001167|000010399|
000001167|000008477|
000001167|000008355|
000001167|000008481|
000001167|000008777|
000001167|000010463|
000001167|000010268|
000001167|000009842|
000001167|000010367|
000001167|000009732|
000001167|000008493|
000001167|000008489|
000001167|000008485|
000001167|000008473|
000001167|000010154|
000001167|000008374|
000001167|000009834|
000001167|000008770|
000001167|000008521|
000001167|000010626|
000001167|000010620|
000001168|000008481|
000001168|000009834|
000001168|000010626|
000001168|000010391|
000001168|000010627|
000001168|000010459|
000001168|000010268|
000001168|000008770|
000001168|000008477|
000001168|000010463|
000001168|000010367|
000001168|000008374|
000001168|000008473|
000001168|000010399|
000001168|000008485|
000001168|000008355|
000001168|000008489|
000001168|000008493|
000001168|000009732|
000001168|000010621|
000001168|000010620|
000001168|000009842|
000001168|000008521|
000001168|000008777|
000001169|000008481|
000001169|000008473|
000001169|000008489|
000001169|000008477|
000001169|000008485|
000001169|000010399|
000001169|000008777|
000001169|000008493|
000001169|000009732|
000001169|000008770|
000001169|000010463|
000001169|000009842|
000001169|000010621|
000001169|000010391|
000001169|000010268|
000001169|000008521|
000001169|000008355|
000001169|000009834|
000001169|000010620|
000001169|000010459|
000001169|000010367|
000001169|000010627|
000001169|000010626|
000001169|000008374|
000001172|000010399|
000001172|000008485|
000001172|000010620|
000001172|000009850|
000001172|000008477|
000001172|000008493|
000001172|000009834|
000001172|000010463|
000001172|000008521|
000001172|000010268|
000001172|000009732|
000001172|000010459|
000001172|000010627|
000001172|000010626|
000001172|000010367|
000001172|000009842|
000001172|000008770|
000001172|000010154|
000001172|000008473|
000001172|000010621|
000001172|000008481|
000001172|000008374|
000001172|000010391|
000001172|000008489|
000001172|000008355|
000001172|000009242|
000001172|000008777|
000001174|000010626|
000001174|000010620|
000001174|000008355|
000001174|000010367|
000001174|000009834|
000001174|000008473|
000001174|000009732|
000001174|000008485|
000001174|000009842|
000001174|000008374|
000001174|000008521|
000001174|000010463|
000001174|000010154|
000001174|000008770|
000001174|000010399|
000001174|000008489|
000001174|000008477|
000001174|000008481|
000001174|000008777|
000001174|000010621|
000001174|000010459|
000001174|000009850|
000001174|000010268|
000001174|000010391|
000001174|000010627|
000001174|000009242|
000001174|000008493|
000001175|000008481|
000001175|000008355|
000001175|000010463|
000001175|000010620|
000001175|000010627|
000001175|000008477|
000001175|000010621|
000001175|000010399|
000001175|000008777|
000001175|000008521|
000001175|000009842|
000001175|000008493|
000001175|000008770|
000001175|000008489|
000001175|000008485|
000001175|000010391|
000001175|000010459|
000001175|000010367|
000001175|000009732|
000001175|000010268|
000001175|000008473|
000001175|000008374|
000001175|000009834|
000001175|000010626|
000001177|000008473|
000001177|000008485|
000001177|000008489|
000001177|000008493|
000001177|000009732|
000001177|000009842|
000001177|000010268|
000001177|000008777|
000001177|000008355|
000001177|000008481|
000001177|000010154|
000001177|000010620|
000001177|000010463|
000001177|000010627|
000001177|000009850|
000001177|000010626|
000001177|000008521|
000001177|000010367|
000001177|000010459|
000001177|000008770|
000001177|000010399|
000001177|000010391|
000001177|000008477|
000001177|000010621|
000001177|000009242|
000001177|000009834|
000001177|000008374|
000001178|000009842|
000001178|000009834|
000001178|000010627|
000001178|000008355|
000001178|000008777|
000001178|000010268|
000001178|000008485|
000001178|000009732|
000001178|000008521|
000001178|000010459|
000001178|000008493|
000001178|000008489|
000001178|000008770|
000001178|000008473|
000001178|000008374|
000001178|000010463|
000001178|000008481|
000001178|000010621|
000001178|000008477|
000001178|000010367|
000001178|000010399|
000001178|000010391|
000001178|000010620|
000001178|000010626|
000001179|000010367|
000001179|000010627|
000001179|000010621|
000001179|000010463|
000001179|000010459|
000001179|000010399|
000001179|000008521|
000001179|000010268|
000001179|000008485|
000001179|000010391|
000001179|000008481|
000001179|000008477|
000001179|000008777|
000001179|000009842|
000001179|000009732|
000001179|000008473|
000001179|000008374|
000001179|000010620|
000001179|000008770|
000001179|000008493|
000001179|000009834|
000001179|000008489|
000001179|000008355|
000001179|000010626|
000001182|000008355|
000001182|000008521|
000001182|000010621|
000001182|000008477|
000001182|000010459|
000001182|000010154|
000001182|000009842|
000001182|000009732|
000001182|000008493|
000001182|000008489|
000001182|000010367|
000001182|000008485|
000001182|000008473|
000001182|000008374|
000001182|000010268|
000001182|000010626|
000001182|000010620|
000001182|000009834|
000001182|000008770|
000001182|000008481|
000001182|000010399|
000001182|000010463|
000001182|000010395|
000001182|000010391|
000001182|000008777|
000001182|000010627|
000001183|000010399|
000001183|000010154|
000001183|000010621|
000001183|000010463|
000001183|000009834|
000001183|000009254|
000001183|000009732|
000001183|000008773|
000001183|000008770|
000001183|000008355|
000001183|000010626|
000001183|000010268|
000001183|000008374|
000001183|000008473|
000001183|000010459|
000001183|000008485|
000001183|000008481|
000001183|000008489|
000001183|000010367|
000001183|000008493|
000001183|000010620|
000001183|000009850|
000001183|000010627|
000001183|000010391|
000001183|000008477|
000001183|000009842|
000001183|000008777|
000001184|000010620|
000001184|000009842|
000001184|000008777|
000001184|000008355|
000001184|000010367|
000001184|000008477|
000001184|000010391|
000001184|000010399|
000001184|000008521|
000001184|000008493|
000001184|000008489|
000001184|000008481|
000001184|000008485|
000001184|000010627|
000001184|000008770|
000001184|000010621|
000001184|000010459|
000001184|000008473|
000001184|000010626|
000001184|000008374|
000001184|000010268|
000001184|000009732|
000001184|000009834|
000001184|000010463|
000001185|000008481|
000001185|000009834|
000001185|000008374|
000001185|000008473|
000001185|000008485|
000001185|000009732|
000001185|000009842|
000001185|000010268|
000001185|000010627|
000001185|000010621|
000001185|000008777|
000001185|000008489|
000001185|000008521|
000001185|000008493|
000001185|000010626|
000001185|000010399|
000001185|000010367|
000001185|000010620|
000001185|000008477|
000001185|000008355|
000001185|000010459|
000001185|000010391|
000001185|000010463|
000001185|000008770|
000001188|000010620|
000001188|000008521|
000001188|000008485|
000001188|000008489|
000001188|000010459|
000001188|000010268|
000001188|000010367|
000001188|000008355|
000001188|000008777|
000001188|000008477|
000001188|000010399|
000001188|000010627|
000001188|000010621|
000001188|000008770|
000001188|000009732|
000001188|000009842|
000001188|000010626|
000001188|000010463|
000001188|000010391|
000001188|000009834|
000001188|000008493|
000001188|000008374|
000001188|000008481|
000001188|000008473|
000001189|000010463|
000001189|000010399|
000001189|000010620|
000001189|000010391|
000001189|000008355|
000001189|000008477|
000001189|000010621|
000001189|000010367|
000001189|000010626|
000001189|000009834|
000001189|000010268|
000001189|000008493|
000001189|000009732|
000001189|000009842|
000001189|000008777|
000001189|000008521|
000001189|000008770|
000001189|000008485|
000001189|000008374|
000001189|000008473|
000001189|000010459|
000001189|000008489|
000001189|000008481|
000001189|000010627|
000001190|000008355|
000001190|000010621|
000001190|000008485|
000001190|000008489|
000001190|000008493|
000001190|000010626|
000001190|000008374|
000001190|000009732|
000001190|000009842|
000001190|000010268|
000001190|000010391|
000001190|000010399|
000001190|000010463|
000001190|000008481|
000001190|000008770|
000001190|000008521|
000001190|000008777|
000001190|000010459|
000001190|000009834|
000001190|000008477|
000001190|000008473|
000001190|000010620|
000001190|000010627|
000001190|000010367|
000001191|000010463|
000001191|000009834|
000001191|000009732|
000001191|000008374|
000001191|000008493|
000001191|000008489|
000001191|000008485|
000001191|000010621|
000001191|000008477|
000001191|000010627|
000001191|000008473|
000001191|000008481|
000001191|000010626|
000001191|000010620|
000001191|000010459|
000001191|000010367|
000001191|000008355|
000001191|000008521|
000001191|000008770|
000001191|000008777|
000001191|000010268|
000001191|000010391|
000001191|000010399|
000001191|000009842|
000001192|000008374|
000001192|000008473|
000001192|000008481|
000001192|000009842|
000001192|000010399|
000001192|000008485|
000001192|000010391|
000001192|000008355|
000001192|000010627|
000001192|000010620|
000001192|000008493|
000001192|000010626|
000001192|000008777|
000001192|000009834|
000001192|000008770|
000001192|000010459|
000001192|000010268|
000001192|000008521|
000001192|000010367|
000001192|000009850|
000001192|000009732|
000001192|000008489|
000001192|000010463|
000001192|000008477|
000001192|000010621|
000001193|000008374|
000001193|000008477|
000001193|000008777|
000001193|000010463|
000001193|000010154|
000001193|000009850|
000001193|000010268|
000001193|000009732|
000001193|000010459|
000001193|000008493|
000001193|000010367|
000001193|000008489|
000001193|000008481|
000001193|000010621|
000001193|000010391|
000001193|000010626|
000001193|000008485|
000001193|000009842|
000001193|000008355|
000001193|000010399|
000001193|000010620|
000001193|000008473|
000001193|000008770|
000001193|000009834|
000001193|000010627|
000001193|000008521|
000001197|000010347|
000001197|000010359|
000001197|000009776|
000001197|000010355|
000001197|000010363|
000001199|000009830|
000001199|000008468|
000001199|000009036|
000001199|000009032|
000001237|000009856|
000001293|000008971|
000001293|000010150|
000001293|000008984|
000001293|000008362|
000001293|000008975|
000001293|000008967|
000001293|000008959|
000001294|000010150|
000001294|000008959|
000001294|000008984|
000001294|000008971|
000001294|000008967|
000001294|000008975|
000001294|000008362|
000001295|000008967|
000001295|000008984|
000001295|000008959|
000001295|000008971|
000001295|000008975|
000001295|000010150|
000001295|000008362|
000001297|000008967|
000001297|000008971|
000001297|000008984|
000001297|000008959|
000001297|000008975|
000001297|000008362|
000001297|000010150|
000001298|000008975|
000001298|000008967|
000001298|000008971|
000001298|000008984|
000001298|000008959|
000001298|000008362|
000001298|000010150|
000001302|000010150|
000001302|000008967|
000001302|000008362|
000001302|000008959|
000001302|000008971|
000001302|000008975|
000001310|000008975|
000001310|000008362|
000001310|000008971|
000001310|000008959|
000001310|000008967|
000001310|000010150|
000001311|000008959|
000001311|000008967|
000001311|000008362|
000001311|000010150|
000001311|000008971|
000001311|000008975|
000001317|000008971|
000001317|000008967|
000001317|000008975|
000001317|000010150|
000001317|000008959|
000001317|000008362|
000001318|000008971|
000001318|000008967|
000001318|000008959|
000001318|000008975|
000001318|000010150|
000001318|000008362|
000001321|000008971|
000001321|000010150|
000001321|000008975|
000001321|000008967|
000001321|000008959|
000001321|000008362|
000001329|000009546|
000001329|000008436|
000001329|000009813|
000001329|000009814|
000001332|000009805|
000001332|000009804|
000001332|000009546|
000001332|000009809|
000001332|000008436|
000001333|000008436|
000001333|000009546|
000001336|000009818|
000001336|000009976|
000001336|000009978|
000001336|000008436|
000001336|000009546|
000001337|000009976|
000001337|000009818|
000001337|000008436|
000001337|000009978|
000001337|000009546|
000001338|000009976|
000001338|000009978|
000001338|000008436|
000001339|000009978|
000001339|000009976|
000001339|000008436|
000001340|000008436|
000001340|000009818|
000001340|000009546|
000001344|000010463|
000001344|000010268|
000001344|000010621|
000001344|000010626|
000001344|000008481|
000001344|000009842|
000001344|000008485|
000001344|000008770|
000001344|000010399|
000001344|000010459|
000001344|000008521|
000001344|000010620|
000001344|000009834|
000001344|000010627|
000001344|000008477|
000001344|000009189|
000001344|000008355|
000001344|000008777|
000001344|000010154|
000001344|000009850|
000001344|000008374|
000001344|000008473|
000001344|000010391|
000001344|000008489|
000001344|000008493|
000001344|000010367|
000001344|000009242|
000001344|000009732|
000001344|000009784|
000001345|000009850|
000001345|000008477|
000001345|000009732|
000001345|000009842|
000001345|000010459|
000001345|000010463|
000001345|000008485|
000001345|000010391|
000001345|000010626|
000001345|000010627|
000001345|000010399|
000001345|000009247|
000001345|000008777|
000001345|000008481|
000001345|000010268|
000001345|000008473|
000001345|000009242|
000001345|000010621|
000001345|000008493|
000001345|000008374|
000001345|000008489|
000001345|000010620|
000001345|000008355|
000001345|000010154|
000001345|000009834|
000001345|000008521|
000001345|000008770|
000001345|000010367|
000001346|000008355|
000001346|000010621|
000001346|000008477|
000001346|000010626|
000001346|000008489|
000001346|000008493|
000001346|000009850|
000001346|000008770|
000001346|000009242|
000001346|000010459|
000001346|000010367|
000001346|000008485|
000001346|000008473|
000001346|000008374|
000001346|000010463|
000001346|000010399|
000001346|000010391|
000001346|000009842|
000001346|000010620|
000001346|000010154|
000001346|000009834|
000001346|000010268|
000001346|000008521|
000001346|000009732|
000001346|000008777|
000001346|000010627|
000001346|000008481|
000001347|000010620|
000001347|000010268|
000001347|000008770|
000001347|000010367|
000001347|000009842|
000001347|000008521|
000001347|000010626|
000001347|000009732|
000001347|000008493|
000001347|000008473|
000001347|000008374|
000001347|000010463|
000001347|000010621|
000001347|000010627|
000001347|000008777|
000001347|000008489|
000001347|000008485|
000001347|000008355|
000001347|000008477|
000001347|000010459|
000001347|000008481|
000001347|000010391|
000001347|000010399|
000001347|000009834|
000001348|000008473|
000001348|000010459|
000001348|000010463|
000001348|000010367|
000001348|000010621|
000001348|000008355|
000001348|000008493|
000001348|000008777|
000001348|000008477|
000001348|000008489|
000001348|000008374|
000001348|000008481|
000001348|000009834|
000001348|000010626|
000001348|000010399|
000001348|000009842|
000001348|000008770|
000001348|000008521|
000001348|000010268|
000001348|000010620|
000001348|000009732|
000001348|000009784|
000001348|000010154|
000001348|000010391|
000001348|000008485|
000001348|000010627|
000001355|000008967|
000001355|000008971|
000001355|000008975|
000001355|000008959|
000001355|000008963|
000001355|000010150|
000001355|000009772|
000001355|000008362|
000001360|000010355|
000001360|000009776|
000001360|000010363|
000001360|000010347|
000001360|000010359|
000001361|000009492|
000001361|000009776|
000001361|000010347|
000001361|000010355|
000001361|000010363|
000001361|000010351|
000001361|000009484|
000001362|000010347|
000001362|000009492|
000001362|000010363|
000001362|000009776|
000001362|000010355|
000001362|000009484|
000001362|000010351|
000001363|000010347|
000001363|000010359|
000001363|000010363|
000001363|000009776|
000001363|000010355|
000001364|000009776|
000001364|000010347|
000001364|000010359|
000001364|000010355|
000001364|000010363|
000001367|000009397|
000001367|000010138|
000001367|000010134|
000001367|000010130|
000001367|000009728|
000001367|000010122|
000001367|000010126|
000001367|000009407|
000001367|000010142|
000001368|000010126|
000001368|000010142|
000001368|000010122|
000001368|000009728|
000001368|000010138|
000001368|000010134|
000001368|000009397|
000001368|000009407|
000001368|000010130|
000001369|000010130|
000001369|000009728|
000001369|000009397|
000001369|000010122|
000001369|000010126|
000001369|000010138|
000001369|000009407|
000001369|000010134|
000001369|000010142|
000001370|000009728|
000001370|000010130|
000001370|000010138|
000001370|000010134|
000001370|000010122|
000001370|000009407|
000001370|000009397|
000001370|000010126|
000001370|000010142|
000001371|000010134|
000001371|000009397|
000001371|000010142|
000001371|000010138|
000001371|000010122|
000001371|000010130|
000001371|000009728|
000001371|000009415|
000001371|000010126|
000001372|000010122|
000001372|000010130|
000001372|000009415|
000001372|000010138|
000001372|000009397|
000001372|000010126|
000001372|000010134|
000001372|000009728|
000001372|000010142|
000001374|000010126|
000001374|000010130|
000001374|000010142|
000001374|000010134|
000001374|000010138|
000001374|000010122|
000001376|000010122|
000001376|000010126|
000001376|000010130|
000001376|000010134|
000001376|000010142|
000001376|000010138|
000001377|000010126|
000001377|000010142|
000001377|000010130|
000001377|000010134|
000001377|000010138|
000001377|000010122|
000001383|000008379|
000001383|000009856|
000001383|000009868|
000001385|000008871|
000001385|000008365|
000001386|000008871|
000001386|000008365|
000001387|000008871|
000001387|000008365|
000001388|000008365|
000001389|000008365|
000001390|000009780|
000001391|000009982|
000001391|000008810|
000001391|000008441|
000001391|000009838|
000001391|000008818|
000001391|000008819|
000001392|000008810|
000001392|000009982|
000001392|000009838|
000001392|000008441|
000001392|000008819|
000001392|000008818|
000001393|000009898|
000001393|000009768|
000001393|000009922|
000001394|000009856|
000001394|000009798|
000001394|000009860|
000001396|000009798|
000001396|000009860|
000001396|000009856|
000001397|000009860|
000001397|000009856|
000001397|000009798|
000001398|000009856|
000001398|000009798|
000001398|000009860|
000001400|000009922|
000001400|000009898|
000001400|000009906|
000001406|000009860|
000001406|000008379|
000001406|000009798|
000001406|000009868|
000001406|000009379|
000001406|000009856|
000001423|000010399|
000001423|000010626|
000001423|000010627|
000001423|000010463|
000001423|000010459|
000001423|000008481|
000001423|000010391|
000001423|000008493|
000001423|000008355|
000001423|000008374|
000001423|000008473|
000001423|000008485|
000001423|000008489|
000001423|000009834|
000001423|000009732|
000001423|000010620|
000001423|000009842|
000001423|000010268|
000001423|000008777|
000001423|000010367|
000001423|000008521|
000001423|000010621|
000001423|000008770|
000001423|000008477|
000001446|000009263|
000001446|000009986|
000001446|000008929|
000001446|000008393|
000001446|000008920|
000001447|000008393|
000001447|000009986|
000001447|000008929|
000001447|000008920|
000001447|000009263|
000001448|000008929|
000001448|000009263|
000001448|000008393|
000001448|000008920|
000001448|000009986|
000001449|000008393|
000001449|000008929|
000001449|000009986|
000001449|000008920|
000001450|000009263|
000001450|000009986|
000001450|000008920|
000001450|000008393|
000001453|000008920|
000001453|000009263|
000001453|000009986|
000001453|000008393|
000001454|000009986|
000001454|000008920|
000001454|000008393|
000001455|000009546|
000001455|000009978|
000001455|000009554|
000001455|000008436|
000001455|000009813|
000001455|000009814|
000001455|000009976|
000001456|000009976|
000001456|000009978|
000001456|000009546|
000001456|000008436|
000001456|000009813|
000001456|000009814|
000001458|000008920|
000001458|000008393|
000001458|000009752|
000001460|000008920|
000001460|000008393|
000001460|000009752|
000001461|000009752|
000001461|000008920|
000001461|000008393|
000001462|000009546|
000001462|000009978|
000001462|000009579|
000001462|000008436|
000001462|000009976|
000001463|000008436|
000001463|000009546|
000001463|000009976|
000001463|000009978|
000001464|000009546|
000001464|000009978|
000001464|000009976|
000001464|000008436|
000001465|000008436|
000001465|000009818|
000001465|000009546|
000001466|000009818|
000001466|000009546|
000001466|000008436|
000001467|000009976|
000001467|000009818|
000001467|000009546|
000001467|000008436|
000001467|000009978|
000001467|000009563|
000001468|000009978|
000001468|000009546|
000001468|000009563|
000001468|000009976|
000001468|000009818|
000001468|000008436|
000001469|000009546|
000001469|000009563|
000001469|000008436|
000001469|000009978|
000001469|000009976|
000001469|000009818|
000001470|000009818|
000001470|000009978|
000001470|000009976|
000001470|000008436|
000001470|000009546|
000001472|000010192|
000001472|000009662|
000001472|000010200|
000001472|000010196|
000001472|000009740|
000001474|000009662|
000001474|000010200|
000001474|000010192|
000001474|000010196|
000001474|000009740|
000001476|000010200|
000001476|000010196|
000001476|000010192|
000001476|000009740|
000001477|000008810|
000001477|000008814|
000001477|000009982|
000001477|000009838|
000001477|000008441|
000001478|000008810|
000001478|000009982|
000001478|000008814|
000001478|000008441|
000001478|000009838|
000001479|000008920|
000001479|000008393|
000001479|000009752|
000001481|000010496|
000001481|000010505|
000001481|000010492|
000001481|000009760|
000001481|000010501|
000001481|000010500|
000001482|000010505|
000001482|000010500|
000001482|000009760|
000001482|000010492|
000001482|000010501|
000001482|000010496|
000001483|000010500|
000001483|000009760|
000001483|000010505|
000001483|000010496|
000001483|000010492|
000001483|000010501|
000001484|000009760|
000001484|000010496|
000001484|000010492|
000001484|000010500|
000001484|000010501|
000001484|000010505|
000001485|000010505|
000001485|000010500|
000001485|000010496|
000001485|000009760|
000001485|000010492|
000001485|000010501|
000001486|000010492|
000001486|000010500|
000001486|000010496|
000001486|000010501|
000001486|000010505|
000001486|000009760|
000001523|000008485|
000001523|000008489|
000001523|000008493|
000001523|000008777|
000001523|000010268|
000001523|000010463|
000001523|000008355|
000001523|000010626|
000001523|000008473|
000001523|000008374|
000001523|000010621|
000001523|000010391|
000001523|000010154|
000001523|000010399|
000001523|000010459|
000001523|000010367|
000001523|000009842|
000001523|000010620|
000001523|000008477|
000001523|000009850|
000001523|000009732|
000001523|000008770|
000001523|000009834|
000001523|000008481|
000001523|000010627|
000001524|000010399|
000001524|000008777|
000001524|000008489|
000001524|000008521|
000001524|000008485|
000001524|000010463|
000001524|000008770|
000001524|000009850|
000001524|000008473|
000001524|000008481|
000001524|000010620|
000001524|000010627|
000001524|000008374|
000001524|000008355|
000001524|000010367|
000001524|000010621|
000001524|000009834|
000001524|000009242|
000001524|000010268|
000001524|000010459|
000001524|000010626|
000001524|000010154|
000001524|000009842|
000001524|000009732|
000001524|000008493|
000001524|000008477|
000001524|000010391|
000001525|000008559|
000001525|000008567|
000001525|000008384|
000001525|000009744|
000001526|000008384|
000001526|000009744|
000001526|000008567|
000001526|000008559|
000001527|000010620|
000001527|000008493|
000001527|000008489|
000001527|000010268|
000001527|000010367|
000001527|000008355|
000001527|000010626|
000001527|000008485|
000001527|000008770|
000001527|000010627|
000001527|000009834|
000001527|000010621|
000001527|000008374|
000001527|000010399|
000001527|000008777|
000001527|000010391|
000001527|000010459|
000001527|000009732|
000001527|000008481|
000001527|000008473|
000001527|000010463|
000001527|000009842|
000001527|000010154|
000001527|000008477|
000001527|000008521|
000001533|000009744|
000001533|000008384|
000001533|000008567|
000001536|000008365|
000001536|000009614|
000001536|000009990|
000001536|000008875|
000001536|000009794|
000001537|000008365|
000001537|000008871|
000001537|000008884|
000001538|000008871|
000001538|000008365|
000001539|000008871|
000001539|000008365|
000001540|000008365|
000001540|000008871|
000001541|000008365|
000001541|000008871|
000001542|000008871|
000001542|000008365|
000001545|000008365|
000001546|000009082|
000001546|000009066|
000001546|000009467|
000001546|000009826|
000001553|000008468|
000001553|000009830|
000001553|000009307|
000001553|000009032|
000001553|000009036|
000001553|000009028|
000001556|000008967|
000001556|000008971|
000001556|000008959|
000001556|000008975|
000001556|000009772|
000001556|000009502|
000001556|000010150|
000001556|000008362|
000001557|000009752|
000001557|000008393|
000001557|000008920|
000001558|000008393|
000001558|000008920|
000001558|000009986|
000001559|000009986|
000001559|000008920|
000001559|000008393|
000001560|000008393|
000001560|000009986|
000001560|000008920|
000001561|000008920|
000001561|000009986|
000001561|000008393|
000001562|000008393|
000001562|000008920|
000001562|000009752|
000001563|000008393|
000001563|000009986|
000001563|000008920|
000001564|000008393|
000001564|000008920|
000001565|000009066|
000001565|000009082|
000001565|000009078|
000001565|000009826|
000001567|000009082|
000001567|000009459|
000001567|000009826|
000001567|000009066|
000001568|000009826|
000001568|000009459|
000001568|000009066|
000001568|000009082|
000001569|000009082|
000001569|000009459|
000001569|000009066|
000001569|000009826|
000001570|000009459|
000001570|000009082|
000001570|000009066|
000001570|000009826|
000001571|000009082|
000001571|000009066|
000001571|000009826|
000001572|000009826|
000001572|000009467|
000001572|000009074|
000001572|000009082|
000001572|000009066|
000001573|000009826|
000001573|000009082|
000001573|000009066|
000001573|000009078|
000001574|000009082|
000001574|000009066|
000001574|000009826|
000001574|000009078|
000001576|000009826|
000001576|000009066|
000001576|000009082|
000001576|000009078|
000001577|000009748|
000001577|000008553|
000001579|000009129|
000001579|000009137|
000001579|000009133|
000001580|000009280|
000001580|000009297|
000001580|000009744|
000001580|000008384|
000001580|000008563|
000001580|000008567|
000001581|000008362|
000001581|000010150|
000001581|000008967|
000001581|000008975|
000001581|000008971|
000001581|000008959|
000001581|000009502|
000001581|000009772|
000001581|000008963|
000001583|000008975|
000001583|000010150|
000001583|000008967|
000001583|000008959|
000001583|000008971|
000001583|000008362|
000001583|000008963|
000001584|000008971|
000001584|000008959|
000001584|000009772|
000001584|000008975|
000001584|000008963|
000001584|000008967|
000001584|000008362|
000001584|000009502|
000001584|000010150|
000001586|000008959|
000001586|000008984|
000001586|000008971|
000001586|000008967|
000001586|000008975|
000001586|000010150|
000001586|000008362|
000001587|000008975|
000001587|000008967|
000001587|000010150|
000001587|000008362|
000001587|000008959|
000001587|000008971|
000001588|000008436|
000001588|000009814|
000001588|000009813|
000001588|000009976|
000001588|000009978|
000001588|000009546|
000001589|000009805|
000001589|000009809|
000001589|000008436|
000001589|000009804|
000001589|000009571|
000001589|000009546|
000001589|000009976|
000001589|000009978|
000001596|000009856|
000001596|000009798|
000001596|000009860|
000001598|000009898|
000001598|000009922|
000001600|000008967|
000001600|000010150|
000001600|000008963|
000001600|000008362|
000001600|000008979|
000001600|000008971|
000001601|000008362|
000001601|000010150|
000001601|000008967|
000001601|000008971|
000001601|000008979|
000001604|000008362|
000001604|000010150|
000001604|000008971|
000001604|000008967|
000001604|000009511|
000001604|000009502|
000001604|000008979|
000001606|000010154|
000001606|000009242|
000001606|000010626|
000001606|000008477|
000001606|000010463|
000001606|000008481|
000001606|000010399|
000001606|000008777|
000001606|000010268|
000001606|000010391|
000001606|000009842|
000001606|000010459|
000001606|000009850|
000001606|000009732|
000001606|000008493|
000001606|000008489|
000001606|000010621|
000001606|000010627|
000001606|000008473|
000001606|000008355|
000001606|000008770|
000001606|000008374|
000001606|000008521|
000001606|000008485|
000001606|000009834|
000001606|000010367|
000001606|000010620|
000001607|000009834|
000001607|000008489|
000001607|000008481|
000001607|000008485|
000001607|000008355|
000001607|000008777|
000001607|000010620|
000001607|000008374|
000001607|000010367|
000001607|000010459|
000001607|000010621|
000001607|000010626|
000001607|000009732|
000001607|000008493|
000001607|000010391|
000001607|000010268|
000001607|000008770|
000001607|000008521|
000001607|000010463|
000001607|000008477|
000001607|000009842|
000001607|000010399|
000001607|000008473|
000001607|000010627|
000001608|000009842|
000001608|000009732|
000001608|000010627|
000001608|000008493|
000001608|000008489|
000001608|000008374|
000001608|000008355|
000001608|000010367|
000001608|000008777|
000001608|000010459|
000001608|000008485|
000001608|000008473|
000001608|000010268|
000001608|000008770|
000001608|000008521|
000001608|000010621|
000001608|000010391|
000001608|000008481|
000001608|000010626|
000001608|000010620|
000001608|000008477|
000001608|000010463|
000001608|000010399|
000001608|000009834|
000001609|000008777|
000001609|000008493|
000001609|000010463|
000001609|000009732|
000001609|000008489|
000001609|000010459|
000001609|000008481|
000001609|000008473|
000001609|000008485|
000001609|000010367|
000001609|000008374|
000001609|000009834|
000001609|000010621|
000001609|000008355|
000001609|000010391|
000001609|000010620|
000001609|000008521|
000001609|000009842|
000001609|000010399|
000001609|000008770|
000001609|000010627|
000001609|000008477|
000001609|000010268|
000001609|000010626|
000001610|000010621|
000001610|000009732|
000001610|000008374|
000001610|000008477|
000001610|000008489|
000001610|000009834|
000001610|000008473|
000001610|000009842|
000001610|000008355|
000001610|000010459|
000001610|000010268|
000001610|000008521|
000001610|000008777|
000001610|000010399|
000001610|000008493|
000001610|000008770|
000001610|000010463|
000001610|000008481|
000001610|000008485|
000001610|000010627|
000001610|000010367|
000001610|000010620|
000001610|000010391|
000001610|000010626|
000001611|000008770|
000001611|000008777|
000001611|000009784|
000001611|000009842|
000001611|000008355|
000001611|000010399|
000001611|000008521|
000001611|000010459|
000001611|000010268|
000001611|000010463|
000001611|000010391|
000001611|000010621|
000001611|000008489|
000001611|000009834|
000001611|000010367|
000001611|000008481|
000001611|000008374|
000001611|000008485|
000001611|000008477|
000001611|000010154|
000001611|000009732|
000001611|000009850|
000001611|000009242|
000001611|000008473|
000001611|000010626|
000001611|000010627|
000001611|000010620|
000001611|000008493|
000001647|000009976|
000001647|000009978|
000001647|000009571|
000001647|000009546|
000001647|000009809|
000001647|000009805|
000001647|000009804|
000001647|000008436|
000001648|000009804|
000001648|000009805|
000001648|000009809|
000001648|000008436|
000001648|000009546|
000001649|000009805|
000001649|000008436|
000001649|000009804|
000001649|000009546|
000001649|000009809|
000001650|000008567|
000001650|000008384|
000001650|000009744|
000001651|000009744|
000001651|000008384|
000001651|000008567|
000001658|000010307|
000001658|000010303|
000001658|000009764|
000001658|000008518|
000001659|000010307|
000001659|000010303|
000001659|000009764|
000001659|000008518|
000001660|000008518|
000001660|000010303|
000001660|000010307|
000001660|000009764|
000001661|000008518|
000001661|000010307|
000001661|000010303|
000001661|000009764|
000001662|000008518|
000001662|000010307|
000001662|000010303|
000001662|000009764|
000001663|000010311|
000001663|000010303|
000001663|000010307|
000001663|000008518|
000001664|000010492|
000001664|000010505|
000001664|000009760|
000001664|000010501|
000001664|000010500|
000001664|000010496|
000001666|000010621|
000001666|000010367|
000001666|000008481|
000001666|000010627|
000001666|000010391|
000001666|000008355|
000001666|000008477|
000001666|000008770|
000001666|000009834|
000001666|000010463|
000001666|000008374|
000001666|000008473|
000001666|000008485|
000001666|000008489|
000001666|000008493|
000001666|000009732|
000001666|000008521|
000001666|000009842|
000001666|000010268|
000001666|000008777|
000001666|000010459|
000001666|000010399|
000001666|000010620|
000001666|000010626|
000001667|000010626|
000001667|000009732|
000001667|000008777|
000001667|000010620|
000001667|000010391|
000001667|000010367|
000001667|000010627|
000001667|000008770|
000001667|000010621|
000001667|000010399|
000001667|000008477|
000001667|000008473|
000001667|000010463|
000001667|000008521|
000001667|000008374|
000001667|000008493|
000001667|000008355|
000001667|000008489|
000001667|000008481|
000001667|000010459|
000001667|000010268|
000001667|000008485|
000001667|000009842|
000001667|000009834|
000001668|000008473|
000001668|000010620|
000001668|000008477|
000001668|000010463|
000001668|000009842|
000001668|000010399|
000001668|000008777|
000001668|000008521|
000001668|000010154|
000001668|000009732|
000001668|000008493|
000001668|000008485|
000001668|000008770|
000001668|000008489|
000001668|000009834|
000001668|000010627|
000001668|000009850|
000001668|000008374|
000001668|000010621|
000001668|000008481|
000001668|000010268|
000001668|000010367|
000001668|000010391|
000001668|000008355|
000001668|000010626|
000001668|000010459|
000001680|000008393|
000001680|000008920|
000001822|000009744|
000001822|000008384|
000001822|000008567|
000001822|000008563|
000001825|000010627|
000001825|000010367|
000001825|000009834|
000001825|000008473|
000001825|000010620|
000001825|000009842|
000001825|000008481|
000001825|000010459|
000001825|000008477|
000001825|000010399|
000001825|000008374|
000001825|000008355|
000001825|000010621|
000001825|000010268|
000001825|000008521|
000001825|000008489|
000001825|000008777|
000001825|000010391|
000001825|000010626|
000001825|000010463|
000001825|000009732|
000001825|000008770|
000001825|000008493|
000001825|000008485|
000001991|000008477|
000001991|000008481|
000001991|000010391|
000001991|000008493|
000001991|000009834|
000001991|000008770|
000001991|000008521|
000001991|000008355|
000001991|000008777|
000001991|000010620|
000001991|000010268|
000001991|000010367|
000001991|000010621|
000001991|000010463|
000001991|000008489|
000001991|000009732|
000001991|000008485|
000001991|000008473|
000001991|000010627|
000001991|000010459|
000001991|000010399|
000001991|000010626|
000001991|000008374|
000001991|000009842|
000001993|000008365|
000001993|000009990|
000001994|000009856|
000001994|000008379|
000001994|000009864|
000001997|000010399|
000001997|000008777|
000001997|000010620|
000001997|000008374|
000001997|000010268|
000001997|000008485|
000001997|000008521|
000001997|000010367|
000001997|000009242|
000001997|000010626|
000001997|000009185|
000001997|000008481|
000001997|000009850|
000001997|000008493|
000001997|000010627|
000001997|000009842|
000001997|000008355|
000001997|000008770|
000001997|000010621|
000001997|000010154|
000001997|000010391|
000001997|000009834|
000001997|000008473|
000001997|000008489|
000001997|000009732|
000001997|000008477|
000001997|000010463|
000001997|000010459|
000002063|000009032|
000002063|000009036|
000002063|000008468|
000002063|000009830|
000002064|000008468|
000002064|000009036|
000002064|000009032|
000002064|000009830|
000002066|000009032|
000002066|000009830|
000002066|000008468|
000002066|000009036|
000002066|000009307|
000002067|000009830|
000002067|000009032|
000002067|000008468|
000002067|000009028|
000002067|000009036|
000002068|000008468|
000002068|000009036|
000002068|000009830|
000002068|000009032|
000002076|000010463|
000002076|000008485|
000002076|000010620|
000002076|000010459|
000002076|000008473|
000002076|000010268|
000002076|000009842|
000002076|000008374|
000002076|000010621|
000002076|000010154|
000002076|000009834|
000002076|000009732|
000002076|000010626|
000002076|000008355|
000002076|000008493|
000002076|000010627|
000002076|000008477|
000002076|000010391|
000002076|000008481|
000002076|000010367|
000002076|000008489|
000002076|000010399|
000002076|000008770|
000002076|000008777|
000002080|000008875|
000002080|000009614|
000002080|000009794|
000002080|000008365|
000002080|000009990|
000002081|000008384|
000002081|000008559|
000002081|000008567|
000002081|000009744|
000002082|000008567|
000002082|000009744|
000002082|000008559|
000002082|000008384|
000002083|000008567|
000002083|000008384|
000002083|000008559|
000002083|000009744|
000002084|000008567|
000002084|000009744|
000002084|000008384|
000002084|000008559|
000002085|000008384|
000002085|000009744|
000002085|000008567|
000002086|000009744|
000002086|000008567|
000002086|000008384|
000002087|000008567|
000002087|000008384|
000002087|000009744|
000002088|000008920|
000002088|000009272|
000002088|000008924|
000002088|000009986|
000002088|000008929|
000002090|000009137|
000002090|000009129|
000002090|000009133|
000002092|000008545|
000002092|000008553|
000002092|000009587|
000002092|000009748|
000002092|000009603|
000002098|000008777|
000002098|000008521|
000002098|000008770|
000002098|000010463|
000002098|000010268|
000002098|000008477|
000002098|000009242|
000002098|000010621|
000002098|000010154|
000002098|000009842|
000002098|000009732|
000002098|000008493|
000002098|000010459|
000002098|000010391|
000002098|000009850|
000002098|000008489|
000002098|000010627|
000002098|000008485|
000002098|000009834|
000002098|000008473|
000002098|000008355|
000002098|000008481|
000002098|000008374|
000002098|000010367|
000002098|000010626|
000002098|000010399|
000002098|000010620|
000002099|000010399|
000002099|000010626|
000002099|000008374|
000002099|000010463|
000002099|000009850|
000002099|000010621|
000002099|000008481|
000002099|000010154|
000002099|000009834|
000002099|000008473|
000002099|000008489|
000002099|000008493|
000002099|000009842|
000002099|000010268|
000002099|000008770|
000002099|000008777|
000002099|000008485|
000002099|000009732|
000002099|000009242|
000002099|000008355|
000002099|000008521|
000002099|000010391|
000002099|000010367|
000002099|000010620|
000002099|000008477|
000002099|000010627|
000002099|000010459|
000002100|000009850|
000002100|000008521|
000002100|000010367|
000002100|000010459|
000002100|000010621|
000002100|000008777|
000002100|000010268|
000002100|000009834|
000002100|000009732|
000002100|000009242|
000002100|000008485|
000002100|000008374|
000002100|000008493|
000002100|000010154|
000002100|000010463|
000002100|000008355|
000002100|000008481|
000002100|000010620|
000002100|000008477|
000002100|000010391|
000002100|000008489|
000002100|000008473|
000002100|000010399|
000002100|000010627|
000002100|000009842|
000002100|000010626|
000002100|000008770|
000002102|000008481|
000002102|000010627|
000002102|000010621|
000002102|000009834|
000002102|000008477|
000002102|000008770|
000002102|000008521|
000002102|000008374|
000002102|000008473|
000002102|000008485|
000002102|000008489|
000002102|000008493|
000002102|000009732|
000002102|000009842|
000002102|000010367|
000002102|000010268|
000002102|000008777|
000002102|000010391|
000002102|000010463|
000002102|000010399|
000002102|000008355|
000002102|000010620|
000002102|000010626|
000002102|000010459|
000002103|000010621|
000002103|000009732|
000002103|000008485|
000002103|000008481|
000002103|000010367|
000002103|000009850|
000002103|000008355|
000002103|000008477|
000002103|000010399|
000002103|000010154|
000002103|000008493|
000002103|000010459|
000002103|000010626|
000002103|000008770|
000002103|000010463|
000002103|000010620|
000002103|000008777|
000002103|000008489|
000002103|000010391|
000002103|000010627|
000002103|000008521|
000002103|000009834|
000002103|000008374|
000002103|000008473|
000002103|000010268|
000002103|000009842|
000002105|000009834|
000002105|000010399|
000002105|000009732|
000002105|000008355|
000002105|000010367|
000002105|000010268|
000002105|000010621|
000002105|000010459|
000002105|000009850|
000002105|000010154|
000002105|000008770|
000002105|000008493|
000002105|000008473|
000002105|000008485|
000002105|000009842|
000002105|000010626|
000002105|000010620|
000002105|000008477|
000002105|000010627|
000002105|000008481|
000002105|000009254|
000002105|000010391|
000002105|000008374|
000002105|000008521|
000002105|000008777|
000002105|000008489|
000002105|000010463|
000002108|000008553|
000002108|000009603|
000002108|000008370|
000002108|000009748|
000002108|000009587|
000002108|000008545|
000002109|000009748|
000002109|000008542|
000002109|000009595|
000002109|000008553|
000002109|000009587|
000002109|000008370|
000002110|000009587|
000002110|000008553|
000002110|000009748|
000002110|000008542|
000002110|000009595|
000002111|000008553|
000002111|000009748|
000002112|000009748|
000002112|000008545|
000002112|000008553|
000002114|000009748|
000002114|000008553|
000002114|000009587|
000002114|000008545|
000002115|000008545|
000002115|000008553|
000002115|000009748|
000002116|000008542|
000002116|000009748|
000002116|000008553|
000002173|000009732|
000002173|000008493|
000002173|000008489|
000002173|000008485|
000002173|000008473|
000002173|000008374|
000002173|000009834|
000002173|000010391|
000002173|000010627|
000002173|000008770|
000002173|000008521|
000002173|000010399|
000002173|000010621|
000002173|000010620|
000002173|000010626|
000002173|000008481|
000002173|000008355|
000002173|000010463|
000002173|000008477|
000002173|000010459|
000002173|000010367|
000002173|000008777|
000002173|000010268|
000002173|000009842|
000002199|000009850|
000002199|000010626|
000002199|000009732|
000002199|000008521|
000002199|000008355|
000002199|000010627|
000002199|000008770|
000002199|000010154|
000002199|000008485|
000002199|000008473|
000002199|000009242|
000002199|000008374|
000002199|000008477|
000002199|000010268|
000002199|000008493|
000002199|000010620|
000002199|000010391|
000002199|000009834|
000002199|000008489|
000002199|000010367|
000002199|000010621|
000002199|000009842|
000002199|000008481|
000002199|000008777|
000002199|000010463|
000002199|000010399|
000002199|000010459|
000002202|000010268|
000002202|000010620|
000002202|000008777|
000002202|000010391|
000002202|000010399|
000002202|000008355|
000002202|000008477|
000002202|000010367|
000002202|000010154|
000002202|000008485|
000002202|000008489|
000002202|000008374|
000002202|000010463|
000002202|000010621|
000002202|000010626|
000002202|000008481|
000002202|000008473|
000002202|000008493|
000002202|000010459|
000002202|000010627|
000002202|000009732|
000002202|000008770|
000002202|000009834|
000002202|000009842|
000002202|000009850|
000002234|000010626|
000002234|000010620|
000002234|000008521|
000002234|000010367|
000002234|000008477|
000002234|000010459|
000002234|000010399|
000002234|000009732|
000002234|000009242|
000002234|000008493|
000002234|000008489|
000002234|000008777|
000002234|000008485|
000002234|000008481|
000002234|000008355|
000002234|000008473|
000002234|000010268|
000002234|000009842|
000002234|000010621|
000002234|000010627|
000002234|000008374|
000002234|000009834|
000002234|000010391|
000002234|000010463|
000002234|000010154|
000002234|000009850|
000002234|000008770|
000002252|000009732|
000002252|000008777|
000002252|000008521|
000002252|000010391|
000002252|000008493|
000002252|000008770|
000002252|000010367|
000002252|000009842|
000002252|000010626|
000002252|000008355|
000002252|000010268|
000002252|000008374|
000002252|000008473|
000002252|000008485|
000002252|000008477|
000002252|000010620|
000002252|000010621|
000002252|000008489|
000002252|000010463|
000002252|000010627|
000002252|000008481|
000002252|000010399|
000002252|000010459|
000002252|000009834|
000002255|000008485|
000002255|000010621|
000002255|000009242|
000002255|000008477|
000002255|000008521|
000002255|000010627|
000002255|000010620|
000002255|000010399|
000002255|000008773|
000002255|000010459|
000002255|000010154|
000002255|000009850|
000002255|000008770|
000002255|000008473|
000002255|000010367|
000002255|000008355|
000002255|000008481|
000002255|000008374|
000002255|000009834|
000002255|000008777|
000002255|000010268|
000002255|000009842|
000002255|000009732|
000002255|000010391|
000002255|000010463|
000002255|000010626|
000002255|000008493|
000002255|000008489|
000002258|000010463|
000002258|000008493|
000002258|000008477|
000002258|000010399|
000002258|000008355|
000002258|000008489|
000002258|000008485|
000002258|000010621|
000002258|000008374|
000002258|000009834|
000002258|000008770|
000002258|000009842|
000002258|000010268|
000002258|000008777|
000002258|000010367|
000002258|000010627|
000002258|000009732|
000002258|000008521|
000002258|000010391|
000002258|000010620|
000002258|000010626|
000002258|000008481|
000002258|000010459|
000002258|000008473|
000002266|000009732|
000002266|000010367|
000002266|000008489|
000002266|000008485|
000002266|000010621|
000002266|000009242|
000002266|000010620|
000002266|000008473|
000002266|000010268|
000002266|000008477|
000002266|000008355|
000002266|000010626|
000002266|000010459|
000002266|000010391|
000002266|000010627|
000002266|000010399|
000002266|000008770|
000002266|000008777|
000002266|000008374|
000002266|000008481|
000002266|000009842|
000002266|000008521|
000002266|000008493|
000002266|000010463|
000002266|000009834|
000002266|000010154|
000002266|000009784|
000002266|000009850|
000002267|000010399|
000002267|000010391|
000002267|000008473|
000002267|000009842|
000002267|000008374|
000002267|000010620|
000002267|000010463|
000002267|000010367|
000002267|000008355|
000002267|000008493|
000002267|000008481|
000002267|000010268|
000002267|000010621|
000002267|000010627|
000002267|000008521|
000002267|000010459|
000002267|000008489|
000002267|000009732|
000002267|000009834|
000002267|000010626|
000002267|000008485|
000002267|000008777|
000002267|000008770|
000002267|000008477|
000002268|000010621|
000002268|000008770|
000002268|000008521|
000002268|000010391|
000002268|000010399|
000002268|000010463|
000002268|000010367|
000002268|000010626|
000002268|000008374|
000002268|000008473|
000002268|000008485|
000002268|000008489|
000002268|000008493|
000002268|000009732|
000002268|000009842|
000002268|000010268|
000002268|000008777|
000002268|000010620|
000002268|000010459|
000002268|000010627|
000002268|000009834|
000002268|000008481|
000002268|000008355|
000002268|000008477|
000002269|000009732|
000002269|000009842|
000002269|000010268|
000002269|000008481|
000002269|000008477|
000002269|000008777|
000002269|000010391|
000002269|000008473|
000002269|000008355|
000002269|000010367|
000002269|000010627|
000002269|000009850|
000002269|000008493|
000002269|000008489|
000002269|000010399|
000002269|000008485|
000002269|000008374|
000002269|000010620|
000002269|000009834|
000002269|000010459|
000002269|000008521|
000002269|000008770|
000002269|000010463|
000002269|000010626|
000002269|000010621|
000002270|000009850|
000002270|000008355|
000002270|000008493|
000002270|000008777|
000002270|000008477|
000002270|000010268|
000002270|000010463|
000002270|000009842|
000002270|000008521|
000002270|000010627|
000002270|000010391|
000002270|000009834|
000002270|000008374|
000002270|000008770|
000002270|000010154|
000002270|000010459|
000002270|000010620|
000002270|000010399|
000002270|000009732|
000002270|000008473|
000002270|000008485|
000002270|000008481|
000002270|000008489|
000002270|000010626|
000002270|000010621|
000002270|000010367|
000002285|000008770|
000002285|000008477|
000002285|000010621|
000002285|000009185|
000002285|000010367|
000002285|000010154|
000002285|000010620|
000002285|000010391|
000002285|000010627|
000002285|000008355|
000002285|000008473|
000002285|000008374|
000002285|000008521|
000002285|000008481|
000002285|000008489|
000002285|000010459|
000002285|000009850|
000002285|000010626|
000002285|000009834|
000002285|000008485|
000002285|000010399|
000002285|000008777|
000002285|000010268|
000002285|000009842|
000002285|000009732|
000002285|000008493|
000002285|000010463|
000002291|000009732|
000002291|000009842|
000002291|000010154|
000002291|000008777|
000002291|000010463|
000002291|000008481|
000002291|000008477|
000002291|000010268|
000002291|000010626|
000002291|000010620|
000002291|000010627|
000002291|000009834|
000002291|000008521|
000002291|000010399|
000002291|000010459|
000002291|000010367|
000002291|000010391|
000002291|000008770|
000002291|000008374|
000002291|000010621|
000002291|000008473|
000002291|000008485|
000002291|000008355|
000002291|000008489|
000002291|000008493|
000002296|000009850|
000002296|000009834|
000002296|000009242|
000002296|000008481|
000002296|000008770|
000002296|000010391|
000002296|000009842|
000002296|000010367|
000002296|000008355|
000002296|000008773|
000002296|000010268|
000002296|000008477|
000002296|000010621|
000002296|000010620|
000002296|000008485|
000002296|000010626|
000002296|000008777|
000002296|000008473|
000002296|000008493|
000002296|000010627|
000002296|000010463|
000002296|000008489|
000002296|000008374|
000002296|000008521|
000002296|000010399|
000002296|000010459|
000002296|000009732|
000002296|000010154|
000002302|000010367|
000002302|000010627|
000002302|000009842|
000002302|000010268|
000002302|000008770|
000002302|000008773|
000002302|000010154|
000002302|000010459|
000002302|000008777|
000002302|000010391|
000002302|000009834|
000002302|000010620|
000002302|000010463|
000002302|000008374|
000002302|000008521|
000002302|000008473|
000002302|000008489|
000002302|000008493|
000002302|000010626|
000002302|000010621|
000002302|000008481|
000002302|000008355|
000002302|000008477|
000002302|000010399|
000002302|000009732|
000002302|000009850|
000002302|000008485|
000002350|000009748|
000002350|000009587|
000002350|000008370|
000002350|000008553|
000002351|000009748|
000002351|000008370|
000002351|000008542|
000002351|000008553|
000002352|000008545|
000002352|000009587|
000002352|000008370|
000002352|000009603|
000002352|000008553|
000002352|000009748|
000002353|000008370|
000002353|000009587|
000002353|000008545|
000002353|000009603|
000002353|000008553|
000002353|000009748|
000002354|000008553|
000002354|000008370|
000002354|000009603|
000002354|000008545|
000002354|000009587|
000002354|000009748|
000002355|000009587|
000002355|000009595|
000002355|000008542|
000002355|000008553|
000002355|000009748|
000002357|000009748|
000002357|000008553|
000002358|000008542|
000002358|000009595|
000002358|000008553|
000002358|000009587|
000002358|000009748|
000002359|000008542|
000002359|000008553|
000002359|000009748|
000002360|000009748|
000002360|000008549|
000002360|000008553|
000002361|000009748|
000002361|000008553|
000002362|000008553|
000002362|000009748|
000002374|000009856|
000002374|000009798|
000002374|000008379|
000002374|000009868|
000002374|000009860|
000002375|000009860|
000002375|000009868|
000002375|000009856|
000002375|000009798|
000002375|000008379|
000002377|000009856|
000002377|000009798|
000002377|000008379|
000002377|000009868|
000002377|000009860|
000002378|000009856|
000002379|000008379|
000002379|000009864|
000002379|000009856|
000002453|000009794|
000002453|000008875|
000002453|000009990|
000002453|000008365|
000002459|000009922|
000002459|000009898|
000002460|000010134|
000002460|000010122|
000002460|000009728|
000002460|000009397|
000002460|000010130|
000002460|000010126|
000002460|000009415|
000002460|000010138|
000002460|000009407|
000002460|000010142|
000002461|000010122|
000002461|000010126|
000002461|000010130|
000002461|000010134|
000002461|000010142|
000002461|000010138|
000002462|000010134|
000002462|000010138|
000002462|000010126|
000002462|000010122|
000002462|000010142|
000002462|000010130|
000002468|000010399|
000002468|000010367|
000002468|000010459|
000002468|000008473|
000002468|000008493|
000002468|000008489|
000002468|000010268|
000002468|000008521|
000002468|000010463|
000002468|000010627|
000002468|000008355|
000002468|000010391|
000002468|000009834|
000002468|000010626|
000002468|000008374|
000002468|000008773|
000002468|000008477|
000002468|000010621|
000002468|000009842|
000002468|000008481|
000002468|000008777|
000002468|000010620|
000002468|000008770|
000002468|000009732|
000002468|000009850|
000002468|000010154|
000002468|000008485|
000002471|000009780|
000002471|000010587|
000002471|000009432|
000002471|000008714|
000002472|000009036|
000002472|000008468|
000002472|000009307|
000002472|000009830|
000002472|000009032|
000002473|000008493|
000002473|000008489|
000002473|000009242|
000002473|000010459|
000002473|000008473|
000002473|000008374|
000002473|000010463|
000002473|000010268|
000002473|000009834|
000002473|000008485|
000002473|000008770|
000002473|000008521|
000002473|000010391|
000002473|000010154|
000002473|000010626|
000002473|000009850|
000002473|000010627|
000002473|000008355|
000002473|000009842|
000002473|000010621|
000002473|000010367|
000002473|000008777|
000002473|000010620|
000002473|000008481|
000002473|000009732|
000002473|000008477|
000002473|000010399|
000002477|000009280|
000002477|000009744|
000002477|000008567|
000002477|000009297|
000002477|000008563|
000002477|000008384|
000002478|000008384|
000002478|000009289|
000002478|000008559|
000002478|000009280|
000002478|000008567|
000002478|000009744|
000002479|000008468|
000002479|000009032|
000002479|000009830|
000002479|000009036|
000002480|000009032|
000002480|000009307|
000002480|000008468|
000002480|000009830|
000002480|000009036|
000002481|000009307|
000002481|000009036|
000002481|000009830|
000002481|000009032|
000002481|000008468|
000002482|000009036|
000002482|000009032|
000002482|000009830|
000002482|000008468|
000002482|000009307|
000002483|000009036|
000002483|000009032|
000002483|000009830|
000002483|000008468|
000002484|000008468|
000002484|000009830|
000002484|000009032|
000002484|000009036|
000002485|000009860|
000002485|000009798|
000002485|000009379|
000002485|000009856|
000002488|000008365|
000002488|000009990|
000002488|000009614|
000002489|000008884|
000002489|000008365|
000002489|000009622|
000002489|000009990|
000002489|000008867|
000002489|000009614|
000002490|000008884|
000002490|000008365|
000002490|000008867|
000002491|000008365|
000002491|000009614|
000002491|000008867|
000002491|000009990|
000002492|000009614|
000002492|000009990|
000002492|000008365|
000002492|000008867|
000002493|000008365|
000002493|000008884|
000002493|000008867|
000002494|000009990|
000002494|000008365|
000002494|000009614|
000002494|000008867|
000002496|000008867|
000002496|000008365|
000002497|000008867|
000002497|000008365|
000002498|000008365|
000002498|000008867|
000002499|000008365|
000002500|000010196|
000002500|000009653|
000002500|000009740|
000002500|000009671|
000002500|000009662|
000002500|000010192|
000002501|000010192|
000002501|000009740|
000002501|000010196|
000002501|000010208|
000002507|000009036|
000002507|000009032|
000002507|000009830|
000002507|000008468|
000002507|000009307|
000002509|000009359|
000002509|000009137|
000002518|000009263|
000002518|000008393|
000002518|000008929|
000002518|000009986|
000002518|000008920|
000002519|000008920|
000002519|000009263|
000002519|000009986|
000002519|000008929|
000002519|000008393|
000002520|000009272|
000002520|000008924|
000002520|000008929|
000002520|000009986|
000002520|000008920|
000002521|000008924|
000002521|000008920|
000002521|000009263|
000002521|000009986|
000002521|000009272|
000002522|000009272|
000002522|000008920|
000002522|000008924|
000002522|000009986|
000002522|000009263|
000002523|000009272|
000002523|000009986|
000002523|000009263|
000002523|000008920|
000002523|000008924|
000002524|000008924|
000002524|000008920|
000002524|000009752|
000002525|000009066|
000002525|000009826|
000002525|000009082|
000002528|000008403|
000002528|000008356|
000002528|000008420|
000002528|000010146|
000002528|000008415|
000002529|000008356|
000002529|000008420|
000002529|000008415|
000002529|000010146|
000002530|000009242|
000002530|000008493|
000002530|000008481|
000002530|000010367|
000002530|000010154|
000002530|000009732|
000002530|000010463|
000002530|000010399|
000002530|000010459|
000002530|000009834|
000002530|000010626|
000002530|000010621|
000002530|000009842|
000002530|000008355|
000002530|000010391|
000002530|000008777|
000002530|000008489|
000002530|000009850|
000002530|000008485|
000002530|000008521|
000002530|000008473|
000002530|000010268|
000002530|000008477|
000002530|000008374|
000002530|000010627|
000002530|000009247|
000002530|000008770|
000002530|000010620|
000002531|000009898|
000002531|000009922|
000002532|000009898|
000002532|000009906|
000002532|000009922|
000002533|000009898|
000002533|000009922|
000002533|000009902|
000002534|000009918|
000002534|000009914|
000002534|000009898|
000002534|000009922|
000002534|000009350|
000002535|000009914|
000002535|000009350|
000002535|000009918|
000002535|000009898|
000002535|000009922|
000002536|000009350|
000002536|000009914|
000002536|000009918|
000002536|000009898|
000002536|000009922|
000002537|000009922|
000002537|000009350|
000002537|000009898|
000002537|000009918|
000002537|000009914|
000002538|000009918|
000002538|000009914|
000002538|000009350|
000002538|000009922|
000002538|000009898|
000002539|000009922|
000002539|000009918|
000002539|000009898|
000002539|000009914|
000002540|000009918|
000002540|000009914|
000002540|000009922|
000002540|000009898|
000002540|000009768|
000002541|000009918|
000002541|000009898|
000002541|000009922|
000002541|000009768|
000002541|000009914|
000002542|000009922|
000002542|000009898|
000002543|000009922|
000002543|000009898|
000002544|000009898|
000002544|000009922|
000002562|000010311|
000002562|000010307|
000002562|000008518|
000002562|000010303|
000002563|000010307|
000002563|000010303|
000002563|000008518|
000002563|000010311|
000002564|000010307|
000002564|000010303|
000002564|000008518|
000002564|000010311|
000002565|000010311|
000002565|000010303|
000002565|000008518|
000002565|000010307|
000002566|000010307|
000002566|000010303|
000002566|000008518|
000002566|000010311|
000002567|000010303|
000002567|000009764|
000002567|000008518|
000002567|000010307|
000002568|000008355|
000002568|000010459|
000002568|000010367|
000002568|000010399|
000002568|000010627|
000002568|000008777|
000002568|000010268|
000002568|000008481|
000002568|000009842|
000002568|000009732|
000002568|000008493|
000002568|000010621|
000002568|000010620|
000002568|000008489|
000002568|000008485|
000002568|000008473|
000002568|000008374|
000002568|000009834|
000002568|000010463|
000002568|000010391|
000002568|000008477|
000002568|000010626|
000002568|000008521|
000002568|000008770|
000002569|000008963|
000002569|000008967|
000002569|000010150|
000002569|000008362|
000002569|000009511|
000002569|000008979|
000002569|000009502|
000002569|000008971|
000002570|000008959|
000002570|000009502|
000002570|000010150|
000002570|000008967|
000002570|000008971|
000002570|000008362|
000002570|000008963|
000002570|000008975|
000002570|000009772|
000002571|000010150|
000002571|000009502|
000002571|000008362|
000002571|000008967|
000002571|000008979|
000002571|000008971|
000002571|000009511|
000002572|000008975|
000002572|000008362|
000002572|000008971|
000002572|000008959|
000002572|000010150|
000002572|000008967|
000002582|000009813|
000002582|000009978|
000002582|000009976|
000002582|000008436|
000002582|000009546|
000002582|000009814|
000002583|000009978|
000002583|000009546|
000002583|000009579|
000002583|000008436|
000002583|000009976|
000002584|000009976|
000002584|000008436|
000002584|000009978|
000002584|000009546|
000002584|000009579|
000002587|000009137|
000002587|000009359|
000002588|000008819|
000002588|000008818|
000002588|000008441|
000002588|000008810|
000002588|000009644|
000002588|000009838|
000002588|000009982|
000002589|000008362|
000002589|000008971|
000002589|000008979|
000002589|000008963|
000002589|000009502|
000002589|000008967|
000002589|000010150|
000002590|000008971|
000002590|000008362|
000002590|000008979|
000002590|000009502|
000002590|000008967|
000002590|000010150|
000002591|000008971|
000002591|000008967|
000002591|000010150|
000002591|000008362|
000002591|000008979|
000002592|000008967|
000002592|000010150|
000002592|000008362|
000002592|000008971|
000002592|000008979|
000002593|000010438|
000002593|000009528|
000002593|000009822|
000002593|000010446|
000002593|000010434|
000002594|000009528|
000002594|000010434|
000002594|000010438|
000002594|000010446|
000002594|000009822|
000002595|000010446|
000002595|000009822|
000002595|000010438|
000002595|000009536|
000002595|000009528|
000002595|000010434|
000002596|000010434|
000002596|000010446|
000002596|000010438|
000002596|000009822|
000002596|000009528|
000002597|000010450|
000002597|000009822|
000002597|000010438|
000002597|000010446|
000002597|000010434|
000002598|000010438|
000002598|000010446|
000002598|000010434|
000002598|000009822|
000002598|000009528|
000002599|000009822|
000002599|000010434|
000002599|000010446|
000002599|000009536|
000002599|000010438|
000002599|000009528|
000002600|000010442|
000002600|000010438|
000002600|000009822|
000002600|000010434|
000002600|000010446|
000002600|000009528|
000002601|000010434|
000002601|000009822|
000002601|000010438|
000002602|000010438|
000002602|000009822|
000002602|000010434|
000002602|000010446|
000002603|000010446|
000002603|000010450|
000002603|000010438|
000002603|000010434|
000002603|000009822|
000002603|000009528|
000002604|000010438|
000002604|000009822|
000002604|000010434|
000002604|000010446|
000002605|000009856|
000002606|000009379|
000002606|000009798|
000002606|000009860|
000002606|000009856|
000002607|000009860|
000002607|000009798|
000002607|000009856|
000002607|000009379|
000002609|000009798|
000002609|000009860|
000002609|000009856|
000002609|000009379|
000002610|000009798|
000002610|000009856|
000002610|000009860|
000002612|000009868|
000002612|000009860|
000002612|000009798|
000002612|000008379|
000002612|000009379|
000002612|000009856|
000002613|000009868|
000002613|000009856|
000002613|000009379|
000002613|000008379|
000002613|000009798|
000002613|000009860|
000002614|000009856|
000002614|000009868|
000002614|000009860|
000002614|000009798|
000002614|000009379|
000002614|000008379|
000002615|000008379|
000002615|000009856|
000002615|000009860|
000002615|000009379|
000002615|000009798|
000002615|000009868|
000002616|000008379|
000002616|000009868|
000002616|000009856|
000002617|000009856|
000002617|000008379|
000002617|000009864|
000002619|000009856|
000002621|000010085|
000002621|000008430|
000002621|000010073|
000002621|000010077|
000002622|000010077|
000002622|000009707|
000002622|000010085|
000002622|000008430|
000002623|000010085|
000002623|000008430|
000002623|000010077|
000002624|000010073|
000002624|000009846|
000002624|000010085|
000002624|000008430|
000002624|000010077|
000002625|000009846|
000002625|000008430|
000002625|000010085|
000002625|000010077|
000002626|000010085|
000002626|000008430|
000002626|000010077|
000002626|000009846|
000002626|000009707|
000002626|000009715|
000002627|000010085|
000002627|000008430|
000002627|000009707|
000002627|000009846|
000002627|000010077|
000002628|000009707|
000002628|000008430|
000002628|000010085|
000002628|000010077|
000002629|000010077|
000002629|000009715|
000002629|000009707|
000002629|000010085|
000002629|000008430|
000002629|000009846|
000002630|000009846|
000002630|000010077|
000002630|000010081|
000002630|000009715|
000002630|000009707|
000002630|000008430|
000002630|000010085|
000002631|000009846|
000002631|000010077|
000002631|000010085|
000002631|000010081|
000002631|000009715|
000002631|000008430|
000002631|000009707|
000002632|000010085|
000002632|000010077|
000002632|000008430|
000002633|000010077|
000002633|000008430|
000002633|000009707|
000002633|000010085|
000002634|000008430|
000002634|000010077|
000002634|000010085|
000002635|000010077|
000002635|000010085|
000002635|000008430|
000002636|000010085|
000002636|000008430|
000002636|000010077|
000002637|000008430|
000002637|000010085|
000002637|000010077|
000002638|000010077|
000002638|000010085|
000002638|000008430|
000002639|000010085|
000002639|000010077|
000002639|000008430|
000002640|000008430|
000002640|000010077|
000002640|000010085|
000002641|000010085|
000002641|000010077|
000002641|000008430|
000002642|000008430|
000002642|000010085|
000002642|000010073|
000002642|000010077|
000002677|000008493|
000002677|000008521|
000002677|000009732|
000002677|000009834|
000002677|000009842|
000002677|000010154|
000002677|000010367|
000002677|000010391|
000002677|000010399|
000002677|000010459|
000002677|000010463|
000002677|000008770|
000002677|000010395|
000002677|000008773|
000002677|000010626|
000002677|000010621|
000002677|000009850|
000002677|000010627|
000002677|000008355|
000002677|000008374|
000002677|000010620|
000002677|000008473|
000002677|000009254|
000002677|000008777|
000002677|000008477|
000002677|000008481|
000002677|000008485|
000002677|000008489|
000002677|000010268|
000002678|000010367|
000002678|000008485|
000002678|000008489|
000002678|000008493|
000002678|000010391|
000002678|000008477|
000002678|000009732|
000002678|000008355|
000002678|000009842|
000002678|000010268|
000002678|000008481|
000002678|000008770|
000002678|000010626|
000002678|000010459|
000002678|000010154|
000002678|000010399|
000002678|000009834|
000002678|000008777|
000002678|000010621|
000002678|000009850|
000002678|000010620|
000002678|000009242|
000002678|000008374|
000002678|000008473|
000002678|000008521|
000002678|000010463|
000002678|000010627|
000002679|000008971|
000002679|000008959|
000002679|000008975|
000002679|000008967|
000002679|000008362|
000002679|000010150|
000002682|000010626|
000002682|000010367|
000002682|000008481|
000002682|000010399|
000002682|000010620|
000002682|000010459|
000002682|000010627|
000002682|000009242|
000002682|000010391|
000002682|000010463|
000002682|000009834|
000002682|000008355|
000002682|000008770|
000002682|000010621|
000002682|000010268|
000002682|000008485|
000002682|000008489|
000002682|000008521|
000002682|000008493|
000002682|000009732|
000002682|000009842|
000002682|000008777|
000002682|000008374|
000002682|000008473|
000002682|000008477|
000002683|000009137|
000002683|000009368|
000002683|000009129|
000002684|000009368|
000002684|000009137|
000002684|000009129|
000002685|000009129|
000002685|000009137|
000002685|000009368|
000002686|000008415|
000002686|000008356|
000002686|000008420|
000002686|000010146|
000002687|000009680|
000002687|000008420|
000002687|000008415|
000002687|000008356|
000002687|000008407|
000002687|000009698|
000002687|000010146|
000002688|000008420|
000002688|000008415|
000002688|000010146|
000002688|000008356|
000002688|000008403|
000002689|000008403|
000002689|000008356|
000002689|000008411|
000002689|000008420|
000002689|000010146|
000002689|000008415|
000002690|000008403|
000002690|000010146|
000002690|000008415|
000002690|000008356|
000002690|000008420|
000002691|000008356|
000002691|000010146|
000002691|000009680|
000002691|000008420|
000002691|000008415|
000002691|000009736|
000002692|000009680|
000002692|000008420|
000002692|000008356|
000002692|000008415|
000002692|000010146|
000002692|000009736|
000002693|000008415|
000002693|000008420|
000002693|000008356|
000002693|000010146|
000002693|000009689|
000002694|000009736|
000002694|000009698|
000002694|000009680|
000002694|000008356|
000002694|000010146|
000002694|000008415|
000002694|000008420|
000002700|000010627|
000002700|000009834|
000002700|000008770|
000002700|000008473|
000002700|000008521|
000002700|000010620|
000002700|000010399|
000002700|000008777|
000002700|000010463|
000002700|000008481|
000002700|000010621|
000002700|000010268|
000002700|000010391|
000002700|000009842|
000002700|000008493|
000002700|000008489|
000002700|000008485|
000002700|000010626|
000002700|000008355|
000002700|000009732|
000002700|000008477|
000002700|000008374|
000002700|000010367|
000002700|000010459|
000002701|000010154|
000002701|000008493|
000002701|000008770|
000002701|000009732|
000002701|000009834|
000002701|000010268|
000002701|000008485|
000002701|000008777|
000002701|000010463|
000002701|000008521|
000002701|000010621|
000002701|000008374|
000002701|000010391|
000002701|000008489|
000002701|000010626|
000002701|000008473|
000002701|000010399|
000002701|000009850|
000002701|000010367|
000002701|000010627|
000002701|000010459|
000002701|000009842|
000002701|000010620|
000002701|000009247|
000002701|000009242|
000002701|000008481|
000002701|000008355|
000002701|000008477|
000002702|000008473|
000002702|000008493|
000002702|000008489|
000002702|000008485|
000002702|000009834|
000002702|000008770|
000002702|000008477|
000002702|000008777|
000002702|000010268|
000002702|000009842|
000002702|000009732|
000002702|000010626|
000002702|000008481|
000002702|000010459|
000002702|000010391|
000002702|000008355|
000002702|000010463|
000002702|000010620|
000002702|000010154|
000002702|000010399|
000002702|000010621|
000002702|000008521|
000002702|000010367|
000002702|000008374|
000002702|000010627|
000002703|000010463|
000002703|000010626|
000002703|000008473|
000002703|000008374|
000002703|000008521|
000002703|000008477|
000002703|000009842|
000002703|000010367|
000002703|000010620|
000002703|000008770|
000002703|000010391|
000002703|000010621|
000002703|000010627|
000002703|000008481|
000002703|000009850|
000002703|000010154|
000002703|000008355|
000002703|000010459|
000002703|000008489|
000002703|000010399|
000002703|000008777|
000002703|000010268|
000002703|000009732|
000002703|000008493|
000002703|000009834|
000002703|000008485|
000002704|000008489|
000002704|000010620|
000002704|000009842|
000002704|000008481|
000002704|000008493|
000002704|000009732|
000002704|000008521|
000002704|000008477|
000002704|000008485|
000002704|000008473|
000002704|000010268|
000002704|000008355|
000002704|000010367|
000002704|000008777|
000002704|000010463|
000002704|000008770|
000002704|000009834|
000002704|000008374|
000002704|000010627|
000002704|000010459|
000002704|000010621|
000002704|000010399|
000002704|000010391|
000002704|000010626|
000002705|000010459|
000002705|000008477|
000002705|000010367|
000002705|000009842|
000002705|000010620|
000002705|000008777|
000002705|000010463|
000002705|000008374|
000002705|000008473|
000002705|000010621|
000002705|000008485|
000002705|000010627|
000002705|000010626|
000002705|000010268|
000002705|000008489|
000002705|000008521|
000002705|000010399|
000002705|000008770|
000002705|000010391|
000002705|000008493|
000002705|000009732|
000002705|000009834|
000002705|000008481|
000002705|000008355|
000002706|000008355|
000002706|000010399|
000002706|000008777|
000002706|000010268|
000002706|000010463|
000002706|000009842|
000002706|000010627|
000002706|000009732|
000002706|000008493|
000002706|000010459|
000002706|000008485|
000002706|000009850|
000002706|000008473|
000002706|000008477|
000002706|000008374|
000002706|000010621|
000002706|000010391|
000002706|000009834|
000002706|000008521|
000002706|000008770|
000002706|000010626|
000002706|000010620|
000002706|000010367|
000002706|000008481|
000002706|000008489|
000002707|000010459|
000002707|000010154|
000002707|000008473|
000002707|000010391|
000002707|000009242|
000002707|000010621|
000002707|000010620|
000002707|000010367|
000002707|000009834|
000002707|000009850|
000002707|000010627|
000002707|000010268|
000002707|000009842|
000002707|000009732|
000002707|000008777|
000002707|000008477|
000002707|000008770|
000002707|000008355|
000002707|000008481|
000002707|000008489|
000002707|000010626|
000002707|000008374|
000002707|000008493|
000002707|000008521|
000002707|000008485|
000002707|000010463|
000002707|000010399|
000002708|000010391|
000002708|000008770|
000002708|000009732|
000002708|000008477|
000002708|000010459|
000002708|000010627|
000002708|000010620|
000002708|000008374|
000002708|000008485|
000002708|000010626|
000002708|000008489|
000002708|000008521|
000002708|000010367|
000002708|000010463|
000002708|000008355|
000002708|000010268|
000002708|000009242|
000002708|000009850|
000002708|000010399|
000002708|000008777|
000002708|000009834|
000002708|000008493|
000002708|000010621|
000002708|000010154|
000002708|000008473|
000002708|000008481|
000002708|000009247|
000002708|000009189|
000002708|000009842|
000002709|000009732|
000002709|000010627|
000002709|000010626|
000002709|000008493|
000002709|000008489|
000002709|000009834|
000002709|000008481|
000002709|000008485|
000002709|000008473|
000002709|000008374|
000002709|000009850|
000002709|000010154|
000002709|000010463|
000002709|000010621|
000002709|000009242|
000002709|000010268|
000002709|000008777|
000002709|000008477|
000002709|000008521|
000002709|000008770|
000002709|000008355|
000002709|000010620|
000002709|000010399|
000002709|000010391|
000002709|000010367|
000002709|000010459|
000002709|000009842|
000002710|000008374|
000002710|000008473|
000002710|000008485|
000002710|000008355|
000002710|000010367|
000002710|000008489|
000002710|000010626|
000002710|000008493|
000002710|000010620|
000002710|000008477|
000002710|000009732|
000002710|000009842|
000002710|000010268|
000002710|000008777|
000002710|000009834|
000002710|000010621|
000002710|000008481|
000002710|000008521|
000002710|000010463|
000002710|000010399|
000002710|000010459|
000002710|000010627|
000002710|000008770|
000002710|000010391|
000002711|000008493|
000002711|000010391|
000002711|000008481|
000002711|000008374|
000002711|000010626|
000002711|000008477|
000002711|000010367|
000002711|000010627|
000002711|000010463|
000002711|000010459|
000002711|000010268|
000002711|000009842|
000002711|000010399|
000002711|000008355|
000002711|000008770|
000002711|000010621|
000002711|000008485|
000002711|000008777|
000002711|000010620|
000002711|000008489|
000002711|000008521|
000002711|000009834|
000002711|000008473|
000002711|000009732|
000002712|000008355|
000002712|000008489|
000002712|000008521|
000002712|000010463|
000002712|000010621|
000002712|000008477|
000002712|000010367|
000002712|000010399|
000002712|000010154|
000002712|000008473|
000002712|000009834|
000002712|000010627|
000002712|000009842|
000002712|000010620|
000002712|000010626|
000002712|000010268|
000002712|000008777|
000002712|000008374|
000002712|000008485|
000002712|000008493|
000002712|000009732|
000002712|000008481|
000002712|000010391|
000002712|000008770|
000002712|000010459|
000002713|000010268|
000002713|000008374|
000002713|000008473|
000002713|000008485|
000002713|000008489|
000002713|000008493|
000002713|000010627|
000002713|000009732|
000002713|000009842|
000002713|000009242|
000002713|000008481|
000002713|000010626|
000002713|000010620|
000002713|000010391|
000002713|000010621|
000002713|000010463|
000002713|000008477|
000002713|000010459|
000002713|000010399|
000002713|000010154|
000002713|000008777|
000002713|000010367|
000002713|000008521|
000002713|000008770|
000002713|000009850|
000002713|000008355|
000002713|000009834|
000002714|000010268|
000002714|000008521|
000002714|000008493|
000002714|000008770|
000002714|000009834|
000002714|000010367|
000002714|000010399|
000002714|000008481|
000002714|000010626|
000002714|000009842|
000002714|000008477|
000002714|000008355|
000002714|000009732|
000002714|000010463|
000002714|000010620|
000002714|000010627|
000002714|000010621|
000002714|000010391|
000002714|000010459|
000002714|000008489|
000002714|000008485|
000002714|000008473|
000002714|000008777|
000002714|000008374|
000002715|000010621|
000002715|000009842|
000002715|000010367|
000002715|000010620|
000002715|000009732|
000002715|000008777|
000002715|000010399|
000002715|000008493|
000002715|000010459|
000002715|000010391|
000002715|000008481|
000002715|000008477|
000002715|000010268|
000002715|000008355|
000002715|000010627|
000002715|000009834|
000002715|000008473|
000002715|000008489|
000002715|000010463|
000002715|000008770|
000002715|000008485|
000002715|000008374|
000002715|000010626|
000002715|000008521|
000002717|000010463|
000002717|000008521|
000002717|000008770|
000002717|000008473|
000002717|000010391|
000002717|000008777|
000002717|000010268|
000002717|000009842|
000002717|000009850|
000002717|000010620|
000002717|000010459|
000002717|000008477|
000002717|000008489|
000002717|000009834|
000002717|000010367|
000002717|000009732|
000002717|000010399|
000002717|000008481|
000002717|000008493|
000002717|000010621|
000002717|000008355|
000002717|000008374|
000002717|000010626|
000002717|000008485|
000002717|000010627|
000002718|000008770|
000002718|000010621|
000002718|000010463|
000002718|000008355|
000002718|000010627|
000002718|000010154|
000002718|000008374|
000002718|000008477|
000002718|000008521|
000002718|000009850|
000002718|000010459|
000002718|000008473|
000002718|000008485|
000002718|000010391|
000002718|000009247|
000002718|000008489|
000002718|000010620|
000002718|000008493|
000002718|000008777|
000002718|000010268|
000002718|000009842|
000002718|000010367|
000002718|000010626|
000002718|000010399|
000002718|000009834|
000002718|000008481|
000002718|000009732|
000002719|000009732|
000002719|000008521|
000002719|000009842|
000002719|000008481|
000002719|000010627|
000002719|000010621|
000002719|000008493|
000002719|000008355|
000002719|000010399|
000002719|000008489|
000002719|000008485|
000002719|000009850|
000002719|000008374|
000002719|000010620|
000002719|000008473|
000002719|000008777|
000002719|000009834|
000002719|000008770|
000002719|000010391|
000002719|000010626|
000002719|000008477|
000002719|000010459|
000002719|000010367|
000002719|000010463|
000002719|000010268|
000002720|000010268|
000002720|000010463|
000002720|000010627|
000002720|000009732|
000002720|000010399|
000002720|000008473|
000002720|000010391|
000002720|000008374|
000002720|000008355|
000002720|000008485|
000002720|000009834|
000002720|000010626|
000002720|000010459|
000002720|000008481|
000002720|000010367|
000002720|000009842|
000002720|000008770|
000002720|000008777|
000002720|000008493|
000002720|000008489|
000002720|000010621|
000002720|000008477|
000002720|000010620|
000002720|000008521|
000002721|000010399|
000002721|000008485|
000002721|000009732|
000002721|000008521|
000002721|000008374|
000002721|000010268|
000002721|000008477|
000002721|000008473|
000002721|000009842|
000002721|000008481|
000002721|000010620|
000002721|000009834|
000002721|000010627|
000002721|000010626|
000002721|000010621|
000002721|000008489|
000002721|000008355|
000002721|000010463|
000002721|000008493|
000002721|000010367|
000002721|000010391|
000002721|000008777|
000002721|000010459|
000002721|000008770|
000002722|000010463|
000002722|000008521|
000002722|000010268|
000002722|000008770|
000002722|000010621|
000002722|000009842|
000002722|000008477|
000002722|000008355|
000002722|000010367|
000002722|000010620|
000002722|000009732|
000002722|000008493|
000002722|000008489|
000002722|000010627|
000002722|000009834|
000002722|000008485|
000002722|000010391|
000002722|000008473|
000002722|000008374|
000002722|000010459|
000002722|000010399|
000002722|000008777|
000002722|000010626|
000002722|000008481|
000002723|000008481|
000002723|000010620|
000002723|000010268|
000002723|000010367|
000002723|000010463|
000002723|000009834|
000002723|000008473|
000002723|000008521|
000002723|000008374|
000002723|000008477|
000002723|000010399|
000002723|000010459|
000002723|000010391|
000002723|000010627|
000002723|000009732|
000002723|000009842|
000002723|000008493|
000002723|000010626|
000002723|000010621|
000002723|000008770|
000002723|000008489|
000002723|000008777|
000002723|000008355|
000002723|000008485|
000002724|000009732|
000002724|000010620|
000002724|000010399|
000002724|000009842|
000002724|000010268|
000002724|000010367|
000002724|000008481|
000002724|000008777|
000002724|000008493|
000002724|000008521|
000002724|000010621|
000002724|000008355|
000002724|000008374|
000002724|000010627|
000002724|000010626|
000002724|000008485|
000002724|000010459|
000002724|000008770|
000002724|000010391|
000002724|000009834|
000002724|000010463|
000002724|000008477|
000002724|000008473|
000002724|000008489|
000002725|000008481|
000002725|000010621|
000002725|000010626|
000002725|000008770|
000002725|000009850|
000002725|000009834|
000002725|000008374|
000002725|000008477|
000002725|000008485|
000002725|000008473|
000002725|000010391|
000002725|000010367|
000002725|000010620|
000002725|000008489|
000002725|000008493|
000002725|000008777|
000002725|000010399|
000002725|000008521|
000002725|000010459|
000002725|000009732|
000002725|000010463|
000002725|000009842|
000002725|000010268|
000002725|000010154|
000002725|000010627|
000002725|000008355|
000002726|000010620|
000002726|000009242|
000002726|000008374|
000002726|000008481|
000002726|000008489|
000002726|000010626|
000002726|000008473|
000002726|000008521|
000002726|000010627|
000002726|000010463|
000002726|000009850|
000002726|000008485|
000002726|000010154|
000002726|000010399|
000002726|000010621|
000002726|000009842|
000002726|000009732|
000002726|000008777|
000002726|000010268|
000002726|000010367|
000002726|000009834|
000002726|000010391|
000002726|000008493|
000002726|000008477|
000002726|000008770|
000002726|000008355|
000002726|000010459|
000002727|000010399|
000002727|000010391|
000002727|000008374|
000002727|000010459|
000002727|000008777|
000002727|000010620|
000002727|000010627|
000002727|000009842|
000002727|000008473|
000002727|000010626|
000002727|000008481|
000002727|000010268|
000002727|000010367|
000002727|000009732|
000002727|000010463|
000002727|000008355|
000002727|000008485|
000002727|000009834|
000002727|000008489|
000002727|000010621|
000002727|000008477|
000002727|000008493|
000002727|000008770|
000002727|000008521|
000002728|000008355|
000002728|000008473|
000002728|000010627|
000002728|000010620|
000002728|000010367|
000002728|000008770|
000002728|000010399|
000002728|000010463|
000002728|000008481|
000002728|000008493|
000002728|000010391|
000002728|000010459|
000002728|000008521|
000002728|000008777|
000002728|000010621|
000002728|000009732|
000002728|000009842|
000002728|000008374|
000002728|000008477|
000002728|000010626|
000002728|000008485|
000002728|000010268|
000002728|000008489|
000002728|000009834|
000002729|000009732|
000002729|000009834|
000002729|000009842|
000002729|000010268|
000002729|000010367|
000002729|000010391|
000002729|000010399|
000002729|000010459|
000002729|000010463|
000002729|000010620|
000002729|000010621|
000002729|000010626|
000002729|000010627|
000002729|000008770|
000002729|000008777|
000002729|000008355|
000002729|000008374|
000002729|000008473|
000002729|000008477|
000002729|000008481|
000002729|000008485|
000002729|000008489|
000002729|000008493|
000002729|000008521|
000002730|000008971|
000002730|000008975|
000002730|000008963|
000002730|000008362|
000002730|000010150|
000002730|000008967|
000002730|000008959|
000002731|000008963|
000002731|000008362|
000002731|000010150|
000002731|000008967|
000002731|000008971|
000002731|000008979|
000002732|000008967|
000002732|000010150|
000002732|000008362|
000002732|000008979|
000002732|000008971|
000002733|000010150|
000002733|000008362|
000002733|000008979|
000002733|000008971|
000002733|000008967|
000002734|000008967|
000002734|000008362|
000002734|000008971|
000002734|000010150|
000002734|000008979|
000002735|000008967|
000002735|000008971|
000002735|000008362|
000002735|000008979|
000002735|000010150|
000002736|000008365|
000002737|000010459|
000002737|000010268|
000002737|000010399|
000002737|000010367|
000002737|000008493|
000002737|000008481|
000002737|000009850|
000002737|000009189|
000002737|000008777|
000002737|000010154|
000002737|000008770|
000002737|000010627|
000002737|000010463|
000002737|000010621|
000002737|000009185|
000002737|000008355|
000002737|000008477|
000002737|000010626|
000002737|000010391|
000002737|000008489|
000002737|000008473|
000002737|000008374|
000002737|000009732|
000002737|000009834|
000002737|000010620|
000002737|000009242|
000002737|000009842|
000002737|000008521|
000002737|000008485|
000002738|000008355|
000002738|000010391|
000002738|000009850|
000002738|000010621|
000002738|000009842|
000002738|000008777|
000002738|000010399|
000002738|000009732|
000002738|000008489|
000002738|000008477|
000002738|000008770|
000002738|000010154|
000002738|000008493|
000002738|000008481|
000002738|000010626|
000002738|000008485|
000002738|000009834|
000002738|000010627|
000002738|000009242|
000002738|000009189|
000002738|000010620|
000002738|000010268|
000002738|000010463|
000002738|000008374|
000002738|000010367|
000002738|000008521|
000002738|000008473|
000002738|000010459|
000002739|000009856|
000002740|000009868|
000002740|000009856|
000002740|000009864|
000002740|000009860|
000002740|000008379|
000002741|000008379|
000002741|000009864|
000002741|000009856|
000002742|000009856|
000002742|000008379|
000002742|000009864|
000002743|000009864|
000002743|000008379|
000002743|000009856|
000002744|000009864|
000002744|000009856|
000002744|000008379|
000002745|000009864|
000002745|000008379|
000002745|000009856|
000002746|000009856|
000002746|000009860|
000002746|000009798|
000002746|000009868|
000002746|000009388|
000002746|000009799|
000002746|000008379|
000002748|000010154|
000002748|000008374|
000002748|000010463|
000002748|000010459|
000002748|000010391|
000002748|000010367|
000002748|000008777|
000002748|000008481|
000002748|000010399|
000002748|000008355|
000002748|000009834|
000002748|000008473|
000002748|000010627|
000002748|000008521|
000002748|000008485|
000002748|000008489|
000002748|000010626|
000002748|000008477|
000002748|000008493|
000002748|000010268|
000002748|000008770|
000002748|000009732|
000002748|000010621|
000002748|000010620|
000002748|000009842|
000002749|000010130|
000002749|000010134|
000002749|000010126|
000002749|000010122|
000002749|000010138|
000002749|000010142|
000002750|000010122|
000002750|000009397|
000002750|000010142|
000002750|000009407|
000002750|000009728|
000002750|000010126|
000002750|000010138|
000002750|000010130|
000002750|000010134|
000002751|000008403|
000002751|000010146|
000002751|000008356|
000002751|000008415|
000002751|000008420|
000002752|000010146|
000002752|000008356|
000002752|000008411|
000002752|000008403|
000002752|000008415|
000002752|000008420|
000002753|000008356|
000002753|000008420|
000002753|000009689|
000002753|000008415|
000002753|000010146|
000002755|000010196|
000002755|000009653|
000002755|000009740|
000002755|000010192|
000002755|000009662|
000002757|000010077|
000002757|000008430|
000002757|000010073|
000002757|000009846|
000002757|000010085|
000002758|000008436|
000002759|000009324|
000002759|000009898|
000002759|000009922|
000002760|000009133|
000002760|000009129|
000002760|000009137|
000002761|000009137|
000002762|000009359|
000002762|000009137|
000002763|000009137|
000002764|000009137|
000002765|000009137|
000002766|000009137|
000002767|000009129|
000002767|000009137|
000002767|000009133|
000002768|000010363|
000002768|000010347|
000002768|000010359|
000002768|000009776|
000002768|000010355|
000002769|000010500|
000002769|000010492|
000002769|000009760|
000002769|000010501|
000002769|000010496|
000002769|000010505|
000002770|000009760|
000002770|000010500|
000002770|000010501|
000002770|000010496|
000002770|000010492|
000002770|000010505|
000002771|000009032|
000002771|000009036|
000002771|000009307|
000002771|000008468|
000002771|000009830|
000002772|000010391|
000002772|000008485|
000002772|000008489|
000002772|000008493|
000002772|000008481|
000002772|000009842|
000002772|000010268|
000002772|000008355|
000002772|000008477|
000002772|000010395|
000002772|000009850|
000002772|000009834|
000002772|000010621|
000002772|000010620|
000002772|000008777|
000002772|000008521|
000002772|000009732|
000002772|000010627|
000002772|000010154|
000002772|000009242|
000002772|000008374|
000002772|000010399|
000002772|000010463|
000002772|000008770|
000002772|000010626|
000002772|000010367|
000002772|000008473|
000002772|000010459|
000002773|000010620|
000002773|000010463|
000002773|000008477|
000002773|000009242|
000002773|000010626|
000002773|000009732|
000002773|000010391|
000002773|000008777|
000002773|000008481|
000002773|000008485|
000002773|000008493|
000002773|000008489|
000002773|000008473|
000002773|000010459|
000002773|000008355|
000002773|000009834|
000002773|000008521|
000002773|000010268|
000002773|000010154|
000002773|000010399|
000002773|000009850|
000002773|000009842|
000002773|000008770|
000002773|000010367|
000002773|000008374|
000002773|000010621|
000002773|000010627|
000002775|000010367|
000002775|000010268|
000002775|000010154|
000002775|000008777|
000002775|000008770|
000002775|000009842|
000002775|000010626|
000002775|000009834|
000002775|000009732|
000002775|000008493|
000002775|000008489|
000002775|000008485|
000002775|000008481|
000002775|000008477|
000002775|000010620|
000002775|000010463|
000002775|000008473|
000002775|000009850|
000002775|000010459|
000002775|000008374|
000002775|000008355|
000002775|000010627|
000002775|000010399|
000002775|000010395|
000002775|000010391|
000002775|000009242|
000002775|000008521|
000002775|000010621|
000002776|000008481|
000002776|000010626|
000002776|000009242|
000002776|000008355|
000002776|000010391|
000002776|000009189|
000002776|000010627|
000002776|000010621|
000002776|000008777|
000002776|000010459|
000002776|000009834|
000002776|000010268|
000002776|000010154|
000002776|000008770|
000002776|000010367|
000002776|000009842|
000002776|000009732|
000002776|000009850|
000002776|000008493|
000002776|000008489|
000002776|000008485|
000002776|000008521|
000002776|000008477|
000002776|000008473|
000002776|000010399|
000002776|000010620|
000002776|000008374|
000002776|000010463|
000002779|000010626|
000002779|000010399|
000002779|000008355|
000002779|000010154|
000002779|000008489|
000002779|000010367|
000002779|000010463|
000002779|000008477|
000002779|000010627|
000002779|000010620|
000002779|000008770|
000002779|000008521|
000002779|000009834|
000002779|000008777|
000002779|000010621|
000002779|000008485|
000002779|000010459|
000002779|000010268|
000002779|000009842|
000002779|000009732|
000002779|000008493|
000002779|000008481|
000002779|000008473|
000002779|000010391|
000002779|000009850|
000002779|000008374|
000002780|000008770|
000002780|000010459|
000002780|000010391|
000002780|000010620|
000002780|000010399|
000002780|000008374|
000002780|000008473|
000002780|000008489|
000002780|000008493|
000002780|000009732|
000002780|000008521|
000002780|000010627|
000002780|000010463|
000002780|000009842|
000002780|000010367|
000002780|000009850|
000002780|000010154|
000002780|000010268|
000002780|000008477|
000002780|000008777|
000002780|000008355|
000002780|000008481|
000002780|000010626|
000002780|000010621|
000002780|000008485|
000002780|000009834|
000002781|000010627|
000002781|000009834|
000002781|000009732|
000002781|000008485|
000002781|000010621|
000002781|000008521|
000002781|000010620|
000002781|000008777|
000002781|000010626|
000002781|000010459|
000002781|000010391|
000002781|000010399|
000002781|000010268|
000002781|000009842|
000002781|000008473|
000002781|000008374|
000002781|000008489|
000002781|000010154|
000002781|000008493|
000002781|000008481|
000002781|000009850|
000002781|000008477|
000002781|000008770|
000002781|000008355|
000002781|000010367|
000002781|000010463|
000002783|000008485|
000002783|000008489|
000002783|000010621|
000002783|000010367|
000002783|000009242|
000002783|000009834|
000002783|000010626|
000002783|000008770|
000002783|000010463|
000002783|000008493|
000002783|000010399|
000002783|000008477|
000002783|000010391|
000002783|000009732|
000002783|000008355|
000002783|000008374|
000002783|000008473|
000002783|000010620|
000002783|000009842|
000002783|000010268|
000002783|000010459|
000002783|000010627|
000002783|000008481|
000002783|000009850|
000002783|000010154|
000002783|000008521|
000002783|000008777|
000002786|000008485|
000002786|000010459|
000002786|000009834|
000002786|000009732|
000002786|000008493|
000002786|000008489|
000002786|000010626|
000002786|000008521|
000002786|000008355|
000002786|000010367|
000002786|000010627|
000002786|000010399|
000002786|000010391|
000002786|000008481|
000002786|000008473|
000002786|000010621|
000002786|000009842|
000002786|000010268|
000002786|000008374|
000002786|000008777|
000002786|000008770|
000002786|000010620|
000002786|000008477|
000002786|000010463|
000002787|000008355|
000002787|000008374|
000002787|000010268|
000002787|000009834|
000002787|000008770|
000002787|000010621|
000002787|000010627|
000002787|000009842|
000002787|000010626|
000002787|000008477|
000002787|000008485|
000002787|000010459|
000002787|000010367|
000002787|000008489|
000002787|000008521|
000002787|000009732|
000002787|000010391|
000002787|000008777|
000002787|000010399|
000002787|000010620|
000002787|000008493|
000002787|000010463|
000002787|000008473|
000002787|000008481|
000002788|000008355|
000002788|000009842|
000002788|000008485|
000002788|000008473|
000002788|000009834|
000002788|000008489|
000002788|000008493|
000002788|000010626|
000002788|000008521|
000002788|000010459|
000002788|000009732|
000002788|000008481|
000002788|000010391|
000002788|000008777|
000002788|000010463|
000002788|000010268|
000002788|000010621|
000002788|000008477|
000002788|000010627|
000002788|000008770|
000002788|000010399|
000002788|000008374|
000002788|000010620|
000002788|000010367|
000002789|000008485|
000002789|000008355|
000002789|000008473|
000002789|000008489|
000002789|000010626|
000002789|000008477|
000002789|000008521|
000002789|000008374|
000002789|000010391|
000002789|000010627|
000002789|000008770|
000002789|000009732|
000002789|000009834|
000002789|000010399|
000002789|000008777|
000002789|000010268|
000002789|000010620|
000002789|000008481|
000002789|000008493|
000002789|000010463|
000002789|000010459|
000002789|000010367|
000002789|000010621|
000002789|000009842|
000002790|000010391|
000002790|000010399|
000002790|000009842|
000002790|000010463|
000002790|000010626|
000002790|000008770|
000002790|000010621|
000002790|000008477|
000002790|000008481|
000002790|000010367|
000002790|000008777|
000002790|000010459|
000002790|000009834|
000002790|000010268|
000002790|000010627|
000002790|000008374|
000002790|000008485|
000002790|000008489|
000002790|000009732|
000002790|000008493|
000002790|000010620|
000002790|000008521|
000002790|000008355|
000002790|000008473|
000002791|000008355|
000002791|000009732|
000002791|000010626|
000002791|000010620|
000002791|000008481|
000002791|000008473|
000002791|000008489|
000002791|000008485|
000002791|000008777|
000002791|000010399|
000002791|000008521|
000002791|000008770|
000002791|000008493|
000002791|000010268|
000002791|000008374|
000002791|000010459|
000002791|000008477|
000002791|000010367|
000002791|000010463|
000002791|000010627|
000002791|000009834|
000002791|000010621|
000002791|000009842|
000002791|000010391|
000002792|000008485|
000002792|000008355|
000002792|000009242|
000002792|000008473|
000002792|000008374|
000002792|000010620|
000002792|000010621|
000002792|000010367|
000002792|000010268|
000002792|000010154|
000002792|000008521|
000002792|000010626|
000002792|000008477|
000002792|000010459|
000002792|000010391|
000002792|000008777|
000002792|000009834|
000002792|000008481|
000002792|000010463|
000002792|000010399|
000002792|000009842|
000002792|000009732|
000002792|000010627|
000002792|000009850|
000002792|000008770|
000002792|000008493|
000002792|000008489|
000002793|000010626|
000002793|000008477|
000002793|000008355|
000002793|000008485|
000002793|000008374|
000002793|000009732|
000002793|000010268|
000002793|000009842|
000002793|000008770|
000002793|000010399|
000002793|000010459|
000002793|000008489|
000002793|000009834|
000002793|000010391|
000002793|000010627|
000002793|000010367|
000002793|000008481|
000002793|000010621|
000002793|000009242|
000002793|000008521|
000002793|000010154|
000002793|000008493|
000002793|000010620|
000002793|000008777|
000002793|000008473|
000002793|000010463|
000002793|000009850|
000002794|000008493|
000002794|000008485|
000002794|000008473|
000002794|000008374|
000002794|000010268|
000002794|000009834|
000002794|000010459|
000002794|000010367|
000002794|000010626|
000002794|000008521|
000002794|000010627|
000002794|000010621|
000002794|000010620|
000002794|000008489|
000002794|000008477|
000002794|000008481|
000002794|000010391|
000002794|000009850|
000002794|000010399|
000002794|000009242|
000002794|000010463|
000002794|000008770|
000002794|000008777|
000002794|000010154|
000002794|000008355|
000002794|000009842|
000002794|000009732|
000002795|000008374|
000002795|000010626|
000002795|000009732|
000002795|000008477|
000002795|000010391|
000002795|000010154|
000002795|000009242|
000002795|000008521|
000002795|000010463|
000002795|000010459|
000002795|000010399|
000002795|000008355|
000002795|000009850|
000002795|000008777|
000002795|000008770|
000002795|000009834|
000002795|000008493|
000002795|000010621|
000002795|000008489|
000002795|000008485|
000002795|000009842|
000002795|000010268|
000002795|000010627|
000002795|000010367|
000002795|000008473|
000002795|000008481|
000002795|000010620|
000002796|000010367|
000002796|000010621|
000002796|000008770|
000002796|000009834|
000002796|000010268|
000002796|000008374|
000002796|000008473|
000002796|000008485|
000002796|000008489|
000002796|000008493|
000002796|000009732|
000002796|000009842|
000002796|000008777|
000002796|000010459|
000002796|000009850|
000002796|000010391|
000002796|000010463|
000002796|000009242|
000002796|000010399|
000002796|000010620|
000002796|000008477|
000002796|000008521|
000002796|000008355|
000002796|000010154|
000002796|000010626|
000002796|000008481|
000002796|000010627|
000002798|000008477|
000002798|000009834|
000002798|000009842|
000002798|000010626|
000002798|000010154|
000002798|000008374|
000002798|000010463|
000002798|000008355|
000002798|000008770|
000002798|000008777|
000002798|000008489|
000002798|000009732|
000002798|000010367|
000002798|000010391|
000002798|000009850|
000002798|000010459|
000002798|000008481|
000002798|000008493|
000002798|000010621|
000002798|000010268|
000002798|000008473|
000002798|000010399|
000002798|000008485|
000002798|000010620|
000002798|000008521|
000002798|000010627|
000002799|000010391|
000002799|000008481|
000002799|000010621|
000002799|000010626|
000002799|000008770|
000002799|000009842|
000002799|000009732|
000002799|000010463|
000002799|000008493|
000002799|000010399|
000002799|000008477|
000002799|000008521|
000002799|000010154|
000002799|000009850|
000002799|000008777|
000002799|000008485|
000002799|000008473|
000002799|000010627|
000002799|000008374|
000002799|000008489|
000002799|000010620|
000002799|000010367|
000002799|000010268|
000002799|000008355|
000002799|000010459|
000002799|000009242|
000002799|000009834|
000002799|000010395|
000002801|000009732|
000002801|000010626|
000002801|000008477|
000002801|000010268|
000002801|000010459|
000002801|000008481|
000002801|000008493|
000002801|000008489|
000002801|000010367|
000002801|000010264|
000002801|000008485|
000002801|000010620|
000002801|000010260|
000002801|000010621|
000002801|000008521|
000002801|000009834|
000002801|000009842|
000002801|000008355|
000002801|000009850|
000002801|000008777|
000002801|000008770|
000002801|000010627|
000002801|000010463|
000002801|000010399|
000002801|000008473|
000002801|000008374|
000002801|000010391|
000002802|000010399|
000002802|000008777|
000002802|000010264|
000002802|000009850|
000002802|000010154|
000002802|000009842|
000002802|000010391|
000002802|000010268|
000002802|000010367|
000002802|000009189|
000002802|000008355|
000002802|000009732|
000002802|000008481|
000002802|000008493|
000002802|000009242|
000002802|000008477|
000002802|000008521|
000002802|000010260|
000002802|000008489|
000002802|000010626|
000002802|000008485|
000002802|000008473|
000002802|000008374|
000002802|000010627|
000002802|000010621|
000002802|000009834|
000002802|000008770|
000002802|000010620|
000002802|000010463|
000002802|000010459|
000002803|000010399|
000002803|000010367|
000002803|000009850|
000002803|000010626|
000002803|000010627|
000002803|000008770|
000002803|000008374|
000002803|000008477|
000002803|000010154|
000002803|000010260|
000002803|000010391|
000002803|000008485|
000002803|000010268|
000002803|000010463|
000002803|000008777|
000002803|000009842|
000002803|000008521|
000002803|000009732|
000002803|000008481|
000002803|000008493|
000002803|000008489|
000002803|000008473|
000002803|000010264|
000002803|000010621|
000002803|000009834|
000002803|000009254|
000002803|000008355|
000002803|000010620|
000002803|000010459|
000002804|000010459|
000002804|000008473|
000002804|000009850|
000002804|000008355|
000002804|000008374|
000002804|000010620|
000002804|000008770|
000002804|000008477|
000002804|000010154|
000002804|000010264|
000002804|000010367|
000002804|000010391|
000002804|000010463|
000002804|000008521|
000002804|000008481|
000002804|000010260|
000002804|000008777|
000002804|000010627|
000002804|000010626|
000002804|000010268|
000002804|000009842|
000002804|000008489|
000002804|000010621|
000002804|000008485|
000002804|000009242|
000002804|000009732|
000002804|000009834|
000002804|000008493|
000002804|000010399|
000002805|000010626|
000002805|000010264|
000002805|000010260|
000002805|000008355|
000002805|000010367|
000002805|000010620|
000002805|000008493|
000002805|000008777|
000002805|000008489|
000002805|000008477|
000002805|000008770|
000002805|000008485|
000002805|000008473|
000002805|000008521|
000002805|000010268|
000002805|000008374|
000002805|000009834|
000002805|000010627|
000002805|000009842|
000002805|000010391|
000002805|000009732|
000002805|000010459|
000002805|000010463|
000002805|000010621|
000002805|000008481|
000002805|000010399|
000002806|000010260|
000002806|000009247|
000002806|000010459|
000002806|000009850|
000002806|000010626|
000002806|000008770|
000002806|000010391|
000002806|000009834|
000002806|000010399|
000002806|000008374|
000002806|000010154|
000002806|000008355|
000002806|000010463|
000002806|000010627|
000002806|000008485|
000002806|000008489|
000002806|000009842|
000002806|000008481|
000002806|000008477|
000002806|000010367|
000002806|000008473|
000002806|000009732|
000002806|000010621|
000002806|000010268|
000002806|000010620|
000002806|000008521|
000002806|000010264|
000002806|000008493|
000002806|000008777|
000003582|000008967|
000003582|000010150|
000003582|000008362|
000003582|000009772|
000003582|000008971|
000003582|000008975|
000003582|000008959|
000003583|000008971|
000003583|000009772|
000003583|000008975|
000003583|000008967|
000003583|000008959|
000003583|000010150|
000003583|000008362|
000003584|000008967|
000003584|000009772|
000003584|000010150|
000003584|000008971|
000003584|000008362|
000003584|000008975|
000003584|000008959|
000003585|000010142|
000003585|000010126|
000003585|000010122|
000003585|000010134|
000003585|000010138|
000003585|000010130|
000003586|000010130|
000003586|000010134|
000003586|000010138|
000003586|000010126|
000003586|000010122|
000003586|000010142|
000003587|000008430|
000003587|000010077|
000003587|000010085|
000003588|000010085|
000003588|000010073|
000003588|000008430|
000003588|000010077|
000003589|000008430|
000003589|000010077|
000003589|000010085|
000003589|000010073|
000003590|000010073|
000003590|000010085|
000003590|000008430|
000003590|000010077|
000003591|000010208|
000003591|000010192|
000003591|000010196|
000003591|000009662|
000003591|000009740|
000003592|000010138|
000003592|000010142|
000003592|000009728|
000003592|000010130|
000003592|000009397|
000003592|000010126|
000003592|000009407|
000003592|000010122|
000003592|000010134|
000003593|000009728|
000003593|000010134|
000003593|000010138|
000003593|000010122|
000003593|000010126|
000003593|000010142|
000003593|000010130|
000003594|000010142|
000003594|000010130|
000003594|000010138|
000003594|000010126|
000003594|000010134|
000003594|000010122|
000003595|000010138|
000003595|000010130|
000003595|000010126|
000003595|000010134|
000003595|000010142|
000003595|000010122|
000003596|000010138|
000003596|000010122|
000003596|000010130|
000003596|000010126|
000003596|000010142|
000003596|000010134|
000003597|000010192|
000003597|000010196|
000003597|000009662|
000003597|000009740|
000003598|000010192|
000003598|000009740|
000003598|000010208|
000003598|000009662|
000003598|000010196|
000003599|000010192|
000003599|000009740|
000003599|000010196|
000003599|000010208|
000003599|000009662|
000003600|000010126|
000003600|000010142|
000003600|000010130|
000003600|000010122|
000003600|000010134|
000003600|000009728|
000003600|000010138|
000003601|000008430|
000003601|000010085|
000003601|000010077|
000003602|000010077|
000003602|000008430|
000003602|000010085|
000003603|000010208|
000003603|000009740|
000003603|000010196|
000003603|000010192|
000003604|000010138|
000003604|000010134|
000003604|000010122|
000003604|000010126|
000003604|000010130|
000003604|000010142|
000003605|000010085|
000003605|000008430|
000003605|000010077|
000003606|000010150|
000003606|000008959|
000003606|000008975|
000003606|000008967|
000003606|000008971|
000003606|000008362|
000003607|000010208|
000003607|000010196|
000003607|000009740|
000003607|000010192|
000003608|000010130|
000003608|000010126|
000003608|000010122|
000003608|000010134|
000003608|000010138|
000003608|000010142|
000003609|000008430|
000003609|000010085|
000003609|000010077|
000003610|000008971|
000003610|000008959|
000003610|000008975|
000003610|000010150|
000003610|000008362|
000003610|000008967|
000003611|000010208|
000003611|000010196|
000003611|000010192|
000003611|000009740|
000003612|000010138|
000003612|000010126|
000003612|000010130|
000003612|000010122|
000003612|000010142|
000003612|000010134|
000003613|000010077|
000003613|000010085|
000003613|000008430|
000003614|000010150|
000003614|000008971|
000003614|000008967|
000003614|000008959|
000003614|000008975|
000003614|000008362|
000003615|000010192|
000003615|000009662|
000003615|000010208|
000003615|000010196|
000003615|000009740|
000003616|000010142|
000003616|000010130|
000003616|000010134|
000003616|000010138|
000003616|000010122|
000003616|000010126|
000003617|000010077|
000003617|000008430|
000003617|000010085|
000003618|000008975|
000003618|000008971|
000003618|000008959|
000003618|000008362|
000003618|000010150|
000003618|000008967|
000003619|000010196|
000003619|000010192|
000003619|000009740|
000003619|000010208|
000003620|000010126|
000003620|000010138|
000003620|000010134|
000003620|000010142|
000003620|000010130|
000003620|000010122|
000003621|000008430|
000003621|000010085|
000003621|000010077|
000003622|000008971|
000003622|000008959|
000003622|000010150|
000003622|000008362|
000003622|000008975|
000003622|000008967|
000003623|000009740|
000003623|000010192|
000003623|000010196|
000003623|000010208|
000003624|000010142|
000003624|000010134|
000003624|000010138|
000003624|000010130|
000003624|000010126|
000003624|000010122|
000003625|000008430|
000003625|000010085|
000003625|000010077|
000003626|000008959|
000003626|000008362|
000003626|000008971|
000003626|000008975|
000003626|000010150|
000003626|000008967|
000003627|000010192|
000003627|000010196|
000003627|000010208|
000003627|000009740|
000003628|000010134|
000003628|000010138|
000003628|000010142|
000003628|000010130|
000003628|000010126|
000003628|000010122|
000003629|000010085|
000003629|000010077|
000003629|000008430|
000003630|000008362|
000003630|000008971|
000003630|000010150|
000003630|000008967|
000003630|000008959|
000003630|000008975|
000003631|000009740|
000003631|000010208|
000003631|000010196|
000003631|000010192|
000003632|000010130|
000003632|000010126|
000003632|000010142|
000003632|000010138|
000003632|000010134|
000003632|000010122|
000003633|000008430|
000003633|000010085|
000003633|000010077|
000003634|000010150|
000003634|000008362|
000003634|000008959|
000003634|000008971|
000003634|000008967|
000003634|000008975|
000003635|000010208|
000003635|000009740|
000003635|000009662|
000003635|000010192|
000003635|000010196|
000003636|000010130|
000003636|000010122|
000003636|000010142|
000003636|000010126|
000003636|000010138|
000003636|000010134|
000003637|000010077|
000003637|000010073|
000003637|000010085|
000003637|000008430|
000003638|000008971|
000003638|000008959|
000003638|000010150|
000003638|000008967|
000003638|000008975|
000003638|000008362|
000003639|000010208|
000003639|000010192|
000003639|000010196|
000003639|000009740|
000003640|000010122|
000003640|000010130|
000003640|000010138|
000003640|000010142|
000003640|000010134|
000003640|000010126|
000003641|000010077|
000003641|000010085|
000003641|000008430|
000003642|000008959|
000003642|000008975|
000003642|000008971|
000003642|000008362|
000003642|000008967|
000003642|000010150|
000003643|000010196|
000003643|000010192|
000003643|000010208|
000003643|000009740|
000003644|000010130|
000003644|000010138|
000003644|000010134|
000003644|000010122|
000003644|000010126|
000003644|000010142|
000003645|000010073|
000003645|000010085|
000003645|000010077|
000003645|000008430|
000003646|000008975|
000003646|000008959|
000003646|000008362|
000003646|000010150|
000003646|000008971|
000003646|000008967|
000003647|000010208|
000003647|000010196|
000003647|000010192|
000003647|000009740|
000003648|000010138|
000003648|000010134|
000003648|000010142|
000003648|000010130|
000003648|000010126|
000003648|000010122|
000003649|000010085|
000003649|000008430|
000003649|000010077|
000003650|000008971|
000003650|000008967|
000003650|000008975|
000003650|000010150|
000003650|000008959|
000003650|000008362|
000003651|000009740|
000003651|000010208|
000003651|000010196|
000003651|000010192|
000003652|000010126|
000003652|000010122|
000003652|000010134|
000003652|000010138|
000003652|000010130|
000003652|000010142|
000003653|000010073|
000003653|000008430|
000003653|000010077|
000003653|000010085|
000003654|000008362|
000003654|000008959|
000003654|000008975|
000003654|000008971|
000003654|000008967|
000003654|000010150|
000003655|000009740|
000003655|000010196|
000003655|000010208|
000003655|000010192|
000003656|000010130|
000003656|000010122|
000003656|000010134|
000003656|000010142|
000003656|000010138|
000003656|000010126|
000003657|000010077|
000003657|000010085|
000003657|000008430|
000003658|000010150|
000003658|000008975|
000003658|000008959|
000003658|000008362|
000003658|000008967|
000003658|000008971|
000003659|000010196|
000003659|000009740|
000003659|000010208|
000003659|000010192|
000003660|000010130|
000003660|000010134|
000003660|000010138|
000003660|000010122|
000003660|000010126|
000003660|000010142|
000003661|000008430|
000003661|000010077|
000003661|000010085|
000003662|000008362|
000003662|000008971|
000003662|000008975|
000003662|000008959|
000003662|000008967|
000003662|000010150|
000003663|000010192|
000003663|000009740|
000003663|000010196|
000003663|000010208|
000003663|000009662|
000003664|000010138|
000003664|000010142|
000003664|000010122|
000003664|000010130|
000003664|000010126|
000003664|000010134|
000003665|000008430|
000003665|000010085|
000003665|000010077|
000003666|000008959|
000003666|000008362|
000003666|000010150|
000003666|000008967|
000003666|000008975|
000003666|000008971|
000003667|000010196|
000003667|000010192|
000003667|000009740|
000003667|000010208|
000003668|000010134|
000003668|000010142|
000003668|000010130|
000003668|000010126|
000003668|000010138|
000003668|000010122|
000003669|000008430|
000003669|000010085|
000003669|000010077|
000003670|000008959|
000003670|000008362|
000003670|000008971|
000003670|000010150|
000003670|000008975|
000003670|000008967|
000003671|000009740|
000003671|000010196|
000003671|000010208|
000003671|000010192|
000003671|000009662|
000003672|000010122|
000003672|000010126|
000003672|000010130|
000003672|000010142|
000003672|000010134|
000003672|000010138|
000003673|000008430|
000003673|000010077|
000003673|000010085|
000003674|000008975|
000003674|000008362|
000003674|000008971|
000003674|000010150|
000003674|000008959|
000003674|000008967|
000003675|000010196|
000003675|000010208|
000003675|000010192|
000003675|000009740|
000003676|000010122|
000003676|000010142|
000003676|000010138|
000003676|000010134|
000003676|000010130|
000003676|000010126|
000003677|000010077|
000003677|000010085|
000003677|000008430|
000003678|000008971|
000003678|000008967|
000003678|000010150|
000003678|000008362|
000003678|000008975|
000003678|000008959|
000003679|000010196|
000003679|000010192|
000003679|000009740|
000003679|000010208|
000003680|000010134|
000003680|000010138|
000003680|000010122|
000003680|000010126|
000003680|000010130|
000003680|000010142|
000003681|000008430|
000003681|000010085|
000003681|000010077|
000003682|000008967|
000003682|000008975|
000003682|000008971|
000003682|000008362|
000003682|000010150|
000003682|000008959|
000003683|000010192|
000003683|000010208|
000003683|000010196|
000003683|000009740|
000003684|000010138|
000003684|000010122|
000003684|000010142|
000003684|000010130|
000003684|000010126|
000003684|000010134|
000003685|000010085|
000003685|000010077|
000003685|000008430|
000003686|000008975|
000003686|000008967|
000003686|000008971|
000003686|000008959|
000003686|000010150|
000003686|000008362|
000003687|000009740|
000003687|000010192|
000003687|000010196|
000003687|000010208|
000003688|000010122|
000003688|000010130|
000003688|000010138|
000003688|000010126|
000003688|000010142|
000003688|000010134|
000003689|000010085|
000003689|000010073|
000003689|000008430|
000003689|000010077|
000003690|000008975|
000003690|000008362|
000003690|000010150|
000003690|000008971|
000003690|000008967|
000003690|000008959|
000003693|000008553|
000003693|000009748|
000003693|000009587|
000003693|000008370|
000003693|000008549|
000003694|000009744|
000003694|000008567|
000003694|000008384|
000003695|000009744|
000003695|000008384|
000003695|000008567|
000003695|000008559|
000003698|000008489|
000003698|000010621|
000003698|000008770|
000003698|000009242|
000003698|000008521|
000003698|000008473|
000003698|000009834|
000003698|000008493|
000003698|000010627|
000003698|000008355|
000003698|000010463|
000003698|000010459|
000003698|000010626|
000003698|000009732|
000003698|000008485|
000003698|000010391|
000003698|000008773|
000003698|000010399|
000003698|000008481|
000003698|000010620|
000003698|000010268|
000003698|000009850|
000003698|000010154|
000003698|000008477|
000003698|000008374|
000003698|000008777|
000003698|000009842|
000003698|000010367|
000003699|000008810|
000003699|000009982|
000003699|000008814|
000003699|000009838|
000003699|000008441|
000003699|000009635|
000003700|000008814|
000003700|000009635|
000003700|000008441|
000003700|000009982|
000003700|000008810|
000003700|000009838|
000003701|000009838|
000003701|000008810|
000003701|000009982|
000003701|000009635|
000003701|000008441|
000003701|000008814|
000003702|000009644|
000003702|000008441|
000003702|000008810|
000003702|000009982|
000003702|000009838|
000003702|000008818|
000003702|000008819|
000003703|000008441|
000003703|000008810|
000003703|000008819|
000003703|000009982|
000003703|000009838|
000003703|000009644|
000003703|000008818|
000003704|000009982|
000003704|000008819|
000003704|000008810|
000003704|000009644|
000003704|000008441|
000003704|000009838|
000003704|000008818|
000003705|000008441|
000003705|000009838|
000003705|000008810|
000003705|000009982|
000003705|000008818|
000003705|000008819|
000003706|000009982|
000003706|000008810|
000003706|000008441|
000003706|000009838|
000003706|000008818|
000003706|000008819|
000003707|000008365|
000003707|000008875|
000003707|000009614|
000003707|000009794|
000003707|000009990|
000003709|000009990|
000003709|000008884|
000003709|000009622|
000003709|000009614|
000003709|000008365|
000003710|000010438|
000003710|000010434|
000003710|000010446|
000003710|000009822|
000003711|000008362|
000003711|000009772|
000003711|000009502|
000003711|000008959|
000003711|000008963|
000003711|000008975|
000003711|000008971|
000003711|000008967|
000003711|000010150|
000003712|000008963|
000003712|000008979|
000003712|000009502|
000003712|000008971|
000003712|000008967|
000003712|000010150|
000003712|000008362|
000003712|000009511|
000003713|000010150|
000003713|000008362|
000003713|000008967|
000003713|000008971|
000003713|000008979|
000003714|000009830|
000003714|000009032|
000003714|000009307|
000003714|000009036|
000003714|000008468|
000003715|000009082|
000003715|000009066|
000003715|000009826|
000003715|000009467|
000003716|000009459|
000003716|000009070|
000003716|000009826|
000003716|000009066|
000003716|000009082|
000003811|000009036|
000003811|000009032|
000003811|000009830|
000003811|000008468|
000003812|000009129|
000003812|000009137|
000003813|000009133|
000003813|000009137|
000003814|000009125|
000003814|000009137|
000003815|000009125|
000003815|000009137|
000003816|000009137|
000003816|000009125|
000003817|000009137|
000003817|000009125|
000003818|000009129|
000003818|000009137|
000003819|000009137|
000003819|000009129|
000003820|000009137|
000003821|000009125|
000003821|000009137|
000003822|000009125|
000003822|000009137|
000003823|000009137|
000003823|000009125|
000003824|000009125|
000003824|000009137|
000003825|000009125|
000003825|000009137|
000003826|000009125|
000003826|000009137|
000003827|000009125|
000003827|000009137|
000003828|000009137|
000003829|000009137|
000003830|000009137|
000003831|000010626|
000003831|000008777|
000003831|000008481|
000003831|000009842|
000003831|000008770|
000003831|000009732|
000003831|000008493|
000003831|000008355|
000003831|000008489|
000003831|000010621|
000003831|000010459|
000003831|000010620|
000003831|000008485|
000003831|000010399|
000003831|000009834|
000003831|000010391|
000003831|000008473|
000003831|000008521|
000003831|000010627|
000003831|000010268|
000003831|000010463|
000003831|000010154|
000003831|000009242|
000003831|000008477|
000003831|000009850|
000003831|000010367|
000003831|000008374|
000003832|000008521|
000003832|000010268|
000003832|000010626|
000003832|000008374|
000003832|000008473|
000003832|000009842|
000003832|000008770|
000003832|000009732|
000003832|000010459|
000003832|000008777|
000003832|000008485|
000003832|000008489|
000003832|000009834|
000003832|000010399|
000003832|000010391|
000003832|000010621|
000003832|000010620|
000003832|000008481|
000003832|000010463|
000003832|000010154|
000003832|000008355|
000003832|000009242|
000003832|000009850|
000003832|000010367|
000003832|000010627|
000003832|000009185|
000003832|000008493|
000003832|000008477|
000003833|000009185|
000003833|000008473|
000003833|000008481|
000003833|000009834|
000003833|000010154|
000003833|000010268|
000003833|000009850|
000003833|000010367|
000003833|000010399|
000003833|000010627|
000003833|000010459|
000003833|000008521|
000003833|000008489|
000003833|000008374|
000003833|000010463|
000003833|000010620|
000003833|000008485|
000003833|000010621|
000003833|000008493|
000003833|000009732|
000003833|000009842|
000003833|000010626|
000003833|000008777|
000003833|000010391|
000003833|000009189|
000003833|000008770|
000003833|000008477|
000003833|000009242|
000003833|000008355|
000003834|000009856|
000003834|000009799|
000003834|000009868|
000003834|000009798|
000003834|000008379|
000003834|000009860|
000003835|000008493|
000003835|000008481|
000003835|000010459|
000003835|000008473|
000003835|000010463|
000003835|000010399|
000003835|000010367|
000003835|000008355|
000003835|000010621|
000003835|000008485|
000003835|000010627|
000003835|000008777|
000003835|000008489|
000003835|000008770|
000003835|000010268|
000003835|000010391|
000003835|000009732|
000003835|000009842|
000003835|000010620|
000003835|000008477|
000003835|000008521|
000003835|000009850|
000003835|000009834|
000003835|000008374|
000003835|000010626|
000003836|000010268|
000003836|000008777|
000003836|000008481|
000003836|000010154|
000003836|000010627|
000003836|000009834|
000003836|000008485|
000003836|000008374|
000003836|000008473|
000003836|000010399|
000003836|000008355|
000003836|000010367|
000003836|000009850|
000003836|000010463|
000003836|000008489|
000003836|000010626|
000003836|000008521|
000003836|000010391|
000003836|000008477|
000003836|000009732|
000003836|000010459|
000003836|000010620|
000003836|000009185|
000003836|000009842|
000003836|000010621|
000003836|000008493|
000003836|000008770|
000003837|000008493|
000003837|000010268|
000003837|000008521|
000003837|000010626|
000003837|000009842|
000003837|000010463|
000003837|000010627|
000003837|000008477|
000003837|000009732|
000003837|000010399|
000003837|000008770|
000003837|000010391|
000003837|000008777|
000003837|000008481|
000003837|000008374|
000003837|000008489|
000003837|000009185|
000003837|000008485|
000003837|000009189|
000003837|000010154|
000003837|000010621|
000003837|000009834|
000003837|000009850|
000003837|000010620|
000003837|000010459|
000003837|000010367|
000003837|000008355|
000003837|000008473|
000003838|000010626|
000003838|000008521|
000003838|000010154|
000003838|000010367|
000003838|000008770|
000003838|000010399|
000003838|000010621|
000003838|000009834|
000003838|000010268|
000003838|000010459|
000003838|000008473|
000003838|000008485|
000003838|000008489|
000003838|000009242|
000003838|000008493|
000003838|000010627|
000003838|000009732|
000003838|000010463|
000003838|000009842|
000003838|000008777|
000003838|000010620|
000003838|000010391|
000003838|000008374|
000003838|000009850|
000003838|000008477|
000003838|000008355|
000003838|000008481|
000003839|000009760|
000003840|000009760|
000003841|000009760|
000003842|000009760|
000003843|000009760|
000003861|000008365|
000003861|000009990|
000003871|000010391|
000003871|000010459|
000003871|000008485|
000003871|000008473|
000003871|000008374|
000003871|000009242|
000003871|000009834|
000003871|000009850|
000003871|000010367|
000003871|000008493|
000003871|000008489|
000003871|000010620|
000003871|000010154|
000003871|000008477|
000003871|000008355|
000003871|000010626|
000003871|000009842|
000003871|000010268|
000003871|000008777|
000003871|000009732|
000003871|000010627|
000003871|000008481|
000003871|000008521|
000003871|000010463|
000003871|000010399|
000003871|000010621|
000003871|000008770|
000003872|000010399|
000003872|000010154|
000003872|000008485|
000003872|000008489|
000003872|000008777|
000003872|000010626|
000003872|000008355|
000003872|000008493|
000003872|000008770|
000003872|000009834|
000003872|000009842|
000003872|000008481|
000003872|000008521|
000003872|000010627|
000003872|000008477|
000003872|000010459|
000003872|000009850|
000003872|000008374|
000003872|000008473|
000003872|000010620|
000003872|000010391|
000003872|000009732|
000003872|000009242|
000003872|000010367|
000003872|000010621|
000003872|000010463|
000003872|000010268|
000003873|000008777|
000003873|000009834|
000003873|000010463|
000003873|000010626|
000003873|000009850|
000003873|000010621|
000003873|000008521|
000003873|000010399|
000003873|000010154|
000003873|000010620|
000003873|000008477|
000003873|000010627|
000003873|000010367|
000003873|000010459|
000003873|000008481|
000003873|000008355|
000003873|000008770|
000003873|000010391|
000003873|000010268|
000003873|000009842|
000003873|000009732|
000003873|000008493|
000003873|000008489|
000003873|000008485|
000003873|000008473|
000003873|000008374|
000003874|000008777|
000003874|000008374|
000003874|000008477|
000003874|000010621|
000003874|000008473|
000003874|000010399|
000003874|000008481|
000003874|000009189|
000003874|000010391|
000003874|000009834|
000003874|000008485|
000003874|000010367|
000003874|000010620|
000003874|000010268|
000003874|000010627|
000003874|000008493|
000003874|000008489|
000003874|000009732|
000003874|000010463|
000003874|000010626|
000003874|000010459|
000003874|000008355|
000003874|000009842|
000003874|000008770|
000003874|000009850|
000003874|000008521|
000003874|000010154|
000003875|000009242|
000003875|000008521|
000003876|000008975|
000003876|000008959|
000003876|000010150|
000003876|000008967|
000003876|000008362|
000003876|000008971|
000003876|000009772|
000003877|000009826|
000003878|000009826|
000003879|000009826|
000003880|000009826|
000003881|000009826|
000003882|000009826|
000003883|000009826|
000003884|000009826|
000003885|000009826|
000003886|000009826|
000003887|000009826|
000003888|000009826|
000003889|000009798|
000003889|000009860|
000003889|000009856|
000003889|000009379|
000003890|000009856|
000003891|000009798|
000003891|000009379|
000003891|000009856|
000003891|000009860|
000003892|000009856|
000003892|000009864|
000003892|000008379|
000003893|000008379|
000003893|000009868|
000003893|000009860|
000003893|000009856|
000003893|000009798|
000003894|000009860|
000003894|000009856|
000003894|000009868|
000003894|000008379|
000003894|000009798|
000003895|000009868|
000003895|000009798|
000003895|000008379|
000003895|000009860|
000003895|000009856|
000003896|000009868|
000003896|000009856|
000003896|000008379|
000003896|000009798|
000003897|000009868|
000003897|000009856|
000003897|000008379|
000003897|000009798|
000003898|000008379|
000003898|000009868|
000003898|000009856|
000003909|000009926|
000003909|000009922|
000003909|000009324|
000003909|000009898|
000003910|000009910|
000003910|000009898|
000003910|000009922|
000003911|000009898|
000003911|000009910|
000003911|000009922|
000003912|000009898|
000003912|000009922|
000003912|000009910|
000003913|000009922|
000003913|000009898|
000003914|000009922|
000003914|000009898|
000003915|000009898|
000003915|000009922|
000003916|000009922|
000003916|000009898|
000003917|000009922|
000003917|000009898|
000003918|000009898|
000003918|000009922|
000003919|000009922|
000003919|000009898|
000003920|000009898|
000003920|000009768|
000003920|000009922|
000003921|000009768|
000003921|000009898|
000003921|000009922|
000003922|000009856|
000003922|000009379|
000003922|000009798|
000003922|000009860|
000003937|000009860|
000003937|000009856|
000003937|000009798|
000003938|000009082|
000003939|000009082|
000003940|000009082|
000003941|000009082|
000003942|000009082|
000003943|000009082|
000003944|000009082|
000003945|000009078|
000003945|000009082|
000003946|000009082|
000003947|000009082|
000003948|000009082|
000003949|000009082|
000003950|000009082|
000003951|000009082|
000003952|000009082|
000003953|000009082|
000003954|000009082|
000003955|000009082|
000003956|000009082|
000003957|000009082|
000003958|000009082|
000003959|000009082|
000003960|000009082|
000003961|000009082|
000003962|000009082|
000003962|000009078|
000003963|000009082|
000003964|000009082|
000003965|000009082|
000003966|000009082|
000003967|000009082|
000003968|000009082|
000003969|000009078|
000003969|000009082|
000003970|000009082|
000003971|000009082|
000003972|000009082|
000003973|000009082|
000003974|000009082|
000003975|000009082|
000003976|000009082|
000003977|000009082|
000003978|000009082|
000003979|000009082|
000003980|000009082|
000003981|000009082|
000003982|000009082|
000003983|000009082|
000003984|000009082|
000003985|000009082|
000003986|000009082|
000003987|000009082|
000003988|000009082|
000003989|000009082|
000003990|000009082|
000003991|000009082|
000003992|000009082|
000003993|000009082|
000003994|000009082|
000003995|000009082|
000003996|000009082|
000003997|000009082|
000003998|000009082|
000003999|000009082|
000004000|000009082|
000004001|000009082|
000004002|000009082|
000004003|000009082|
000004004|000009082|
000004005|000009082|
000004006|000009082|
000004007|000009082|
000004008|000009082|
000004009|000009082|
000004010|000009082|
000004011|000009082|
000004012|000009082|
000004013|000009082|
000004014|000009082|
000004015|000009082|
000004016|000009082|
000004017|000009082|
000004018|000009082|
000004019|000009082|
000004020|000009082|
000004021|000009078|
000004021|000009082|
000004022|000009082|
000004023|000009082|
000004024|000009082|
000004025|000009082|
000004026|000009082|
000004027|000009082|
000004028|000009082|
000004029|000009082|
000004030|000009082|
000004031|000009082|
000004032|000009078|
000004032|000009082|
000004033|000009082|
000004033|000009078|
000004034|000009082|
000004035|000009082|
000004036|000009976|
000004036|000009978|
000004037|000009978|
000004037|000009976|
000004038|000009976|
000004038|000009978|
000004039|000009978|
000004039|000009546|
000004039|000009976|
000004040|000009978|
000004040|000009976|
000004040|000009546|
000004041|000009976|
000004041|000009978|
000004041|000009546|
000004042|000009978|
000004042|000009976|
000004042|000009546|
000004043|000009978|
000004043|000009976|
000004044|000009976|
000004044|000009978|
000004045|000009978|
000004045|000009976|
000004046|000009976|
000004046|000009978|
000004047|000009978|
000004047|000009976|
000004048|000009978|
000004048|000009976|
000004049|000009978|
000004049|000009976|
000004050|000009978|
000004050|000009976|
000004051|000009976|
000004051|000009978|
000004052|000009976|
000004052|000009978|
000004053|000009976|
000004053|000009978|
000004054|000009978|
000004054|000009976|
000004055|000009976|
000004055|000009546|
000004055|000009978|
000004056|000009546|
000004056|000009976|
000004056|000009978|
000004057|000009978|
000004057|000009976|
000004058|000009978|
000004058|000009976|
000004059|000009976|
000004059|000009978|
000004060|000009976|
000004060|000009978|
000004061|000009546|
000004061|000009978|
000004061|000009976|
000004062|000009976|
000004062|000009978|
000004063|000009978|
000004063|000009976|
000004064|000009978|
000004064|000009976|
000004065|000009978|
000004065|000009976|
000004066|000009978|
000004066|000009976|
000004067|000009976|
000004067|000009978|
000004068|000009976|
000004068|000009978|
000004069|000009978|
000004069|000009976|
000004069|000009546|
000004070|000009978|
000004070|000009976|
000004070|000009546|
000004071|000009978|
000004071|000009976|
000004071|000009546|
000004072|000009976|
000004072|000009978|
000004073|000009976|
000004073|000009978|
000004074|000009137|
000004075|000009036|
000004075|000009830|
000004075|000008468|
000004075|000009032|
000004076|000010085|
000004076|000008430|
000004076|000010077|
000004077|000010017|
000004077|000010013|
000004077|000010001|
000004077|000009997|
000004078|000010009|
000004078|000010017|
000004078|000009997|
000004078|000010013|
000004078|000010005|
000004078|000010001|
000004079|000010013|
000004079|000010009|
000004079|000010001|
000004079|000009997|
000004079|000010005|
000004080|000009997|
000004080|000010001|
000004080|000010013|
000004080|000010005|
000004080|000010009|
000004081|000010005|
000004081|000009997|
000004081|000010001|
000004081|000010013|
000004081|000010009|
000004082|000010013|
000004082|000009997|
000004082|000010001|
000004083|000009997|
000004083|000010017|
000004083|000010013|
000004083|000010009|
000004083|000010001|
000004083|000010005|
000004084|000010013|
000004084|000010001|
000004084|000009997|
000004084|000010009|
000004084|000010005|
000004084|000010017|
000004085|000009997|
000004085|000010001|
000004085|000010013|
000004085|000010017|
000004085|000010005|
000004085|000010009|
000004086|000010017|
000004086|000010013|
000004086|000009997|
000004086|000010001|
000004087|000010017|
000004087|000009997|
000004087|000010001|
000004087|000010013|
000004088|000010005|
000004088|000010009|
000004088|000009997|
000004088|000010001|
000004088|000010013|
000004089|000010001|
000004089|000009997|
000004089|000010009|
000004089|000010005|
000004089|000010013|
000004090|000010013|
000004090|000010001|
000004090|000009997|
000004091|000010001|
000004091|000010013|
000004091|000009997|
000004092|000010013|
000004092|000009997|
000004092|000010001|
000004093|000010013|
000004093|000010001|
000004093|000009997|
000004099|000008959|
000004099|000009772|
000004099|000010150|
000004099|000008971|
000004099|000008975|
000004099|000008967|
000004099|000008362|
000004100|000008436|
000004100|000009804|
000004100|000009978|
000004100|000009976|
000004100|000009809|
000004100|000009546|
000004100|000009805|
000004101|000009804|
000004101|000008436|
000004101|000009546|
000004101|000009805|
000004101|000009809|
000004101|000009976|
000004101|000009978|
000004102|000009813|
000004102|000009814|
000004102|000009546|
000004102|000009554|
000004102|000008436|
000004103|000010081|
000004103|000010077|
000004103|000009846|
000004103|000008430|
000004103|000010085|
000004104|000010077|
000004105|000010077|
000004106|000010077|
000004107|000010077|
000004108|000010077|
000004109|000010126|
000004109|000009728|
000004109|000010130|
000004109|000010138|
000004109|000010134|
000004109|000010142|
000004109|000010122|
000004110|000010138|
000004110|000010134|
000004110|000010142|
000004110|000010130|
000004110|000010126|
000004110|000010122|
000004111|000010138|
000004111|000010134|
000004112|000010134|
000004112|000010138|
000004113|000010134|
000004113|000010138|
000004114|000010138|
000004114|000010134|
000004115|000010134|
000004115|000010138|
000004116|000010134|
000004116|000010138|
000004117|000008420|
000004117|000008415|
000004117|000010146|
000004117|000008356|
000004118|000009826|
000004119|000009297|
000004119|000009744|
000004119|000008563|
000004119|000008567|
000004119|000008384|
000004120|000010196|
000004120|000009662|
000004120|000009740|
000004120|000010192|
000004121|000010192|
000004121|000010196|
000004121|000009740|
000004121|000010208|
000004122|000010196|
000004122|000010192|
000004122|000010200|
000004122|000009740|
000004122|000009662|
000004123|000010196|
000004123|000009662|
000004124|000010196|
000004124|000009662|
000004125|000009662|
000004125|000010196|
000004126|000009662|
000004126|000010196|
000004127|000010196|
000004128|000010196|
000004129|000010620|
000004129|000010459|
000004129|000008481|
000004129|000008777|
000004129|000010399|
000004129|000010391|
000004129|000009850|
000004129|000010268|
000004129|000010627|
000004129|000008374|
000004129|000009842|
000004129|000009732|
000004129|000008493|
000004129|000010367|
000004129|000009242|
000004129|000008489|
000004129|000008485|
000004129|000008473|
000004129|000010463|
000004129|000008770|
000004129|000009834|
000004129|000010264|
000004129|000008477|
000004129|000010621|
000004129|000008521|
000004129|000010626|
000004129|000010260|
000004129|000008355|
000004129|000010154|
000004130|000008481|
000004130|000008485|
000004130|000010154|
000004130|000009242|
000004130|000008473|
000004130|000009850|
000004130|000008777|
000004130|000010268|
000004130|000009842|
000004130|000009732|
000004130|000008493|
000004130|000010626|
000004130|000008374|
000004130|000010367|
000004130|000008489|
000004130|000010399|
000004130|000008521|
000004130|000009834|
000004130|000010463|
000004130|000010621|
000004130|000010260|
000004130|000010391|
000004130|000008477|
000004130|000010627|
000004130|000008355|
000004130|000010264|
000004130|000008770|
000004130|000010620|
000004130|000010459|
000004131|000008481|
000004131|000010391|
000004131|000009842|
000004131|000008374|
000004131|000010268|
000004131|000010463|
000004131|000008777|
000004131|000008477|
000004131|000008485|
000004131|000010367|
000004131|000008489|
000004131|000008493|
000004131|000010626|
000004131|000010260|
000004131|000010459|
000004131|000010264|
000004131|000009242|
000004131|000008355|
000004131|000010620|
000004131|000008770|
000004131|000009834|
000004131|000010399|
000004131|000010627|
000004131|000010621|
000004131|000009732|
000004131|000008521|
000004131|000009850|
000004131|000010154|
000004131|000008473|
000004132|000008493|
000004132|000009732|
000004132|000009842|
000004132|000010268|
000004132|000008777|
000004132|000008521|
000004132|000010459|
000004132|000010463|
000004132|000010391|
000004132|000010626|
000004132|000008481|
000004132|000008355|
000004132|000010264|
000004132|000010367|
000004132|000010260|
000004132|000010154|
000004132|000008477|
000004132|000010627|
000004132|000009850|
000004132|000009242|
000004132|000010399|
000004132|000010621|
000004132|000010620|
000004132|000008770|
000004132|000009834|
000004132|000008374|
000004132|000008473|
000004132|000008485|
000004132|000008489|
000004133|000010627|
000004133|000008477|
000004133|000008493|
000004133|000008485|
000004133|000009850|
000004133|000010626|
000004133|000010268|
000004133|000010399|
000004133|000008489|
000004133|000010367|
000004133|000009242|
000004133|000008374|
000004133|000009842|
000004133|000009732|
000004133|000008770|
000004133|000008473|
000004133|000009834|
000004133|000010620|
000004133|000008521|
000004133|000010264|
000004133|000010459|
000004133|000010391|
000004133|000010621|
000004133|000008777|
000004133|000008481|
000004133|000010260|
000004133|000010463|
000004133|000008355|
000004134|000009764|
000004134|000010307|
000004134|000010303|
000004134|000008518|
000004135|000010627|
000004135|000008374|
000004135|000010626|
000004135|000008481|
000004135|000008355|
000004135|000010268|
000004135|000010459|
000004135|000010367|
000004135|000010621|
000004135|000009834|
000004135|000009850|
000004135|000009242|
000004135|000008777|
000004135|000009842|
000004135|000008477|
000004135|000010391|
000004135|000008770|
000004135|000010463|
000004135|000009732|
000004135|000010399|
000004135|000008493|
000004135|000008521|
000004135|000010154|
000004135|000008473|
000004135|000010620|
000004135|000008489|
000004135|000008485|
000004136|000008473|
000004136|000008374|
000004136|000010268|
000004136|000010626|
000004136|000009834|
000004136|000009842|
000004136|000009732|
000004136|000010395|
000004136|000010391|
000004136|000008521|
000004136|000010463|
000004136|000010627|
000004136|000008770|
000004136|000008481|
000004136|000010367|
000004136|000010459|
000004136|000009850|
000004136|000009242|
000004136|000010399|
000004136|000010621|
000004136|000008493|
000004136|000008777|
000004136|000008355|
000004136|000010154|
000004136|000008489|
000004136|000010620|
000004136|000008477|
000004136|000008485|
000004137|000010620|
000004137|000008770|
000004137|000010621|
000004137|000009242|
000004137|000008374|
000004137|000010367|
000004137|000009842|
000004137|000010154|
000004137|000008485|
000004137|000010627|
000004137|000008355|
000004137|000008477|
000004137|000009834|
000004137|000010399|
000004137|000008473|
000004137|000010391|
000004137|000008481|
000004137|000009850|
000004137|000008489|
000004137|000009732|
000004137|000008521|
000004137|000008493|
000004137|000008777|
000004137|000010463|
000004137|000010268|
000004137|000010459|
000004137|000010626|
000004138|000008485|
000004138|000010627|
000004138|000010463|
000004138|000008481|
000004138|000010391|
000004138|000008355|
000004138|000010154|
000004138|000008473|
000004138|000009850|
000004138|000010459|
000004138|000008493|
000004138|000008489|
000004138|000010268|
000004138|000008777|
000004138|000010399|
000004138|000008374|
000004138|000008770|
000004138|000009842|
000004138|000008477|
000004138|000009732|
000004138|000010620|
000004138|000010626|
000004138|000010367|
000004138|000009254|
000004138|000010621|
000004138|000009834|
000004139|000008777|
000004139|000010268|
000004139|000009842|
000004139|000008477|
000004139|000008770|
000004139|000008521|
000004139|000010621|
000004139|000008374|
000004139|000008473|
000004139|000010399|
000004139|000010391|
000004139|000008485|
000004139|000009732|
000004139|000010620|
000004139|000010459|
000004139|000010367|
000004139|000008355|
000004139|000010626|
000004139|000008489|
000004139|000008481|
000004139|000009834|
000004139|000008493|
000004139|000010463|
000004139|000010627|
000004140|000010434|
000004140|000010438|
000004140|000010446|
000004140|000009822|
000004141|000010450|
000004141|000009822|
000004141|000010438|
000004141|000010446|
000004141|000010434|
000004142|000010438|
000004142|000009822|
000004142|000010446|
000004142|000010450|
000004142|000010434|
000004143|000010438|
000004143|000010434|
000004143|000010450|
000004143|000009822|
000004143|000010446|
000004144|000010434|
000004144|000010450|
000004144|000009822|
000004144|000010446|
000004144|000010438|
000004145|000010438|
000004145|000010434|
000004145|000010446|
000004145|000009822|
000004146|000009822|
000004146|000010438|
000004146|000010434|
000004147|000010438|
000004147|000010446|
000004147|000010434|
000004147|000009822|
000004148|000008481|
000004148|000008355|
000004148|000008473|
000004148|000010463|
000004148|000010459|
000004148|000010399|
000004148|000010391|
000004148|000008374|
000004148|000010367|
000004148|000010268|
000004148|000010626|
000004148|000010154|
000004148|000010620|
000004148|000009850|
000004148|000008477|
000004148|000009842|
000004148|000009834|
000004148|000010621|
000004148|000009732|
000004148|000010464|
000004148|000008521|
000004148|000008493|
000004148|000008489|
000004148|000009242|
000004148|000008485|
000004148|000010627|
000004148|000009189|
000004148|000008770|
000004148|000008777|
000004149|000010496|
000004149|000010492|
000004149|000010501|
000004149|000010505|
000004149|000010500|
000004149|000009760|
000004154|000008481|
000004154|000008473|
000004154|000010463|
000004154|000010391|
000004154|000008521|
000004154|000010459|
000004154|000009242|
000004154|000010395|
000004154|000008489|
000004154|000010620|
000004154|000010367|
000004154|000010154|
000004154|000009732|
000004154|000008355|
000004154|000008477|
000004154|000010626|
000004154|000008770|
000004154|000008374|
000004154|000009850|
000004154|000010399|
000004154|000010621|
000004154|000009834|
000004154|000010627|
000004154|000008493|
000004154|000010268|
000004154|000009842|
000004154|000008777|
000004154|000008485|
000004155|000009432|
000004155|000009780|
000004155|000010572|
000004155|000009424|
000004155|000008714|
000004155|000010587|
000004156|000009780|
000004156|000010587|
000004156|000008714|
000004157|000010587|
000004157|000009780|
000004158|000009780|
000004159|000009780|
000004160|000009780|
000004161|000009780|
000004162|000009780|
000004163|000009780|
000004164|000009780|
000004165|000009780|
000004166|000008770|
000004166|000009850|
000004166|000008493|
000004166|000008777|
000004166|000008473|
000004166|000008477|
000004166|000010627|
000004166|000008481|
000004166|000010268|
000004166|000008485|
000004166|000009842|
000004166|000008374|
000004166|000008355|
000004166|000008521|
000004166|000010626|
000004166|000010621|
000004166|000010367|
000004166|000010463|
000004166|000010399|
000004166|000009732|
000004166|000010459|
000004166|000009834|
000004166|000010391|
000004166|000009254|
000004166|000010154|
000004166|000008489|
000004166|000010620|
000004167|000010399|
000004167|000008489|
000004167|000008477|
000004167|000010154|
000004167|000008481|
000004167|000010367|
000004167|000009834|
000004167|000010268|
000004167|000010620|
000004167|000010459|
000004167|000008374|
000004167|000008473|
000004167|000008355|
000004167|000008485|
000004167|000010621|
000004167|000008493|
000004167|000010391|
000004167|000010463|
000004167|000009732|
000004167|000009842|
000004167|000010626|
000004167|000008521|
000004167|000008770|
000004167|000010627|
000004167|000008777|
000004168|000008714|
000004168|000009780|
000004169|000008714|
000004169|000009780|
000004170|000009780|
000004171|000009780|
000004171|000008714|
000004172|000009780|
000004173|000009137|
000004174|000009137|
000004174|000009125|
000004175|000008770|
000004175|000008355|
000004175|000009732|
000004175|000010367|
000004175|000008477|
000004175|000008481|
000004175|000010459|
000004175|000008521|
000004175|000008493|
000004175|000010627|
000004175|000010154|
000004175|000009850|
000004175|000010626|
000004175|000010621|
000004175|000010399|
000004175|000008473|
000004175|000010391|
000004175|000008777|
000004175|000009834|
000004175|000008374|
000004175|000010620|
000004175|000008489|
000004175|000010268|
000004175|000008485|
000004175|000009842|
000004175|000010463|
000004176|000009748|
000004176|000008553|
000004176|000008545|
000004177|000009748|
000004177|000008545|
000004177|000008553|
000004178|000009748|
000004178|000008553|
000004178|000008545|
000004179|000010391|
000004179|000009242|
000004179|000008777|
000004179|000010626|
000004179|000010620|
000004179|000010367|
000004179|000010459|
000004179|000008770|
000004179|000008481|
000004179|000010621|
000004179|000010627|
000004179|000010268|
000004179|000008477|
000004179|000010463|
000004179|000010399|
000004179|000008355|
000004179|000010154|
000004179|000009850|
000004179|000008374|
000004179|000008473|
000004179|000009834|
000004179|000008521|
000004179|000008485|
000004179|000008489|
000004179|000008493|
000004179|000009732|
000004179|000009842|
000004180|000010391|
000004180|000008485|
000004180|000009732|
000004180|000008355|
000004180|000010154|
000004180|000010367|
000004180|000009242|
000004180|000008481|
000004180|000009842|
000004180|000010620|
000004180|000009834|
000004180|000010627|
000004180|000009850|
000004180|000010399|
000004180|000010463|
000004180|000008473|
000004180|000008521|
000004180|000010621|
000004180|000010626|
000004180|000008374|
000004180|000008770|
000004180|000008493|
000004180|000008489|
000004180|000010268|
000004180|000008477|
000004180|000008777|
000004180|000010459|
