ï»¿faction_id|id|name|cost|detachment|detachment_id|legend|description|
AC|000008921002|Aegis Projector|20|Talons Of The Emperor|000000861|This archeotech field projector triggers in response to autopremonitory danger input. It pulse-casts a temporary force field that can stave off even the most powerful attacks, before charging ready for another use.|<span class="tooltip00491" data-tooltip-content="#tooltip_content00491" data-tooltip-anchor="#tooltip_content00491"><span class="kwb kwbu">ADEPTUS</span> <span class="kwb kwbu">CUSTODES</span></span> model only. Once per turn, the first time a <span class="tooltip00032" data-tooltip-content="#tooltip_content00032"><span class="tt kwbu">saving</span> <span class="tt kwbu">throw</span></span> is failed for the bearerâs unit, change the Damage characteristic of that attack to 0.|
AC|000009753002|Adamantine Talisman|25|Solar Spearhead|000000986|This amulet contains a reservoir of promethium harvested from the wreckage of one of the Adeptus Custodesâ most ancient Land Raiders. The fluid is said to possess the last lingering traces of that ancient vehicleâs bellicose machine spirit, inspiring greater might and ferocity within its bearer.|<span class="kwb">ADEPTUS</span> <span class="kwb">CUSTODES</span> model only. Improve the Attacks, Strength and Damage characteristics of melee weapons equipped by the bearer by 1.|
AC|000008395002|Auric Mantle|15|Shield Host|000000765|This auramite weave garment is draped about its wearers shoulders before they don their battle armour. It forms a final, incredibly resilient layer of protection for them should all their other defences fail.|<span class="tooltip00492" data-tooltip-content="#tooltip_content00492" data-tooltip-anchor="#tooltip_content00492"><span class="kwb kwbu">SHIELD-CAPTAIN</span></span> or <a class="kwbOne" href="/wh40k10ed/factions/adeptus-custodes/Blade-Champion"><span class="kwb kwbo">BLADE</span> <span class="kwb kwbo">CHAMPION</span></a> model only. Add 2 to the bearerâs Wounds characteristic.|
AC|000008930002|Blade Imperator|25|Auric Champions|000000863|This warrior is the Emperors own wrath made manifest, the living weapon of the Master of Mankind.|<span class="tooltip00491" data-tooltip-content="#tooltip_content00491" data-tooltip-anchor="#tooltip_content00491"><span class="kwb kwbu">ADEPTUS</span> <span class="kwb kwbu">CUSTODES</span></span> model only. Each time the bearerâs unit ends a <span class="tooltip00033" data-tooltip-content="#tooltip_content00033"><span class="tt kwbu">Charge</span> <span class="tt kwbu">move</span></span>, select one enemy unit within <span class="tooltip00023" data-tooltip-content="#tooltip_content00023"><span class="tt kwbu">Engagement</span> <span class="tt kwbu">Range</span></span> of the bearer and roll one D6: on a 4+, that enemy unit suffers D3 <span class="tooltip00049" data-tooltip-content="#tooltip_content00049"><span class="tt kwbu">mortal</span> <span class="tt kwbu">wounds</span></span>. Once per battle, after the bearer s unit ends a Charge move, all enemy units within 6" of the bearer must take a <span class="tooltip00036" data-tooltip-content="#tooltip_content00036"><span class="tt kwbu">Battle-shock</span> <span class="tt kwbu">test</span></span>.|
AC|000008926002|Enhanced Voidsheen Cloak|10|Null Maiden Vigil|000000862|Now rare, enhanced voidsheen cloaks were worn by commanders of the Sisters of Silence during the Great Crusade. They are made from micro-vitrious mesh designed to diffract and absorb attacks, and include inbuilt refractor fields.|<span class="tooltip00493" data-tooltip-content="#tooltip_content00493" data-tooltip-anchor="#tooltip_content00493"><span class="kwb kwbu">ANATHEMA</span> <span class="kwb kwbu">PSYKANA</span></span> model only. Each time an attack is allocated to the bearer, subtract 1 from the Damage characteristic of that attack. If that attack was made by a <span class="kwb">PSYKER</span> or <span class="tooltip00036" data-tooltip-content="#tooltip_content00036"><span class="tt kwbu">Battle-shocked</span></span> model, change the Damage characteristic of that attack to 1 instead.|
AC|000009987002|Superior Creation|25|Lions of the Emperor|000001029|The cellular alchemy by which this heroic warrior was forged has rendered them breathtakingly resilient.|<span class="tooltip00256" data-tooltip-content="#tooltip_content00256" data-tooltip-anchor="#tooltip_content00256"><span class="kwb kwbu">ADEPTUS</span> <span class="kwb kwbu">CUSTODES</span> <span class="kwb kwbu">INFANTRY</span></span> model only. The first time the bearer is destroyed, roll one D6 at the end of the phase. On a 2+, set the bearer back up on the battlefield, as close as possible to where it was destroyed and not within <span class="tooltip00023" data-tooltip-content="#tooltip_content00023"><span class="tt kwbu">Engagement</span> <span class="tt kwbu">Range</span></span> of one or more enemy units, with its full wounds remaining.|
AC|000009264002|Voidstrider|0|Voyagers in Darkness|000000909|At home in voidborne warfare, this superhuman warrior is able to move with marked purpose and speed.|Add 2" to the bearerâs Move characteristic.|
AC|000009273002|The Vratine Aquila (Aura)|0|Black Ship Guardians|000000910|This ancient device is said to have been crafted for use during a vital conclave during the waning days of the Great Crusade, wreathing its bearer in energy veils.|<span class="tooltip00494" data-tooltip-content="#tooltip_content00494" data-tooltip-anchor="#tooltip_content00494"><span class="kwb kwbu">ANATHEMA</span> <span class="kwb kwbu">PSYKANA</span></span> model only. While a friendly <span class="kwb">ANATHEMA</span> <span class="kwb">PSYKANA</span> unit is within 3" of the bearer, models in that unit have a 4+ <span class="tooltip00051" data-tooltip-content="#tooltip_content00051"><span class="tt kwbu">invulnerable</span> <span class="tt kwbu">save</span></span>.|
AC|000009264003|Mantle of the Emissary|0|Voyagers in Darkness|000000909|This ancient cloak symbolises its wearerâs dedication to a vision-sent mission from the Emperor, and fills them with overwhelming purpose and determination.|The bearer has an Objective Control characteristic of 5.|
AC|000008930003|Inspirational Exemplar|10|Auric Champions|000000863|Here is a singular being even the mighty Custodians can look up to and be inspired by|<span class="tooltip00491" data-tooltip-content="#tooltip_content00491" data-tooltip-anchor="#tooltip_content00491"><span class="kwb kwbu">ADEPTUS</span> <span class="kwb kwbu">CUSTODES</span></span> model only. The bearer has a Leadership characteristic of 5+. Once per battle, at the start of any phase, you can select one friendly <span class="kwb">ADEPTUS</span> <span class="kwb">CUSTODES</span> unit that is <span class="tooltip00036" data-tooltip-content="#tooltip_content00036"><span class="tt kwbu">Battle-shocked</span></span> and within 12" of the bearer; that unit is no longer Battle-shocked.|
AC|000008921003|Champion of the Imperium|25|Talons Of The Emperor|000000861|This leader is amongst the finest martial champions in all the Emperor's realm, and their mere presence inspires their followers to remarkable efforts.|<span class="tooltip00491" data-tooltip-content="#tooltip_content00491" data-tooltip-anchor="#tooltip_content00491"><span class="kwb kwbu">ADEPTUS</span> <span class="kwb kwbu">CUSTODES</span></span> model only. The range of the bearerâs <span class="tooltip00495" data-tooltip-content="#tooltip_content00495"><span class="tt kwbu">Null</span> <span class="tt kwbu">Aegis</span> <span class="tt kwbu">or</span> <span class="tt kwbu">Deadly</span> <span class="tt kwbu">Unity</span></span> ability is increased to 9".|
AC|000009987003|Praesidius|25|Lions of the Emperor|000001029|Fashioned by the Terran armourer Annah Tsvochakin in the latter years of the 32nd millennium, the stunningly worked Praesidius is a singular artefact. Nestled within its golden form are a series of microshield generators and stealth emitters. Employing a modification of displacer technology, the shield generates small localised displacement bubbles at the point of impact, literally beaming bolts, bullets and the tips of blades harmlessly away from its bearer.|<span class="tooltip00491" data-tooltip-content="#tooltip_content00491" data-tooltip-anchor="#tooltip_content00491"><span class="kwb kwbu">ADEPTUS</span> <span class="kwb kwbu">CUSTODES</span></span> model only. The bearer has the <span class="tooltip00222" data-tooltip-content="#tooltip_content00222"><span class="tt kwbu">Lone</span> <span class="tt kwbu">Operative</span></span> and <span class="tooltip00496" data-tooltip-content="#tooltip_content00496"><span class="tt kwbu">Stealth</span></span> abilities.|
AC|000008395003|Castellanâs Mark|20|Shield Host|000000765|This finely worked pauldron is awarded to whichever living Custodian currently holds the greatest tally of victories in the Blood Games. The one who bears the Castellan 's Mark is guaranteed to be a superlative strategic genius.|<span class="tooltip00492" data-tooltip-content="#tooltip_content00492" data-tooltip-anchor="#tooltip_content00492"><span class="kwb kwbu">SHIELD-CAPTAIN</span></span> model only. After both players have deployed their armies, you can select up to two <span class="tooltip00491" data-tooltip-content="#tooltip_content00491" data-tooltip-anchor="#tooltip_content00491"><span class="kwb kwbu">ADEPTUS</span> <span class="kwb kwbu">CUSTODES</span></span> units from your army (excluding <span class="tooltip00493" data-tooltip-content="#tooltip_content00493" data-tooltip-anchor="#tooltip_content00493"><span class="kwb kwbu">ANATHEMA</span> <span class="kwb kwbu">PSYKANA</span></span> units) and redeploy all of those units. When doing so, any of those units can be placed into <a href="/wh40k10ed/the-rules/core-rules/#Strategic-Reserves">Strategic Reserves</a>, regardless of how many units are already in Strategic Reserves.|
AC|000008926003|Huntressâ Eye|15|Null Maiden Vigil|000000862|This ancient bionic acts like a miniature animus speculum, focusing the bearers null abilities into a stare that can literally terrify foes to death.|<span class="tooltip00493" data-tooltip-content="#tooltip_content00493" data-tooltip-anchor="#tooltip_content00493"><span class="kwb kwbu">ANATHEMA</span> <span class="kwb kwbu">PSYKANA</span></span> model only. In your <a href="/wh40k10ed/the-rules/core-rules/#COMMAND-PHASE">Command phase</a>, select one enemy unit within 12" of the bearer. That unit must take a <span class="tooltip00036" data-tooltip-content="#tooltip_content00036"><span class="tt kwbu">Battle-shock</span> <span class="tt kwbu">test</span></span>.|
AC|000009273003|Sinister Presence (Aura)|0|Black Ship Guardians|000000910|So deeply unsettling is the null aura surrounding this warrior that it causes unreasoning paranoia to spread amongst her foes, shattering their focus.|<span class="tooltip00493" data-tooltip-content="#tooltip_content00493" data-tooltip-anchor="#tooltip_content00493"><span class="kwb kwbu">ANATHEMA</span> <span class="kwb kwbu">PSYKANA</span></span> model only. While an enemy unit is within 6" of the bearer (when measuring this distance, <a href="/wh40k10ed/the-rules/boarding-action-rules/#Terrain">Walls</a> and closed <a href="/wh40k10ed/the-rules/boarding-action-rules/#Terrain">Hatchways</a> are ignored), that unit cannot <a href="/wh40k10ed/the-rules/boarding-action-rules/#SEIZING-AND-SECURING-OBJECTIVE-MARKERS">Seize objective markers</a> and, in your opponentâs <a href="/wh40k10ed/the-rules/core-rules/#COMMAND-PHASE">Command phase</a>, that unit must take a <span class="tooltip00036" data-tooltip-content="#tooltip_content00036"><span class="tt kwbu">Battle-shock</span></span> lest. This Enhancement cannot cause a unit to take two <span class="tooltip00036" data-tooltip-content="#tooltip_content00036"><span class="tt kwbu">Battle-shock</span> <span class="tt kwbu">tests</span></span> in the same phase.|
AC|000009753003|Augury Uplink|35|Solar Spearhead|000000986|The war engines of the Adeptus Custodes possess an array of augury equipment that combines to build an intricate picture of the unfolding conflict, enabling the bearer to tap into this accumulated data stream, detect incoming threats and angle their armour to repel the worst of enemy attacks.|<span class="kwb">ADEPTUS</span> <span class="kwb">CUSTODES</span> model only. The bearer has the <span class="tooltip00119" data-tooltip-content="#tooltip_content00119"><span class="tt kwbu">Feel</span> <span class="tt kwbu">No</span> <span class="tt kwbu">Pain</span> <span class="tt kwbu">5+</span></span> ability.|
AC|000009987004|Fierce Conqueror|15|Lions of the Emperor|000001029|This Captain-Commander has trained extensively to face multiple foes at once, knowing that the Custodes will always be outnumbered.|<span class="tooltip00492" data-tooltip-content="#tooltip_content00492" data-tooltip-anchor="#tooltip_content00492"><span class="kwb kwbu">SHIELD-CAPTAIN</span></span> model only. At the start of the <a href="/wh40k10ed/the-rules/core-rules/#FIGHT-PHASE">Fight phase</a>, until the end of the phase, add 2 to the Attacks characteristic of melee weapons equipped by the bearer for every 5 enemy models within 6" of the bearer (rounding down).|
AC|000008921004|Gift of Terran Artifice|15|Talons Of The Emperor|000000861|This warrior wields a close-quarters weapon crafted by the finest noble artisans of Terra, the workmanship of which is magnificent in its lethality.|<span class="tooltip00491" data-tooltip-content="#tooltip_content00491" data-tooltip-anchor="#tooltip_content00491"><span class="kwb kwbu">ADEPTUS</span> <span class="kwb kwbu">CUSTODES</span></span> model only. Each time the bearer makes a melee attack, add 1 to the <span class="tooltip00006" data-tooltip-content="#tooltip_content00006"><span class="tt kwbu">Wound</span> <span class="tt kwbu">roll</span></span>.|
AC|000008926004|Oblivion Knight|25|Null Maiden Vigil|000000862|Oblivion Knights are among the most powerful and experienced of the Sisters of Silence. When one leads their sisters in the field, witches must truly beware.|<span class="tooltip00493" data-tooltip-content="#tooltip_content00493" data-tooltip-anchor="#tooltip_content00493"><span class="kwb kwbu">ANATHEMA</span> <span class="kwb kwbu">PSYKANA</span></span> model only. While the bearer is leading a unit, each time a model in that unit makes an attack, add 1 to the <span class="tooltip00031" data-tooltip-content="#tooltip_content00031"><span class="tt kwbu">Hit</span> <span class="tt kwbu">roll</span></span>. If that attack targeted an enemy <span class="kwb">PSYKER</span> unit, add 1 to the <span class="tooltip00006" data-tooltip-content="#tooltip_content00006"><span class="tt kwbu">Wound</span> <span class="tt kwbu">roll</span></span> as well.|
AC|000008395004|From the Hall of Armouries|25|Shield Host|000000765|The racks of the Adeptus Custodesâ armouries yield up some of the most finely crafted close-quarters weaponry borne by any soldiers of the Imperium.|<span class="tooltip00492" data-tooltip-content="#tooltip_content00492" data-tooltip-anchor="#tooltip_content00492"><span class="kwb kwbu">SHIELD-CAPTAIN</span></span> model only. Add 1 to the Strength and Damage characteristics of the bearerâs melee weapons.|
AC|000009753004|Honoured Fallen (Aura)|15|Solar Spearhead|000000986|The eldest warriors of the Moritoi are revered champions with centuries of battle experience, and their presence on the battlefield is inspirational.|<span class="tooltip00497" data-tooltip-content="#tooltip_content00497" data-tooltip-anchor="#tooltip_content00497"><span class="kwb kwbu">ADEPTUS</span> <span class="kwb kwbu">CUSTODES</span> <span class="kwb kwbu">VEHICLE</span></span> model only. While a friendly <span class="tooltip00256" data-tooltip-content="#tooltip_content00256" data-tooltip-anchor="#tooltip_content00256"><span class="kwb kwbu">ADEPTUS</span> <span class="kwb kwbu">CUSTODES</span> <span class="kwb kwbu">INFANTRY</span></span> or <span class="tooltip00498" data-tooltip-content="#tooltip_content00498" data-tooltip-anchor="#tooltip_content00498"><span class="kwb kwbu">ADEPTUS</span> <span class="kwb kwbu">CUSTODES</span> <span class="kwb kwbu">MOUNTED</span></span> unit is within 6" of the bearer, each time a model in that unit makes an attack, re-roll a <span class="tooltip00031" data-tooltip-content="#tooltip_content00031"><span class="tt kwbu">Hit</span> <span class="tt kwbu">roll</span></span> of 1.|
AC|000008930004|Martial Philosopher|30|Auric Champions|000000863|Few in the history of the Imperium have been so skilled in reading - and directing- the ebb and flow of battle.|<span class="tooltip00491" data-tooltip-content="#tooltip_content00491" data-tooltip-anchor="#tooltip_content00491"><span class="kwb kwbu">ADEPTUS</span> <span class="kwb kwbu">CUSTODES</span></span> model only. The bearerâs unit is eligible to shoot and/or <a href="/wh40k10ed/the-rules/core-rules/#CHARGE-PHASE">declare a charge</a> in a turn in which it <span class="tooltip00025" data-tooltip-content="#tooltip_content00025"><span class="tt kwbu">Fell</span> <span class="tt kwbu">Back</span></span>. Once per battle, when an enemy unit ends a <span class="tooltip00221" data-tooltip-content="#tooltip_content00221"><span class="tt kwbu">Normal</span></span>, <span class="tooltip00230" data-tooltip-content="#tooltip_content00230"><span class="tt kwbu">Advance</span></span> or Fall Back move within 9" of the bearer, if the bearerâs unit is not within <span class="tooltip00023" data-tooltip-content="#tooltip_content00023"><span class="tt kwbu">Engagement</span> <span class="tt kwbu">Range</span></span> of one or more enemy units, it can make a Normal move of up to 6".|
AC|000008921005|Radiant Mantle|30|Talons Of The Emperor|000000861|The golden glory of the Emperor himself glows around this magnificent warrior like Sol's own fire. Enemies are blinded by its light, forced to recoil in pain and terror.|<span class="tooltip00491" data-tooltip-content="#tooltip_content00491" data-tooltip-anchor="#tooltip_content00491"><span class="kwb kwbu">ADEPTUS</span> <span class="kwb kwbu">CUSTODES</span></span> model only. Each time an attack targets the bearerâs unit, if the attacking model is within 12", subtract 1 from the <span class="tooltip00031" data-tooltip-content="#tooltip_content00031"><span class="tt kwbu">Hit</span> <span class="tt kwbu">roll</span></span>.|
AC|000008930005|Veiled Blade|25|Auric Champions|000000863|Said to have been fashioned for dark deeds during the Horus Heresy, this blade is an icon of vengeance.|<span class="tooltip00491" data-tooltip-content="#tooltip_content00491" data-tooltip-anchor="#tooltip_content00491"><span class="kwb kwbu">ADEPTUS</span> <span class="kwb kwbu">CUSTODES</span></span> model only. Add 2 to the Attacks characteristic of the bearers melee weapons. Once per battle, at the start of any <a href="/wh40k10ed/the-rules/core-rules/#COMMAND-PHASE">Command phase</a>, triple the bearerâs Objective Control characteristic until the end of the turn.|
AC|000008926005|Raptor Blade|5|Null Maiden Vigil|000000862|The Raptor Blade is an ancient relic of the Null Maidens, as razor sharp now as it was on the day of its forging and ever the bane of witches.|<span class="tooltip00493" data-tooltip-content="#tooltip_content00493" data-tooltip-anchor="#tooltip_content00493"><span class="kwb kwbu">ANATHEMA</span> <span class="kwb kwbu">PSYKANA</span></span> model only. Add 1 to the Attacks, Strength and Damage characteristics of the bearers melee weapons. While the bearer is within <span class="tooltip00023" data-tooltip-content="#tooltip_content00023"><span class="tt kwbu">Engagement</span> <span class="tt kwbu">Range</span></span> of one or more enemy <span class="kwb">PSYKER</span> units that are <span class="tooltip00036" data-tooltip-content="#tooltip_content00036"><span class="tt kwbu">Battle-shocked</span></span>, add 2 to the Attacks, Strength and Damage characteristics of the bearerâs melee weapons instead.|
AC|000009753005|Veteran of the Kataphraktoi|10|Solar Spearhead|000000986|This champion has served amongst the Kataphraktoi and is a master at coordinating swift armoured assaults.|<span class="tooltip00256" data-tooltip-content="#tooltip_content00256" data-tooltip-anchor="#tooltip_content00256"><span class="kwb kwbu">ADEPTUS</span> <span class="kwb kwbu">CUSTODES</span> <span class="kwb kwbu">INFANTRY</span></span> or <span class="tooltip00498" data-tooltip-content="#tooltip_content00498" data-tooltip-anchor="#tooltip_content00498"><span class="kwb kwbu">ADEPTUS</span> <span class="kwb kwbu">CUSTODES</span> <span class="kwb kwbu">MOUNTED</span></span> model only. In your <a href="/wh40k10ed/the-rules/core-rules/#COMMAND-PHASE">Command phase</a>, select one <span class="tooltip00497" data-tooltip-content="#tooltip_content00497" data-tooltip-anchor="#tooltip_content00497"><span class="kwb kwbu">ADEPTUS</span> <span class="kwb kwbu">CUSTODES</span> <span class="kwb kwbu">VEHICLE</span></span> or <span class="kwb">ADEPTUS</span> <span class="kwb">CUSTODES</span> <span class="kwb">MOUNTED</span> unit within 6" of the bearer. Until the start of your next <a href="/wh40k10ed/the-rules/core-rules/#COMMAND-PHASE">Command phase</a>, that unit is eligible to shoot in a turn in which it <span class="tooltip00025" data-tooltip-content="#tooltip_content00025"><span class="tt kwbu">Fell</span> <span class="tt kwbu">Back</span></span>.|
AC|000008395005|Panoptispex|5|Shield Host|000000765|This incredibly advanced precursor to Imperial auspicators is able to see through solid objects and into esoteric spectra, meaning no malcontent against the Throne can ever hide from its bearerâs gaze.|<span class="tooltip00492" data-tooltip-content="#tooltip_content00492" data-tooltip-anchor="#tooltip_content00492"><span class="kwb kwbu">SHIELD-CAPTAIN</span></span> or <a class="kwbOne" href="/wh40k10ed/factions/adeptus-custodes/Blade-Champion"><span class="kwb kwbo">BLADE</span> <span class="kwb kwbo">CHAMPION</span></a> model only. While the bearer is leading a unit, ranged weapons equipped by models in that unit have the <span class="kwb2 bluefont"><span class="tooltip00499" data-tooltip-content="#tooltip_content00499"><span class="tt kwbu">[IGNORES</span> <span class="tt kwbu">cover]</span></span></span> ability.|
AC|000009987005|Admonimortis|10|Lions of the Emperor|000001029|A relic of the Dread Host, this towering blade was wrought to make a bloody example of those who dare to set themselves against the might of Terra.|<span class="tooltip00492" data-tooltip-content="#tooltip_content00492" data-tooltip-anchor="#tooltip_content00492"><span class="kwb kwbu">SHIELD-CAPTAIN</span></span> model only. Improve the Strength characteristic of melee weapons equipped by the bearer by 3, and improve the Armour Penetration and Damage characteristics of those weapons by 1.|
AdM|000009281002|Remote Lockdown|0|Electromartyrs|000000912|The Tech-Priest noospherically harmonises with the machine spirit of a nearby hatchway and seeks to render it stubbornly uncompliant to the foe.|Once per <a href="/wh40k10ed/the-rules/core-rules/#The-Battle-Round">battle round</a>, when an enemy unit attempts to <a href="/wh40k10ed/the-rules/boarding-action-rules/#Open-Hatchways">operate a Hatchway</a>, if that Hatchway is within 9" of and <a href="/wh40k10ed/the-rules/boarding-action-rules/#Visibility">visible</a> to the bearer, it can use this Enhancement. If it does, it can attempt to prevent that unit from operating that Hatchway as if the bearer was within 1" of that Hatchway.|
AdM|000008564002|Mechanicus Locum|10|Data-Psalm Conclave|000000821|Amongst every congregation of Tech-Priests are masters of arcane knowledge - inspirational leaders of the cybernetic and the mechanical.|<span class="tooltip00500" data-tooltip-content="#tooltip_content00500" data-tooltip-anchor="#tooltip_content00500"><span class="kwb kwbu">TECH-PRIEST</span></span> model only. The bearer has a Leadership characteristic of 6+ and, once per battle, at the start of any phase, you can select one friendly <span class="tooltip00501" data-tooltip-content="#tooltip_content00501" data-tooltip-anchor="#tooltip_content00501"><span class="kwb kwbu">CULT</span> <span class="kwb kwbu">MECHANICUS</span></span> unit that is <span class="tooltip00036" data-tooltip-content="#tooltip_content00036"><span class="tt kwbu">Battle-shocked</span></span> and within 12" of the bearer. That unit is no longer Battle-shocked.|
AdM|000008568002|Magos|15|Explorator Maniple|000000822|Magi are masters of fiercely guarded knowledge, pursuing esoteric agendas at all costs. No risk is too great and no gambit too unwise in their ceaseless and predatory acquisition of ancient lore.|<span class="tooltip00420" data-tooltip-content="#tooltip_content00420" data-tooltip-anchor="#tooltip_content00420"><span class="kwb kwbu">TECH-PRIEST</span></span> model only. At the end of your <a href="/wh40k10ed/the-rules/core-rules/#COMMAND-PHASE">Command phase</a>, if the bearer is within range of your Acquisition <span class="tooltip00064" data-tooltip-content="#tooltip_content00064"><span class="tt kwbu">objective</span> <span class="tt kwbu">marker</span></span>, roll one D6: on a 4+, you gain 1CP.|
AdM|000008572002|Necromechanic|25|Cohort Cybernetica|000000823|The blessed healing of machinery is the sign of a true shepherd of the Omnissiahâs flock.|<span class="tooltip00420" data-tooltip-content="#tooltip_content00420" data-tooltip-anchor="#tooltip_content00420"><span class="kwb kwbu">TECH-PRIEST</span></span> model only. Once per <a href="/wh40k10ed/the-rules/core-rules/#The-Battle-Round">battle round</a>, when a <span class="tooltip00032" data-tooltip-content="#tooltip_content00032"><span class="tt kwbu">saving</span> <span class="tt kwbu">throw</span></span> made for a friendly <span class="tooltip00502" data-tooltip-content="#tooltip_content00502" data-tooltip-anchor="#tooltip_content00502"><span class="kwb kwbu">LEGIO</span> <span class="kwb kwbu">CYBERNETICA</span></span> or <span class="tooltip00418" data-tooltip-content="#tooltip_content00418" data-tooltip-anchor="#tooltip_content00418"><span class="kwb kwbu">ADEPTUS</span> <span class="kwb kwbu">MECHANICUS</span> <span class="kwb kwbu">VEHICLE</span></span> model within 12" of the bearer is failed, the bearer can use this Enhancement. If they do, change the Damage characteristic of that attack to 0.|
AdM|000008385002|Radial Suffusion|25|Rad-Zone Corps|000000762|By transmitting their precision battlefield observations, this servant of the Omnissiah ensures the saturation of the enemy position is a creeping curse, spreading a hazardous suffusion towards those foes seeking to outrun the vengeance of the Machine God.|<span class="kwb">ADEPTUS</span> <span class="kwb">MECHANICUS</span> model only. From the second <a href="/wh40k10ed/the-rules/core-rules/#The-Battle-Round">battle round</a> onwards, when resolving the Fallout effect of the <span class="tooltip00503" data-tooltip-content="#tooltip_content00503"><span class="tt kwbu">Rad-bombardment</span></span> Detachment rule, if the bearer is on the battlefield, roll one D6 for each enemy unit within 6" of your opponentâs deployment zone, in addition to those that are within your opponentâs deployment zone.|
AdM|000008560002|Cantic Thrallnet|25|Skitarii Hunter Cohort|000000820|Proclaimed to be a direct data-link to the will of the Omnissiah himself, this neuro-entanglement matrix allows for hyper-optimised combat cogitation.|<a class="kwbOne" href="/wh40k10ed/factions/adeptus-mechanicus/Skitarii-Marshal"><span class="kwb kwbo">SKITARII</span> <span class="kwb kwbo">MARSHAL</span></a> model only. At the start of the <a href="/wh40k10ed/the-rules/core-rules/#The-Battle-Round">battle round</a>, you can select one friendly <span class="tooltip00459" data-tooltip-content="#tooltip_content00459" data-tooltip-anchor="#tooltip_content00459"><span class="kwb kwbu">SKITARII</span></span> unit within 12" of the bearer. Until the start of the next battle round, the <span class="tooltip00504" data-tooltip-content="#tooltip_content00504"><span class="tt kwbu">Protector</span> <span class="tt kwbu">Imperative</span></span> and the <span class="tooltip00505" data-tooltip-content="#tooltip_content00505"><span class="tt kwbu">Conqueror</span> <span class="tt kwbu">Imperative</span></span> are both active for that unit.|
AdM|000009298002|Beseech the Machine Spirits|0|Machine Cult|000000914|With acts of electroflagellation, the faithful seek the aid of the vessels systems.|At the end of the <a href="/wh40k10ed/the-rules/core-rules/#1.-Move-Units">Move Units</a> step of your <a href="/wh40k10ed/the-rules/boarding-action-rules/#Movement-Phase">Movement phase</a>, the bearer can attempt to <a href="/wh40k10ed/the-rules/boarding-action-rules/#Open-Hatchways">operate a Hatchway</a> that is <a href="/wh40k10ed/the-rules/boarding-action-rules/#Visibility">visible</a> to and within 9" of it, instead of one within 1". When doing so, if your opponent attempts to prevent it, add the bearers Toughness characteristic to your result of the <span class="tooltip00506" data-tooltip-content="#tooltip_content00506"><span class="tt kwbu">roll-off</span></span>, instead of that of a friendly model within 1" of that Hatchway.|
AdM|000009745002|Transoracular Dyad Wafers|15|Haloscreed Battle Clade|000000984|Inloaded with advanced combat protocols, tactical hymnals and holy autoscripture, these doctrina wafers grant greater autonomy and destructive might to the constructs of the Legio Cybernetica.|<a class="kwbOne" href="/wh40k10ed/factions/adeptus-mechanicus/Cybernetica-Datasmith"><span class="kwb kwbo">CYBERNETICA</span> <span class="kwb kwbo">DATASMITH</span></a> model only. When the bearer is <span class="tooltip00029" data-tooltip-content="#tooltip_content00029"><span class="tt kwbu">attached</span></span> to a <a class="kwbOne" href="/wh40k10ed/factions/adeptus-mechanicus/Kastelan-Robots"><span class="kwb kwbo">KASTELAN</span> <span class="kwb kwbo">ROBOTS</span></a> unit, until the end of the battle, models in that unit gain the <span class="kwb">HALO</span> <span class="kwb">OVERRIDE</span> keyword. That unit cannot be selected when selecting units as part of the <span class="tooltip00508" data-tooltip-content="#tooltip_content00508"><span class="tt kwbu">Noospheric</span> <span class="tt kwbu">Transference</span></span> Detachment rule.|
AdM|000009290002|Admonissor Shunt|0|Response Clade|000000913|Senior Skitarii officers can be augmented with cybernetic override emitters that release protocol blurts to force compliance from their footsoldiers.|Once per battle, at the start of any phase, if the bearer is on the battlefield, you can select one friendly <span class="tooltip00459" data-tooltip-content="#tooltip_content00459" data-tooltip-anchor="#tooltip_content00459"><span class="kwb kwbu">SKITARII</span></span> unit that is <span class="tooltip00036" data-tooltip-content="#tooltip_content00036"><span class="tt kwbu">Battle-shocked</span></span>. That unit is no longer Battle-shocked.|
AdM|000008564003|Mantle of the Gnosticarch|15|Data-Psalm Conclave|000000821|The toughened weave of this hooded robe includes hypo-ceramic threads, thermoplastics and terranic polymers that create a holy shroud capable of resisting the infernos of plasma reactors.|<span class="tooltip00500" data-tooltip-content="#tooltip_content00500" data-tooltip-anchor="#tooltip_content00500"><span class="kwb kwbu">TECH-PRIEST</span></span> model only. Each time an attack is allocated to the bearer, change the Damage characteristic of that attack to 1.|
AdM|000009281003|Multi-dimensional Auspex|0|Electromartyrs|000000912|No physical barrier can deny the omniscient datasight of the Omnissiah and its blessed servants.|Once per battle, in your <a href="/wh40k10ed/the-rules/boarding-action-rules/#Shooting-Phase">Shooting phase</a>, when the bearer is selected to shoot, it can use this Enhancement. If it does, until the end of the phase, it can ignore <a href="/wh40k10ed/the-rules/boarding-action-rules/#Terrain">Walls</a> and closed <a href="/wh40k10ed/the-rules/boarding-action-rules/#Terrain">Hatchways</a> for the purposes of <a href="/wh40k10ed/the-rules/core-rules/#Determining-Visibility">determining visibility</a>, and the Range characteristic of ranged weapons it is equipped with is changed to 6".|
AdM|000009298003|Harmonic Discordator|0|Machine Cult|000000914|Voices cyber-modulated to hideously unsettling pitches, the faithful of the Omnissiah weaponise their hymnals.|In the <span class="tooltip00036" data-tooltip-content="#tooltip_content00036"><span class="tt kwbu">Battle-shock</span></span> step of your opponents <a href="/wh40k10ed/the-rules/core-rules/#COMMAND-PHASE">Command phase</a>, if an enemy unit that is below its <span class="tooltip00232" data-tooltip-content="#tooltip_content00232"><span class="tt kwbu">Starting</span> <span class="tt kwbu">Strength</span></span> is within 3" of the bearer, that unit must take a <span class="tooltip00036" data-tooltip-content="#tooltip_content00036"><span class="tt kwbu">Battle-shock</span> <span class="tt kwbu">test</span></span>. If that enemy unit is also <span class="tooltip00233" data-tooltip-content="#tooltip_content00233"><span class="tt kwbu">Below</span> <span class="tt kwbu">Half-strength</span></span>, subtract 1 from that test. This Enhancement cannot cause a unit to take two Battle-shock tests in the same phase.|
AdM|000008572003|Lord of Machines|20|Cohort Cybernetica|000000823|An intense burst of viral static can overload those machine spirits yoked to the service of the enemy.|<span class="tooltip00420" data-tooltip-content="#tooltip_content00420" data-tooltip-anchor="#tooltip_content00420"><span class="kwb kwbu">TECH-PRIEST</span></span> model only. Once per turn, at the start of your opponentâs <a href="/wh40k10ed/the-rules/core-rules/#SHOOTING-PHASE">Shooting phase</a>, select one enemy VEHICLE unit within 12" of and visible to the bearer. That unit must take a <span class="tooltip00509" data-tooltip-content="#tooltip_content00509"><span class="tt kwbu">Leadership</span> <span class="tt kwbu">test</span></span>: if that test is passed, until the end of the phase, each time a model in that unit makes an attack, subtract 1 from the <span class="tooltip00031" data-tooltip-content="#tooltip_content00031"><span class="tt kwbu">Hit</span> <span class="tt kwbu">roll</span></span>; if that test is failed, that unit is not eligible to shoot this phase.|
AdM|000008568003|Genetor|25|Explorator Maniple|000000822|Cyborg interfaces, genetic manipulation and alchemical behavioural modification are all avenues of interest to Genetors, and their enhanced creations are formidable in protecting their masterâs divine work.|<span class="tooltip00420" data-tooltip-content="#tooltip_content00420" data-tooltip-anchor="#tooltip_content00420"><span class="kwb kwbu">TECH-PRIEST</span></span> model only. While the bearer is leading a unit that is within range of your Acquisition <span class="tooltip00064" data-tooltip-content="#tooltip_content00064"><span class="tt kwbu">objective</span> <span class="tt kwbu">marker</span></span>, models in that unit have a 4+ <span class="tooltip00051" data-tooltip-content="#tooltip_content00051"><span class="tt kwbu">invulnerable</span> <span class="tt kwbu">save</span></span>.|
AdM|000009745003|Cognitive Reinforcement|35|Haloscreed Battle Clade|000000984|From afar, the guiding hand of the Omnissian priesthood allows this warrior to process streams of sensory input and encoded imperatives simultaneously.|<span class="kwb">ADEPTUS</span> <span class="kwb">MECHANICUS</span> model only (excluding <a class="kwbOne" href="/wh40k10ed/factions/adeptus-mechanicus/Cybernetica-Datasmith"><span class="kwb kwbo">CYBERNETICA</span> <span class="kwb kwbo">DATASMITH</span></a> models). The <span class="tooltip00505" data-tooltip-content="#tooltip_content00505"><span class="tt kwbu">Conqueror</span> <span class="tt kwbu">Imperative</span></span> and <span class="tooltip00504" data-tooltip-content="#tooltip_content00504"><span class="tt kwbu">Protector</span> <span class="tt kwbu">Imperative</span></span> are both active for the bearerâs unit.|
AdM|000008385003|Malphonic Susurrus|20|Rad-Zone Corps|000000762|This master of splintered choruses leads their followers in a projection of clashing frequencies. Scanners and sensoriums trained in their direction are befouled by the disruptive input.|<span class="kwb">ADEPTUS</span> <span class="kwb">MECHANICUS</span> model only. While the bearer is leading a unit, models in that unit have the <span class="tooltip00496" data-tooltip-content="#tooltip_content00496"><span class="tt kwbu">Stealth</span></span> ability.|
AdM|000009290003|Optimised Cogitators|0|Response Clade|000000913|Skitarii Marshals of shipboard clades often share partial data-symbiosis with the master cogitators of the ship they serve on. This allows them to defend their vessel with nigh-instinctive strategic insight.|Once per <a href="/wh40k10ed/the-rules/core-rules/#The-Battle-Round">battle round</a>, when you target the bearer with a Stratagem, that use of that Stratagem costs 1 less CP than normal.|
AdM|000008560003|Clandestine Infiltrator|20|Skitarii Hunter Cohort|000000820|Under cover of auspex scramblers, this holy soldier leads their fellows in a stealthy advance.|<span class="tooltip00459" data-tooltip-content="#tooltip_content00459" data-tooltip-anchor="#tooltip_content00459"><span class="kwb kwbu">SKITARII</span></span> model only. The bearer, and models in any unit they are leading, have the <span class="tooltip00510" data-tooltip-content="#tooltip_content00510"><span class="tt kwbu">Infiltrators</span></span> and <span class="tooltip00100" data-tooltip-content="#tooltip_content00100"><span class="tt kwbu">Scouts</span></span> 6" abilities.|
AdM|000008560004|Veiled Hunter|10|Skitarii Hunter Cohort|000000820|In silent supplication, a concentrated burst of noospheric negation manifests as a heavy band of shadow. Under this shroud, this commanders warriors obfuscate the foeâs sensors and confuse their strategy.|<a class="kwbOne" href="/wh40k10ed/factions/adeptus-mechanicus/Skitarii-Marshal"><span class="kwb kwbo">SKITARII</span> <span class="kwb kwbo">MARSHAL</span></a> model only. After both players have deployed their armies, you can select up to three <span class="tooltip00261" data-tooltip-content="#tooltip_content00261" data-tooltip-anchor="#tooltip_content00261"><span class="kwb kwbu">SKITARII</span> <span class="kwb kwbu">INFANTRY</span></span> units from your army and redeploy all of those units. When doing so, any of those units can be placed into <a href="/wh40k10ed/the-rules/core-rules/#Strategic-Reserves">Strategic Reserves</a>, regardless of how many units are already in Strategic Reserves.|
AdM|000009745004|Sanctified Ordnance|10|Haloscreed Battle Clade|000000984|The ammunition borne to battle by this disciple of the Machine God and those at their command has been subjected to ritual anointings and autosermonic blessings, lending it far greater stability.|<span class="kwb">ADEPTUS</span> <span class="kwb">MECHANICUS</span> model only. Add 6" to the range characteristic of ranged weapons equipped by models in the bearerâs unit and, each time a <span class="tooltip00034" data-tooltip-content="#tooltip_content00034"><span class="tt kwbu">Hazardous</span> <span class="tt kwbu">test</span></span> is taken for that unit, you can re-roll the result.|
AdM|000008564004|Data-blessed Autosermon|20|Data-Psalm Conclave|000000821|Struck with an infoload of revelation, truly blessed Tech-Priests will override the sacred canticles to deliver the Machine Godâs adaptive wisdom.|<span class="tooltip00500" data-tooltip-content="#tooltip_content00500" data-tooltip-anchor="#tooltip_content00500"><span class="kwb kwbu">TECH-PRIEST</span></span> model only. Once per battle, at the start of your <a href="/wh40k10ed/the-rules/core-rules/#COMMAND-PHASE">Command phase</a>, you can select the Benediction of the Omnissiah you did not select at the start of the first <a href="/wh40k10ed/the-rules/core-rules/#The-Battle-Round">battle round</a>. Until the start of your next Command phase, that Benediction of the Omnissiah is active for the bearerâs unit in addition to the one that is currently active for your army.|
AdM|000008385004|Peerless Eradicator|20|Rad-Zone Corps|000000762|This perfectionist zealot directs their minions in the rapid and single-minded termination of all enemies of the Omnissiah.|<span class="kwb">ADEPTUS</span> <span class="kwb">MECHANICUS</span> model only. While the bearer is leading a unit, ranged weapons equipped by models in that unit have the <span class="kwb2 bluefont"><span class="tooltip00061" data-tooltip-content="#tooltip_content00061"><span class="tt kwbu">[SUSTAINED</span> <span class="tt kwbu">HITS</span> <span class="tt kwbu">1]</span></span></span> ability.|
AdM|000008572004|Emotionless Clarity|15|Cohort Cybernetica|000000823|With a mind unsullied by the passions common to the flesh, a Tech-Priest can entreat the machine spirit of a dying war engine to enact one final triumph.|<span class="tooltip00420" data-tooltip-content="#tooltip_content00420" data-tooltip-anchor="#tooltip_content00420"><span class="kwb kwbu">TECH-PRIEST</span></span> model only. Once per turn, when a friendly <span class="tooltip00502" data-tooltip-content="#tooltip_content00502" data-tooltip-anchor="#tooltip_content00502"><span class="kwb kwbu">LEGIO</span> <span class="kwb kwbu">CYBERNETICA</span></span> or <span class="tooltip00418" data-tooltip-content="#tooltip_content00418" data-tooltip-anchor="#tooltip_content00418"><span class="kwb kwbu">ADEPTUS</span> <span class="kwb kwbu">MECHANICUS</span> <span class="kwb kwbu">VEHICLE</span></span> model with the <span class="tooltip00511" data-tooltip-content="#tooltip_content00511"><span class="tt kwbu">Deadly</span> <span class="tt kwbu">Demise</span></span> ability that is within 12" of the bearer is <span class="tooltip00206" data-tooltip-content="#tooltip_content00206"><span class="tt kwbu">destroyed</span></span>, the bearer can use this Enhancement. If it does, do not roll to determine whether any <span class="tooltip00049" data-tooltip-content="#tooltip_content00049"><span class="tt kwbu">mortal</span> <span class="tt kwbu">wounds</span></span> are inflicted as a result of that modelâs Deadly Demise ability. Instead, mortal wounds are automatically inflicted.|
AdM|000008568004|Logis|20|Explorator Maniple|000000822|Data-vores and biocogitators, logi amass huge stores of information. They analyse data from thousands of sources, rationalising every weak point the foe has. It is a fool indeed that stands before a logi and their prize.|<span class="tooltip00420" data-tooltip-content="#tooltip_content00420" data-tooltip-anchor="#tooltip_content00420"><span class="kwb kwbu">TECH-PRIEST</span></span> model only. While the bearer is leading a unit, each time a model in that unit makes an attack that targets a unit within range of your Acquisition <span class="tooltip00064" data-tooltip-content="#tooltip_content00064"><span class="tt kwbu">objective</span> <span class="tt kwbu">marker</span></span>, add 1 to the <span class="tooltip00031" data-tooltip-content="#tooltip_content00031"><span class="tt kwbu">Hit</span> <span class="tt kwbu">roll</span></span>.|
AdM|000009745005|Inloaded Lethality|15|Haloscreed Battle Clade|000000984|The ancient noospheric receptors implanted into this field commander enable them to receive constant streams of binharic kill code and static prayer chants, lending them greater strength and martial prowess.|<a class="kwbOne" href="/wh40k10ed/factions/adeptus-mechanicus/Tech-priest-Dominus"><span class="kwb kwbo">TECH-PRIEST</span> <span class="kwb kwbo">DOMINUS</span></a> or <a class="kwbOne" href="/wh40k10ed/factions/adeptus-mechanicus/Tech-priest-Manipulus"><span class="kwb kwbo">TECH-PRIEST</span> <span class="kwb kwbo">MANIPULUS</span></a> model only. Add 3 to the Attacks characteristic of the bearerâs melee weapons and add 1 to the Damage characteristic of the bearerâs melee weapons.|
AdM|000008572005|Arch-negator|10|Cohort Cybernetica|000000823|Feeding magneto-voltaic arcs and deadly frequencies into their weapons, the Tech-Priest is death incarnate to blasphemies against the Machine God.|<span class="tooltip00420" data-tooltip-content="#tooltip_content00420" data-tooltip-anchor="#tooltip_content00420"><span class="kwb kwbu">TECH-PRIEST</span></span> model only. Ranged weapons equipped by the bearer have the <span class="kwb2 bluefont"><span class="tooltip00174" data-tooltip-content="#tooltip_content00174"><span class="tt kwbu">[ANTI-VEHICLE</span> <span class="tt kwbu">4+]</span></span></span> ability.|
AdM|000008560005|Battle-sphere Uplink|30|Skitarii Hunter Cohort|000000820|Tapping into infostacks of data emanating from across the wider battle-sphere, this experienced Skitarius synchronises with the flow of wisdom, drawing upon data that enables near-prophetic reactions.|<span class="tooltip00459" data-tooltip-content="#tooltip_content00459" data-tooltip-anchor="#tooltip_content00459"><span class="kwb kwbu">SKITARII</span></span> model only. In your <a href="/wh40k10ed/the-rules/core-rules/#SHOOTING-PHASE">Shooting phase</a>, after the bearerâs unit has shot, if it is not within <span class="tooltip00023" data-tooltip-content="#tooltip_content00023"><span class="tt kwbu">Engagement</span> <span class="tt kwbu">Range</span></span> of one or more enemy units, that unit can make a <span class="tooltip00221" data-tooltip-content="#tooltip_content00221"><span class="tt kwbu">Normal</span> <span class="tt kwbu">move</span></span> of up to 6". If it does, until the end of the turn, that unit is not eligible to <a href="/wh40k10ed/the-rules/core-rules/#CHARGE-PHASE">declare a charge</a>.|
AdM|000008385005|Autoclavic Denunciation|15|Rad-Zone Corps|000000762|This devotee harbours a fanatical hatred of the biological. They have learned the secret weaknesses inherent in all flesh and do not hesitate to exploit them.|<span class="kwb">ADEPTUS</span> <span class="kwb">MECHANICUS</span> model only. Ranged weapons equipped by the bearer have the <span class="kwb2 bluefont"><span class="tooltip00174" data-tooltip-content="#tooltip_content00174"><span class="tt kwbu">[ANTI-INFANTRY</span> <span class="tt kwbu">2+]</span></span></span> and <span class="kwb2 bluefont"><span class="tooltip00174" data-tooltip-content="#tooltip_content00174"><span class="tt kwbu">[ANTI-MONSTER</span> <span class="tt kwbu">4+]</span></span></span> abilities.|
AdM|000008564005|Temporcopia|25|Data-Psalm Conclave|000000821|The Temporcopia is a relic from the Dark Age of Technology that releases a swarm of nano-engineered machines. These invisible devices seek out nearby prey, briefly draining electro-chemical potential before their power expires. Enemy warriors slow and stumble, at the mercy of the Tech-Priestâs bodyguard.|<span class="tooltip00500" data-tooltip-content="#tooltip_content00500" data-tooltip-anchor="#tooltip_content00500"><span class="kwb kwbu">TECH-PRIEST</span></span> model only. The bearerâs unit has the <span class="tooltip00512" data-tooltip-content="#tooltip_content00512"><span class="tt kwbu">Fights</span> <span class="tt kwbu">First</span></span> ability.|
AdM|000008568005|Artisan|15|Explorator Maniple|000000822|Artisans create wondrous artefacts of war. They install circuits of such beauty, and capacitor-nodes of such fine calibration, that their machine spirits respond with divine gratitude.|<span class="tooltip00420" data-tooltip-content="#tooltip_content00420" data-tooltip-anchor="#tooltip_content00420"><span class="kwb kwbu">TECH-PRIEST</span></span> model only. While the bearer is leading a unit that is within range of your Acquisition <span class="tooltip00064" data-tooltip-content="#tooltip_content00064"><span class="tt kwbu">objective</span> <span class="tt kwbu">marker</span></span>, once per phase, you can change the result of one <span class="tooltip00031" data-tooltip-content="#tooltip_content00031"><span class="tt kwbu">Hit</span> <span class="tt kwbu">roll</span></span>, one <span class="tooltip00006" data-tooltip-content="#tooltip_content00006"><span class="tt kwbu">Wound</span> <span class="tt kwbu">roll</span></span> or one <span class="tooltip00032" data-tooltip-content="#tooltip_content00032"><span class="tt kwbu">saving</span> <span class="tt kwbu">throw</span></span> made for that unit to an unmodified 6.|
AE|000009769002|Guiding Presence|25|Armoured Warhost|000000990|This seer is closely attuned to their craftworldâs vehicles. Communicating with the souls inhabiting hull-mounted spirit stones can sharpen the tactical awareness of spirits and crew.|<span class="tooltip00401" data-tooltip-content="#tooltip_content00401" data-tooltip-anchor="#tooltip_content00401"><span class="kwb kwbu">AELDARI</span> <span class="kwb kwbu">PSYKER</span></span> model only. At the start of your <a href="/wh40k10ed/the-rules/core-rules/#SHOOTING-PHASE">Shooting phase</a>, select one friendly <span class="tooltip00242" data-tooltip-content="#tooltip_content00242" data-tooltip-anchor="#tooltip_content00242"><span class="kwb kwbu">AELDARI</span> <span class="kwb kwbu">VEHICLE</span></span> model within 9" of the bearer. Until the end of the phase, each time that model makes an attack, add 1 to the <span class="tooltip00031" data-tooltip-content="#tooltip_content00031"><span class="tt kwbu">Hit</span> <span class="tt kwbu">roll</span></span>.|
AE|000009342002|Direct Guidance|0|Wraiths of the Void|000000921|Practised in the arts of warfare amidst tangled corridors and chambers, this seer knows how best to guide their spirit warriors to victory.|At the end of your <a href="/wh40k10ed/the-rules/boarding-action-rules/#Movement-Phase">Movement phase</a>, select one friendly <span class="tooltip00267" data-tooltip-content="#tooltip_content00267" data-tooltip-anchor="#tooltip_content00267"><span class="kwb kwbu">WRAITH</span> <span class="kwb kwbu">CONSTRUCT</span></span> unit within 6" of and <a href="/wh40k10ed/the-rules/boarding-action-rules/#Visibility">visible</a> to the bearer. Until the end of the turn, that <span class="kwb">WRAITH</span> <span class="kwb">CONSTRUCT</span> unit is eligible to shoot and <a href="/wh40k10ed/the-rules/core-rules/#CHARGE-PHASE">declare a charge</a> in a turn in which it <span class="tooltip00025" data-tooltip-content="#tooltip_content00025"><span class="tt kwbu">Fell</span> <span class="tt kwbu">Back</span></span>.|
AE|000009899002|Phoenix Gem|35|Warhost|000001017|Aeldari myth tells how Isha once drew down the heat of a hundred stars into a glittering gem to save Asuryan. The Phoenix Gem is the only surviving fragment of this ancient stone and retains the power to return life to the fallen.|<span class="tooltip00239" data-tooltip-content="#tooltip_content00239" data-tooltip-anchor="#tooltip_content00239"><span class="kwb kwbu">ASURYANI</span></span> model only. The first time the bearer is destroyed, remove it from play, then, at the end of the phase, roll one D6: on a 2+, set the bearer back up on the battlefield as close as possible to where it was destroyed and not within <span class="tooltip00023" data-tooltip-content="#tooltip_content00023"><span class="tt kwbu">Engagement</span> <span class="tt kwbu">Range</span></span> of one or more enemy units, with its full wounds remaining.|
AE|000009923002|Lucid Eye|30|Seer Council|000001023|This helm houses a psychocrystalline weave that aids the wearer in sifting clarity and truth from the myriad ghosts of unrealised futures.|<span class="tooltip00513" data-tooltip-content="#tooltip_content00513" data-tooltip-anchor="#tooltip_content00513"><span class="kwb kwbu">ASURYANI</span> <span class="kwb kwbu">PSYKER</span></span> model only. In your <a href="/wh40k10ed/the-rules/core-rules/#COMMAND-PHASE">Command phase</a>, you can add 1 to or subtract 1 from the value of one <span class="tooltip00521" data-tooltip-content="#tooltip_content00521"><span class="tt kwbu">Fate</span> <span class="tt kwbu">dice</span></span> in your Fate dice pool.|
AE|000009907002|Light of Clarity|30|Spirit Conclave|000001019|The mind of this Spiritseer shines with psychic illumination, burning away the veils that cloud the senses of the dead.|<a class="kwbOne" href="/wh40k10ed/factions/aeldari/Spiritseer"><span class="kwb kwbo">SPIRITSEER</span></a> model only. In your <a href="/wh40k10ed/the-rules/core-rules/#COMMAND-PHASE">Command phase</a>, select one friendly <span class="tooltip00267" data-tooltip-content="#tooltip_content00267" data-tooltip-anchor="#tooltip_content00267"><span class="kwb kwbu">WRAITH</span> <span class="kwb kwbu">CONSTRUCT</span></span> unit within 12" of the bearer. Until the start of your next Command phase, add 1 to the Objective Control characteristic of <span class="kwb">INFANTRY</span> models in that unit and add 3 to the Objective Control characteristic of <span class="kwb">MONSTER</span> models in that unit.|
AE|000009351002|Prismatic Garb|0|Star-dancer Masque|000000922|In the close confines of shipboard war, the bewildering effect of this Harlequinâs domino field is redoubled.|Enemy units cannot fire <a href="/wh40k10ed/the-rules/boarding-action-rules/#Set-Overwatch">Overwatch</a> at the bearer.|
AE|000009334002|Grace of Khaine|0|Protector Host|000000920|Fighting with lethal agility and perfect balance, this warrior places their every blow to inflict the maximum damage and scythe their enemies' every defence.|Each time the bearer makes an attack, re-roll a <span class="tooltip00031" data-tooltip-content="#tooltip_content00031"><span class="tt kwbu">Hit</span> <span class="tt kwbu">roll</span></span> of 1, re-roll a <span class="tooltip00006" data-tooltip-content="#tooltip_content00006"><span class="tt kwbu">Wound</span> <span class="tt kwbu">roll</span></span> of 1 and re-roll a Damage roll of 1.|
AE|000009325002|Runes of Sanctuary (Psychic)|0|Khaineâs Arrow|000000919|Before battle was even joined the runes were cast, and this forces safest and truest passage through their foes predicted then committed to heart.|<span class="tooltip00522" data-tooltip-content="#tooltip_content00522" data-tooltip-anchor="#tooltip_content00522"><span class="kwb kwbu">PSYKER</span></span> model only. Once per turn, in your opponents <a href="/wh40k10ed/the-rules/boarding-action-rules/#Shooting-Phase">Shooting phase</a>, when a friendly <span class="kwb">AELDARI</span> unit within 9" of and <a href="/wh40k10ed/the-rules/boarding-action-rules/#Visibility">visible</a> to the bearer is selected as the target of a ranged attack, the bearer can use this Enhancement. If it does, until the end of the phase, each time an attack targets that friendly <span class="kwb">AELDARI</span> unit, worsen the Armour Penetration characteristic of that attack by 1.|
AE|000009915002|Cegorachâs Coil|25|Ghosts of the Webway|000001021|This vicious monofilament lariat unspools from its wielderâs gauntlet in a heartbeat, lashing through the foe before retracting as they tumble into bloody chunks.|<a class="kwbOne" href="/wh40k10ed/factions/aeldari/Troupe-Master"><span class="kwb kwbo">TROUPE</span> <span class="kwb kwbo">MASTER</span></a> model only. Each time the bearerâs unit ends a <span class="tooltip00033" data-tooltip-content="#tooltip_content00033"><span class="tt kwbu">Charge</span> <span class="tt kwbu">move</span></span>, select one enemy unit within <span class="tooltip00023" data-tooltip-content="#tooltip_content00023"><span class="tt kwbu">Engagement</span> <span class="tt kwbu">Range</span></span> of the bearerâs unit, then roll one D6 for each model in the bearerâs unit that is within Engagement Range of that enemy unit: for each 4+, that enemy unit suffers 1 <span class="tooltip00049" data-tooltip-content="#tooltip_content00049"><span class="tt kwbu">mortal</span> <span class="tt kwbu">wound</span></span> (to a maximum of 6 mortal wounds).|
AE|000009903002|Firstdrawn Blade|10|Windrider Host|000001018|Those who lead the Windrider Hosts do so from the front, embodying the first of the Swords of Vaul drawn in wrath.|<span class="tooltip00523" data-tooltip-content="#tooltip_content00523" data-tooltip-anchor="#tooltip_content00523"><span class="kwb kwbu">ASURYANI</span> <span class="kwb kwbu">MOUNTED</span></span> model only. Models in the bearerâs unit have the <span class="tooltip00100" data-tooltip-content="#tooltip_content00100"><span class="tt kwbu">Scouts</span> <span class="tt kwbu">9"</span></span> ability.|
AE|000009911002|Craftworldâs Champion|25|Guardian Battlehost|000001020|Appointed as the mastermind behind the defence of an entire craftworld, this warrior will hold vital ground at all costs.|<span class="tooltip00239" data-tooltip-content="#tooltip_content00239" data-tooltip-anchor="#tooltip_content00239"><span class="kwb kwbu">ASURYANI</span></span> model only. The bearer has an Objective Control characteristic of 5.|
AE|000009919002|Gaze of Ynnead|15|Devoted of Ynnead|000001022|This psychic executioner projects the extinguishing will of the Aeldari death god into the minds of the fc reducing them to ashen grey husks in moments.|<span class="tooltip00265" data-tooltip-content="#tooltip_content00265" data-tooltip-anchor="#tooltip_content00265"><span class="kwb kwbu">FARSEER</span></span> model only. The bearerâs Eldritch Storm weapon has the <span class="kwb2 bluefont"><span class="tooltip00048" data-tooltip-content="#tooltip_content00048"><span class="tt kwbu">[devastating</span> <span class="tt kwbu">wounds]</span></span></span> ability.|
AE|000009927002|Aspect of Murder|25|Aspect Host|000001024|Khaine is a murderous deity, and many of his aspects channel this element of his nature to some degree. Combining these teachings renders this warrior a truly fearsome assassin.|<span class="tooltip00264" data-tooltip-content="#tooltip_content00264" data-tooltip-anchor="#tooltip_content00264"><span class="kwb kwbu">AUTARCH</span></span> or <a class="kwbOne" href="/wh40k10ed/factions/aeldari/Autarch-Wayleaper"><span class="kwb kwbo">AUTARCH</span> <span class="kwb kwbo">WAYLEAPER</span></a> model only. Add 1 to the Damage characteristic of melee weapons equipped by the bearer, and those weapons have the <span class="kwb2 bluefont"><span class="tooltip00057" data-tooltip-content="#tooltip_content00057"><span class="tt kwbu">[precision]</span></span></span> ability.|
AE|000009342003|Song of Renewal|0|Wraiths of the Void|000000921|Employing their potent arts, this seer is able to guide ghost warriors back from the very brink of oblivion.|In your <a href="/wh40k10ed/the-rules/core-rules/#COMMAND-PHASE">Command phase</a>, the bearer can use this Enhancement. If it does, select one friendly <span class="tooltip00267" data-tooltip-content="#tooltip_content00267" data-tooltip-anchor="#tooltip_content00267"><span class="kwb kwbu">WRAITH</span> <span class="kwb kwbu">CONSTRUCT</span></span> unit within 6" of and <a href="/wh40k10ed/the-rules/boarding-action-rules/#Visibility">visible</a> to the bearer. Return one <span class="tooltip00206" data-tooltip-content="#tooltip_content00206"><span class="tt kwbu">destroyed</span></span> model to that <span class="kwb">WRAITH</span> <span class="kwb">CONSTRUCT</span> unit with its full wounds remaining.<br><br>The bearer can only use this Enhancement up to two times.|
AE|000009927003|Mantle of Wisdom|30|Aspect Host|000001024|This ritual relic marks the bearer out as one who has walked the Path of Command for ages untold and whose understanding of all things martial borders on the preternatural.|<span class="tooltip00264" data-tooltip-content="#tooltip_content00264" data-tooltip-anchor="#tooltip_content00264"><span class="kwb kwbu">AUTARCH</span></span> or <a class="kwbOne" href="/wh40k10ed/factions/aeldari/Autarch-Wayleaper"><span class="kwb kwbo">AUTARCH</span> <span class="kwb kwbo">WAYLEAPER</span></a> model only. While the bearer is leading an <span class="tooltip00524" data-tooltip-content="#tooltip_content00524" data-tooltip-anchor="#tooltip_content00524"><span class="kwb kwbu">ASPECT</span> <span class="kwb kwbu">WARRIORS</span></span> unit, each time that unit is selected to shoot or fight, until the end of the phase, models in that unit gain both of the abilities from the <span class="tooltip00525" data-tooltip-content="#tooltip_content00525"><span class="tt kwbu">Path</span> <span class="tt kwbu">of</span> <span class="tt kwbu">the</span> <span class="tt kwbu">Warrior</span></span> Detachment rule.|
AE|000009919003|Storm of Whispers|10|Devoted of Ynnead|000001022|As though this Warlock were a conduit to the realm of the unquiet dead, they are surrounded by an endless susurrus that chills the foe with terror.|<span class="tooltip00400" data-tooltip-content="#tooltip_content00400" data-tooltip-anchor="#tooltip_content00400"><span class="kwb kwbu">WARLOCK</span></span> model only. In your <a href="/wh40k10ed/the-rules/core-rules/#SHOOTING-PHASE">Shooting phase</a>, after the bearer has shot, select one enemy unit hit by one or more of those attacks. That unit must take a <span class="tooltip00036" data-tooltip-content="#tooltip_content00036"><span class="tt kwbu">Battle-shock</span> <span class="tt kwbu">test</span></span>.|
AE|000009334003|Rallying Cry|0|Protector Host|000000920|With well-chosen inspirational words, this war leader swiftly mobilises the Aeldari defence forces to protect their vessel.|In the <a href="/wh40k10ed/the-rules/boarding-action-rules/#Deploy-Armies">Deploy Armies</a> step, when the bearer is <a href="/wh40k10ed/the-rules/boarding-action-rules/#Set-Up">set up</a> in an Entry Zone, you can set up two friendly <span class="tooltip00526" data-tooltip-content="#tooltip_content00526" data-tooltip-anchor="#tooltip_content00526"><span class="kwb kwbu">GUARDIANS</span></span> units within that Entry Zone instead of any other units.|
AE|000009325003|Shieldmaster|0|Khaineâs Arrow|000000919|This warrior exploits every detail of their environment to stave off pursuing or encircling foes.|Once per turn, in your <a href="/wh40k10ed/the-rules/boarding-action-rules/#Movement-Phase">Movement phase</a>, after the bearer has moved, you can close one <a href="/wh40k10ed/the-rules/boarding-action-rules/#Open-Hatchways">open Hatchway</a> it moved through this phase (this can be done in addition to operating a Hatchway using the <span class="tooltip00527" data-tooltip-content="#tooltip_content00527"><span class="tt kwbu">Unerring</span> <span class="tt kwbu">Strike</span></span> Detachment rule).|
AE|000009903003|Mirage Field|25|Windrider Host|000001018|This field generator surrounds its bearer with contradictory sensor ghosts and split-second illusions that make them incredibly challenging to target, particularly when moving at speed.|<span class="tooltip00523" data-tooltip-content="#tooltip_content00523" data-tooltip-anchor="#tooltip_content00523"><span class="kwb kwbu">ASURYANI</span> <span class="kwb kwbu">MOUNTED</span></span> model only. Each time an attack targets the bearerâs unit, subtract 1 from the <span class="tooltip00031" data-tooltip-content="#tooltip_content00031"><span class="tt kwbu">Hit</span> <span class="tt kwbu">roll</span></span>.|
AE|000009899003|Timeless Strategist|15|Warhost|000001017|This ancient Aeldari war leader has commanded armies for the entire lifetimes of the younger mortal species. Their mastery of the swift, decisive and reactive strategy is second to none.|<span class="tooltip00239" data-tooltip-content="#tooltip_content00239" data-tooltip-anchor="#tooltip_content00239"><span class="kwb kwbu">ASURYANI</span></span> model only. At the start of the <a href="/wh40k10ed/the-rules/core-rules/#The-Battle-Round">battle round</a>, if the bearer is on the battlefield (or any <span class="tooltip00482" data-tooltip-content="#tooltip_content00482" data-tooltip-anchor="#tooltip_content00482"><span class="kwb kwbu">TRANSPORT</span></span> it is <span class="tooltip00026" data-tooltip-content="#tooltip_content00026"><span class="tt kwbu">embarked</span></span> within is on the battlefield), you receive 1 additional <span class="tooltip00398" data-tooltip-content="#tooltip_content00398"><span class="tt kwbu">Battle</span> <span class="tt kwbu">Focus</span> <span class="tt kwbu">token</span></span>.|
AE|000009911003|Ethereal Pathway|30|Guardian Battlehost|000001020|Knowing secret paths through the Webway, the bearer can direct warriors to outmanoeuvre the foe.|<span class="tooltip00239" data-tooltip-content="#tooltip_content00239" data-tooltip-anchor="#tooltip_content00239"><span class="kwb kwbu">ASURYANI</span></span> model only. In the Deploy Armies step, select up to two <span class="tooltip00526" data-tooltip-content="#tooltip_content00526" data-tooltip-anchor="#tooltip_content00526"><span class="kwb kwbu">GUARDIANS</span></span> units from your army. Models in the selected units have the <span class="tooltip00510" data-tooltip-content="#tooltip_content00510"><span class="tt kwbu">Infiltrators</span></span> ability.|
AE|000009907003|Stave of Kurnous|15|Spirit Conclave|000001019|Wound about with finely inscribed myths of Kurnous, the Hunter, this wraithbone staff imbues ghost warriors with an echo of the slain godâs keen-eyed skill.|<a class="kwbOne" href="/wh40k10ed/factions/aeldari/Spiritseer"><span class="kwb kwbo">SPIRITSEER</span></a> model only. In your <a href="/wh40k10ed/the-rules/core-rules/#COMMAND-PHASE">Command phase</a>, select one friendly <span class="tooltip00267" data-tooltip-content="#tooltip_content00267" data-tooltip-anchor="#tooltip_content00267"><span class="kwb kwbu">WRAITH</span> <span class="kwb kwbu">CONSTRUCT</span></span> unit within 12" of the bearer (excluding <span class="kwb">TITANIC</span> units). Until the start of your next Command phase, each time a model in that unit makes an attack, on a <span class="tooltip00006" data-tooltip-content="#tooltip_content00006"><span class="tt kwbu">Critical</span> <span class="tt kwbu">Wound</span></span>, that attack has the <span class="kwb2 bluefont"><span class="tooltip00057" data-tooltip-content="#tooltip_content00057"><span class="tt kwbu">[precision]</span></span></span> ability.|
AE|000009923003|Runes of Warding|25|Seer Council|000001023|These precisely crafted runic wards hold harmful empyric energies and predatory entities at hay, protecting the bearerâs mind and soul.|<span class="tooltip00513" data-tooltip-content="#tooltip_content00513" data-tooltip-anchor="#tooltip_content00513"><span class="kwb kwbu">ASURYANI</span> <span class="kwb kwbu">PSYKER</span></span> model only. Models in the bearerâs unit have the <span class="tooltip00119" data-tooltip-content="#tooltip_content00119"><span class="tt kwbu">Feel</span> <span class="tt kwbu">No</span> <span class="tt kwbu">Pain</span> <span class="tt kwbu">4+</span></span> ability against <span class="tooltip00049" data-tooltip-content="#tooltip_content00049"><span class="tt kwbu">mortal</span> <span class="tt kwbu">wounds</span></span>, <span class="tooltip00528" data-tooltip-content="#tooltip_content00528"><span class="tt kwbu">Psychic</span> <span class="tt kwbu">Attacks</span></span> and <span class="tooltip00006" data-tooltip-content="#tooltip_content00006"><span class="tt kwbu">Critical</span> <span class="tt kwbu">Wounds</span></span> caused by attacks with the <span class="kwb2 bluefont"><span class="tooltip00048" data-tooltip-content="#tooltip_content00048"><span class="tt kwbu">[devastating</span> <span class="tt kwbu">wounds]</span></span></span> ability.|
AE|000009769003|Harmonisation Matrix|30|Armoured Warhost|000000990|When activated by its bearer, this crystalline device enables them to interface with Aeldari war machines, issuing orders and receiving combat reports at the speed of thought.|<span class="kwb">AELDARI</span> model only. In your <a href="/wh40k10ed/the-rules/core-rules/#COMMAND-PHASE">Command phase</a>, if the bearer (or any <span class="tooltip00482" data-tooltip-content="#tooltip_content00482" data-tooltip-anchor="#tooltip_content00482"><span class="kwb kwbu">TRANSPORT</span></span> it is <span class="tooltip00026" data-tooltip-content="#tooltip_content00026"><span class="tt kwbu">embarked</span></span> within) is within range of an <span class="tooltip00064" data-tooltip-content="#tooltip_content00064"><span class="tt kwbu">objective</span> <span class="tt kwbu">marker</span></span> you control, roll one D6: on a 3+, you gain 1CP.|
AE|000009351003|Path of Eldanesh|0|Star-dancer Masque|000000922|Following the steps of the Path of Eldanesh, this player moves through their foes like a bladed wind, swift and unstoppable as that hero of myth.|The bearer has the <span class="tooltip00512" data-tooltip-content="#tooltip_content00512"><span class="tt kwbu">Fights</span> <span class="tt kwbu">First</span></span> ability and, each time the bearer opens a <a href="/wh40k10ed/the-rules/boarding-action-rules/#Terrain">Hatchway</a>, until the end of the turn, improve the Armour Penetration characteristic of melee weapons equipped by the bearer by 1.|
AE|000009915003|Mask of Secrets|15|Ghosts of the Webway|000001021|So terrifying and yet so captivating are the shifting aspects of this Harlequinâs psychoreactive mask that they can hypnotise foes or stop their hearts with fear.|<span class="tooltip00244" data-tooltip-content="#tooltip_content00244" data-tooltip-anchor="#tooltip_content00244"><span class="kwb kwbu">HARLEQUINS</span></span> model only. Each time an enemy unit (excluding <span class="kwb">MONSTERS</span> and <span class="kwb">VEHICLES</span>) within <span class="tooltip00023" data-tooltip-content="#tooltip_content00023"><span class="tt kwbu">Engagement</span> <span class="tt kwbu">Range</span></span> of the bearerâs unit <span class="tooltip00025" data-tooltip-content="#tooltip_content00025"><span class="tt kwbu">Falls</span> <span class="tt kwbu">Back</span></span>, all models in that enemy unit must take a <span class="tooltip00025" data-tooltip-content="#tooltip_content00025"><span class="tt kwbu">Desperate</span> <span class="tt kwbu">Escape</span> <span class="tt kwbu">test</span></span>. When doing so, if that enemy unit is <span class="tooltip00036" data-tooltip-content="#tooltip_content00036"><span class="tt kwbu">Battle-shocked</span></span>, subtract 1 from each of those tests.|
AE|000009899004|Gift of Foresight|15|Warhost|000001017|It is far easier to avoid fatal battlefield errors if one has already foreseen when they will occur and how to prevent them.|<span class="tooltip00239" data-tooltip-content="#tooltip_content00239" data-tooltip-anchor="#tooltip_content00239"><span class="kwb kwbu">ASURYANI</span></span> model only. Once per <a href="/wh40k10ed/the-rules/core-rules/#The-Battle-Round">battle round</a>, you can target the bearerâs unit with the <span class="tooltip00529" data-tooltip-content="#tooltip_content00529"><span class="tt kwbu">Command</span> <span class="tt kwbu">Re-roll</span></span> Stratagem for 0CP.|
AE|000009919004|Borrowed Vigour|10|Devoted of Ynnead|000001022|This cruel warrior steals a portion of animus from each vanquished foe, keeping a little of Ynneadâs due to empower themselves and slay more foes in his name.|<a class="kwbOne" href="/wh40k10ed/factions/aeldari/Ynnari-Archon"><span class="kwb kwbo">ARCHON</span></a> model only. Add 2 to the Attacks characteristic of the bearerâs melee weapons.|
AE|000009927004|Shimmerstone|15|Aspect Host|000001024|This simple and elegant gem conceals complex technology based on Dire Avenger shimmershields, its protective aegis extending across the bearer and those who fight at their side.|<span class="tooltip00264" data-tooltip-content="#tooltip_content00264" data-tooltip-anchor="#tooltip_content00264"><span class="kwb kwbu">AUTARCH</span></span> or <a class="kwbOne" href="/wh40k10ed/factions/aeldari/Autarch-Wayleaper"><span class="kwb kwbo">AUTARCH</span> <span class="kwb kwbo">WAYLEAPER</span></a> model only. While the bearer is leading an <span class="tooltip00524" data-tooltip-content="#tooltip_content00524" data-tooltip-anchor="#tooltip_content00524"><span class="kwb kwbu">ASPECT</span> <span class="kwb kwbu">WARRIORS</span></span> unit, each time a ranged attack targets that unit, subtract 1 from the <span class="tooltip00006" data-tooltip-content="#tooltip_content00006"><span class="tt kwbu">Wound</span> <span class="tt kwbu">roll</span></span>.|
AE|000009911004|Protector of the Paths|20|Guardian Battlehost|000001020|This warriorâs knowledge of the home ground on which they fight allows them to expertly position their forces to bracket the routes of the enemyâs approach with fire.|<span class="tooltip00239" data-tooltip-content="#tooltip_content00239" data-tooltip-anchor="#tooltip_content00239"><span class="kwb kwbu">ASURYANI</span></span> model only. While the bearer is leading a <a class="kwbOne" href="/wh40k10ed/factions/aeldari/Dire-Avengers"><span class="kwb kwbo">DIRE</span> <span class="kwb kwbo">AVENGERS</span></a> or <span class="tooltip00526" data-tooltip-content="#tooltip_content00526" data-tooltip-anchor="#tooltip_content00526"><span class="kwb kwbu">GUARDIANS</span></span> unit, once per <a href="/wh40k10ed/the-rules/core-rules/#The-Battle-Round">battle round</a>, you can target the bearerâs unit with the <span class="tooltip00241" data-tooltip-content="#tooltip_content00241"><span class="tt kwbu">Fire</span> <span class="tt kwbu">Overwatch</span></span> Stratagem for 0CP, and while resolving that Stratagem, hits are scored on unmodified <span class="tooltip00031" data-tooltip-content="#tooltip_content00031"><span class="tt kwbu">Hit</span> <span class="tt kwbu">rolls</span></span> of 5+, or unmodified Hit rolls of 4+ instead if the bearerâs unit is within range of an <span class="tooltip00064" data-tooltip-content="#tooltip_content00064"><span class="tt kwbu">objective</span> <span class="tt kwbu">marker</span></span> you control.|
AE|000009769004|Spirit Stone of Raelyth|20|Armoured Warhost|000000990|This spirit stone contains the essence of the Bonesinger Raelyth. Those Asuryani psykers who bear this item to battle can draw upon the fallen artisanâs talents.|<span class="tooltip00401" data-tooltip-content="#tooltip_content00401" data-tooltip-anchor="#tooltip_content00401"><span class="kwb kwbu">AELDARI</span> <span class="kwb kwbu">PSYKER</span></span> model only. While the bearer is within 3" of one or more friendly <span class="tooltip00242" data-tooltip-content="#tooltip_content00242" data-tooltip-anchor="#tooltip_content00242"><span class="kwb kwbu">AELDARI</span> <span class="kwb kwbu">VEHICLE</span></span> units, the bearer has the <span class="tooltip00222" data-tooltip-content="#tooltip_content00222"><span class="tt kwbu">Lone</span> <span class="tt kwbu">Operative</span></span> ability. In your <a href="/wh40k10ed/the-rules/core-rules/#COMMAND-PHASE">Command phase</a>, you can select one friendly <span class="kwb">AELDARI</span> <span class="kwb">VEHICLE</span> model within 3" of the bearer. That model regains up to D3 lost wounds.|
AE|000009915004|Murderâs Jest|20|Ghosts of the Webway|000001021|This malevolent shrieker cannon catalyses its victimsâ fear impulses into exaggerated bioelectric shocks, forcing them to scare themselves to death.|<a class="kwbOne" href="/wh40k10ed/factions/aeldari/Death-Jester"><span class="kwb kwbo">DEATH</span> <span class="kwb kwbo">JESTER</span></a> model only. Each time the bearer makes an attack that targets a unit that is <span class="tooltip00233" data-tooltip-content="#tooltip_content00233"><span class="tt kwbu">Below</span> <span class="tt kwbu">Half-strength</span></span>, each successful <span class="tooltip00031" data-tooltip-content="#tooltip_content00031"><span class="tt kwbu">Hit</span> <span class="tt kwbu">roll</span></span> scores a Critical Hit.|
AE|000009903004|Seersight Strike|15|Windrider Host|000001018|This warrior has mastered the art of augmenting their mounted attack runs with lashing blades of focused psychic power that punch through the heaviest armour and monstrous hide to vital targets deep within.|<span class="tooltip00530" data-tooltip-content="#tooltip_content00530" data-tooltip-anchor="#tooltip_content00530"><span class="kwb kwbu">ASURYANI</span> <span class="kwb kwbu">MOUNTED</span> <span class="kwb kwbu">PSYKER</span></span> model only. <span class="tooltip00528" data-tooltip-content="#tooltip_content00528"><span class="tt kwbu">Psychic</span> <span class="tt kwbu">weapons</span></span> equipped by the bearer have the <span class="kwb2 bluefont"><span class="tooltip00174" data-tooltip-content="#tooltip_content00174"><span class="tt kwbu">[anti-monster</span> <span class="tt kwbu">2+]</span></span></span> and <span class="kwb2 bluefont"><span class="tooltip00174" data-tooltip-content="#tooltip_content00174"><span class="tt kwbu">[anti-vehicle</span> <span class="tt kwbu">2+]</span></span></span> abilities.|
AE|000009907004|Rune of Mists|10|Spirit Conclave|000001019|This rare psychic rune binds occluding psychic energies about nearby wraith constructs to baffle the foeâs senses.|<a class="kwbOne" href="/wh40k10ed/factions/aeldari/Spiritseer"><span class="kwb kwbo">SPIRITSEER</span></a> model only. In your <a href="/wh40k10ed/the-rules/core-rules/#COMMAND-PHASE">Command phase</a>, select one friendly <span class="tooltip00267" data-tooltip-content="#tooltip_content00267" data-tooltip-anchor="#tooltip_content00267"><span class="kwb kwbu">WRAITH</span> <span class="kwb kwbu">CONSTRUCT</span></span> unit within 12" of the bearer. Until the start of your next Command phase, each time a ranged attack targets that unit, unless the attacking model is within 18", models in that unit have the <span class="tooltip00052" data-tooltip-content="#tooltip_content00052"><span class="tt kwbu">Benefit</span> <span class="tt kwbu">of</span> <span class="tt kwbu">Cover</span></span> against that attack.|
AE|000009923004|Stone of Eldritch Fury|15|Seer Council|000001023|This ancient gem was recovered from the crone world of Lleghaine and is said to resonate with the rage of that dead worldâs ghosts. It acts as a magnifying lens for destructive psychic powers.|<span class="tooltip00513" data-tooltip-content="#tooltip_content00513" data-tooltip-anchor="#tooltip_content00513"><span class="kwb kwbu">ASURYANI</span> <span class="kwb kwbu">PSYKER</span></span> model only. Add 12" to the Range characteristic of ranged <span class="tooltip00528" data-tooltip-content="#tooltip_content00528"><span class="tt kwbu">Psychic</span> <span class="tt kwbu">weapons</span></span> equipped by the bearer.|
AE|000009907005|Higher Duty|25|Spirit Conclave|000001019|Knowing their crucial role in guiding the ghost warriors, this seer chooses duty over personal glory.|<a class="kwbOne" href="/wh40k10ed/factions/aeldari/Spiritseer"><span class="kwb kwbo">SPIRITSEER</span></a> model only. Once per turn, when an enemy unit ends a <span class="tooltip00221" data-tooltip-content="#tooltip_content00221"><span class="tt kwbu">Normal</span></span>, <span class="tooltip00230" data-tooltip-content="#tooltip_content00230"><span class="tt kwbu">Advance</span></span> or <span class="tooltip00025" data-tooltip-content="#tooltip_content00025"><span class="tt kwbu">Fall</span> <span class="tt kwbu">Back</span> <span class="tt kwbu">move</span></span> within 9" of the bearer, the bearerâs unit can make a Normal move of up to 6".|
AE|000009915005|Mistweave|15|Ghosts of the Webway|000001021|Employing their psychic powers of illusion and obfuscation, this Shadowseer can cause their comrades to vanish from the foeâs perceptions.|<a class="kwbOne" href="/wh40k10ed/factions/aeldari/Shadowseer"><span class="kwb kwbo">SHADOWSEER</span></a> model only. While the bearer is leading a unit, models in that unit have the <span class="tooltip00510" data-tooltip-content="#tooltip_content00510"><span class="tt kwbu">Infiltrators</span></span> ability.|
AE|000009927005|Strategic Savant|15|Aspect Host|000001024|A commander who knows with absolute certainty which strategic goals must be achieved, this warrior can appraise the battlefield at a glance.|<span class="tooltip00264" data-tooltip-content="#tooltip_content00264" data-tooltip-anchor="#tooltip_content00264"><span class="kwb kwbu">AUTARCH</span></span> or <a class="kwbOne" href="/wh40k10ed/factions/aeldari/Autarch-Wayleaper"><span class="kwb kwbo">AUTARCH</span> <span class="kwb kwbo">WAYLEAPER</span></a> model only. While the bearer is leading an <span class="tooltip00524" data-tooltip-content="#tooltip_content00524" data-tooltip-anchor="#tooltip_content00524"><span class="kwb kwbu">ASPECT</span> <span class="kwb kwbu">WARRIORS</span></span> unit, add 1 to the Objective Control characteristic of models in that unit.|
AE|000009911005|Breath of Vaul|10|Guardian Battlehost|000001020|An ancient relic of Aeldari technology, this device enhances the lethality of those weapons said to channel the killing heal ofVaulâs blazing forges.|<span class="tooltip00239" data-tooltip-content="#tooltip_content00239" data-tooltip-anchor="#tooltip_content00239"><span class="kwb kwbu">ASURYANI</span></span> model only. While the bearer is leading a <a class="kwbOne" href="/wh40k10ed/factions/aeldari/Storm-Guardians"><span class="kwb kwbo">STORM</span> <span class="kwb kwbo">GUARDIANS</span></a> unit, each time you roll to determine the number of attacks made with a flamer equipped by a model in that unit, you can re-roll the result, and each time you make a Damage roll for a model equipped with a fusion gun in that unit, you can re-roll the result.|
AE|000009899005|Psychic Destroyer|30|Warhost|000001017|This psyker has refined the destructive potential of their mental abilities, honing them to a fine and frighteningly lethal point.|<span class="tooltip00513" data-tooltip-content="#tooltip_content00513" data-tooltip-anchor="#tooltip_content00513"><span class="kwb kwbu">ASURYANI</span> <span class="kwb kwbu">PSYKER</span></span> model only. Add 1 to the Damage characteristic of ranged <span class="tooltip00528" data-tooltip-content="#tooltip_content00528"><span class="tt kwbu">Psychic</span> <span class="tt kwbu">weapons</span></span> equipped by the bearer.|
AE|000009923005|Torc of Morai-Heg|20|Seer Council|000001023|Waves of malevolent energies roll from this article of warrior jewellery. Though they leave Aeldari systems and minds untouched, they cloud the enemyâs thoughts with doubt, lace their communications with mournful wails and scatter confusing sensor ghosts across their instruments.|<span class="tooltip00513" data-tooltip-content="#tooltip_content00513" data-tooltip-anchor="#tooltip_content00513"><span class="kwb kwbu">ASURYANI</span> <span class="kwb kwbu">PSYKER</span></span> model only. Once per turn, when your opponent targets a unit from their army within 12" of the bearer with a <a href="/wh40k10ed/the-rules/core-rules/#Stratagems">Stratagem</a>, the bearer can use this Enhancement. If it does, increase the CP cost of that usage of that Stratagem by 1CP.|
AE|000009919005|Morbid Might|15|Devoted of Ynnead|000001022|Driven to new heights of cold fury and icy strength by the death energies flowing through their sinews, this arena champion fights with supernatural vigour.|<a class="kwbOne" href="/wh40k10ed/factions/aeldari/Ynnari-Succubus"><span class="kwb kwbo">SUCCUBUS</span></a> model only. Each time the bearer makes a melee attack, you can re-roll the <span class="tooltip00006" data-tooltip-content="#tooltip_content00006"><span class="tt kwbu">Wound</span> <span class="tt kwbu">roll</span></span>.|
AE|000009769005|Guileful Strategist|15|Armoured Warhost|000000990|An expert in vehicular warfare, this commander is always one step ahead of the foe.|<span class="kwb">AELDARI</span> model only. If your army includes the bearer, after both players have deployed their armies, select up to three <span class="tooltip00242" data-tooltip-content="#tooltip_content00242" data-tooltip-anchor="#tooltip_content00242"><span class="kwb kwbu">AELDARI</span> <span class="kwb kwbu">VEHICLE</span></span> units from your army and redeploy them. When doing so, any of those units can be placed into <a href="/wh40k10ed/the-rules/core-rules/#Strategic-Reserves">Strategic Reserves</a>, regardless of how many units are already in Strategic Reserves.|
AE|000009903005|Echoes of Ulthanesh|20|Windrider Host|000001018|Riding out to battle upon their skimming steed, this charismatic commander is reminiscent of the great Aeldari hero come again. The mere sight of them swooping down upon their foes inspires their warriors to remarkable feats of heroism in their turn.|<span class="tooltip00523" data-tooltip-content="#tooltip_content00523" data-tooltip-anchor="#tooltip_content00523"><span class="kwb kwbu">ASURYANI</span> <span class="kwb kwbu">MOUNTED</span></span> model only. In your <a href="/wh40k10ed/the-rules/core-rules/#COMMAND-PHASE">Command phase</a>, roll one D6, adding 1 to the result if the bearer is not within your deployment zone, and adding an additional 1 to the result if the bearer is within your opponentâs deployment zone: on a 5+, you gain 1CP.|
AM|000009861002|Bold Leadership|25|Mechanised Assault|000001011|This officerâs aggressive command style sees them lead the advance personally, planting the regimentâs colours on seized objectives and leaving following troops to defend the ground they have gained.|<span class="tooltip00531" data-tooltip-content="#tooltip_content00531" data-tooltip-anchor="#tooltip_content00531"><span class="kwb kwbu">INFANTRY</span> <span class="kwb kwbu">OFFICER</span></span> model only. If you control an <span class="tooltip00064" data-tooltip-content="#tooltip_content00064"><span class="tt kwbu">objective</span> <span class="tt kwbu">marker</span></span> at the end of your <a href="/wh40k10ed/the-rules/core-rules/#COMMAND-PHASE">Command phase</a>, and the bearerâs unit (or any <span class="tooltip00214" data-tooltip-content="#tooltip_content00214" data-tooltip-anchor="#tooltip_content00214"><span class="kwb kwbu">TRANSPORT</span></span> it is <span class="tooltip00026" data-tooltip-content="#tooltip_content00026"><span class="tt kwbu">embarked</span></span> within) is within range of that objective marker, that objective marker remains under you control, even if you have no models within range of it, until your opponent controls it at the start or end of any turn.|
AM|000008380002|Death Mask of Ollanius|10|Combined Arms|000000760|This mask depicts in obsidian and void-fired bronze the agonised visage of Saint Ollanius. Soldiers in the ancient artefacts presence are gifted the determination and endurance of the famous martyr himself.|<span class="tooltip00213" data-tooltip-content="#tooltip_content00213" data-tooltip-anchor="#tooltip_content00213"><span class="kwb kwbu">OFFICER</span></span> model only. While the bearerâs unit is <span class="tooltip00036" data-tooltip-content="#tooltip_content00036"><span class="tt kwbu">Battle-shocked</span></span>, subtract 1 from the Objective Control characteristic of models in that unit, instead of changing it to 0.|
AM|000009801002|Bombast-class Vox-array|35|Bridgehead Strike|000000996|This device is a precious example of an omni-frequency master vox-array manufactured on the long-lost forge world of Urvax. It facilitates the rapid dissemination of orders throughout the entire strike force.|<a class="kwbOne" href="/wh40k10ed/factions/astra-militarum/Militarum-Tempestus-Command-Squad"><span class="kwb kwbo">MILITARUM</span> <span class="kwb kwbo">TEMPESTUS</span> <span class="kwb kwbo">OFFICER</span></a> model only. Each time the bearer <span class="tooltip00407" data-tooltip-content="#tooltip_content00407"><span class="tt kwbu">issues</span> <span class="tt kwbu">an</span> <span class="tt kwbu">Order</span></span>, if the bearerâs unit contains one or more models equipped with a master vox, it can issue that Order to up to three different <span class="tooltip00410" data-tooltip-content="#tooltip_content00410" data-tooltip-anchor="#tooltip_content00410"><span class="kwb kwbu">REGIMENT</span></span> units, instead of only one.|
AM|000009380002|Rigged Blind Grenades|0|Embarked Regiment|000000927|Whether intending to defend some contraband stash or as a precaution to slow down enemy boarding parties, the Imperial Guardsmen have booby trapped this hatch with a bundle of blind grenades.|Once per battle, when an enemy unit opens a <a href="/wh40k10ed/the-rules/boarding-action-rules/#Terrain">Hatchway</a>, if the bearer is on the battlefield, it can use this Enhancement. If it does, roll one D6: on a 2+, that enemy unit is <span class="tooltip00036" data-tooltip-content="#tooltip_content00036"><span class="tt kwbu">Battle-shocked</span></span>.|
AM|000009865002|Calm Under Fire|15|Hammer of the Emperor|000001012|In clipped tones, this officer issues clear and precise orders to the vehicles under their command - regardless of the bloodshed.|<span class="tooltip00532" data-tooltip-content="#tooltip_content00532" data-tooltip-anchor="#tooltip_content00532"><span class="kwb kwbu">VEHICLE</span> <span class="kwb kwbu">OFFICER</span></span> model only. Once per turn, after the bearer <span class="tooltip00407" data-tooltip-content="#tooltip_content00407"><span class="tt kwbu">issues</span> <span class="tt kwbu">an</span> <span class="tt kwbu">Order</span></span> to a <span class="tooltip00408" data-tooltip-content="#tooltip_content00408" data-tooltip-anchor="#tooltip_content00408"><span class="kwb kwbu">SQUADRON</span></span> unit from your army, it can issue the same Order to another <span class="kwb">SQUADRON</span> unit from your army.|
AM|000009857002|Eager Advance|20|Siege Regiment|000001010|This officer relishes serving in the vanguard and seeks to take up a forward position to be closer to the foe when the firing begins.|<span class="tooltip00531" data-tooltip-content="#tooltip_content00531" data-tooltip-anchor="#tooltip_content00531"><span class="kwb kwbu">INFANTRY</span> <span class="kwb kwbu">OFFICER</span></span> model only. While the bearer is leading a <span class="tooltip00410" data-tooltip-content="#tooltip_content00410" data-tooltip-anchor="#tooltip_content00410"><span class="kwb kwbu">REGIMENT</span></span> unit, that unit has the <span class="tooltip00100" data-tooltip-content="#tooltip_content00100"><span class="tt kwbu">Scouts</span> <span class="tt kwbu">6"</span></span> ability.|
AM|000009869002|Guerrilla Honours|25|Recon Element|000001013|This officer is a specialist in covert warfare, their experience ensuring they know exactly when to redeploy their forces and close the jaws of their pre-prepared trap.|<span class="tooltip00531" data-tooltip-content="#tooltip_content00531" data-tooltip-anchor="#tooltip_content00531"><span class="kwb kwbu">INFANTRY</span> <span class="kwb kwbu">OFFICER</span></span> model only. After both players have deployed their armies, if the bearer is on the battlefield, select up to three other <span class="tooltip00270" data-tooltip-content="#tooltip_content00270" data-tooltip-anchor="#tooltip_content00270"><span class="kwb kwbu">ASTRA</span> <span class="kwb kwbu">MILITARUM</span> <span class="kwb kwbu">INFANTRY</span></span> units from your army and redeploy them. When doing so, you can set those units up in <a href="/wh40k10ed/the-rules/core-rules/#Strategic-Reserves">Strategic Reserves</a> if you wish, regardless of how many units are already in Strategic Reserves.|
AM|000009389002|Covert Breach|0|Tempestus Boarding Regiment|000000928|Moving with stealth and urgency, these Scions have already bypassed the enemyâs outer defences before their presence is even detected.|At the start of the first <a href="/wh40k10ed/the-rules/core-rules/#The-Battle-Round">battle round</a>, the bearerâs unit can make a <span class="tooltip00221" data-tooltip-content="#tooltip_content00221"><span class="tt kwbu">Normal</span> <span class="tt kwbu">move</span></span> of up to 6".|
AM|000009869003|Scare Gas Grenades|5|Recon Element|000001013|Filled with powerful hallucinogens, these grenades overwhelm the senses of those who breathe their fumes, causing them to panic and flee their positions.|<span class="tooltip00270" data-tooltip-content="#tooltip_content00270" data-tooltip-anchor="#tooltip_content00270"><span class="kwb kwbu">ASTRA</span> <span class="kwb kwbu">MILITARUM</span> <span class="kwb kwbu">INFANTRY</span></span> model only. Once per battle, at the start of any phase, the bearer can use this Enhancement. If it does, select one enemy unit within 8" of the bearerâs unit (excluding <span class="kwb">MONSTER</span> and <span class="kwb">VEHICLE</span> units); that unit must take a <span class="tooltip00036" data-tooltip-content="#tooltip_content00036"><span class="tt kwbu">Battle-shock</span> <span class="tt kwbu">test</span></span>.|
AM|000009861003|Sacred Unguents|10|Mechanised Assault|000001011|Regimental Tech-Priests bless the vehicles under their charge with holy prayer and sacred oils.|<a class="kwbOne" href="/wh40k10ed/factions/astra-militarum/Tech-Priest-Enginseer"><span class="kwb kwbo">ASTRA</span> <span class="kwb kwbo">MILITARUM</span> <span class="kwb kwbo">TECH-PRIEST</span> <span class="kwb kwbo">ENGINSEER</span></a> model only. At the start of your <a href="/wh40k10ed/the-rules/core-rules/#SHOOTING-PHASE">Shooting phase</a>, select one <span class="tooltip00214" data-tooltip-content="#tooltip_content00214" data-tooltip-anchor="#tooltip_content00214"><span class="kwb kwbu">TRANSPORT</span></span> from your army (excluding <span class="tooltip00471" data-tooltip-content="#tooltip_content00471" data-tooltip-anchor="#tooltip_content00471"><span class="kwb kwbu">AIRCRAFT</span></span> and <span class="tooltip00469" data-tooltip-content="#tooltip_content00469" data-tooltip-anchor="#tooltip_content00469"><span class="kwb kwbu">TITANIC</span></span> units) within 3" of the bearer. Until the end of the phase, each time that <span class="kwb">TRANSPORT</span> makes an attack, you can re-roll the <span class="tooltip00031" data-tooltip-content="#tooltip_content00031"><span class="tt kwbu">Hit</span> <span class="tt kwbu">roll</span></span>.|
AM|000008380003|Drill Commander|20|Combined Arms|000000760|This officer has spent countless hours putting their soldiers through ceaseless firing drills. In the heat of combat, the worth of this training reveals itself.|<span class="tooltip00213" data-tooltip-content="#tooltip_content00213" data-tooltip-anchor="#tooltip_content00213"><span class="kwb kwbu">OFFICER</span></span> model only. While the bearer is leading a unit, each time a model in that unit makes a ranged attack, if that unit <span class="tooltip00533" data-tooltip-content="#tooltip_content00533"><span class="tt kwbu">Remained</span> <span class="tt kwbu">Stationary</span></span> this turn, a <span class="tooltip00031" data-tooltip-content="#tooltip_content00031"><span class="tt kwbu">Critical</span> <span class="tt kwbu">Hit</span></span> is scored on a successful unmodified <span class="tooltip00031" data-tooltip-content="#tooltip_content00031"><span class="tt kwbu">Hit</span> <span class="tt kwbu">roll</span></span> of 5+.|
AM|000009857003|Flash Grenades|20|Siege Regiment|000001010|These grenades emit loud bangs and bright flashes of light, disorienting defenders and allowing the officer and their bodyguard to press home their assault.|<span class="tooltip00531" data-tooltip-content="#tooltip_content00531" data-tooltip-anchor="#tooltip_content00531"><span class="kwb kwbu">INFANTRY</span> <span class="kwb kwbu">OFFICER</span></span> model only. Enemy units cannot use the <span class="tooltip00241" data-tooltip-content="#tooltip_content00241"><span class="tt kwbu">Fire</span> <span class="tt kwbu">Overwatch</span></span> Stratagem to shoot at the bearerâs unit.|
AM|000009865003|Indomitable Steed|15|Hammer of the Emperor|000001012|This officer goes to war in a favoured vehicle that - whether by fortune or apparent divine intervention - has survived dozens of battles despite suffering heavy damage on multiple occasions.|<span class="tooltip00532" data-tooltip-content="#tooltip_content00532" data-tooltip-anchor="#tooltip_content00532"><span class="kwb kwbu">VEHICLE</span> <span class="kwb kwbu">OFFICER</span></span> model only. The bearer has the <span class="tooltip00119" data-tooltip-content="#tooltip_content00119"><span class="tt kwbu">Feel</span> <span class="tt kwbu">No</span> <span class="tt kwbu">Pain</span> <span class="tt kwbu">6+</span></span> ability.|
AM|000009389003|Elimination Force|0|Tempestus Boarding Regiment|000000928|Tasked with the destruction of a specific enemy asset, the Tempestus Scions focus their most lethal attentions against it as per their explicit orders.|At the start of the first <a href="/wh40k10ed/the-rules/core-rules/#The-Battle-Round">battle round</a>, select one enemy unit. Each time a model in the bearerâs unit makes an attack that targets that enemy unit, if the Strength characteristic of that attack is less than the Toughness characteristic of that enemy unit, add 1 to the <span class="tooltip00006" data-tooltip-content="#tooltip_content00006"><span class="tt kwbu">Wound</span> <span class="tt kwbu">roll</span></span>.|
AM|000009380003|Shipboard Veteran|0|Embarked Regiment|000000927|This officer has coordinated more than their fair share of boarding actions and voidship defence actions, and knows precisely which strategic gambits will bring them victory in such conditions.|Each time you target an <span class="kwb">ASTRA</span> <span class="kwb">MILITARUM</span> unit from your army with a Stratagem, if that <span class="tooltip00240" data-tooltip-content="#tooltip_content00240"><span class="tt kwbu">unit</span> <span class="tt kwbu">is</span> <span class="tt kwbu">visible</span></span> to the bearer, roll one D6: on a 4+, you gain 1CP.|
AM|000009801003|Priority-drop Beacon|30|Bridgehead Strike|000000996|Locked to the designator runes of this officerâs dropship and heavily warded against interference, this predeployed beacon ensures they land swiftly and on target.|<a class="kwbOne" href="/wh40k10ed/factions/astra-militarum/Militarum-Tempestus-Command-Squad"><span class="kwb kwbo">MILITARUM</span> <span class="kwb kwbo">TEMPESTUS</span> <span class="kwb kwbo">OFFICER</span></a> model only. The bearerâs unit can be set up using the <span class="tooltip00046" data-tooltip-content="#tooltip_content00046"><span class="tt kwbu">Deep</span> <span class="tt kwbu">Strike</span></span> ability in the <a href="/wh40k10ed/the-rules/core-rules/#2.-Reinforcements">Reinforcements step</a> of your first, second or third <a href="/wh40k10ed/the-rules/core-rules/#MOVEMENT-PHASE">Movement phase</a>, regardless of any mission rules.|
AM|000009865004|Regimental Banner|20|Hammer of the Emperor|000001012|A regimental banner flies from this command vehicle, its colours displaying the might of the Astra Militarum for all to see.|<span class="tooltip00532" data-tooltip-content="#tooltip_content00532" data-tooltip-anchor="#tooltip_content00532"><span class="kwb kwbu">VEHICLE</span> <span class="kwb kwbu">OFFICER</span></span> model only. Add 3 to the bearerâs Objective Control characteristic.|
AM|000009869004|Survival Gear|5|Recon Element|000001013|Whether equipped with climbing gear, machetes or snow shoes, this unit moves swiftly across inhospitable terrain to engage the enemy.|<span class="tooltip00270" data-tooltip-content="#tooltip_content00270" data-tooltip-anchor="#tooltip_content00270"><span class="kwb kwbu">ASTRA</span> <span class="kwb kwbu">MILITARUM</span> <span class="kwb kwbu">INFANTRY</span></span> model only. The bearer has the <span class="tooltip00100" data-tooltip-content="#tooltip_content00100"><span class="tt kwbu">Scouts</span> <span class="tt kwbu">6"</span></span> ability.|
AM|000009861004|Smoke Grenades|10|Mechanised Assault|000001011|Smokescreens provide cover for the infantry advance and enable troops to disembark safely.|<span class="tooltip00531" data-tooltip-content="#tooltip_content00531" data-tooltip-anchor="#tooltip_content00531"><span class="kwb kwbu">INFANTRY</span> <span class="kwb kwbu">OFFICER</span></span> model only. The bearerâs unit has the <span class="tooltip00052" data-tooltip-content="#tooltip_content00052"><span class="tt kwbu">Benefit</span> <span class="tt kwbu">of</span> <span class="tt kwbu">Cover</span></span> and the <span class="tooltip00496" data-tooltip-content="#tooltip_content00496"><span class="tt kwbu">Stealth</span></span> ability while the bearerâs unit is wholly within 3" of one or more friendly <span class="tooltip00214" data-tooltip-content="#tooltip_content00214" data-tooltip-anchor="#tooltip_content00214"><span class="kwb kwbu">TRANSPORT</span></span> models.|
AM|000009857004|Legacy Sidearm|10|Siege Regiment|000001010|Handed down by a mentor, this officerâs pistol is an artificer-crafted example of its type, and is all the deadlier for it.|<span class="tooltip00531" data-tooltip-content="#tooltip_content00531" data-tooltip-anchor="#tooltip_content00531"><span class="kwb kwbu">INFANTRY</span> <span class="kwb kwbu">OFFICER</span></span> model only. Add 2 to the Attacks characteristics of the bearers <span class="tooltip00138" data-tooltip-content="#tooltip_content00138"><span class="tt kwbu">Pistols</span></span>.|
AM|000008380004|Grand Strategist|15|Combined Arms|000000760|This commander can precisely anticipate the ebb and flow of war, their seemingly reactive tactics often prepared far in advance.|<span class="tooltip00213" data-tooltip-content="#tooltip_content00213" data-tooltip-anchor="#tooltip_content00213"><span class="kwb kwbu">OFFICER</span></span> model only. In your <a href="/wh40k10ed/the-rules/core-rules/#COMMAND-PHASE">Command phase</a>, the bearer can issue one additional Order.|
AM|000009801004|Shroud Projector|15|Bridgehead Strike|000000996|Believed to be the roost of protective machine spirits, this small tech-ossuary is worn on a chain around the neck and obfuscates the bearer and their comrades when moving.|<a class="kwbOne" href="/wh40k10ed/factions/astra-militarum/Militarum-Tempestus-Command-Squad"><span class="kwb kwbo">MILITARUM</span> <span class="kwb kwbo">TEMPESTUS</span> <span class="kwb kwbo">OFFICER</span></a> model only. Enemy units cannot use the <span class="tooltip00241" data-tooltip-content="#tooltip_content00241"><span class="tt kwbu">Fire</span> <span class="tt kwbu">Overwatch</span></span> Stratagem to shoot at the bearerâs unit.|
AM|000009857005|Stalwartâs Honours|15|Siege Regiment|000001010|Such is this officerâs aura of confidence that the soldiers under their command march into battle heedless of incoming fire, trusting in that old adage of the faithful - the Emperor protects.|<span class="tooltip00213" data-tooltip-content="#tooltip_content00213" data-tooltip-anchor="#tooltip_content00213"><span class="kwb kwbu">OFFICER</span></span> model only. While the bearer is leading a unit, when that unit is issued an Order, it is also affected by the <span class="tooltip00534" data-tooltip-content="#tooltip_content00534"><span class="tt kwbu">Take</span> <span class="tt kwbu">Cover!</span></span> Order.|
AM|000009865005|Veteran Crew|20|Hammer of the Emperor|000001012|Drilled endlessly by the officer in command, the crew of this tank are crack shots who know how to make every shell count.|<span class="tooltip00532" data-tooltip-content="#tooltip_content00532" data-tooltip-anchor="#tooltip_content00532"><span class="kwb kwbu">VEHICLE</span> <span class="kwb kwbu">OFFICER</span></span> model only. Each time a model in the bearerâs unit makes a ranged attack, re-roll a <span class="tooltip00031" data-tooltip-content="#tooltip_content00031"><span class="tt kwbu">Hit</span> <span class="tt kwbu">roll</span></span> of 1.|
AM|000009869005|Tripwires|20|Recon Element|000001013|Carefully placed tripwires detonate booby traps as the enemy advance, the resulting explosions causing the foe to halt in their tracks.|<span class="tooltip00270" data-tooltip-content="#tooltip_content00270" data-tooltip-anchor="#tooltip_content00270"><span class="kwb kwbu">ASTRA</span> <span class="kwb kwbu">MILITARUM</span> <span class="kwb kwbu">INFANTRY</span></span> model only. Each time an enemy <span class="kwb">INFANTRY</span> or <span class="kwb">MOUNTED</span> unit ends a <span class="tooltip00221" data-tooltip-content="#tooltip_content00221"><span class="tt kwbu">Normal</span></span>, <span class="tooltip00230" data-tooltip-content="#tooltip_content00230"><span class="tt kwbu">Advance</span></span>, <span class="tooltip00033" data-tooltip-content="#tooltip_content00033"><span class="tt kwbu">Charge</span></span> or <span class="tooltip00025" data-tooltip-content="#tooltip_content00025"><span class="tt kwbu">Fall</span> <span class="tt kwbu">Back</span> <span class="tt kwbu">move</span></span> within 9" of the bearerâs unit, roll one D6: on a 4+, until the start of your next turn, that enemy unit is stunned. While a unit is stunned, each time a model in that unit makes an attack, subtract 1 from the <span class="tooltip00031" data-tooltip-content="#tooltip_content00031"><span class="tt kwbu">Hit</span> <span class="tt kwbu">roll</span></span>.|
AM|000008380005|Reactive Command|15|Combined Arms|000000760|A natural tactician, this officer responds to their opponentâs manoeuvres in swift and decisive fashion, never allowing the foe to dictate the battle.|<span class="tooltip00213" data-tooltip-content="#tooltip_content00213" data-tooltip-anchor="#tooltip_content00213"><span class="kwb kwbu">OFFICER</span></span> model only. Each time an enemy unit is set up within 9" of the bearerâs unit, the bearer can issue one Order. This is not counted towards the number of <span class="tooltip00407" data-tooltip-content="#tooltip_content00407"><span class="tt kwbu">Orders</span></span> the bearer can issue in a <a href="/wh40k10ed/the-rules/core-rules/#The-Battle-Round">battle round</a>.|
AM|000009861005|Vanguard Honours|15|Mechanised Assault|000001011|Decorated veteran officers know when and where to press home the assault, ensuring their squad disembarks in the optimum position.|<span class="tooltip00531" data-tooltip-content="#tooltip_content00531" data-tooltip-anchor="#tooltip_content00531"><span class="kwb kwbu">INFANTRY</span> <span class="kwb kwbu">OFFICER</span></span> model only. The bearerâs unit can <span class="tooltip00076" data-tooltip-content="#tooltip_content00076"><span class="tt kwbu">disembark</span></span> from a <span class="tooltip00214" data-tooltip-content="#tooltip_content00214" data-tooltip-anchor="#tooltip_content00214"><span class="kwb kwbu">TRANSPORT</span></span> after it has <span class="tooltip00230" data-tooltip-content="#tooltip_content00230"><span class="tt kwbu">Advanced</span></span>. If it does, it counts as having made a <span class="tooltip00221" data-tooltip-content="#tooltip_content00221"><span class="tt kwbu">Normal</span> <span class="tt kwbu">move</span></span> that phase, and cannot <a href="/wh40k10ed/the-rules/core-rules/#CHARGE-PHASE">declare a charge</a> in the same turn, but can otherwise act normally in the remainder of the turn.|
AM|000009801005|Advance Augury|15|Bridgehead Strike|000000996|This tactically astute officer insists on orbital sensor sweeps and psy-scrying ahead of the operationâs commencement, providing vital intelligence.|<span class="tooltip00531" data-tooltip-content="#tooltip_content00531" data-tooltip-anchor="#tooltip_content00531"><span class="kwb kwbu">INFANTRY</span> <span class="kwb kwbu">OFFICER</span></span> model only. After both players have deployed their armies, select up to three <span class="tooltip00410" data-tooltip-content="#tooltip_content00410" data-tooltip-anchor="#tooltip_content00410"><span class="kwb kwbu">REGIMENT</span></span> units from your army and redeploy them. When doing so, you can set those units up in <a href="/wh40k10ed/the-rules/core-rules/#Strategic-Reserves">Strategic Reserves</a>, regardless of how many units are already in Strategic Reserves.|
AoI|000009130002|Ignis Judicium|10|Ordo Hereticus Purgation Force|000000893|An artificer-crafted flame projector of focused and terrible vehemence, this weapon has been the bane of countless heretics across the ages.|<span class="tooltip00279" data-tooltip-content="#tooltip_content00279" data-tooltip-anchor="#tooltip_content00279"><span class="kwb kwbu">INQUISITOR</span></span> or <a class="kwbOne" href="/wh40k10ed/factions/imperial-agents/Ministorum-Priest"><span class="kwb kwbo">MINISTORUM</span> <span class="kwb kwbo">PRIEST</span></a> model only. The bearers ranged weapons have the <span class="kwb2 bluefont"><span class="tooltip00048" data-tooltip-content="#tooltip_content00048"><span class="tt kwbu">[DEVASTATING</span> <span class="tt kwbu">WOUNDS]</span></span></span>, <span class="kwb2 bluefont"><span class="tooltip00096" data-tooltip-content="#tooltip_content00096"><span class="tt kwbu">[MELTA</span> <span class="tt kwbu">1]</span></span></span> and <span class="kwb2 bluefont"><span class="tooltip00057" data-tooltip-content="#tooltip_content00057"><span class="tt kwbu">[PRECISION]</span></span></span> abilities.|
AoI|000009134002|Daemon Slayer|10|Ordo Malleus Daemon Hunters|000000894|Some whisper this weapon of banishment is in fact host to a hostile warp entity in its own right.|<span class="tooltip00279" data-tooltip-content="#tooltip_content00279" data-tooltip-anchor="#tooltip_content00279"><span class="kwb kwbu">INQUISITOR</span></span> model only. Add 1 to the Attacks characteristic of the bearers melee weapons, and those weapons have the <span class="kwb2 bluefont"><span class="tooltip00174" data-tooltip-content="#tooltip_content00174"><span class="tt kwbu">[ANTI-DAEMON</span> <span class="tt kwbu">3+]</span></span></span> ability.|
AoI|000009138002|Clandestine Operation|15|Imperialis Fleet|000000895|This war leader prefers to strike with subtlety and precision, working their forces into advanced positions before commencing hostilities.|<span class="tooltip00535" data-tooltip-content="#tooltip_content00535" data-tooltip-anchor="#tooltip_content00535"><span class="kwb kwbu">AGENTS</span> <span class="kwb2 kwbu">OF</span> <span class="kwb2 kwbu">THE</span> <span class="kwb kwbu">IMPERIUM</span></span> model only. At the start of the <a href="/wh40k10ed/the-rules/core-rules/#Declare-Battle-Formations">Declare Battle Formations</a> step, you can select up to three <span class="tooltip00283" data-tooltip-content="#tooltip_content00283" data-tooltip-anchor="#tooltip_content00283"><span class="kwb kwbu">AGENTS</span> <span class="kwb2 kwbu">OF</span> <span class="kwb2 kwbu">THE</span> <span class="kwb kwbu">IMPERIUM</span> <span class="kwb kwbu">INFANTRY</span></span> units from your army (excluding <a class="kwbOne" href="/wh40k10ed/factions/imperial-agents/Grey-Knights-Terminator-Squad"><span class="kwb kwbo">GREY</span> <span class="kwb kwbo">KNIGHTS</span> <span class="kwb kwbo">TERMINATOR</span> <span class="kwb kwbo">SQUAD</span></a> units) - those units gain the <span class="tooltip00510" data-tooltip-content="#tooltip_content00510"><span class="tt kwbu">Infiltrators</span></span> ability.|
AoI|000009360002|Lathimonâs Flock|0|Voidshipâs Company|000000924|This unique flock of artificer servo-skulls can rapidly map every twist and turn of even the largest voidships, before providing their master with comprehensive data on enemy strengths and movements.|<span class="tooltip00463" data-tooltip-content="#tooltip_content00463" data-tooltip-anchor="#tooltip_content00463"><span class="kwb kwbu">VOIDFARERS</span></span> model only. In the <a href="/wh40k10ed/the-rules/boarding-action-rules/#Deploy-Armies">Deploy Armies</a> step, your opponent must deploy their entire army before you deploy yours. If both players have this rule, they must <span class="tooltip00506" data-tooltip-content="#tooltip_content00506"><span class="tt kwbu">roll</span> <span class="tt kwbu">off</span></span> and deploy their armies normally. In addition, <a class="kwbOne" href="/wh40k10ed/factions/imperial-agents/Imperial-Navy-Breachers"><span class="kwb kwbo">IMPERIAL</span> <span class="kwb kwbo">NAVY</span> <span class="kwb kwbo">BREACHERS</span></a> units from your army gain the <span class="tooltip00510" data-tooltip-content="#tooltip_content00510"><span class="tt kwbu">Infiltrators</span></span> ability.|
AoI|000009369002|Manhunterâs Helm|0|Interdiction Team|000000925|This unique flock of artificer servo-skulls can rapidly map every twist and turn of even the largest voidships, before providing their master with comprehensive data on enemy strengths and movements.|<a class="kwbOne" href="/wh40k10ed/factions/imperial-agents/Exaction-Squad"><span class="kwb kwbo">PROCTOR-EXACTANT</span></a> model only. At the start of the first <a href="/wh40k10ed/the-rules/core-rules/#The-Battle-Round">battle round</a>, select one enemy unit to be your Priority Target. Each time an <span class="tooltip00536" data-tooltip-content="#tooltip_content00536" data-tooltip-anchor="#tooltip_content00536"><span class="kwb kwbu">ADEPTUS</span> <span class="kwb kwbu">ARBITES</span></span> model from your army makes an attack that targets your Priority Target, if the bearer is on the battlefield, add 1 to the <span class="tooltip00006" data-tooltip-content="#tooltip_content00006"><span class="tt kwbu">Wound</span> <span class="tt kwbu">roll</span></span>. Each time your Priority Target is <span class="tooltip00206" data-tooltip-content="#tooltip_content00206"><span class="tt kwbu">destroyed</span></span>, if the bearer is on the battlefield, you can select a new enemy unit to be your Priority Target.|
AoI|000009757002|Decoy Targets|+40|Veiled Blade Elimination Force|000000987|The agents of the Callidus Temple are known to utilise vat-grown doubles to confound their foes.|<a class="kwbOne" href="/wh40k10ed/factions/imperial-agents/Callidus-Assassin"><span class="kwb kwbo">CALLIDUS</span> <span class="kwb kwbo">ASSASSIN</span></a> models only. Twice per battle, in your <a href="/wh40k10ed/the-rules/core-rules/#MOVEMENT-PHASE">Movement phase</a>, you can select one other friendly <span class="tooltip00283" data-tooltip-content="#tooltip_content00283" data-tooltip-anchor="#tooltip_content00283"><span class="kwb kwbu">INFANTRY</span></span> model that is on the battlefield and not within <span class="tooltip00023" data-tooltip-content="#tooltip_content00023"><span class="tt kwbu">Engagement</span> <span class="tt kwbu">Range</span></span> of one or more enemy units. The selected model is destroyed (ignoring any rules that are triggered when a model is destroyed) and this model is removed from the battlefield and set up again as close as possible to where that destroyed model was and not within Engagement Range of one or more enemy units. This ability cannot be used more than once in the same <a href="/wh40k10ed/the-rules/core-rules/#The-Battle-Round">battle round</a>.|
AoI|000009126002|Amulet of Auto-Chastisement|25|Ordo Xenos Alien Hunters|000000892|This talisman houses a hate-filled machine spirit that despises alien artifice. Its influence can be focused against the war engines of aliens and traitors alike to disrupt or even paralyse them altogether.|<span class="kwb">WATCH</span> <span class="kwb">MASTER</span> model only. At the start of your opponents <a href="/wh40k10ed/the-rules/core-rules/#SHOOTING-PHASE">Shooting phase</a>, select one enemy <span class="kwb">VEHICLE</span> unit (excluding <span class="kwb">TITANIC</span> units) within 12" of and <a href="/wh40k10ed/the-rules/core-rules/#Determining-Visibility">visible</a> to the bearer. That unit must take a <span class="tooltip00509" data-tooltip-content="#tooltip_content00509"><span class="tt kwbu">Leadership</span> <span class="tt kwbu">test</span></span>. If that test is passed, until the end of the phase, each time a model in that unit makes an attack, subtract 1 from the <span class="tooltip00031" data-tooltip-content="#tooltip_content00031"><span class="tt kwbu">Hit</span> <span class="tt kwbu">roll</span></span>; if that test is failed, that unit is not eligible to shoot this phase.|
AoI|000009369003|Vasovâs Auto-Oppressor|0|Interdiction Team|000000925|This ancient device emits focused grav-pulses that forces its targets to their knees in obeisance.|<a class="kwbOne" href="/wh40k10ed/factions/imperial-agents/Exaction-Squad"><span class="kwb kwbo">PROCTOR-EXACTANT</span></a> model only. At the end of your <a href="/wh40k10ed/the-rules/boarding-action-rules/#Movement-Phase">Movement phase</a>, you can select one enemy <span class="tooltip00240" data-tooltip-content="#tooltip_content00240"><span class="tt kwbu">unit</span> <span class="tt kwbu">visible</span></span> to the bearer. Until the start of your next Movement phase, halve the Move characteristic of models in that unit and halve <span class="tooltip00230" data-tooltip-content="#tooltip_content00230"><span class="tt kwbu">Advance</span></span> and <span class="tooltip00033" data-tooltip-content="#tooltip_content00033"><span class="tt kwbu">Charge</span> <span class="tt kwbu">rolls</span></span> made for it.|
AoI|000009126003|Beacon Angelis|30|Ordo Xenos Alien Hunters|000000892|The Beacon Angelis was devised to guide the Death watch to the threshold of the alien adversary. Housed within a reliquary, it calls out to the warriorsâ augur arrays with the voices of a hundred electric cherubim, its summons so strong that it draws the righteous unto its locale regardless of what darkness may surround it.|<a class="kwbOne" href="/wh40k10ed/factions/imperial-agents/Watch-Master"><span class="kwb kwbo">WATCH</span> <span class="kwb kwbo">MASTER</span></a> model only. Models in the bearerâs unit have the <span class="tooltip00046" data-tooltip-content="#tooltip_content00046"><span class="tt kwbu">Deep</span> <span class="tt kwbu">Strike</span></span> ability. In addition, you can target the bearerâs unit with the <span class="tooltip00047" data-tooltip-content="#tooltip_content00047"><span class="tt kwbu">Rapid</span> <span class="tt kwbu">Ingress</span></span> Stratagem for 0CP.|
AoI|000009360003|Heirloom Blade|0|Voidshipâs Company|000000924|Passed through generations of Rogue Traders, this archeotech weapon can sustain short but tremendously potent bursts of disruptor-field overcharge.|<span class="tooltip00463" data-tooltip-content="#tooltip_content00463" data-tooltip-anchor="#tooltip_content00463"><span class="kwb kwbu">VOIDFARERS</span></span> model only. Once per battle, when the bearerâs unit is selected to light, it can use this Enhancement. If it does, until the end of the phase, improve every characteristic of the bearerâs monomolecular cane-rapier by 1.|
AoI|000009757003|Esoteric Explosives|+40|Veiled Blade Elimination Force|000000987|This Culexus operative has been outfitted with various grenades tailored to destroy their assigned targets.|<a class="kwbOne" href="/wh40k10ed/factions/imperial-agents/Culexus-Assassin"><span class="kwb kwbo">CULEXUS</span> <span class="kwb kwbo">ASSASSIN</span></a> models only. Each time this model is targeted with the <span class="tooltip00050" data-tooltip-content="#tooltip_content00050"><span class="tt kwbu">Grenades</span></span> Stratagem, 1 <span class="tooltip00049" data-tooltip-content="#tooltip_content00049"><span class="tt kwbu">mortal</span> <span class="tt kwbu">wound</span></span> is inflicted for each D6 roll of 3+ instead of for each 4+.|
AoI|000009134003|Formidable Resolve|5|Ordo Malleus Daemon Hunters|000000894|Inquisitors of the Ordo Malleus are amongst the hardiest and most bombastic of their kind. They must be to survive their duties.|<span class="tooltip00279" data-tooltip-content="#tooltip_content00279" data-tooltip-anchor="#tooltip_content00279"><span class="kwb kwbu">INQUISITOR</span></span> model only. Improve the bearerâs <span class="tooltip00509" data-tooltip-content="#tooltip_content00509"><span class="tt kwbu">Leadership</span></span> and Wounds characteristics by 1. Once per battle, at the start of any phase, you can select one friendly <span class="tooltip00036" data-tooltip-content="#tooltip_content00036"><span class="tt kwbu">Battle-shocked</span></span> unit within 12" of the bearer. That unit is no longer Battle-shocked.|
AoI|000009130003|Liber Heresius|10|Ordo Hereticus Purgation Force|000000893|This ancient grimoire contains the collected accounts of many Inquisitorial purges, and is a trove of lore for those seeking to ambush and entrap heretics.|<span class="tooltip00279" data-tooltip-content="#tooltip_content00279" data-tooltip-anchor="#tooltip_content00279"><span class="kwb kwbu">INQUISITOR</span></span> or <a class="kwbOne" href="/wh40k10ed/factions/imperial-agents/Ministorum-Priest"><span class="kwb kwbo">MINISTORUM</span> <span class="kwb kwbo">PRIEST</span></a> model only. After both players have deployed their armies, select up to three <span class="tooltip00535" data-tooltip-content="#tooltip_content00535" data-tooltip-anchor="#tooltip_content00535"><span class="kwb kwbu">AGENTS</span> <span class="kwb2 kwbu">OF</span> <span class="kwb2 kwbu">THE</span> <span class="kwb kwbu">IMPERIUM</span></span> units from your army and redeploy them. When doing so, you can set those units up in <a href="/wh40k10ed/the-rules/core-rules/#Strategic-Reserves">Strategic Reserves</a> if you wish, regardless of how many units are already in Strategic Reserves.|
AoI|000009138003|Combat Landers|10|Imperialis Fleet|000000895|This commander has access to swift drop craft that can bear portions of their forces directly into the heart of the most ferocious battles.|<span class="tooltip00537" data-tooltip-content="#tooltip_content00537" data-tooltip-anchor="#tooltip_content00537"><span class="kwb kwbu">VOIDFARERS</span></span> model only. At the start of the <a href="/wh40k10ed/the-rules/core-rules/#Declare-Battle-Formations">Declare Battle Formations</a> step, you can select up to three <span class="kwb">VOIDFARERS</span> units from your army - those units gain the <span class="tooltip00046" data-tooltip-content="#tooltip_content00046"><span class="tt kwbu">Deep</span> <span class="tt kwbu">Strike</span></span> ability.|
AoI|000009130004|No Escape (Aura)|25|Ordo Hereticus Purgation Force|000000893|None but the most diabolical or desperate stand any chance of slipping through this Inquisitorâs grasp.|<span class="tooltip00279" data-tooltip-content="#tooltip_content00279" data-tooltip-anchor="#tooltip_content00279"><span class="kwb kwbu">INQUISITOR</span></span> model only. While an enemy unit is within 6" of the bearer, each time it is selected to <span class="tooltip00025" data-tooltip-content="#tooltip_content00025"><span class="tt kwbu">Fall</span> <span class="tt kwbu">Back</span></span> it must first take a <span class="tooltip00509" data-tooltip-content="#tooltip_content00509"><span class="tt kwbu">Leadership</span> <span class="tt kwbu">test</span></span>. If that test is failed, that unit must <span class="tooltip00533" data-tooltip-content="#tooltip_content00533"><span class="tt kwbu">Remain</span> <span class="tt kwbu">Stationary</span></span> this phase instead.|
AoI|000009757004|Intraneural Biotech|+35|Veiled Blade Elimination Force|000000987|This Eversor agentâs neurons have been surgically spliced to enhance awareness and speed of thought.|<a class="kwbOne" href="/wh40k10ed/factions/imperial-agents/Eversor-Assassin"><span class="kwb kwbo">EVERSOR</span> <span class="kwb kwbo">ASSASSIN</span></a> models only. Once per <a href="/wh40k10ed/the-rules/core-rules/#The-Battle-Round">battle round</a>, you can target this model with the <span class="tooltip00539" data-tooltip-content="#tooltip_content00539"><span class="tt kwbu">Heroic</span> <span class="tt kwbu">Intervention</span></span> or <span class="tooltip00056" data-tooltip-content="#tooltip_content00056"><span class="tt kwbu">Counter-offensive</span></span> Stratagem for 0CP, and can do so even if you have already used that Stratagem on a different unit this phase.|
AoI|000009138004|Digital Weapons|10|Imperialis Fleet|000000895|These potent, short-ranged energy weapons are concealed in precious items of jewellery, the better to lethally surprise the foe.|<span class="tooltip00535" data-tooltip-content="#tooltip_content00535" data-tooltip-anchor="#tooltip_content00535"><span class="kwb kwbu">AGENTS</span> <span class="kwb2 kwbu">OF</span> <span class="kwb2 kwbu">THE</span> <span class="kwb kwbu">IMPERIUM</span></span> model only. Each time the bearer is selected to fight, roll three D6: for each 4+, one enemy unit within <span class="tooltip00023" data-tooltip-content="#tooltip_content00023"><span class="tt kwbu">Engagement</span> <span class="tt kwbu">Range</span></span> of the bearer suffers 1 <span class="tooltip00049" data-tooltip-content="#tooltip_content00049"><span class="tt kwbu">mortal</span> <span class="tt kwbu">wound</span></span>. Mortal wounds inflicted by this Enhancement are allocated as if they had the <span class="kwb2 bluefont"><span class="tooltip00057" data-tooltip-content="#tooltip_content00057"><span class="tt kwbu">[PRECISION]</span></span></span> ability.|
AoI|000009126004|Blackweave Shroud|15|Ordo Xenos Alien Hunters|000000892|This hypermorphic bodyglove of uncertain origin is worn beneath a warriorâs armour. It forms a fibrous medium that shields the warriorâs most vital systems.|<span class="kwb">AGENTS</span> <span class="kwb2">OF</span> <span class="kwb2">THE</span> <span class="kwb">IMPERIUM</span> model only. The bearer has the <span class="tooltip00119" data-tooltip-content="#tooltip_content00119"><span class="tt kwbu">Feel</span> <span class="tt kwbu">No</span> <span class="tt kwbu">Pain</span> <span class="tt kwbu">4+</span></span> ability.|
AoI|000009134004|Gift of the Prescient|20|Ordo Malleus Daemon Hunters|000000894|Guided by the scryings of their Prognosticars, the Grey Knights strike with deadly precision and timing.|<span class="tooltip00279" data-tooltip-content="#tooltip_content00279" data-tooltip-anchor="#tooltip_content00279"><span class="kwb kwbu">INQUISITOR</span></span> model only. Once per battle, if the bearer is on the battlefield, you can use the <span class="tooltip00047" data-tooltip-content="#tooltip_content00047"><span class="tt kwbu">Rapid</span> <span class="tt kwbu">Ingress</span></span> Stratagem for 0CP. When doing so, you must target a <a class="kwbOne" href="/wh40k10ed/factions/imperial-agents/Grey-Knights-Terminator-Squad"><span class="kwb kwbo">GREY</span> <span class="kwb kwbo">KNIGHTS</span> <span class="kwb kwbo">TERMINATOR</span> <span class="kwb kwbo">SQUAD</span></a> unit from your army, and when using that Stratagem, that unit can be set up anywhere on the battlefield that is more than 3" away from all enemy units.|
AoI|000009134005|Grimoire of True Names (Aura)|10|Ordo Malleus Daemon Hunters|000000894|To wield the true name of a daemon is to control its supernatural power, though whether in the name of banishment or to be unleashed as a weapon of terror falls to the discretion of the grimoireâs keeper.|<span class="tooltip00279" data-tooltip-content="#tooltip_content00279" data-tooltip-anchor="#tooltip_content00279"><span class="kwb kwbu">INQUISITOR</span></span> model only. While an enemy unit is within 9" of the bearer, worsen the Leadership characteristic of models in that unit by 1. In addition, while an enemy <span class="kwb">DAEMON</span> unit is within 9" of the bearer, each time a model in that <span class="kwb">DAEMON</span> unit makes an attack, subtract 1 from the <span class="tooltip00031" data-tooltip-content="#tooltip_content00031"><span class="tt kwbu">Hit</span> <span class="tt kwbu">roll</span></span> and subtract 1 from the <span class="tooltip00006" data-tooltip-content="#tooltip_content00006"><span class="tt kwbu">Wound</span> <span class="tt kwbu">roll</span></span>.|
AoI|000009757005|Micromelta Rounds|+45|Veiled Blade Elimination Force|000000987|These projectiles are tipped with miniaturised melta charges that detonate on impact.|<a class="kwbOne" href="/wh40k10ed/factions/imperial-agents/Vindicare-Assassin"><span class="kwb kwbo">VINDICARE</span> <span class="kwb kwbo">ASSASSIN</span></a> models only. This modelâs exitus rifle has the <span class="kwb2 bluefont"><span class="tooltip00174" data-tooltip-content="#tooltip_content00174"><span class="tt kwbu">[ANTI-MONSTER</span> <span class="tt kwbu">4+]</span></span></span> and <span class="kwb2 bluefont"><span class="tooltip00174" data-tooltip-content="#tooltip_content00174"><span class="tt kwbu">[ANTI-VEHICLE</span> <span class="tt kwbu">4+]</span></span></span> abilities.|
AoI|000009138005|Fleetmaster|20|Imperialis Fleet|000000895|Be they a Rogue Trader or some agent of the Imperial Navy, this warrior draws upon a wealth of shrewd voidfarer strategies to aid them in battle.|<span class="tooltip00463" data-tooltip-content="#tooltip_content00463" data-tooltip-anchor="#tooltip_content00463"><span class="kwb kwbu">VOIDFARERS</span></span> model only. Once per <a href="/wh40k10ed/the-rules/core-rules/#The-Battle-Round">battle round</a>, you can target the bearerâs unit with the <span class="tooltip00541" data-tooltip-content="#tooltip_content00541"><span class="tt kwbu">Violent</span> <span class="tt kwbu">Acquisition</span></span>, <span class="tooltip00542" data-tooltip-content="#tooltip_content00542"><span class="tt kwbu">Masters</span> <span class="tt kwbu">of</span> <span class="tt kwbu">the</span> <span class="tt kwbu">Void</span></span> or <span class="tooltip00543" data-tooltip-content="#tooltip_content00543"><span class="tt kwbu">Close-quarters</span> <span class="tt kwbu">Barrage</span></span> Stratagems for 0CP.|
AoI|000009130005|Witch Hunter|15|Ordo Hereticus Purgation Force|000000893|This merciless Imperial agent is monomaniacally focused upon hunting and slaying psykers.|<span class="tooltip00279" data-tooltip-content="#tooltip_content00279" data-tooltip-anchor="#tooltip_content00279"><span class="kwb kwbu">INQUISITOR</span></span> or <a class="kwbOne" href="/wh40k10ed/factions/imperial-agents/Ministorum-Priest"><span class="kwb kwbo">MINISTORUM</span> <span class="kwb kwbo">PRIEST</span></a> model only. While the bearer is leading a unit, each time a model in that unit makes an attack that targets a <span class="tooltip00544" data-tooltip-content="#tooltip_content00544" data-tooltip-anchor="#tooltip_content00544"><span class="kwb kwbu">PSYKER</span></span> unit, you can re-roll the <span class="tooltip00031" data-tooltip-content="#tooltip_content00031"><span class="tt kwbu">Hit</span> <span class="tt kwbu">roll</span></span>.|
AoI|000009126005|Universal Anathema|10|Ordo Xenos Alien Hunters|000000892|A fragment of STC technology, this device tastes the spoor of its ownerâs foes, then fashions tailored toxins not even the most resilient victim can long endure.|<span class="tooltip00228" data-tooltip-content="#tooltip_content00228" data-tooltip-anchor="#tooltip_content00228"><span class="kwb kwbu">AGENTS</span> <span class="kwb2 kwbu">OF</span> <span class="kwb2 kwbu">THE</span> <span class="kwb kwbu">IMPERIUM</span></span> model only. Melee weapons equipped by the bearer have the <span class="kwb2 bluefont"><span class="tooltip00174" data-tooltip-content="#tooltip_content00174"><span class="tt kwbu">[ANTI-INFANTRy</span> <span class="tt kwbu">2+]</span></span></span> and <span class="kwb2 bluefont"><span class="tooltip00174" data-tooltip-content="#tooltip_content00174"><span class="tt kwbu">[ANTI-MONSTER</span> <span class="tt kwbu">4+]</span></span></span> abilities.|
AS|000009308002|Martial Discipline|0|Pious Protectors|000000916|Allied to their faith, the Adepta Sororitas possess discipline and training beyond that of most warriors. This leader is an expert in close-range combat and boarding actions, ordering their troops to lure the enemy into punishing fusillades and gun down fleeing foes with ruthless efficiency.|At the start of your <a href="/wh40k10ed/the-rules/boarding-action-rules/#Shooting-Phase">Shooting phase</a>, you can select one friendly <span class="kwb">ADEPTA</span> <span class="kwb">SORORITAS</span> unit within 6" of the bearer. Until the end of the phase, that unit is eligible to shoot in a turn in which it <span class="tooltip00230" data-tooltip-content="#tooltip_content00230"><span class="tt kwbu">Advanced</span></span> or <span class="tooltip00025" data-tooltip-content="#tooltip_content00025"><span class="tt kwbu">Fell</span> <span class="tt kwbu">Back</span></span>.|
AS|000009029002|Psalm of Righteous Judgement|30|Penitent Host|000000878|Invoking the strength of the God-Emperor, this warrior bellows psalms, which roar above the din of battle. Incited by these fire and brimstone recitations, the penitent warriors carve apart their enemies, every kill bringing them closer to redemption.|<span class="kwb">ADEPTA</span> <span class="kwb">SORORITAS</span> model only. While the bearer is on the battlefield, each time an enemy unit is <span class="tooltip00206" data-tooltip-content="#tooltip_content00206"><span class="tt kwbu">destroyed</span></span> by a <span class="tooltip00545" data-tooltip-content="#tooltip_content00545" data-tooltip-anchor="#tooltip_content00545"><span class="kwb kwbu">PENITENT</span></span> unit from you army, you can discard 1 <span class="tooltip00423" data-tooltip-content="#tooltip_content00423"><span class="tt kwbu">Miracle</span> <span class="tt kwbu">dice</span></span> then gain 1 Miracle dice showing a value of 6.|
AS|000009831002|Triptych of Judgement|15|Champions of Faith|000001003|The three windows of this sacred artefact display three aspects of the God-Emperor in judgement over mortal souls. No warrior of faith will countenance failure beneath its threefold gaze.|<span class="kwb">ADEPTA</span> <span class="kwb">SORORITAS</span> model only. Each time a model in the bearerâs unit makes an attack, you can ignore any or all modifiers to that attackâs Ballistic Skill or Weapon Skill characteristics and/or any or all modifiers to the <span class="tooltip00031" data-tooltip-content="#tooltip_content00031"><span class="tt kwbu">Hit</span> <span class="tt kwbu">roll</span></span>.|
AS|000009316002|Fervent Ferocity|0|Penitents and Pilgrims|000000917|So inflamed by their own fiery rhetoric is this priest, that terrible wounds go unnoticed as they hurl themselves towards the foe.|The bearer has the <span class="tooltip00119" data-tooltip-content="#tooltip_content00119"><span class="tt kwbu">Feel</span> <span class="tt kwbu">No</span> <span class="tt kwbu">Pain</span> <span class="tt kwbu">4+</span></span> ability.|
AS|000009037002|Litanies of Faith|10|Army of Faith|000000880|This unassuming parchment is one of the holiest relics in the Ministorum's charge, its mere presence enough to fill the hearts of the faithful with righteous fervour.|<span class="tooltip00285" data-tooltip-content="#tooltip_content00285" data-tooltip-anchor="#tooltip_content00285"><span class="kwb kwbu">CANONESS</span></span> or <a class="kwbOne" href="/wh40k10ed/factions/adepta-sororitas/Palatine"><span class="kwb kwbo">PALATINE</span></a> model only. At the start of your <a href="/wh40k10ed/the-rules/core-rules/#COMMAND-PHASE">Command phase</a>, if the bearer is on the battlefield, take a <span class="tooltip00509" data-tooltip-content="#tooltip_content00509"><span class="tt kwbu">Leadership</span> <span class="tt kwbu">test</span></span> for the bearer. If that test is passed, you gain 1 <span class="tooltip00423" data-tooltip-content="#tooltip_content00423"><span class="tt kwbu">Miracle</span> <span class="tt kwbu">dice</span></span>.|
AS|000009033002|Righteous Rage|15|Bringers of Flame|000000879|This servant of the divine draws deeply from their faith, enhancing their physical might.|<span class="kwb">ADEPTA</span> <span class="kwb">SORORITAS</span> model only. Each time the bearer is selected to fight, you can first discard up to 3 <span class="tooltip00423" data-tooltip-content="#tooltip_content00423"><span class="tt kwbu">Miracle</span> <span class="tt kwbu">dice</span></span>. For each Miracle dice just discarded, until the end of the phase, add 1 to the Attacks and Strength characteristics of the bearerâs melee weapons.|
AS|000008470002|Saintly Example|10|Hallowed Martyrs|000000791|With her final breath is another heroine elevated to the ranks of sainthood, her death stirring her greatest companions to finish what she started.|<span class="kwb">ADEPTA</span> <span class="kwb">SORORITAS</span> model only. When the bearer is <span class="tooltip00206" data-tooltip-content="#tooltip_content00206"><span class="tt kwbu">destroyed</span></span>, you gain an additional D3 <span class="tooltip00423" data-tooltip-content="#tooltip_content00423"><span class="tt kwbu">Miracle</span> <span class="tt kwbu">dice</span></span>.|
AS|000009037003|Blade of Saint Ellynor|15|Army of Faith|000000880|Forged from thrice-blessed silver, this blade has the names and deeds of a thousand saints inscribed on one side on the molecular level, while the other has the entire Fede lmperialis etched into its form. The blade glows with righteous power and has slain heretics, mutants and xenos beyond counting.|<span class="kwb">ADEPTA</span> <span class="kwb">SORORITAS</span> model only. Improve the Strength and Armour Penetration characteristics of the bearerâs melee weapons by 1, and those weapons have the <span class="kwb2 bluefont"><span class="tooltip00057" data-tooltip-content="#tooltip_content00057"><span class="tt kwbu">[PRECISION]</span></span></span> ability. In addition, each time the bearer fights, if one or more enemy models are <span class="tooltip00206" data-tooltip-content="#tooltip_content00206"><span class="tt kwbu">destroyed</span></span> by those attacks, you gain 1 <span class="tooltip00423" data-tooltip-content="#tooltip_content00423"><span class="tt kwbu">Miracle</span> <span class="tt kwbu">dice</span></span>.|
AS|000008470003|Through Suffering, Strength|25|Hallowed Martyrs|000000791|With every wound inflicted on their mortal form does this holy warriorâs strength grow, their suffering a prayer to the God-Emperor.|<span class="kwb">ADEPTA</span> <span class="kwb">SORORITAS</span> model only. Add 1 to the Attacks, Strength and Damage characteristics of the bearerâs  melee weapons. If the bearer has lost one or more wounds, add 2 to the Attacks, Strength and Damage characteristics of the bearerâs melee weapons instead.|
AS|000009029003|Verse of Holy Piety|15|Penitent Host|000000878|As the sanctified verses of the Ecclesiarchyâs holy psalms roar across the battlefield, divine might infuses the devout.|<span class="tooltip00545" data-tooltip-content="#tooltip_content00545" data-tooltip-anchor="#tooltip_content00545"><span class="kwb kwbu">PENITENT</span></span> model only. Once per battle, at the start of the <a href="/wh40k10ed/the-rules/core-rules/#The-Battle-Round">battle round</a>, select one <span class="tooltip00546" data-tooltip-content="#tooltip_content00546"><span class="tt kwbu">Vow</span> <span class="tt kwbu">of</span> <span class="tt kwbu">Atonement</span></span>. Until the start of the next battle round, that Vow of Atonement is active for the bearerâs unit in addition to any that is active for your army, even if you have already selected that Vow of Atonement this battle.|
AS|000009316003|Sanctification Rituals|0|Penitents and Pilgrims|000000917|As their forces seize territory, this pious leader leads holy rituals intended to purify and ward captured ground against the blasphemer.|The bearer can perform the <a href="/wh40k10ed/the-rules/boarding-action-rules/#Secure-Site">Secure Site</a> Tactical Manoeuvre as if it had the <span class="kwb">BATTLELINE</span> keyword.|
AS|000009308003|Limitless Resolve|0|Pious Protectors|000000916|This leader is a bombastic commander whose faith is matched by their boundless charisma. With the intonation of a single battle-psalm they may restore order and morale to a shattered formation.|While the bearer is on the battlefield, friendly <span class="tooltip00036" data-tooltip-content="#tooltip_content00036"><span class="tt kwbu">Battle-shocked</span></span> <span class="kwb">ADEPTA</span> <span class="kwb">SORORITAS</span> models (excluding <a class="kwbOne" href="/wh40k10ed/factions/adepta-sororitas/Arco-flagellants"><span class="kwb kwbo">ARCO-FLAGELLANTS</span></a> and <a class="kwbOne" href="/wh40k10ed/factions/adepta-sororitas/Repentia-Squad"><span class="kwb kwbo">REPENTIA</span> <span class="kwb kwbo">SQUAD</span></a> models) have an Objective Control characteristic of 1.|
AS|000009831003|Mark of Devotion|30|Champions of Faith|000001003|A fresh oath brand burns in this championâs flesh, its heat remaining miraculously undimmed and its searing pain focusing their devout wrath.|<span class="kwb">ADEPTA</span> <span class="kwb">SORORITAS</span> model only. Add 1 to the Attacks characteristic of the bearerâs melee weapons. While the bearerâs unit is <span class="tooltip00547" data-tooltip-content="#tooltip_content00547"><span class="tt kwbu">Righteous</span></span>, add 2 to the Attacks characteristic and add 1 to the Damage characteristic of the bearerâs melee weapons instead.|
AS|000009033003|Manual of Saint Griselda|20|Bringers of Flame|000000879|Within this tome are the collected writings of Saint Griselda the Pious. The lessons inscribed on its vellum pages teach focus and decisiveness during times of war.|<span class="kwb">ADEPTA</span> <span class="kwb">SORORITAS</span> model only. At the start of your <a href="/wh40k10ed/the-rules/core-rules/#COMMAND-PHASE">Command phase</a>, you can discard up to 2 Miracle dice. Then, add 1 <span class="tooltip00423" data-tooltip-content="#tooltip_content00423"><span class="tt kwbu">Miracle</span> <span class="tt kwbu">dice</span></span> to your Miracle Dice pool showing a value equal to the sum of the two Miracle dice you just discarded (to a maximum of 6).|
AS|000009033004|Fire and Fury|30|Bringers of Flame|000000879|This warrior is a firebrand zealot without comparison. At their command, the faithful unleash relentless fire upon their chosen foe.|<span class="kwb">ADEPTA</span> <span class="kwb">SORORITAS</span> model only. While the bearer is leading a unit, add 1 to the Attacks characteristic of <span class="tooltip00548" data-tooltip-content="#tooltip_content00548"><span class="tt kwbu">Torrent</span></span> weapons equipped by models in that unit, and all other ranged weapons equipped by models in that unit have the <span class="kwb2 bluefont"><span class="tooltip00061" data-tooltip-content="#tooltip_content00061"><span class="tt kwbu">[SUSTAINED</span> <span class="tt kwbu">HITS</span> <span class="tt kwbu">1]</span></span></span> ability.|
AS|000009029004|Refrain of Enduring Faith|25|Penitent Host|000000878|Faith is the shield of the righteous. The passionate benedictions of the pious may bestow the blessings of the God-Emperor.|<span class="tooltip00545" data-tooltip-content="#tooltip_content00545" data-tooltip-anchor="#tooltip_content00545"><span class="kwb kwbu">PENITENT</span></span> model only. While the bearer is leading a unit, models in that unit have a 5+ <span class="tooltip00051" data-tooltip-content="#tooltip_content00051"><span class="tt kwbu">invulnerable</span> <span class="tt kwbu">save</span></span>.|
AS|000008470004|Chaplet of Sacrifice|25|Hallowed Martyrs|000000791|The most hallowed martyrs of the Sisterhood have added beads to this chaplet. Such a relic can be a burden, for it carries the righteousness of those who uphold everything the Sisterhood stands for.|<span class="kwb">ADEPTA</span> <span class="kwb">SORORITAS</span> model only. At the end of your <a href="/wh40k10ed/the-rules/core-rules/#COMMAND-PHASE">Command phase</a>, if the bearer is on the battlefield, you can re-roll 1 <span class="tooltip00423" data-tooltip-content="#tooltip_content00423"><span class="tt kwbu">Miracle</span> <span class="tt kwbu">dice</span></span> from your Miracle dice pool and return it to your Miracle dice pool showing the new result you rolled. When doing so, if the bearer's unit is below its <span class="tooltip00232" data-tooltip-content="#tooltip_content00232"><span class="tt kwbu">Starting</span> <span class="tt kwbu">Strength</span></span>, you can re-roll up to 3 Miracle dice in this way instead.|
AS|000009037004|Divine Aspect|5|Army of Faith|000000880|Enemy warriors tremble before the radiant majesty of one blessed by the Emperor.|<span class="kwb">ADEPTA</span> <span class="kwb">SORORITAS</span> model only. In your <a href="/wh40k10ed/the-rules/core-rules/#MOVEMENT-PHASE">Movement</a> phase, you can select one enemy unit within 12" of the bearer; that unit must take a <span class="tooltip00036" data-tooltip-content="#tooltip_content00036"><span class="tt kwbu">Battle-shock</span> <span class="tt kwbu">test</span></span>. If that test is failed, you gain 1 <span class="tooltip00423" data-tooltip-content="#tooltip_content00423"><span class="tt kwbu">Miracle</span> <span class="tt kwbu">dice</span></span>.|
AS|000009831004|Eyes of the Oracle|10|Champions of Faith|000001003|Having torn them from the sockets of a heretical witch, this warrior of faith keeps these shrivelled orbs sealed in a miniature reliquary about their neck. They believe that â tormented by holy imprisonment â the traitorous eyes guide their aim towards other infernal champions.|<span class="kwb">ADEPTA</span> <span class="kwb">SORORITAS</span> model only. The bearerâs weapons have the <span class="kwb2 bluefont"><span class="tooltip00057" data-tooltip-content="#tooltip_content00057"><span class="tt kwbu">[PRECISION]</span></span></span> ability. Each time the bearerâs unit destroys an enemy <span class="kwb">CHARACTER</span> model, you gain 1CP.|
AS|000009029005|Catechism of Divine Penitence|20|Penitent Host|000000878|To share in the agonies of the penitent and guide them to redemption is a most holy undertaking. Thus do many of the Adepta Sororitasâ commanders willingly fight by the side of those cast out by the Sisterhood.|<span class="tooltip00285" data-tooltip-content="#tooltip_content00285" data-tooltip-anchor="#tooltip_content00285"><span class="kwb kwbu">CANONESS</span></span>, <a class="kwbOne" href="/wh40k10ed/factions/adepta-sororitas/Palatine"><span class="kwb kwbo">PALATINE</span></a> or <a class="kwbOne" href="/wh40k10ed/factions/adepta-sororitas/Ministorum-Priest"><span class="kwb kwbo">MINISTORUM</span> <span class="kwb kwbo">PRIEST</span></a> model only. The bearer gains the <span class="tooltip00545" data-tooltip-content="#tooltip_content00545" data-tooltip-anchor="#tooltip_content00545"><span class="kwb kwbu">PENITENT</span></span> keyword and, during the <a href="/wh40k10ed/the-rules/core-rules/#Declare-Battle-Formations">Declare Battle Formations</a> step, can be <span class="tooltip00029" data-tooltip-content="#tooltip_content00029"><span class="tt kwbu">attached</span></span> to a <a class="kwbOne" href="/wh40k10ed/factions/adepta-sororitas/Repentia-Squad"><span class="kwb kwbo">REPENTIA</span> <span class="kwb kwbo">SOUAD</span></a> unit.|
AS|000008470005|Mantle of Ophelia|20|Hallowed Martyrs|000000791|The Mantle of Ophelia was once the badge of office for the Prioress of the Convent Sanctorum, and was worn by Helena the Virtuous, a Living Saint and one of the most revered leaders in the history of the Adepta Sororitas. The mantle is thought to have sacred powers of protection, for Helena was said to have anointed it with the Tears of the Emperor, a phial of blood-like liquid meticulously collected over a century from weeping statues of the Emperor found across the cardinal worlds of the Imperium.|<span class="tooltip00285" data-tooltip-content="#tooltip_content00285" data-tooltip-anchor="#tooltip_content00285"><span class="kwb kwbu">CANONESS</span></span> or <a class="kwbOne" href="/wh40k10ed/factions/adepta-sororitas/Palatine"><span class="kwb kwbo">PALATINE</span></a> model only. Each time an attack is allocated to the bearer, change the Damage characteristic of that attack to 1.|
AS|000009037005|Triptych of the Macharian Crusade|20|Army of Faith|000000880|Carried onto the most fire-swept of battlefields, the images of the Macharian Trinity glorifies three missionaries who saved thousands of lives. This adamantine-sheathed relic reminds the bearer that faith alone can weather the most grievous adversities.|<span class="kwb">ADEPTA</span> <span class="kwb">SORORITAS</span> model only. Each time the bearer uses an <span class="tooltip00423" data-tooltip-content="#tooltip_content00423"><span class="tt kwbu">Act</span> <span class="tt kwbu">of</span> <span class="tt kwbu">Faith</span></span> to substitute a <span class="tooltip00032" data-tooltip-content="#tooltip_content00032"><span class="tt kwbu">saving</span> <span class="tt kwbu">throw</span></span>, that saving throw is successful, irrespective of the value of the <span class="tooltip00423" data-tooltip-content="#tooltip_content00423"><span class="tt kwbu">Miracle</span> <span class="tt kwbu">dice</span></span> used.|
AS|000009033005|Iron Surplice of Saint Istalela|10|Bringers of Flame|000000879|Worked upon by generations of artificers, consecrated with holy oils and steeped in the smoke of sacred incense, this suit of power armour is amongst the most battle-proven relics held by the Orders Militant.|<span class="tooltip00285" data-tooltip-content="#tooltip_content00285" data-tooltip-anchor="#tooltip_content00285"><span class="kwb kwbu">CANONESS</span></span> or <a class="kwbOne" href="/wh40k10ed/factions/adepta-sororitas/Palatine"><span class="kwb kwbo">PALATINE</span></a> model only. The bearer has a Save characteristic of 2+ and the <span class="tooltip00119" data-tooltip-content="#tooltip_content00119"><span class="tt kwbu">Feel</span> <span class="tt kwbu">No</span> <span class="tt kwbu">Pain</span> <span class="tt kwbu">5+</span></span> ability.|
AS|000009831005|Sanctified Amulet|25|Champions of Faith|000001003|Belief radiates out from this blessed icon, forming a holy circle of abjuration that holds at bay the unclean and leaves this champion free to do their duty to the God-Emperor.|<span class="kwb">ADEPTA</span> <span class="kwb">SORORITAS</span> model only. Enemy units that are set up on the battlefield from <a href="/wh40k10ed/the-rules/core-rules/#2.-Reinforcements">Reserves</a> cannot be set up within 12" of the bearer.|
CD|000009815002|Slaughterthirst (Aura)|25|Blood Legion|000000999|This servant of Khorne is a walking nexus of bloodthirst, its mere presence whetting the keen edges of daemonic blades and appetites alike for slaughter.|<span class="tooltip00549" data-tooltip-content="#tooltip_content00549" data-tooltip-anchor="#tooltip_content00549"><span class="kwb kwbu">LEGIONES</span> <span class="kwb kwbu">DAEMONICA</span> <span class="kwb kwbu">KHORNE</span></span> model only. While a friendly <span class="kwb">LEGIONES</span> <span class="kwb">DAEMONICA</span> <span class="kwb">KHORNE</span> unit (excluding <span class="tooltip00445" data-tooltip-content="#tooltip_content00445" data-tooltip-anchor="#tooltip_content00445"><span class="kwb kwbu">MONSTERS</span></span>) is within 6" of the bearer, weapons equipped by models in that unit have the <span class="kwb2 bluefont"><span class="tooltip00540" data-tooltip-content="#tooltip_content00540"><span class="tt kwbu">[LANCE]</span></span></span> ability.|
CD|000009555002|Worthier Skulls|0|Infernal Onslaught|000000954|The skulls of cowards who flee from battle have only so much value, and this entity will let them run in favour of hunting for more courageous prey.|Each time an enemy unit within <a href="/wh40k10ed/the-rules/boarding-action-rules/#Engagement-Range">Engagement Range</a> of the bearer <span class="tooltip00025" data-tooltip-content="#tooltip_content00025"><span class="tt kwbu">Falls</span> <span class="tt kwbu">Back</span></span>, after that unit has moved, if the bearer is not within Engagement Range of one or more enemy units, it can make a <span class="tooltip00221" data-tooltip-content="#tooltip_content00221"><span class="tt kwbu">Normal</span> <span class="tt kwbu">move</span></span> of up to 6".|
CD|000009564002|Virulent Corruption|0|Rotten and Rusted|000000955|To flee from this daemon is to invite an outbreak of spiritual corruption that rots its screaming victims from their souls outward.|Each time an enemy unit within <a href="/wh40k10ed/the-rules/boarding-action-rules/#Engagement-Range">Engagement Range</a> of the bearer is selected to <span class="tooltip00025" data-tooltip-content="#tooltip_content00025"><span class="tt kwbu">Fall</span> <span class="tt kwbu">Back</span></span>, models in that enemy unit must take <span class="tooltip00025" data-tooltip-content="#tooltip_content00025"><span class="tt kwbu">Desperate</span> <span class="tt kwbu">Escape</span> <span class="tt kwbu">tests</span></span> as if their unit was <span class="tooltip00036" data-tooltip-content="#tooltip_content00036"><span class="tt kwbu">Battle-shocked</span></span>. When doing so, if that enemy unit is also Battle-shocked by other means, subtract 1 from each of those Desperate Escape tests.|
CD|000009810002|Inescapable Eye|10|Scintillating Legion|000000998|Glinting where the daemonâs eye should be, this fractured gem reveals the myriad paths of the future.|<span class="tooltip00550" data-tooltip-content="#tooltip_content00550" data-tooltip-anchor="#tooltip_content00550"><span class="kwb kwbu">LEGIONES</span> <span class="kwb kwbu">DAEMONICA</span> <span class="kwb kwbu">TZEENTCH</span></span> model only. In your <a href="/wh40k10ed/the-rules/core-rules/#COMMAND-PHASE">Command phase</a>, if the bearer is on the battlefield, if your opponent has one or more <span class="tooltip00551" data-tooltip-content="#tooltip_content00551"><span class="tt kwbu">Flux</span> <span class="tt kwbu">tokens</span></span>, you gain one additional Flux token.|
CD|000009580002|Fulgurating Presence|0|Pandaemoniac Inferno|000000957|Warplight dances and glares around this entity, flares of blinding brightness thrown off its warped form as though from the facets of a crooked crystal.|Each time an attack targets the bearer, subtract 1 from the <span class="tooltip00031" data-tooltip-content="#tooltip_content00031"><span class="tt kwbu">Hit</span> <span class="tt kwbu">roll</span></span>.|
CD|000009547002|Spite Made Manifest|0|Daemonic Incursion|000000953|Simply striking back at the invading daemons under such conditions is an invitation for their spite and hate to manifest in vicious arcs of lethal retributive power.|Each time an enemy unit is selected to fight, melee weapons equipped by models in that unit have the <span class="kwb2 bluefont"><span class="tooltip00034" data-tooltip-content="#tooltip_content00034"><span class="tt kwbu">[HAZARDOUS]</span></span></span> ability while targeting the bearerâs unit.|
CD|000008438002|Aârgath, the King of Blades|20|Daemonic Incursion|000000779|When a daemon is bound within a weapon by its infernal master, it rarely submits willingly to this terrible incarceration. The same cannot be said for Aârgath. A lifetime of slaughter and zealous dedication saw this butcher granted daemonhood. Such was his devotion to Khorne that instead of accepting immortality as a Daemon Prince, he instead chose to take the form of a deadly blade so that he could spill the lifeblood of Khorneâs greatest enemies. Their hand guided by Aârgathâs spirit, this weaponâs wielder becomes nigh on unstoppable. Countless are the rival champions and mortal heroes that have fallen to his power.|<span class="tooltip00437" data-tooltip-content="#tooltip_content00437" data-tooltip-anchor="#tooltip_content00437"><span class="kwb kwbu">KHORNE</span> <span class="kwb kwbu">LEGIONES</span> <span class="kwb kwbu">DAEMONICA</span></span> model only. Add 1 to the Attacks and Strength characteristics of the bearerâs melee weapons. While the bearer is within your armyâs <span class="tooltip00439" data-tooltip-content="#tooltip_content00439"><span class="tt kwbu">Shadow</span> <span class="tt kwbu">of</span> <span class="tt kwbu">Chaos</span></span>, add 2 to the Attacks and Strength characteristics of the bearerâs melee weapons instead.|
CD|000009819002|Cankerblight|15|Plague Legion|000001000|The mere presence of this corrosive monstrosity is enough to rot the very stuff of reality and all who inhabit it.|<span class="tooltip00552" data-tooltip-content="#tooltip_content00552" data-tooltip-anchor="#tooltip_content00552"><span class="kwb kwbu">LEGIONES</span> <span class="kwb kwbu">DAEMONICA</span> <span class="kwb kwbu">NURGLE</span></span> model only. Each time an enemy unit (excluding <span class="kwb">MONSTERS</span> and <span class="kwb">VEHICLES</span>) that is within 6" of the bearer fails a <span class="tooltip00036" data-tooltip-content="#tooltip_content00036"><span class="tt kwbu">Battle-shock</span> <span class="tt kwbu">test</span></span>, the bearer can use this Enhancement. If it does, one model in that unit is destroyed (chosen by its controlling player). Each time the bearer uses this Enhancement, no <span class="tooltip00049" data-tooltip-content="#tooltip_content00049"><span class="tt kwbu">mortal</span> <span class="tt kwbu">wounds</span></span> are inflicted by your armyâs <span class="tooltip00553" data-tooltip-content="#tooltip_content00553"><span class="tt kwbu">Daemonic</span> <span class="tt kwbu">Terror</span></span> rule.|
CD|000009572002|Fatal Caress|0|Dread Carnival|000000956|To this daemon, the act of murder is an art form. With a precision born of obsession it slaughters its foes in the most gory fashion possible.|Each time the bearer makes a melee attack, a <span class="tooltip00006" data-tooltip-content="#tooltip_content00006"><span class="tt kwbu">Critical</span> <span class="tt kwbu">Wound</span></span> is scored on an unmodified <span class="tooltip00006" data-tooltip-content="#tooltip_content00006"><span class="tt kwbu">Wound</span> <span class="tt kwbu">roll</span></span> of 5+.|
CD|000009806002|False Majesty (Aura)|30|Legion of Excess|000000997|Dripping poisonous finery and stalking across the battlefield with regal arrogance, this daemon evokes in its fellows the jealous need to outshine its magnificence.|<span class="tooltip00554" data-tooltip-content="#tooltip_content00554" data-tooltip-anchor="#tooltip_content00554"><span class="kwb kwbu">LEGIONES</span> <span class="kwb kwbu">DAEMONICA</span> <span class="kwb kwbu">SLAANESH</span></span> model only. While a friendly <span class="kwb">LEGIONES</span> <span class="kwb">DAEMONICA</span> <span class="kwb">SLAANESH</span> unit (excluding <span class="tooltip00445" data-tooltip-content="#tooltip_content00445" data-tooltip-anchor="#tooltip_content00445"><span class="kwb kwbu">MONSTERS</span></span>) is within 6" of the bearer, each time a model in that unit makes a melee attack, add 1 to the <span class="tooltip00006" data-tooltip-content="#tooltip_content00006"><span class="tt kwbu">Wound</span> <span class="tt kwbu">roll</span></span>.|
CD|000009980002|Leaping Shadows|25|Shadow Legion|000001027|Seen only in flashes, this warrior traverses the darkness with supernatural speed and stealth, emerging where least expected.|<span class="tooltip00444" data-tooltip-content="#tooltip_content00444" data-tooltip-anchor="#tooltip_content00444"><span class="kwb kwbu">SHADOW</span> <span class="kwb kwbu">LEGION</span></span> model only. Models in the bearerâs unit have the <span class="tooltip00100" data-tooltip-content="#tooltip_content00100"><span class="tt kwbu">Scouts</span> <span class="tt kwbu">9"</span></span> ability.|
CD|000009806003|Dreaming Crown (Aura)|30|Legion of Excess|000000997|This gilded circlet fills mortal minds with waking dreams potent enough to intoxicate and distract even the most disciplined or alien combatants, leaving them easy prey for the daemons of Slaanesh.|<span class="tooltip00554" data-tooltip-content="#tooltip_content00554" data-tooltip-anchor="#tooltip_content00554"><span class="kwb kwbu">LEGIONES</span> <span class="kwb kwbu">DAEMONICA</span> <span class="kwb kwbu">SLAANESH</span></span> model only. While a friendly <span class="kwb">LEGIONES</span> <span class="kwb">DAEMONICA</span> <span class="kwb">SLAANESH</span> unit (excluding <span class="tooltip00445" data-tooltip-content="#tooltip_content00445" data-tooltip-anchor="#tooltip_content00445"><span class="kwb kwbu">MONSTERS</span></span>) is within 6" of the bearer, each time a model in that unit makes a melee attack, add 1 to the <span class="tooltip00031" data-tooltip-content="#tooltip_content00031"><span class="tt kwbu">Hit</span> <span class="tt kwbu">roll</span></span>.|
CD|000009810003|Infernal Puppeteer|10|Scintillating Legion|000000998|To this mighty entity, lesser daemons are but prisms through which its power shines.|<span class="tooltip00555" data-tooltip-content="#tooltip_content00555" data-tooltip-anchor="#tooltip_content00555"><span class="kwb kwbu">LEGIONES</span> <span class="kwb kwbu">DAEMONICA</span> <span class="kwb kwbu">TZEENTCH</span> <span class="kwb kwbu">MONSTER</span></span> model only. Each time the bearer is selected to shoot, you can select one other friendly <span class="tooltip00550" data-tooltip-content="#tooltip_content00550" data-tooltip-anchor="#tooltip_content00550"><span class="kwb kwbu">LEGIONES</span> <span class="kwb kwbu">DAEMONICA</span> <span class="kwb kwbu">TZEENTCH</span></span> unit within 9" of the bearer. If you do, when selecting targets for ranged weapons equipped by the bearer, you can measure range and determine <a href="/wh40k10ed/the-rules/core-rules/#Determining-Visibility">visibility</a> from one model of your choice in the selected unit instead.|
CD|000009572003|Horrifying Visage|0|Dread Carnival|000000956|This daemons alters its visage from alluring to repulsive at a whim, terrifying those who gaze upon it.|Once per <a href="/wh40k10ed/the-rules/core-rules/#The-Battle-Round">battle round</a>, when an enemy unit within 9" of the bearer attempts to perform a <a href="/wh40k10ed/the-rules/boarding-action-rules/#Tactical-Manoeuvres">Tactical Manoeuvre</a> or attempts to <a href="/wh40k10ed/the-rules/boarding-action-rules/#Open-Hatchways">operate a Hatchway</a> within 9" of the bearer, the bearer can use this ability. If it does, that enemy unit must take a <span class="tooltip00509" data-tooltip-content="#tooltip_content00509"><span class="tt kwbu">Leadership</span> <span class="tt kwbu">test</span></span>, subtracting I from the result: if failed, that unit fails to perform that Tactical Manoeuvre or to operate that Hatchway and, until the start of your opponentâs next turn, that unit cannot perform Tactical Manoeuvres or operate <a href="/wh40k10ed/the-rules/boarding-action-rules/#Terrain">Hatchways</a>.|
CD|000009564003|Endless Gift|0|Rotten and Rusted|000000955|Bounteous and repulsive layers of rancid flab boil from within this entityâs grotesque form, bolstering it against even the most dolorous blows.|Add 2 to the bearers Wounds characteristic.|
CD|000009980003|Mantle of Gloom (Aura)|20|Shadow Legion|000001027|This warrior is mantled in the dread energies of the immaterium. With but a thought, they can extrude from their gloaming mantle coils of grasping darkness, the chill touch of which is enough to erode the confidence of even the mightiest champion.|<span class="tooltip00444" data-tooltip-content="#tooltip_content00444" data-tooltip-anchor="#tooltip_content00444"><span class="kwb kwbu">SHADOW</span> <span class="kwb kwbu">LEGION</span></span> model only. While an enemy unit is within <span class="tooltip00023" data-tooltip-content="#tooltip_content00023"><span class="tt kwbu">Engagement</span> <span class="tt kwbu">Range</span></span> of the bearerâs unit, subtract 1 from the Objective Control characteristic of models in that enemy unit.|
CD|000009819003|Maggot Maws|15|Plague Legion|000001000|This daemonâs flesh is pocked with foul mouths that mumble curses to rot the minds of all who hear them.|<span class="tooltip00552" data-tooltip-content="#tooltip_content00552" data-tooltip-anchor="#tooltip_content00552"><span class="kwb kwbu">LEGIONES</span> <span class="kwb kwbu">DAEMONICA</span> <span class="kwb kwbu">NURGLE</span></span> model only. In your <a href="/wh40k10ed/the-rules/core-rules/#SHOOTING-PHASE">Shooting phase</a>, select one enemy unit within 6" of the bearer; that enemy unit must take a <span class="tooltip00036" data-tooltip-content="#tooltip_content00036"><span class="tt kwbu">Battle-shock</span> <span class="tt kwbu">test</span></span>. Then roll one D6: on a 3+, that enemy unit suffers D3 <span class="tooltip00049" data-tooltip-content="#tooltip_content00049"><span class="tt kwbu">mortal</span> <span class="tt kwbu">wounds</span></span>. Each time the bearer uses this Enhancement, no mortal wounds are inflicted by your armyâs <span class="tooltip00553" data-tooltip-content="#tooltip_content00553"><span class="tt kwbu">Daemonic</span> <span class="tt kwbu">Terror</span></span> rule.|
CD|000009547003|Geller Breach|0|Daemonic Incursion|000000953|Daemonic entities burst from rippling warp rents and directly into the heart of battle.|Al the start of the first <a href="/wh40k10ed/the-rules/core-rules/#The-Battle-Round">battle round</a>, the bearerâs unit can make a <span class="tooltip00221" data-tooltip-content="#tooltip_content00221"><span class="tt kwbu">Normal</span> <span class="tt kwbu">move</span></span> of up to 6".|
CD|000009815003|Furyâs Cage|20|Blood Legion|000000999|The Bloodthirster bound within this weapon offers the wielder immense power but seeks every way to turn its towering wrath upon its jailer.|<span class="tooltip00556" data-tooltip-content="#tooltip_content00556" data-tooltip-anchor="#tooltip_content00556"><span class="kwb kwbu">LEGIONES</span> <span class="kwb kwbu">DAEMONICA</span> <span class="kwb kwbu">KHORNE</span> <span class="kwb kwbu">MONSTER</span></span> model only. Each time the bearer is selected to fight, it can use this Enhancement. If it does, the bearer suffers D3+1 <span class="tooltip00049" data-tooltip-content="#tooltip_content00049"><span class="tt kwbu">mortal</span> <span class="tt kwbu">wounds</span></span>, and until the end of the phase, each time it makes an attack, you can re-roll the <span class="tooltip00031" data-tooltip-content="#tooltip_content00031"><span class="tt kwbu">Hit</span> <span class="tt kwbu">roll</span></span> and you can re-roll the <span class="tooltip00006" data-tooltip-content="#tooltip_content00006"><span class="tt kwbu">Wound</span> <span class="tt kwbu">roll</span></span>.|
CD|000008438003|Soulstealer|15|Daemonic Incursion|000000779|This gluttonous blade gulps down the souls of its victims before invigorating the corporeal form of its wielder. Its greed stems from the starving Keeper of Secrets bound within â an arrogant entity that sought to devour enough Aeldari souls to challenge Slaanesh itself. As punishment for the daemonâs monstrous hubris, Slaanesh trapped it within Soulstealer, condemning the Keeper of Secrets to sustain other daemons with its frenzied appetite while retaining nothing for itself.|<span class="tooltip00441" data-tooltip-content="#tooltip_content00441" data-tooltip-anchor="#tooltip_content00441"><span class="kwb kwbu">SLAANESH</span> <span class="kwb kwbu">LEGIONES</span> <span class="kwb kwbu">DAEMONICA</span></span> model only. Each time the bearer destroys an enemy model with a melee attack, roll one D6, adding 1 to the result if the bearer is within your armyâs <span class="tooltip00439" data-tooltip-content="#tooltip_content00439"><span class="tt kwbu">Shadow</span> <span class="tt kwbu">of</span> <span class="tt kwbu">Chaos</span></span>. On a 4+, the bearer regains 1 lost wound.|
CD|000009580003|Mutagenic Flames|0|Pandaemoniac Inferno|000000957|The warpflame of Tzeentch is fuelled by sanity and soulstuff, and cannot be easily extinguished. Worse, it does not merely burn its victims, but instead distorts and mutates them in ever more hideous ways.|In your <a href="/wh40k10ed/the-rules/boarding-action-rules/#Shooting-Phase">Shooting phase</a>, after the bearer has shot, select one enemy unit hit by one or more of those attacks. Until the start of your next Shooting phase, each time a model in that unit makes an attack, subtract 1 from the <span class="tooltip00031" data-tooltip-content="#tooltip_content00031"><span class="tt kwbu">Hit</span> <span class="tt kwbu">roll</span></span>.|
CD|000009555003|Unholy Fury|0|Infernal Onslaught|000000954|So infused with hatred and warlike wrath is this daemon that it can sustain its corporeal shell through fury alone, even should it be terribly damaged.|If the bearer is <span class="tooltip00206" data-tooltip-content="#tooltip_content00206"><span class="tt kwbu">destroyed</span></span> by a melee attack and it has not fought this phase, roll one D6: on a 2+, do not remove it from play. Ure destroyed model can fight after the attacking unit has finished making its attacks, and is then removed from play.|
CD|000009806004|Avatar of Perfection|15|Legion of Excess|000000997|This entity is the corporeal embodiment of selfish arrogance, fighting best when it fights alone.|<span class="tooltip00557" data-tooltip-content="#tooltip_content00557" data-tooltip-anchor="#tooltip_content00557"><span class="kwb kwbu">LEGIONES</span> <span class="kwb kwbu">DAEMONICA</span> <span class="kwb kwbu">SLAANESH</span> <span class="kwb kwbu">MONSTER</span></span> model only. At the start of each phase, if there are no other friendly units within 6" of the bearer, you can: re-roll <span class="tooltip00230" data-tooltip-content="#tooltip_content00230"><span class="tt kwbu">Advance</span> <span class="tt kwbu">rolls</span></span> made for the bearer; re-roll <span class="tooltip00033" data-tooltip-content="#tooltip_content00033"><span class="tt kwbu">Charge</span> <span class="tt kwbu">rolls</span></span> made for the bearer; ignore any or all modifiers to its Move characteristic and to any Advance and/or Charge rolls made for the bearer.|
CD|000009810004|Neverblade|20|Scintillating Legion|000000998|Shifting its shape tirelessly from sword to staff to glaive, this bizarre daemon weapon makes a mockery of even the most determined defence.|<span class="tooltip00555" data-tooltip-content="#tooltip_content00555" data-tooltip-anchor="#tooltip_content00555"><span class="kwb kwbu">LEGIONES</span> <span class="kwb kwbu">DAEMONICA</span> <span class="kwb kwbu">TZEENTCH</span> <span class="kwb kwbu">MONSTER</span></span> model only. Improve the Strength characteristic of melee weapons equipped by the bearer by 2, improve the Attacks and Armour Penetration characteristics of melee weapons equipped by the bearer by 1, and each time the bearer makes a melee attack, add 1 to the <span class="tooltip00031" data-tooltip-content="#tooltip_content00031"><span class="tt kwbu">Hit</span> <span class="tt kwbu">roll</span></span>.|
CD|000009980004|Fade to Darkness|30|Shadow Legion|000001027|Having slaughtered their prey, this thrall of the Dark Master opens a twilit gate, returning to the gloom and preparing for their next assault.|<span class="tooltip00444" data-tooltip-content="#tooltip_content00444" data-tooltip-anchor="#tooltip_content00444"><span class="kwb kwbu">SHADOW</span> <span class="kwb kwbu">LEGION</span></span> model only. At the end of the <a href="/wh40k10ed/the-rules/core-rules/#FIGHT-PHASE">Fight phase</a>, if the bearerâs unit destroyed one or more enemy units this phase and is not within <span class="tooltip00023" data-tooltip-content="#tooltip_content00023"><span class="tt kwbu">Engagement</span> <span class="tt kwbu">Range</span></span> of one or more enemy units, you can remove the bearerâs unit from the battlefield and place it into <a href="/wh40k10ed/the-rules/core-rules/#Strategic-Reserves">Strategic Reserves</a>.|
CD|000009815004|Brazenmaw|15|Blood Legion|000000999|This daemonâs maw and throat are forged from burning brass, transforming its war cries into a deafening clarion that calls the Blood Legion to war.|<span class="tooltip00549" data-tooltip-content="#tooltip_content00549" data-tooltip-anchor="#tooltip_content00549"><span class="kwb kwbu">LEGIONES</span> <span class="kwb kwbu">DAEMONICA</span> <span class="kwb kwbu">KHORNE</span></span> model only. Add 2 to <span class="tooltip00033" data-tooltip-content="#tooltip_content00033"><span class="tt kwbu">Charge</span> <span class="tt kwbu">rolls</span></span> made for the bearerâs unit.|
CD|000008438004|The Endless Gift|45|Daemonic Incursion|000000779|Only the most accomplished plague daemons are granted the Endless Gift. A disease of unutterable malignancy and repulsive beneficence, it changes form constantly from plague to infestation to malaise. The one constant is its ability to reknit its suffererâs corporeal form from even the most catastrophic of wounds. One moment, infernal bacteria may multiply like wildfire until their gelid mass fills a fleshy rent with fresh daemon-flesh. The next, pestilential vapours may billow from the daemonâs yawning maw, veiling its ravaged bulk before tattering away to reveal a form healed of its recent hurts.|<span class="tooltip00440" data-tooltip-content="#tooltip_content00440" data-tooltip-anchor="#tooltip_content00440"><span class="kwb kwbu">NURGLE</span> <span class="kwb kwbu">LEGIONES</span> <span class="kwb kwbu">DAEMONICA</span></span> model only. The bearer has the <span class="tooltip00119" data-tooltip-content="#tooltip_content00119"><span class="tt kwbu">Feel</span> <span class="tt kwbu">No</span> <span class="tt kwbu">Pain</span> <span class="tt kwbu">5+</span></span> ability. While the bearer is within your armyâs <span class="tooltip00439" data-tooltip-content="#tooltip_content00439"><span class="tt kwbu">Shadow</span> <span class="tt kwbu">of</span> <span class="tt kwbu">Chaos</span></span>, the bearer has the <span class="tooltip00119" data-tooltip-content="#tooltip_content00119"><span class="tt kwbu">Feel</span> <span class="tt kwbu">No</span> <span class="tt kwbu">Pain</span> <span class="tt kwbu">4+</span></span> ability instead.|
CD|000009819004|Droning Shroud (Aura)|35|Plague Legion|000001000|This sentient cowl of daemonic plague flies roars and whirls with cyclonic force, obscuring even the most hulking and bloated daemonic bearer.|<span class="tooltip00558" data-tooltip-content="#tooltip_content00558" data-tooltip-anchor="#tooltip_content00558"><span class="kwb kwbu">LEGIONES</span> <span class="kwb kwbu">DAEMONICA</span> <span class="kwb kwbu">NURGLE</span> <span class="kwb kwbu">MONSTER</span></span> model only. While a friendly <span class="tooltip00552" data-tooltip-content="#tooltip_content00552" data-tooltip-anchor="#tooltip_content00552"><span class="kwb kwbu">LEGIONES</span> <span class="kwb kwbu">DAEMONICA</span> <span class="kwb kwbu">NURGLE</span></span> unit is within 6" of the bearer, that unit can only be targeted by a ranged attack if the attacking model is within 18".|
CD|000009806005|Soul Glutton|10|Legion of Excess|000000997|This daemon lord guzzles souls, its bloated corporeality reknitting with each fresh morsel.|<span class="tooltip00557" data-tooltip-content="#tooltip_content00557" data-tooltip-anchor="#tooltip_content00557"><span class="kwb kwbu">LEGIONES</span> <span class="kwb kwbu">DAEMONICA</span> <span class="kwb kwbu">SLAANESH</span> <span class="kwb kwbu">MONSTER</span></span> model only. At the end of the <a href="/wh40k10ed/the-rules/core-rules/#FIGHT-PHASE">Fight phase</a>, if one or more enemy models were destroyed this phase as a result of one or more of the bearerâs attacks, it can use this Enhancement. If it does, it regains up to D3 lost wounds.|
CD|000009819005|Font of Spores (Aura)|20|Plague Legion|000001000|This entityâs foul breath expels clouds of rust pox spores, which gnaw into all they settle upon.|<span class="tooltip00558" data-tooltip-content="#tooltip_content00558" data-tooltip-anchor="#tooltip_content00558"><span class="kwb kwbu">LEGIONES</span> <span class="kwb kwbu">DAEMONICA</span> <span class="kwb kwbu">NURGLE</span> <span class="kwb kwbu">MONSTER</span></span> model only. While a friendly <span class="tooltip00552" data-tooltip-content="#tooltip_content00552" data-tooltip-anchor="#tooltip_content00552"><span class="kwb kwbu">LEGIONES</span> <span class="kwb kwbu">DAEMONICA</span> <span class="kwb kwbu">NURGLE</span></span> unit is within 6" of the bearer, improve the Armour Penetration characteristic of weapons equipped by models in that unit by 1.|
CD|000009815005|Gateway Unto Damnation|10|Blood Legion|000000999|Concealed within this daemonâs form is a portal into the depths of Khorneâs realm. Anointed with gore and thrown wide by the daemonâs corporeal demise, it expands like a bloody singularity to drag everything in reach into the screaming maelstrom of the Warp.|<span class="tooltip00556" data-tooltip-content="#tooltip_content00556" data-tooltip-anchor="#tooltip_content00556"><span class="kwb kwbu">LEGIONES</span> <span class="kwb kwbu">DAEMONICA</span> <span class="kwb kwbu">KHORNE</span> <span class="kwb kwbu">MONSTER</span></span> model only. The bearerâs <span class="tooltip00511" data-tooltip-content="#tooltip_content00511"><span class="tt kwbu">Deadly</span> <span class="tt kwbu">Demise</span></span> ability inflicts <span class="tooltip00049" data-tooltip-content="#tooltip_content00049"><span class="tt kwbu">mortal</span> <span class="tt kwbu">wounds</span></span> on a D6 roll of 2+ instead of on a 6. In addition, if the bearer has destroyed one or more enemy units this battle, the bearer has the Deadly Demise D3+3 ability, instead of any other Deadly Demise ability on its datasheet.|
CD|000008438005|The Everstave|25|Daemonic Incursion|000000779|This staff blazes with vibrant warpflame. As soon as its master takes up the eldritch weapon, they too are wreathed in the same daemonic fire. From within this magenta inferno, the Everstaveâs daemonic bearer hurls searing gouts of Tzeentchâs pink fire, turning armour to ash and immolating or irrevocably mutating the flesh beneath.|<span class="tooltip00438" data-tooltip-content="#tooltip_content00438" data-tooltip-anchor="#tooltip_content00438"><span class="kwb kwbu">TZEENTCH</span> <span class="kwb kwbu">LEGIONES</span> <span class="kwb kwbu">DAEMONICA</span></span> model only. Add 1 to the Strength characteristic of the bearerâs ranged weapons and increase the Range characteristic of such weapons by 3". While the bearer is within your armyâs <span class="tooltip00439" data-tooltip-content="#tooltip_content00439"><span class="tt kwbu">Shadow</span> <span class="tt kwbu">of</span> <span class="tt kwbu">Chaos</span></span>, add 2 to the Strength characteristic of the bearerâs ranged weapons and increase the Range characteristic of such weapons by 6" instead.|
CD|000009980005|Malice Made Manifest|25|Shadow Legion|000001027|This champion of Chaos weaponises their own twisted and blackened spirit, projecting talons wrought of concentrated madness and fury that rake through mind, body and soul.|<span class="tooltip00444" data-tooltip-content="#tooltip_content00444" data-tooltip-anchor="#tooltip_content00444"><span class="kwb kwbu">SHADOW</span> <span class="kwb kwbu">LEGION</span></span> model only. At the start of the <a href="/wh40k10ed/the-rules/core-rules/#FIGHT-PHASE">Fight phase</a>, select one enemy unit within <span class="tooltip00023" data-tooltip-content="#tooltip_content00023"><span class="tt kwbu">Engagement</span> <span class="tt kwbu">Range</span></span> of the bearerâs unit and roll one D6: on a 2-5, that enemy unit suffers D3 <span class="tooltip00049" data-tooltip-content="#tooltip_content00049"><span class="tt kwbu">mortal</span> <span class="tt kwbu">wounds</span></span>; on a 6, that enemy unit suffers 3 mortal wounds.|
CD|000009810005|Improbable Shield (Aura)|30|Scintillating Legion|000000998|Complex convolutions of ever-more unlikely fate wind about this entity, confounding the mightiest and most esoteric attacks.|<span class="tooltip00550" data-tooltip-content="#tooltip_content00550" data-tooltip-anchor="#tooltip_content00550"><span class="kwb kwbu">LEGIONES</span> <span class="kwb kwbu">DAEMONICA</span> <span class="kwb kwbu">TZEENTCH</span></span> model only. While a friendly <span class="kwb">LEGIONES</span> <span class="kwb">DAEMONICA</span> <span class="kwb">TZEENTCH</span> unit is within 6" of the bearer, models in that unit have the <span class="tooltip00119" data-tooltip-content="#tooltip_content00119"><span class="tt kwbu">Feel</span> <span class="tt kwbu">No</span> <span class="tt kwbu">Pain</span> <span class="tt kwbu">4+</span></span> ability against <span class="tooltip00528" data-tooltip-content="#tooltip_content00528"><span class="tt kwbu">Psychic</span> <span class="tt kwbu">Attacks</span></span> and <span class="tooltip00049" data-tooltip-content="#tooltip_content00049"><span class="tt kwbu">mortal</span> <span class="tt kwbu">wounds</span></span>.|
CSM|000008985002|Forgeâs Blessing|20|Soulforged Warpack|000000873|Such is this warriors mastery of techno-sorcery, that they may temper armour with but a gesture.|<span class="kwb">HERETIC</span> <span class="kwb">ASTARTES</span> model only. In your <a href="/wh40k10ed/the-rules/core-rules/#COMMAND-PHASE">Command phase</a>, select one friendly <span class="tooltip00428" data-tooltip-content="#tooltip_content00428" data-tooltip-anchor="#tooltip_content00428"><span class="kwb kwbu">HERETIC</span> <span class="kwb kwbu">ASTARTES</span> <span class="kwb kwbu">VEHICLE</span></span> unit within 12" of the bearer. Until the start of your next <a href="/wh40k10ed/the-rules/core-rules/#COMMAND-PHASE">Command phase</a>, that unit has the Feel No Pain 6+ ability.|
CSM|000008960002|Eager for Vengeance|20|Veterans of the Long War|000000867|The desire for vengeance and bloodshed has festered within this warriorsâ heart for millennia. The opportunity to unleash it upon the foe is eagerly embraced.|<span class="tooltip00559" data-tooltip-content="#tooltip_content00559" data-tooltip-anchor="#tooltip_content00559"><span class="kwb kwbu">HERETIC</span> <span class="kwb kwbu">ASTARTES</span></span> model only (excluding <span class="tooltip00426" data-tooltip-content="#tooltip_content00426" data-tooltip-anchor="#tooltip_content00426"><span class="kwb kwbu">DAMNED</span></span> models). The bearerâs unit is eligible to shoot and <a href="/wh40k10ed/the-rules/core-rules/#CHARGE-PHASE">declare a charge</a> in a turn in which it <span class="tooltip00025" data-tooltip-content="#tooltip_content00025"><span class="tt kwbu">Fell</span> <span class="tt kwbu">Back</span></span>. Each time a model in the bearerâs unit makes an attack that targets your <span class="tooltip00560" data-tooltip-content="#tooltip_content00560"><span class="tt kwbu">focus</span> <span class="tt kwbu">of</span> <span class="tt kwbu">hatred</span></span>, if the bearerâs unit Fell Back this turn, add 1 to the <span class="tooltip00031" data-tooltip-content="#tooltip_content00031"><span class="tt kwbu">Hit</span> <span class="tt kwbu">roll</span></span>, and each time you select your focus of hatred as a target of that unitâs charge, add 1 to the <span class="tooltip00033" data-tooltip-content="#tooltip_content00033"><span class="tt kwbu">Charge</span> <span class="tt kwbu">roll</span></span>.|
CSM|000009773002|Surgical Precision|10|Creations of Bile|000000991|A student of Fabius Bileâs dread craft, this champion of Chaos wields their weapons with the same precision a master chirurgeon would wield a scalpel.|<span class="kwb">HERETIC</span> <span class="kwb">ASTARTES</span> model (excluding <span class="tooltip00426" data-tooltip-content="#tooltip_content00426" data-tooltip-anchor="#tooltip_content00426"><span class="kwb kwbu">DAMNED</span></span> models) only. The bearerâs melee weapons have the <span class="kwb2 bluefont"><span class="tooltip00057" data-tooltip-content="#tooltip_content00057"><span class="tt kwbu">[PRECISION]</span></span></span> ability.|
CSM|000009520002|Manifest Vengeance|0|Champions of Chaos|000000948|A chosen warrior does not die easily, and rarely without striking a last spiteful blow at those who ended their path to glory.|When the bearer is <span class="tooltip00206" data-tooltip-content="#tooltip_content00206"><span class="tt kwbu">destroyed</span></span>, if it has not shot or fought this phase, roll one D6, adding 1 to the result if it was destroyed by a melee attack: on a 4+, do not remove it from play. The bearer can shoot or fight after the attacking unit has finished making its attacks, and is then removed from play.|
CSM|000008357002|Eye of Tzeentch|15|Pactbound Zealots|000000751|No secret is safe from Tzeentchâs searching gaze. To those who bear his favour, priceless knowledge may be revealed.|<span class="tooltip00561" data-tooltip-content="#tooltip_content00561" data-tooltip-anchor="#tooltip_content00561"><span class="kwb kwbu">HERETIC</span> <span class="kwb kwbu">ASTARTES</span> <span class="kwb kwbu">TZEENTCH</span></span> model only. Each time the bearerâs unit makes a <span class="tooltip00425" data-tooltip-content="#tooltip_content00425"><span class="tt kwbu">Dark</span> <span class="tt kwbu">Pact</span></span> and does not fail the resulting <span class="tooltip00509" data-tooltip-content="#tooltip_content00509"><span class="tt kwbu">Leadership</span> <span class="tt kwbu">test</span></span>, if the result of that test was 8 or more, you gain 1CP.|
CSM|000008976002|Bastion Plate|10|Fellhammer Siege-host|000000871|Despite the pits and dents that mar its surface, this suit of relic armour is as resilient as the walls of any grand bastion.|<span class="tooltip00562" data-tooltip-content="#tooltip_content00562" data-tooltip-anchor="#tooltip_content00562"><span class="kwb kwbu">CHAOS</span> <span class="kwb kwbu">LORD</span></span> model only (excluding <a class="kwbOne" href="/wh40k10ed/factions/chaos-space-marines/Chaos-Lord-with-Jump-Pack"><span class="kwb kwbo">JUMP</span> <span class="kwb kwbo">PACK</span></a> models). Once per <a href="/wh40k10ed/the-rules/core-rules/#The-Battle-Round">battle round</a>, when a <span class="tooltip00032" data-tooltip-content="#tooltip_content00032"><span class="tt kwbu">saving</span> <span class="tt kwbu">throw</span></span> is failed for the bearerâs unit, you can change the Damage characteristic of that attack to 0.|
CSM|000008981002|Amulet of Tainted Vigour|20|Chaos Cult|000000872|Containing the motive energy of Human sacrifices, this device can restore life to the fallen.|<a class="kwbOne" href="/wh40k10ed/factions/chaos-space-marines/Dark-Apostle"><span class="kwb kwbo">DARK</span> <span class="kwb kwbo">APOSTLE</span></a> model only. In your <a href="/wh40k10ed/the-rules/core-rules/#COMMAND-PHASE">Command phase</a>, you can return up to D3 <span class="tooltip00206" data-tooltip-content="#tooltip_content00206"><span class="tt kwbu">destroyed</span></span> <span class="tooltip00426" data-tooltip-content="#tooltip_content00426" data-tooltip-anchor="#tooltip_content00426"><span class="kwb kwbu">DAMNED</span></span> models (excluding <span class="kwb">CHARACTER</span> models) to the bearerâs unit.|
CSM|000009503002|Voice of the Octed|0|Infernal Reavers|000000946|Voice booming out in fervent prayer to the Chaos Gods, this dark championâs devotions are unusually fervent and potent.|Each time the bearerâs unit makes a <span class="tooltip00425" data-tooltip-content="#tooltip_content00425"><span class="tt kwbu">Dark</span> <span class="tt kwbu">Pact</span></span>, until the end of the phase, weapons equipped by models in that unit gain both abilities conferred by that Dark Pact (instead of only one).|
CSM|000008972002|Eater of Dread|15|Dread Talons|000000870|As ripples of terror spread through the ranks of the enemy, so does this champion draw power from the fear of their victims.|<span class="kwb">HERETIC</span> <span class="kwb">ASTARTES</span> model only. At the start of your <a href="/wh40k10ed/the-rules/core-rules/#COMMAND-PHASE">Command phase</a>, if the bearer is on the battlefield, roll one D6, adding 1 to the result for each <span class="tooltip00036" data-tooltip-content="#tooltip_content00036"><span class="tt kwbu">Battle-shocked</span></span> enemy unit that is on the battlefield: on a 5+, you gain 1CP.|
CSM|000009512002|Rabble Rouser|0|Underdeck Uprising|000000947|This warriors impassioned heretic oratory whips their dreg followers into a violent frenzy.|Once per turn, when a friendly <a class="kwbOne" href="/wh40k10ed/factions/chaos-space-marines/Cultist-Mob"><span class="kwb kwbo">CULTIST</span> <span class="kwb kwbo">MOB</span></a> or <a class="kwbOne" href="/wh40k10ed/factions/chaos-space-marines/Fellgor-Beastmen"><span class="kwb kwbo">FELLGOR</span> <span class="kwb kwbo">BEASTMEN</span></a> unit within 6" of the bearer is selected to shoot or fight, the bearer can use this Enhancement. If it does, until the end of the phase, add 1 to the Attacks characteristic of weapons equipped by models in that friendly unit.|
CSM|000008968002|Despotâs Claim|15|Renegade Raiders|000000869|This champion is a conqueror of worlds and will not rest until they have claimed their prize.|<span class="kwb">HERETIC</span> <span class="kwb">ASTARTES</span> model only. At the start of your <a href="/wh40k10ed/the-rules/core-rules/#COMMAND-PHASE">Command phase</a>, if the bearer is on the battlefield, roll one D6, adding 1 to the result if the bearer is wholly within 12" of your opponentâs deployment zone: on a 5+, you gain 1 CP.|
CSM|000010151002|Touched by the Warp|10|Cabal of Chaos|000001058|Not all Sorcerers begin as psykers. Some are gifted their mystic powers by the gods of the Warp.|<span class="kwb">HERETIC</span> <span class="kwb">ASTARTES</span> model only (excluding <span class="tooltip00563" data-tooltip-content="#tooltip_content00563" data-tooltip-anchor="#tooltip_content00563"><span class="kwb kwbu">KHORNE</span></span> models). The bearer gains the <span class="tooltip00427" data-tooltip-content="#tooltip_content00427" data-tooltip-anchor="#tooltip_content00427"><span class="kwb kwbu">PSYKER</span></span> keyword.|
CSM|000008964002|Cursed Fang|10|Deceptors|000000868|This xenos weapon is perfect in the hands of assassins.|<span class="tooltip00289" data-tooltip-content="#tooltip_content00289" data-tooltip-anchor="#tooltip_content00289"><span class="kwb kwbu">HERETIC</span> <span class="kwb kwbu">ASTARTES</span> <span class="kwb kwbu">INFANTRY</span></span> model only. Improve the  Armour Penetration characteristic of the bearerâs melee weapons by 1, and the bearerâs melee weapons  have the <span class="kwb2 bluefont"><span class="tooltip00057" data-tooltip-content="#tooltip_content00057"><span class="tt kwbu">[PRECISION]</span></span></span> ability.|
CSM|000009773003|Living Carapace|15|Creations of Bile|000000991|With a thought, the wearer can compel this bioarmour to thicken, further increasing their formidable resistance.|<span class="tooltip00562" data-tooltip-content="#tooltip_content00562" data-tooltip-anchor="#tooltip_content00562"><span class="kwb kwbu">CHAOS</span> <span class="kwb kwbu">LORD</span></span> model only. Add 1 to the bearerâs Wounds characteristic and the bearer has the <span class="tooltip00119" data-tooltip-content="#tooltip_content00119"><span class="tt kwbu">Feel</span> <span class="tt kwbu">No</span> <span class="tt kwbu">Pain</span> <span class="tt kwbu">5+</span></span> ability.|
CSM|000008972003|Nightâs Shroud|20|Dread Talons|000000870|This cape is as black as a moonless night and radiates an obfuscating aura of impenetrable darkness.|<span class="tooltip00562" data-tooltip-content="#tooltip_content00562" data-tooltip-anchor="#tooltip_content00562"><span class="kwb kwbu">CHAOS</span> <span class="kwb kwbu">LORD</span></span> model only (excluding <span class="tooltip00290" data-tooltip-content="#tooltip_content00290" data-tooltip-anchor="#tooltip_content00290"><span class="kwb kwbu">TERMINATOR</span></span> models). Models in the bearerâs unit have the <span class="tooltip00496" data-tooltip-content="#tooltip_content00496"><span class="tt kwbu">Stealth</span></span> ability.|
CSM|000008968003|Dread Reaver|15|Renegade Raiders|000000869|A corsair and raider of great renown, this champion of Chaos is pitiless in the pursuit of plunder and infamy.|<span class="kwb">HERETIC</span> <span class="kwb">ASTARTES</span> model only. Each time the bearer makes a melee attack, if the bearer is wholly within 12" of your opponentâs deployment zone, you can re-roll the <span class="tooltip00031" data-tooltip-content="#tooltip_content00031"><span class="tt kwbu">Hit</span> <span class="tt kwbu">roll</span></span> and you can re-roll the <span class="tooltip00006" data-tooltip-content="#tooltip_content00006"><span class="tt kwbu">Wound</span> <span class="tt kwbu">roll</span></span>.|
CSM|000008960003|Eye of Abaddon|15|Veterans of the Long War|000000867|The Warmaster observes all. He bestows his favour only upon those who slaughter his most hated enemies.|<span class="tooltip00559" data-tooltip-content="#tooltip_content00559" data-tooltip-anchor="#tooltip_content00559"><span class="kwb kwbu">HERETIC</span> <span class="kwb kwbu">ASTARTES</span></span> model only (excluding <span class="tooltip00426" data-tooltip-content="#tooltip_content00426" data-tooltip-anchor="#tooltip_content00426"><span class="kwb kwbu">DAMNED</span></span> models). While the bearer is on the battlefield, each time your <span class="tooltip00560" data-tooltip-content="#tooltip_content00560"><span class="tt kwbu">focus</span> <span class="tt kwbu">of</span> <span class="tt kwbu">hatred</span></span> is <span class="tooltip00206" data-tooltip-content="#tooltip_content00206"><span class="tt kwbu">destroyed</span></span>, roll one D6: on a 4+, you gain 1CP.|
CSM|000009503003|Swollen with Power|0|Infernal Reavers|000000946|The dark power of the warp runs through this warriors twisted veins, enhancing their already transhuman physique to lend them grotesque strength and resilience.|Add 1 to the bearers Toughness characteristic. Each time the bearerâs unit attempts to <a href="/wh40k10ed/the-rules/boarding-action-rules/#Open-Hatchways">operate a Hatchway</a> that an enemy unit is trying to prevent, and each time the bearerâs unit tries to prevent an enemy unit from operating a Hatchway, in the resulting <span class="tooltip00506" data-tooltip-content="#tooltip_content00506"><span class="tt kwbu">roll</span> <span class="tt kwbu">off</span></span>, you can re-roll your result.|
CSM|000009520003|Dark Majesty|0|Champions of Chaos|000000948|The unholy power of this warrior radiates from them in a dark and malevolent nimbus that disorientates and dismays the foe.|Each time the bearer ends a <span class="tooltip00033" data-tooltip-content="#tooltip_content00033"><span class="tt kwbu">Charge</span> <span class="tt kwbu">move</span></span>, select one enemy unit within <a href="/wh40k10ed/the-rules/boarding-action-rules/#Engagement-Range">Engagement Range</a> of it. Until the start of your next <a href="/wh40k10ed/the-rules/boarding-action-rules/#Charge-Phase">Charge phase</a>, that enemy unit is stunned. While a unit is stunned, each time a model in that unit makes an attack, subtract 1 from the <span class="tooltip00031" data-tooltip-content="#tooltip_content00031"><span class="tt kwbu">Hit</span> <span class="tt kwbu">roll</span></span>.|
CSM|000010151003|Eyes of Zâdesh|25|Cabal of Chaos|000001058|This splintered crystal shows possible futures, affording its bearer the chance to act before all others.|<span class="kwb">HERETIC</span> <span class="kwb">ASTARTES</span> model only. Models in the bearerâs unit have the <span class="tooltip00100" data-tooltip-content="#tooltip_content00100"><span class="tt kwbu">Scouts</span> <span class="tt kwbu">6"</span></span> ability.|
CSM|000009512003|Vox Malevolus|0|Underdeck Uprising|000000947|This grotesque biomechanoid helm amplifies its wearerâs words through a daemonic grille-maw that fills their followers with supernatural aggression and urgency.|In the first <a href="/wh40k10ed/the-rules/core-rules/#The-Battle-Round">battle round</a>, if the bearer is on the battlefield, you can re-roll <span class="tooltip00230" data-tooltip-content="#tooltip_content00230"><span class="tt kwbu">Advance</span> <span class="tt kwbu">rolls</span></span> made for <span class="kwb">HERETIC</span> <span class="kwb">ASTARTES</span> units from your army.|
CSM|000008985003|Invigorated Mechatendrils|15|Soulforged Warpack|000000873|Suffused with warp power, the bearerâs mechatendrils undulate with unsettling celerity, propelling them forwards with unnatural speed.|<a class="kwbOne" href="/wh40k10ed/factions/chaos-space-marines/Warpsmith"><span class="kwb kwbo">WARPSMITH</span></a> model only. Add 4" to the bearerâs Move characteristic.|
CSM|000008976003|Iron Artifice|10|Fellhammer Siege-host|000000871|Forged in baleflame and witchfire, the bearerâs weapons are redolent with the entropic power of the immaterium.|<span class="tooltip00564" data-tooltip-content="#tooltip_content00564" data-tooltip-anchor="#tooltip_content00564"><span class="kwb kwbu">HERETIC</span> <span class="kwb kwbu">ASTARTES</span> <span class="kwb kwbu">INFANTRY</span></span> model only. The bearers weapons have the <span class="kwb2 bluefont"><span class="tooltip00174" data-tooltip-content="#tooltip_content00174"><span class="tt kwbu">[ANTI-VEHICLE</span> <span class="tt kwbu">4+]</span></span></span> and <span class="kwb2 bluefont"><span class="tooltip00174" data-tooltip-content="#tooltip_content00174"><span class="tt kwbu">[ANTI-FORTIFICATION</span> <span class="tt kwbu">4+]</span></span></span> abilities.|
CSM|000008981003|Cultistâs Brand|20|Chaos Cult|000000872|The masters of heretic cults are given to branding their underlings with arcane sigils of command.|<a class="kwbOne" href="/wh40k10ed/factions/chaos-space-marines/Dark-Apostle"><span class="kwb kwbo">DARK</span> <span class="kwb kwbo">APOSTLE</span></a> or <span class="tooltip00426" data-tooltip-content="#tooltip_content00426" data-tooltip-anchor="#tooltip_content00426"><span class="kwb kwbu">DAMNED</span></span> model only. If every other model in the bearerâs unit (excluding Dark Disciples) is <span class="kwb">DAMNED</span>, you can re-roll <span class="tooltip00230" data-tooltip-content="#tooltip_content00230"><span class="tt kwbu">Advance</span></span> and <span class="tooltip00033" data-tooltip-content="#tooltip_content00033"><span class="tt kwbu">Charge</span> <span class="tt kwbu">rolls</span></span> made for the bearerâs unit.|
CSM|000008964003|Falsehood|10|Deceptors|000000868|This leader conceals their presence upon the battlefield.|<span class="tooltip00562" data-tooltip-content="#tooltip_content00562" data-tooltip-anchor="#tooltip_content00562"><span class="kwb kwbu">CHAOS</span> <span class="kwb kwbu">LORD</span></span> model only (excluding <span class="tooltip00290" data-tooltip-content="#tooltip_content00290" data-tooltip-anchor="#tooltip_content00290"><span class="kwb kwbu">TERMINATOR</span></span> and <span class="tooltip00291" data-tooltip-content="#tooltip_content00291" data-tooltip-anchor="#tooltip_content00291"><span class="kwb kwbu">JUMP</span> <span class="kwb kwbu">PACK</span></span> models). In the <a href="/wh40k10ed/the-rules/pariah-nexus/#Declare-Battle-Formations">Declare Battle Formations</a> step, you can set the bearer up in <a href="/wh40k10ed/the-rules/core-rules/#2.-Reinforcements">Reserves</a> instead of setting it up on the battlefield. If you do, in the <a href="/wh40k10ed/the-rules/core-rules/#2.-Reinforcements">Reinforcements step</a> of one of your <a href="/wh40k10ed/the-rules/core-rules/#MOVEMENT-PHASE">Movement phases</a>, you can select one model in a friendly <a class="kwbOne" href="/wh40k10ed/factions/chaos-space-marines/Legionaries"><span class="kwb kwbo">LEGIONARIES</span></a> or <a class="kwbOne" href="/wh40k10ed/factions/chaos-space-marines/Chosen"><span class="kwb kwbo">CHOSEN</span></a> unit that has two or more models remaining and is on the battlefield (excluding <span class="tooltip00029" data-tooltip-content="#tooltip_content00029"><span class="tt kwbu">Attached</span> <span class="tt kwbu">units</span></span>). The selected model is <span class="tooltip00206" data-tooltip-content="#tooltip_content00206"><span class="tt kwbu">destroyed</span></span> (ignoring any rules that are triggered when a model is destroyed) and the bearer is set up as close as  possible to where that model was destroyed and only within <span class="tooltip00023" data-tooltip-content="#tooltip_content00023"><span class="tt kwbu">Engagement</span> <span class="tt kwbu">Range</span></span> of any enemy units if the destroyed model was within Engagement Range of those units. The bearer now attaches to that unit as its Leader.|
CSM|000008357003|Intoxicating Elixir|15|Pactbound Zealots|000000751|This concoction fortifies the imbiber and causes them to emit a stultifying perfume that enthrals the foe.|<span class="tooltip00565" data-tooltip-content="#tooltip_content00565" data-tooltip-anchor="#tooltip_content00565"><span class="kwb kwbu">HERETIC</span> <span class="kwb kwbu">ASTARTES</span> <span class="kwb kwbu">SLAANESH</span></span> model only. The bearer has the <span class="tooltip00119" data-tooltip-content="#tooltip_content00119"><span class="tt kwbu">Feel</span> <span class="tt kwbu">No</span> <span class="tt kwbu">Pain</span></span> 5+ ability. Each time the bearer shoots or fights, if the bearerâs unit made a <span class="tooltip00425" data-tooltip-content="#tooltip_content00425"><span class="tt kwbu">Dark</span> <span class="tt kwbu">Pact</span></span> this phase and did not fail the resulting <span class="tooltip00509" data-tooltip-content="#tooltip_content00509"><span class="tt kwbu">Leadership</span> <span class="tt kwbu">test</span></span>, after the bearer has resolved those attacks, select one enemy unit that was hit by one or more of those attacks; that enemy unit must take a <span class="tooltip00036" data-tooltip-content="#tooltip_content00036"><span class="tt kwbu">Battle-shock</span> <span class="tt kwbu">test</span></span>.|
CSM|000008968004|Mark of the Hound|25|Renegade Raiders|000000869|This unit of warriors act as their master's eyes and ears, seeking out targets of opportunity.|<span class="kwb">HERETIC</span> <span class="kwb">ASTARTES</span> model only. Models in the bearers unit have the <span class="tooltip00100" data-tooltip-content="#tooltip_content00100"><span class="tt kwbu">Scouts</span></span> 6" ability.|
CSM|000008357004|Orbs of Unlife|15|Pactbound Zealots|000000751|Nurgle's malignance fortifies his chosen and bestows upon them the gift of terrible contagion.|<span class="tooltip00566" data-tooltip-content="#tooltip_content00566" data-tooltip-anchor="#tooltip_content00566"><span class="kwb kwbu">HERETIC</span> <span class="kwb kwbu">ASTARTES</span> <span class="kwb kwbu">NURGLE</span></span> model only. At the end of the <a href="/wh40k10ed/the-rules/core-rules/#FIGHT-PHASE">Fight phase</a>, roll one D6 for every enemy unit within 3" of the bearer, adding 1 to the result if the bearerâs unit made a <span class="tooltip00425" data-tooltip-content="#tooltip_content00425"><span class="tt kwbu">Dark</span> <span class="tt kwbu">Pact</span></span> that phase and did not fail the resulting <span class="tooltip00509" data-tooltip-content="#tooltip_content00509"><span class="tt kwbu">Leadership</span> <span class="tt kwbu">test</span></span>: on a 4+, that enemy  unit suffers D3 <span class="tooltip00049" data-tooltip-content="#tooltip_content00049"><span class="tt kwbu">mortal</span> <span class="tt kwbu">wounds</span></span>.|
CSM|000008960004|Mark of Legend|10|Veterans of the Long War|000000867|This warrior has earned the patronage of a powerful daemonic entity and been rewarded with unholy powers.|<span class="tooltip00559" data-tooltip-content="#tooltip_content00559" data-tooltip-anchor="#tooltip_content00559"><span class="kwb kwbu">HERETIC</span> <span class="kwb kwbu">ASTARTES</span></span> model only (excluding <span class="tooltip00426" data-tooltip-content="#tooltip_content00426" data-tooltip-anchor="#tooltip_content00426"><span class="kwb kwbu">DAMNED</span></span> models). Once per turn, you can re-roll one <span class="tooltip00031" data-tooltip-content="#tooltip_content00031"><span class="tt kwbu">Hit</span> <span class="tt kwbu">roll</span></span>, one <span class="tooltip00006" data-tooltip-content="#tooltip_content00006"><span class="tt kwbu">Wound</span> <span class="tt kwbu">roll</span></span> or one <span class="tooltip00032" data-tooltip-content="#tooltip_content00032"><span class="tt kwbu">saving</span> <span class="tt kwbu">throw</span></span> made for the bearer.|
CSM|000008972004|Warp-fuelled Thrusters|20|Dread Talons|000000870|Bathed in warp energies, this Lordâs jump pack tears rifts in reality, allowing them to withdraw at a moment's notice.|<a class="kwbOne" href="/wh40k10ed/factions/chaos-space-marines/Chaos-Lord-with-Jump-Pack"><span class="kwb kwbo">JUMP</span> <span class="kwb kwbo">PACK</span> <span class="kwb kwbo">CHAOS</span> <span class="kwb kwbo">LORD</span></a> model only. At the end of your opponentâs turn, if the bearerâs unit is not within <span class="tooltip00023" data-tooltip-content="#tooltip_content00023"><span class="tt kwbu">Engagement</span> <span class="tt kwbu">Range</span></span> of one or more enemy units, you can remove the bearerâs unit from the battlefield and place it into <a href="/wh40k10ed/the-rules/core-rules/#Strategic-Reserves">Strategic Reserves</a>.|
CSM|000008981004|Incendiary Goad|15|Chaos Cult|000000872|The bearer of this baleflame-wreathed implement may use its searing touch to incite their followers to acts of violent savagery.|<a class="kwbOne" href="/wh40k10ed/factions/chaos-space-marines/Dark-Apostle"><span class="kwb kwbo">DARK</span> <span class="kwb kwbo">APOSTLE</span></a> or <span class="tooltip00426" data-tooltip-content="#tooltip_content00426" data-tooltip-anchor="#tooltip_content00426"><span class="kwb kwbu">DAMNED</span></span> model only. While the bearerâs unit is below its <span class="tooltip00232" data-tooltip-content="#tooltip_content00232"><span class="tt kwbu">Starting</span> <span class="tt kwbu">Strength</span></span>, add 1 to the Strength characteristic of melee weapons equipped by <span class="kwb">DAMNED</span> models in that unit, and while that unit is <span class="tooltip00233" data-tooltip-content="#tooltip_content00233"><span class="tt kwbu">Below</span> <span class="tt kwbu">Half-strength</span></span>, add 1 to the Attacks characteristic of those weapons as well.|
CSM|000008985004|Tempting Addendum|25|Soulforged Warpack|000000873|The Arkifaneâs contracts are malleable by design. More power can be offered should the supplicant be willing to bear the debt in souls.|<span class="tooltip00559" data-tooltip-content="#tooltip_content00559" data-tooltip-anchor="#tooltip_content00559"><span class="kwb kwbu">HERETIC</span> <span class="kwb kwbu">ASTARTES</span></span> model only. Each time a <span class="tooltip00476" data-tooltip-content="#tooltip_content00476" data-tooltip-anchor="#tooltip_content00476"><span class="kwb kwbu">HERETIC</span> <span class="kwb kwbu">ASTARTES</span> <span class="kwb kwbu">DAEMON</span> <span class="kwb kwbu">VEHICLE</span></span> unit from your army invokes its contract while within 3" of the bearer:<br><ul><li>If it suffers one or more <span class="tooltip00049" data-tooltip-content="#tooltip_content00049"><span class="tt kwbu">mortal</span> <span class="tt kwbu">wounds</span></span> as a result  of that <span class="tooltip00425" data-tooltip-content="#tooltip_content00425"><span class="tt kwbu">Dark</span> <span class="tt kwbu">Pact</span></span>, add 1 to the number of mortal wounds it suffers.</li><li>Until the end of the phase, each time a model in that unit makes an attack, you can re-roll the <span class="tooltip00031" data-tooltip-content="#tooltip_content00031"><span class="tt kwbu">Hit</span> <span class="tt kwbu">roll</span></span>.</li></ul>|
CSM|000008976004|Ironbound Enmity|15|Fellhammer Siege-host|000000871|A siegemaster of steadfast determination and pitiless wrath, this champion will not rest or retreat until the enemy has been cast from trench line and rampart.|<span class="kwb">HERETIC</span> <span class="kwb">ASTARTES</span> model only. Each time the bearer makes an attack while within range of an <span class="tooltip00064" data-tooltip-content="#tooltip_content00064"><span class="tt kwbu">objective</span> <span class="tt kwbu">marker</span></span>, add 1 to the <span class="tooltip00006" data-tooltip-content="#tooltip_content00006"><span class="tt kwbu">Wound</span> <span class="tt kwbu">roll</span></span>.|
CSM|000009773004|Helm of All-seeing|25|Creations of Bile|000000991|This baroque helm sports numerous additional sensors, requiring various disfiguring organ augmentations to process the information.|<span class="tooltip00289" data-tooltip-content="#tooltip_content00289" data-tooltip-anchor="#tooltip_content00289"><span class="kwb kwbu">HERETIC</span> <span class="kwb kwbu">ASTARTES</span> <span class="kwb kwbu">INFANTRY</span></span> model (excluding <span class="tooltip00426" data-tooltip-content="#tooltip_content00426" data-tooltip-anchor="#tooltip_content00426"><span class="kwb kwbu">DAMNED</span></span> models) only. Enemy units that are set up on the battlefield from <a href="/wh40k10ed/the-rules/core-rules/#2.-Reinforcements">Reserves</a> cannot be set up within 12" of the bearer.|
CSM|000008964004|Shroud of Obfuscation|15|Deceptors|000000868|Made from warp-beast skin, this cloak obscures all.|<span class="tooltip00289" data-tooltip-content="#tooltip_content00289" data-tooltip-anchor="#tooltip_content00289"><span class="kwb kwbu">HERETIC</span> <span class="kwb kwbu">ASTARTES</span> <span class="kwb kwbu">INFANTRY</span></span> model only. The bearer has the <span class="tooltip00496" data-tooltip-content="#tooltip_content00496"><span class="tt kwbu">Stealth</span></span> and <span class="tooltip00222" data-tooltip-content="#tooltip_content00222"><span class="tt kwbu">Lone</span> <span class="tt kwbu">Operative</span></span> abilities.|
CSM|000010151004|Mind Blade|25|Cabal of Chaos|000001058|This Sorcerer has been blessed with the ability to channel all their hatred and cruelty into the weapons of their warriors.|<span class="tooltip00427" data-tooltip-content="#tooltip_content00427" data-tooltip-anchor="#tooltip_content00427"><span class="kwb kwbu">PSYKER</span></span> model only. Melee weapons equipped by models in the bearerâs unit have the <span class="kwb2 bluefont"><span class="tooltip00540" data-tooltip-content="#tooltip_content00540"><span class="tt kwbu">[LANCE]</span></span></span> ability.|
CSM|000009773005|Prime Test Subject|35|Creations of Bile|000000991|Only the strongest will survive the rampant cell transformations associated with Bileâs mysterious bioalchemy.|<span class="tooltip00289" data-tooltip-content="#tooltip_content00289" data-tooltip-anchor="#tooltip_content00289"><span class="kwb kwbu">HERETIC</span> <span class="kwb kwbu">ASTARTES</span> <span class="kwb kwbu">INFANTRY</span></span> model (excluding <span class="tooltip00426" data-tooltip-content="#tooltip_content00426" data-tooltip-anchor="#tooltip_content00426"><span class="kwb kwbu">DAMNED</span></span> models) only. Add 1 to the Damage characteristic of melee weapons equipped by the bearer. Each time the bearer makes a melee attack, you can re-roll the <span class="tooltip00031" data-tooltip-content="#tooltip_content00031"><span class="tt kwbu">Hit</span> <span class="tt kwbu">roll</span></span>.|
CSM|000010151005|Infernal Avatar|20|Cabal of Chaos|000001058|This dread being is not only a Daemon Prince but also a dark sorcerer of immense power, able to augment their physical might with even greater empyric puissance.|<a class="kwbOne" href="/wh40k10ed/factions/chaos-space-marines/Heretic-Astartes-Daemon-Prince"><span class="kwb kwbo">HERETIC</span> <span class="kwb kwbo">ASTARTES</span> <span class="kwb kwbo">DAEMON</span> <span class="kwb kwbo">PRINCE</span></a> or <a class="kwbOne" href="/wh40k10ed/factions/chaos-space-marines/Heretic-Astartes-Daemon-Prince-With-Wings"><span class="kwb kwbo">HERETIC</span> <span class="kwb kwbo">ASTARTES</span> <span class="kwb kwbo">DAEMON</span> <span class="kwb kwbo">PRINCE</span> <span class="kwb2 kwbo">WITH</span> <span class="kwb kwbo">WINGS</span></a> model only. Improve the Strength characteristic of melee weapons equipped by the bearer by 2, and improve the Armour Penetration characteristic of those weapons by 1.|
CSM|000008985005|Soul Harvester|15|Soulforged Warpack|000000873|To stoke the fires of a daemon forge requires a bounty of souls. Thus do the Warpsmiths and their allies undertake a never-ending harvest.|<span class="kwb">HERETIC</span> <span class="kwb">ASTARTES</span> model only. While the bearer is on the battlefield, each time an enemy unit within 12" of the bearer is <span class="tooltip00206" data-tooltip-content="#tooltip_content00206"><span class="tt kwbu">destroyed</span></span>, roll one D6: on a 5+, you gain 1CP.|
CSM|000008981005|Warped Foresight|10|Chaos Cult|000000872|The priesthood of the Chaos pantheon use their sorcerous gifts to reveal the future and position their followers accordingly.|<a class="kwbOne" href="/wh40k10ed/factions/chaos-space-marines/Dark-Apostle"><span class="kwb kwbo">DARK</span> <span class="kwb kwbo">APOSTLE</span></a> or <span class="tooltip00426" data-tooltip-content="#tooltip_content00426" data-tooltip-anchor="#tooltip_content00426"><span class="kwb kwbu">DAMNED</span></span> model only. While the bearer is leading a unit with the <span class="tooltip00100" data-tooltip-content="#tooltip_content00100"><span class="tt kwbu">Scouts</span> <span class="tt kwbu">6"</span></span> ability, every model in the bearerâs unit has the Scouts 6" ability.|
CSM|000008976005|Warp Tracer|20|Fellhammer Siege-host|000000871|Crafted by the dread Warpsmith Kradius, these shells contain writhing nanoworms redolent with warp energies that act as a beacon to the targeting systems of Heretic Astartes.|<span class="kwb">HERETIC</span> <span class="kwb">ASTARTES</span> model only. In your <a href="/wh40k10ed/the-rules/core-rules/#SHOOTING-PHASE">Shooting phase</a>, after the bearer has shot, select one enemy unit hit by one or more of those attacks. Until the end of the phase, that enemy unit cannot have the <span class="tooltip00052" data-tooltip-content="#tooltip_content00052"><span class="tt kwbu">Benefit</span> <span class="tt kwbu">of</span> <span class="tt kwbu">Cover</span></span>.|
CSM|000008972005|Willbreaker|10|Dread Talons|000000870|This daemonic weapon assails the psyches of those it strikes, causing the cold shock of abject terror to grip their hearts.|<span class="kwb">HERETIC</span> <span class="kwb">ASTARTES</span> model only. In the <a href="/wh40k10ed/the-rules/core-rules/#FIGHT-PHASE">Fight phase</a>, after the bearer has made its attacks, select one enemy unit hit by one or more of those attacks. That unit must take a <span class="tooltip00036" data-tooltip-content="#tooltip_content00036"><span class="tt kwbu">Battle-shock</span> <span class="tt kwbu">test</span></span>.|
CSM|000008968005|Tyrantâs Lash|20|Renegade Raiders|000000869|Pain provides excellent motivation. The crack of this infernal whip sears the soul, driving the hesitant forwards with a vigour borne of anguish.|<span class="kwb">HERETIC</span> <span class="kwb">ASTARTES</span> model only. You can re-roll <span class="tooltip00230" data-tooltip-content="#tooltip_content00230"><span class="tt kwbu">Advance</span></span> rolls made for the bearerâs unit, and the bearerâs unit is eligible to shoot in a turn in which it <span class="tooltip00025" data-tooltip-content="#tooltip_content00025"><span class="tt kwbu">Fell</span> <span class="tt kwbu">Back</span></span>.|
CSM|000008964005|Soul Link|5|Deceptors|000000868|With a whispered incantation this champion projects their consciousness into the body of a willing ally.|<span class="tooltip00289" data-tooltip-content="#tooltip_content00289" data-tooltip-anchor="#tooltip_content00289"><span class="kwb kwbu">HERETIC</span> <span class="kwb kwbu">ASTARTES</span> <span class="kwb kwbu">INFANTRY</span></span> model only. At the start of your <a href="/wh40k10ed/the-rules/core-rules/#COMMAND-PHASE">Command phase</a>, you can select one other <span class="kwb">HERETIC</span> <span class="kwb">ASTARTES</span> <span class="kwb">INFANTRY</span> <span class="kwb">CHARACTER</span> model from your army (excluding <span class="tooltip00481" data-tooltip-content="#tooltip_content00481" data-tooltip-anchor="#tooltip_content00481"><span class="kwb kwbu">EPIC</span> <span class="kwb kwbu">HEROES</span></span>). Until the start of your next Command phase, the bearer gains the <span class="kwb">PSYKER</span> keyword, and replace the bearerâs <a href="/wh40k10ed/the-rules/core-rules/#Datasheets-1">datasheet</a> abilities with the datasheet abilities of the <span class="kwb">CHARACTER</span> you selected.|
CSM|000008357005|Talisman of Burning Blood|15|Pactbound Zealots|000000751|This crimson gem radiates malice, granting its bearer but a sliver of Khorneâs boundless fury.|<span class="tooltip00567" data-tooltip-content="#tooltip_content00567" data-tooltip-anchor="#tooltip_content00567"><span class="kwb kwbu">HERETIC</span> <span class="kwb kwbu">ASTARTES</span> <span class="kwb kwbu">KHORNE</span></span> model only. Add 1 to the Attacks and Strength characteristics of the bearerâs melee weapons. Each time the bearerâs unit makes a <span class="tooltip00425" data-tooltip-content="#tooltip_content00425"><span class="tt kwbu">Dark</span> <span class="tt kwbu">Pact</span></span> and does not fail the resulting <span class="tooltip00509" data-tooltip-content="#tooltip_content00509"><span class="tt kwbu">Leadership</span> <span class="tt kwbu">test</span></span>, roll one D3: until the end of the phase, add the result to the Attacks and Strength characteristics of the bearers melee weapons instead.|
CSM|000008960005|Warmasterâs Gift|15|Veterans of the Long War|000000867|This warrior bears a daemonic weapon of great power, gifted unto to them by the Despoiler himself.|<span class="tooltip00562" data-tooltip-content="#tooltip_content00562" data-tooltip-anchor="#tooltip_content00562"><span class="kwb kwbu">CHAOS</span> <span class="kwb kwbu">LORD</span></span> model only. Each time the bearer makes an attack that targets your <span class="tooltip00560" data-tooltip-content="#tooltip_content00560"><span class="tt kwbu">focus</span> <span class="tt kwbu">of</span> <span class="tt kwbu">hatred</span></span>, an unmodified successful <span class="tooltip00006" data-tooltip-content="#tooltip_content00006"><span class="tt kwbu">Wound</span> <span class="tt kwbu">roll</span></span> of 5+ scores a <span class="tooltip00006" data-tooltip-content="#tooltip_content00006"><span class="tt kwbu">Critical</span> <span class="tt kwbu">Wound</span></span>.|
DG|000010143002|Face of Death|10|Death Lordâs Chosen|000001054|So grotesque and monstrous is this championâs aspect that it fills the enemy with unreasoning dread simply to look upon him.|<span class="tooltip00302" data-tooltip-content="#tooltip_content00302" data-tooltip-anchor="#tooltip_content00302"><span class="kwb kwbu">TERMINATOR</span></span> model only. At the start of the <a href="/wh40k10ed/the-rules/core-rules/#FIGHT-PHASE">Fight phase</a>, each enemy unit within <span class="tooltip00023" data-tooltip-content="#tooltip_content00023"><span class="tt kwbu">Engagement</span> <span class="tt kwbu">Range</span></span> of the bearerâs unit must take a <span class="tooltip00036" data-tooltip-content="#tooltip_content00036"><span class="tt kwbu">Battle-shock</span> <span class="tt kwbu">test</span></span>.|
DG|000010139002|Witherbone Pipes|25|Shamblerot Vectorium|000001053|This sinister artefact emits a reedy dirge to which Poxwalkers seem drawn and by whose mournful notes they appear energised and lent an echo of purpose.|<a class="kwbOne" href="/wh40k10ed/factions/death-guard/Noxious-Blightbringer"><span class="kwb kwbo">NOXIOUS</span> <span class="kwb kwbo">BLIGHTBRINGER</span></a> only. While the bearer is leading a <a class="kwbOne" href="/wh40k10ed/factions/death-guard/Poxwalkers"><span class="kwb kwbo">POXWALKERS</span></a> unit, add 1 to the Objective Control characteristic of models in that unit, and each time that unit takes a <span class="tooltip00036" data-tooltip-content="#tooltip_content00036"><span class="tt kwbu">Battle-shock</span></span> or <span class="tooltip00509" data-tooltip-content="#tooltip_content00509"><span class="tt kwbu">Leadership</span> <span class="tt kwbu">test</span></span>, add 1 to that test.|
DG|000009398002|Foul Constitution|0|Vectors of Decay|000000930|Rancid with might, feverish with unclean power, this warriorâs diseased body is as unnaturally resilient as it is unfeeling of pain.|Each time an attack is allocated to the bearer, subtract 1 from the Damage characteristic of that attack.|
DG|000009408002|Pox-Bearer|0|Unclean Uprising|000000931|This foul champion is a living vector for the spread of the walking plague, a suppurating nexus of filthy unlife that cannot be cleansed.|Once per battle, at the end of your <a href="/wh40k10ed/the-rules/boarding-action-rules/#Movement-Phase">Movement phase</a>, the bearer can use this Enhancement. If it does, select one friendly <a class="kwbOne" href="/wh40k10ed/factions/death-guard/Poxwalkers"><span class="kwb kwbo">POXWALKERS</span></a> unit within 9" of and <a href="/wh40k10ed/the-rules/boarding-action-rules/#Visibility">visible</a> to the bearer; return up to D3+2 <span class="tooltip00206" data-tooltip-content="#tooltip_content00206"><span class="tt kwbu">destroyed</span></span> models to that unit.|
DG|000010127002|Eye of Affliction|20|Mortarionâs Hammer|000001050|Peering at the world through this bloated yellow orb, the bearer of this vile gift sees the souls of the sickened burning bright as targeting flares no matter how their victims try to hide.|<span class="kwb">DEATH</span> <span class="kwb">GUARD</span> model only. Ranged weapons equipped by models in the bearerâs unit have the <span class="kwb2 bluefont"><span class="tooltip00499" data-tooltip-content="#tooltip_content00499"><span class="tt kwbu">[ignores</span> <span class="tt kwbu">cover]</span></span></span> ability while targeting an <span class="tooltip00434" data-tooltip-content="#tooltip_content00434"><span class="tt kwbu">Afflicted</span></span> enemy unit.|
DG|000010131002|Final Ingredient|20|Champions of Contagion|000001051|Be it the eye of a Kroot or a Space Marineâs hearts, ground Ork tusk, or something unnameable wrenched from within a Tyranidâs corpse, this champion needs just one more ingredient to perfect a powerful new plague.|<a class="kwbOne" href="/wh40k10ed/factions/death-guard/Biologus-Putrifier"><span class="kwb kwbo">BIOLOGUS</span> <span class="kwb kwbo">PUTRIFIER</span></a> only. Once per battle, after the bearers unit has fought, if one or more <span class="kwb">CHARACTER</span> models were destroyed as a result of those attacks, select one Plague. Until the end of the battle, while an enemy unit is <span class="tooltip00434" data-tooltip-content="#tooltip_content00434"><span class="tt kwbu">Afflicted</span></span>, that unit has the effect of the selected Plague in addition to any other.|
DG|000010123002|Daemon Weapon of Nurgle|10|Virulent Vectorium|000001049|Be it the Seeping Blade, the Talon of Befoulment or even the dreaded Axe of Putrescence, this weapon contains a malevolent daemonic entity whose mere touch rots and sickens the foe.|<span class="kwb">DEATH</span> <span class="kwb">GUARD</span> model only. Each time the bearer makes a melee attack, an unmodified <span class="tooltip00031" data-tooltip-content="#tooltip_content00031"><span class="tt kwbu">Hit</span> <span class="tt kwbu">roll</span></span> of 5+ scores a <span class="tooltip00031" data-tooltip-content="#tooltip_content00031"><span class="tt kwbu">Critical</span> <span class="tt kwbu">Hit</span></span>.|
DG|000009729002|Droning Chorus|15|Flyblown Host|000000980|Festering swarms follow this champion to battle, and the drone of a billion flies invigorates his warriorsâ rotting bodies, lending them fresh focus.|<span class="tooltip00301" data-tooltip-content="#tooltip_content00301" data-tooltip-anchor="#tooltip_content00301"><span class="kwb kwbu">DEATH</span> <span class="kwb kwbu">GUARD</span> <span class="kwb kwbu">INFANTRY</span></span> model only. Ranged weapons equipped by models in the bearerâs unit have the <span class="kwb2 bluefont"><span class="tooltip00217" data-tooltip-content="#tooltip_content00217"><span class="tt kwbu">[ASSAULT]</span></span></span> ability.|
DG|000009416002|Miasmic Odour|0|Arch-Contaminators|000000932|An omnipresent reek of decay wreathes this dark champion, mingling with swarms of parasitic plague flies and turgid clouds of infectious spores.|Add 3" to the <span class="tooltip00434" data-tooltip-content="#tooltip_content00434"><span class="tt kwbu">Contagion</span> <span class="tt kwbu">Range</span></span> of the bearer.|
DG|000010135002|Beckoning Blight|20|Tallyband Summoners|000001052|This unclean gift infects its host with animaluminescent fungus. Once their spirit is riddled with incorporeal mycelia, it begins to glow. This sickly radiance acts like a guiding lantern to the daemons of Nurgle, who follow its glare into realspace.|<span class="tooltip00219" data-tooltip-content="#tooltip_content00219" data-tooltip-anchor="#tooltip_content00219"><span class="kwb kwbu">DEATH</span> <span class="kwb kwbu">GUARD</span></span> model only. Each time a <span class="tooltip00249" data-tooltip-content="#tooltip_content00249" data-tooltip-anchor="#tooltip_content00249"><span class="kwb kwbu">PLAGUE</span> <span class="kwb kwbu">LEGIONS</span></span> unit from your army is set up on the battlefield using the <span class="tooltip00046" data-tooltip-content="#tooltip_content00046"><span class="tt kwbu">Deep</span> <span class="tt kwbu">Strike</span></span> ability, if it is set up wholly within 12" of the bearer, it can be set up anywhere that is more than 6" horizontally away from all enemy models, instead of more than 9".|
DG|000010143003|Vile Vigour|15|Death Lordâs Chosen|000001054|A fanatical worshipper of Nurgle and a talented orator, this champion can infect their followers with the urgent need to forge into battle and spread the Plague Godâs blessings to all.|<span class="tooltip00302" data-tooltip-content="#tooltip_content00302" data-tooltip-anchor="#tooltip_content00302"><span class="kwb kwbu">TERMINATOR</span></span> model only. While the bearer is leading a unit, add 1" to the Movement characteristic of models in that unit and you can re-roll <span class="tooltip00230" data-tooltip-content="#tooltip_content00230"><span class="tt kwbu">Advance</span> <span class="tt kwbu">rolls</span></span> made for that unit.|
DG|000010127003|Bilemaw Blight|10|Mortarionâs Hammer|000001050|This foul sorcerer has been blessed with a unique affliction that allows them to inflate their body like a repulsive bellows before vomiting forth a pressurised torrent of filth that would do any Great Unclean One proud.|<a class="kwbOne" href="/wh40k10ed/factions/death-guard/Malignant-Plaguecaster"><span class="kwb kwbo">MALIGNANT</span> <span class="kwb kwbo">PLAGUECASTER</span></a> only. At the start of your <a href="/wh40k10ed/the-rules/core-rules/#SHOOTING-PHASE">Shooting phase</a>, until the end of the phase, add 12" to the Range characteristics of the bearerâs Plague Wind weapon.|
DG|000010139003|Lord of the Walking Pox|15|Shamblerot Vectorium|000001053|Gifted by Nurgle to be forever surrounded by shambling packs of Poxwalkers, this champion has become adept at leading their festering hordes into battle.|<span class="kwb">DEATH</span> <span class="kwb">GUARD</span> model only. If the bearer is leading a <a class="kwbOne" href="/wh40k10ed/factions/death-guard/Poxwalkers"><span class="kwb kwbo">POXWALKER</span></a> unit, and is in <a href="/wh40k10ed/the-rules/core-rules/#Strategic-Reserves">Strategic Reserves</a>, for the purposes of setting up that unit on the battlefield, treat the current <a href="/wh40k10ed/the-rules/core-rules/#The-Battle-Round">battle round</a> as the third battle round.|
DG|000009416003|Disgusting Reinvigoration|0|Arch-Contaminators|000000932|Grotesque maws and stabbing probosces burst from this championâs bloated form to consume and corrupt the very life essence of their victims.|Each time the bearer destroys an enemy model with a melee attack, roll one D6: on a 5+, the bearer regains one lost wound (to a maximum of two lost wounds per phase).|
DG|000010135003|Fell Harvester|10|Tallyband Summoners|000001052|This repugnant daemon weapon extrudes swaying tendrils with lamprey maws to strike at the foe.|<span class="tooltip00219" data-tooltip-content="#tooltip_content00219" data-tooltip-anchor="#tooltip_content00219"><span class="kwb kwbu">DEATH</span> <span class="kwb kwbu">GUARD</span></span> model only. Add 2 to the Attacks characteristic of the bearerâs melee weapons.|
DG|000009398003|Fountaining Filth|0|Vectors of Decay|000000930|Bloated fit to burst with noxious corruption, this championâs straining body is like an overfilled pressure vessel ready to explode like a diseased warhead.|When the bearer is <span class="tooltip00206" data-tooltip-content="#tooltip_content00206"><span class="tt kwbu">destroyed</span></span>, before removing it from the battlefield, select one enemy unit within <a href="/wh40k10ed/the-rules/boarding-action-rules/#Engagement-Range">Engagement Range</a> of the bearer and roll one D6: on a 2-3, that enemy unit suffers 1 <span class="tooltip00049" data-tooltip-content="#tooltip_content00049"><span class="tt kwbu">mortal</span> <span class="tt kwbu">wound</span></span>; on a 4-5, that enemy unit suffers 2 mortal wounds; on a 6, that enemy unit suffers 3 mortal wounds.|
DG|000009408003|Hand of Nurgle|0|Unclean Uprising|000000931|Foul and foetid is the touch of this blessed being, seeping filth and rust-blooming fungi spilling from everything they lay their hands upon.|In your <a href="/wh40k10ed/the-rules/core-rules/#COMMAND-PHASE">Command phase</a>, select one <a href="/wh40k10ed/the-rules/boarding-action-rules/#Objective-Markers">objective marker</a> that you control and is within range of the bearer. Roll one D6: on a 2+, that objective marker is <a href="/wh40k10ed/the-rules/boarding-action-rules/#SEIZING-AND-SECURING-OBJECTIVE-MARKERS">Secured</a> by your army|
DG|000009729003|Insectile Murmuration|20|Flyblown Host|000000980|The buzzing swarms respond to this championâs will, sweeping down upon his chosen target, their crawling, biting and droning enfeebling the horrified foe.|<span class="tooltip00301" data-tooltip-content="#tooltip_content00301" data-tooltip-anchor="#tooltip_content00301"><span class="kwb kwbu">DEATH</span> <span class="kwb kwbu">GUARD</span> <span class="kwb kwbu">INFANTRY</span></span> model only. Each time a model in the bearerâs unit makes an attack that targets a unit that is within <span class="tooltip00434" data-tooltip-content="#tooltip_content00434"><span class="tt kwbu">Contagion</span> <span class="tt kwbu">Range</span></span> of one or more <span class="kwb">DEATH</span> <span class="kwb">GUARD</span> units from your army, re-roll a <span class="tooltip00006" data-tooltip-content="#tooltip_content00006"><span class="tt kwbu">Wound</span> <span class="tt kwbu">roll</span></span> of 1.|
DG|000010131003|Visions of Virulence|15|Champions of Contagion|000001051|The touch of this sorcererâs mind upon another triggers feverish visions of abundant foulness that erupt into physical manifestations as they reach their crescendo.|<a class="kwbOne" href="/wh40k10ed/factions/death-guard/Malignant-Plaguecaster"><span class="kwb kwbo">MALIGNANT</span> <span class="kwb kwbo">PLAGUECASTER</span></a> only. While an enemy unit is enfeebled by the bearerâs Pestilent Fallout ability, that unit is also <span class="tooltip00434" data-tooltip-content="#tooltip_content00434"><span class="tt kwbu">Afflicted</span></span>.|
DG|000010123003|Furnace of Plagues|25|Virulent Vectorium|000001049|This championâs body blazes with fever as a cornucopia of supernatural diseases churn and roil within. Mere proximity to them is enough to trigger an infectious outbreak of daemonic viruses.|<span class="kwb">DEATH</span> <span class="kwb">GUARD</span> model only. Add 1 to the Strength and Attacks characteristics of the bearers melee weapons, and the bearerâs melee weapons have the <span class="kwb2 bluefont"><span class="tooltip00048" data-tooltip-content="#tooltip_content00048"><span class="tt kwbu">[DEVASTATING</span> <span class="tt kwbu">WOUNDS]</span></span></span> ability.|
DG|000010139004|Sorrowsyphon|10|Shamblerot Vectorium|000001053|Parasitising the miserable scraps of soul within nearby Poxwalkers allows this sorcerer to belch even more malignant clouds of murderous foulness.|<a class="kwbOne" href="/wh40k10ed/factions/death-guard/Malignant-Plaguecaster"><span class="kwb kwbo">MALIGNANT</span> <span class="kwb kwbo">PLAGUECASTER</span></a> only. While the bearer is leading a <a class="kwbOne" href="/wh40k10ed/factions/death-guard/Poxwalkers"><span class="kwb kwbo">POXWALKERS</span></a> unit, add 1 to the Damage characteristic of the bearerâs Plague Wind weapon. Each time the bearer makes one or more attacks with a Plague Wind weapon, after the bearerâs unit has resolved its attacks, D3 <span class="tooltip00029" data-tooltip-content="#tooltip_content00029"><span class="tt kwbu">Bodyguard</span></span> models from the bearerâs unit are destroyed.|
DG|000010131004|Needle of Nurgle|25|Champions of Contagion|000001051|This plague-saturated narthecium delivers generous doses of infernal maladies that restore life to even the most hideously mangled of Mortarionâs sons.|<a class="kwbOne" href="/wh40k10ed/factions/death-guard/Plague-Surgeon"><span class="kwb kwbo">PLAGUE</span> <span class="kwb kwbo">SURGEON</span></a> only. Each time the bearer uses its Tainted Narthecium ability, you can return up to D3 destroyed models to the bearerâs unit (instead of 1).|
DG|000010123004|Arch Contaminator|25|Virulent Vectorium|000001049|The unfettered energies of Nurgleâs realm gush from the Warp like foulness from a punctured boil, earthing themselves in the fabric of realspace through this champions repulsive body.|<span class="kwb">DEATH</span> <span class="kwb">GUARD</span> model only. While the bearerâs unit is within range of an <span class="tooltip00064" data-tooltip-content="#tooltip_content00064"><span class="tt kwbu">objective</span> <span class="tt kwbu">marker</span></span> you control, each time a model in the bearerâs unit makes an attack, you can re-roll the <span class="tooltip00006" data-tooltip-content="#tooltip_content00006"><span class="tt kwbu">Wound</span> <span class="tt kwbu">roll</span></span>.|
DG|000009729004|Rejuvenating Swarm|10|Flyblown Host|000000980|With a hacking prayer to Nurgle, this warrior calls upon the swarm. Buzzing clumps of plagueâbearing flies settle upon his bloated form and vomit streams of rejuvenating contagion into festering wounds.|<span class="tooltip00301" data-tooltip-content="#tooltip_content00301" data-tooltip-anchor="#tooltip_content00301"><span class="kwb kwbu">DEATH</span> <span class="kwb kwbu">GUARD</span> <span class="kwb kwbu">INFANTRY</span></span> model only. At the end of each phase, the bearer regains all of its lost wounds.|
DG|000010135004|Entropic Knell|15|Tallyband Summoners|000001052|Every booming peal of this cursed bell spreads rot, lesions and buboes across the foesâ bodies, sending them fleeing in terror and disgust.|<a class="kwbOne" href="/wh40k10ed/factions/death-guard/Great-Unclean-One"><span class="kwb kwbo">GREAT</span> <span class="kwb kwbo">UNCLEAN</span> <span class="kwb kwbo">ONE</span></a> only. In the <span class="tooltip00036" data-tooltip-content="#tooltip_content00036"><span class="tt kwbu">Battle-shock</span> <span class="tt kwbu">step</span></span> of your opponentâs <a href="/wh40k10ed/the-rules/core-rules/#COMMAND-PHASE">Command phase</a>, each enemy unit within 6" of the bearer that is below its <span class="tooltip00232" data-tooltip-content="#tooltip_content00232"><span class="tt kwbu">Starting</span> <span class="tt kwbu">Strength</span></span> must take a <span class="tooltip00036" data-tooltip-content="#tooltip_content00036"><span class="tt kwbu">Battle-shock</span> <span class="tt kwbu">test</span></span>, subtracting 1 from that test.|
DG|000010143004|Warprot Talisman|30|Death Lordâs Chosen|000001054|By invoking the power of this ancient talisman, the bearer can rot a sagging rent in reality and step through the Warp to burst forth elsewhere amidst a gushing sluice of foul fluids.|<span class="tooltip00302" data-tooltip-content="#tooltip_content00302" data-tooltip-anchor="#tooltip_content00302"><span class="kwb kwbu">TERMINATOR</span></span> model only. Once per battle, at the end of your opponentâs turn, if the bearerâs unit is not within <span class="tooltip00023" data-tooltip-content="#tooltip_content00023"><span class="tt kwbu">Engagement</span> <span class="tt kwbu">Range</span></span> of one or more enemy units, you can remove it from the battlefield and place it into <a href="/wh40k10ed/the-rules/core-rules/#Strategic-Reserves">Strategic Reserves</a>.|
DG|000010127004|Shriekworm Familiar|15|Mortarionâs Hammer|000001050|This daemonic familiar lives in the championâs flesh and watches with bitter paranoia for enemy threats. Should it spot a counterattack from the foe, it bursts forth to scream its shrill warning.|<span class="kwb">DEATH</span> <span class="kwb">GUARD</span> model only. Once per <a href="/wh40k10ed/the-rules/core-rules/#The-Battle-Round">battle round</a>, you can target the bearerâs unit with the <span class="tooltip00241" data-tooltip-content="#tooltip_content00241"><span class="tt kwbu">Fire</span> <span class="tt kwbu">Overwatch</span></span> Stratagem for 0CP.|
DG|000010135005|Tome of Bounteous Blessings|20|Tallyband Summoners|000001052|The slurred and vomit-wet incantations from this malodorous tome bolster Nurgleâs daemons.|<a class="kwbOne" href="/wh40k10ed/factions/death-guard/Malignant-Plaguecaster"><span class="kwb kwbo">MALIGNANT</span> <span class="kwb kwbo">PLAGUECASTER</span></a> only. Each time a <span class="tooltip00249" data-tooltip-content="#tooltip_content00249" data-tooltip-anchor="#tooltip_content00249"><span class="kwb kwbu">PLAGUE</span> <span class="kwb kwbu">LEGIONS</span></span> unit within 12" of the bearer takes a <span class="tooltip00036" data-tooltip-content="#tooltip_content00036"><span class="tt kwbu">Battle-shock</span> <span class="tt kwbu">test</span></span>, add 1 to that test and, if that test is passed, one model in that unit regains up to D3 lost wounds (if that unit is a <span class="tooltip00568" data-tooltip-content="#tooltip_content00568" data-tooltip-anchor="#tooltip_content00568"><span class="kwb kwbu">BATTLELINE</span></span> unit and that test is passed, up to D3 destroyed models can be returned to that unit instead).|
DG|000010143005|Helm of the Fly King|20|Death Lordâs Chosen|000001054|This armoured helm was crafted by the Daemon Prince Vermifulgus the Pestilent and carries his squirming enchantments. It manifests its wearer's will as roaring swarms of plump flies that whirl about their creator like an occluding shroud or descend on the foe to blind eyes, clog sensors and spread revolted panic.|<span class="tooltip00302" data-tooltip-content="#tooltip_content00302" data-tooltip-anchor="#tooltip_content00302"><span class="kwb kwbu">TERMINATOR</span></span> model only. While the bearer is leading a unit, models in that unit cannot be targeted by ranged attacks unless the attacking model is within 18".|
DG|000010131005|Cornucophagus|35|Champions of Contagion|000001051|A plague bellows fashioned by daemonic smiths in a realm of pure putrescence, this rasping device exhales an endless cloying soup of lividly glowing plague motes.|<a class="kwbOne" href="/wh40k10ed/factions/death-guard/Lord-of-Poxes"><span class="kwb kwbo">LORD</span> <span class="kwb2 kwbo">OF</span> <span class="kwb kwbo">POXES</span></a> only. In the <a href="/wh40k10ed/the-rules/core-rules/#Declare-Battle-Formations">Declare Battle Formations</a> step select one Plague. Until the end of the battle, while an enemy unit is within <span class="tooltip00434" data-tooltip-content="#tooltip_content00434"><span class="tt kwbu">Contagion</span> <span class="tt kwbu">Range</span></span> of the bearer, that enemy unit has the effect of that Plague in addition to any other.|
DG|000010123005|Revolting Regeneration|20|Virulent Vectorium|000001049|The more wounds blasted and gouged into this championâs flesh, the more clotted matter, squirming vermin and gangrenous slime spurt forth to coagulate and seal the most grievous hurts.|<span class="kwb">DEATH</span> <span class="kwb">GUARD</span> model only. The bearer has the <span class="tooltip00119" data-tooltip-content="#tooltip_content00119"><span class="tt kwbu">Feel</span> <span class="tt kwbu">No</span> <span class="tt kwbu">Pain</span> <span class="tt kwbu">5+</span></span> ability.|
DG|000010139005|Talisman of Burgeoning|25|Shamblerot Vectorium|000001053|This mould-furred talisman is studded with teeth torn from Poxwalkersâ jaws. It bolsters the creaturesâ putrid vitality, forcing them to stagger and fight even through grotesque wounds.|<span class="kwb">DEATH</span> <span class="kwb">GUARD</span> model only. While the bearer is leading a unit, add 1 to the Toughness characteristic of <a class="kwbOne" href="/wh40k10ed/factions/death-guard/Poxwalkers"><span class="kwb kwbo">POXWALKERS</span></a> models in that unit.|
DG|000009729005|Plagueveil|25|Flyblown Host|000000980|When this diseased pilgrim marches to sites of festering putrescence, Nurgleâs blessings manifest in a buzzing clot of darkness that falls like an enshrouding fog over them and their disciples.|<span class="tooltip00301" data-tooltip-content="#tooltip_content00301" data-tooltip-anchor="#tooltip_content00301"><span class="kwb kwbu">DEATH</span> <span class="kwb kwbu">GUARD</span> <span class="kwb kwbu">INFANTRY</span></span> model only. While the bearerâs unit is within range of one or more <span class="tooltip00064" data-tooltip-content="#tooltip_content00064"><span class="tt kwbu">objective</span> <span class="tt kwbu">markers</span></span> that you control, that unit can only be selected as the target of a ranged attack if the attacking model is within 18".|
DG|000010127005|Tendrilous Emissions|30|Mortarionâs Hammer|000001050|This warrior has gained greater control of the vile fumes that billow from their armour, willing them forward like coiling tentacles to wreathe targets and guide in the fire of allied war engines.|<a class="kwbOne" href="/wh40k10ed/factions/death-guard/Lord-of-Virulence"><span class="kwb kwbo">LORD</span> <span class="kwb2 kwbo">OF</span> <span class="kwb kwbo">VIRULENCE</span></a> only. While the bearer is within 3" of one or more friendly <span class="tooltip00569" data-tooltip-content="#tooltip_content00569" data-tooltip-anchor="#tooltip_content00569"><span class="kwb kwbu">DEATH</span> <span class="kwb kwbu">GUARD</span> <span class="kwb kwbu">VEHICLE</span></span> units, the bearer has the <span class="tooltip00222" data-tooltip-content="#tooltip_content00222"><span class="tt kwbu">Lone</span> <span class="tt kwbu">Operative</span></span> ability, and each time one of those <span class="kwb">VEHICLE</span> units makes a ranged attack that targets an enemy unit <a href="/wh40k10ed/the-rules/core-rules/#Determining-Visibility">visible</a> to the bearer, re-roll a <span class="tooltip00006" data-tooltip-content="#tooltip_content00006"><span class="tt kwbu">Wound</span> <span class="tt kwbu">roll</span></span> of 1.|
DRU|000010576002|Phantasmal Smoke|15|Skysplinter Assault|000000831|Phantasm grenade launchers worked into sweeping hull plates discharge, laying down covering spreads of hallucinogenic vapours that daze and distract the foe.|<span class="kwb">DRUKHARI</span> model only. While the bearerâs unit is wholly within 6" of a friendly <span class="tooltip00406" data-tooltip-content="#tooltip_content00406" data-tooltip-anchor="#tooltip_content00406"><span class="kwb kwbu">DRUKHARI</span> <span class="kwb kwbu">TRANSPORT</span></span>:<br><ul><li>Models in the bearerâs unit have the <span class="tooltip00496" data-tooltip-content="#tooltip_content00496"><span class="tt kwbu">Stealth</span></span> ability.</li><li>Each time a ranged attack targets the bearerâs unit, models in that unit have the <span class="tooltip00052" data-tooltip-content="#tooltip_content00052"><span class="tt kwbu">Benefit</span> <span class="tt kwbu">of</span> <span class="tt kwbu">Cover</span></span> against that attack.</li></ul>|
DRU|000010580002|Pharmacophex|15|Spectacle of Spite|000001113|This inbuilt chem-atomiser wreathes the bearer and their comrades in a hyperstimulant haze.|<span class="tooltip00570" data-tooltip-content="#tooltip_content00570" data-tooltip-anchor="#tooltip_content00570"><span class="kwb kwbu">SUCCUBUS</span></span> model only. At the start of your <a href="/wh40k10ed/the-rules/core-rules/#COMMAND-PHASE">Command phase</a>, after selecting which <span class="tooltip00572" data-tooltip-content="#tooltip_content00572"><span class="tt kwbu">Combat</span> <span class="tt kwbu">Drugs</span></span> will be active for your army, roll one D6 and consult the <span class="tooltip00572" data-tooltip-content="#tooltip_content00572"><span class="tt kwbu">Combat</span> <span class="tt kwbu">Drugs</span> <span class="tt kwbu">list</span></span>. The result rolled applies to the bearerâs unit until the start of your next Command phase in addition to any other Combat Drugs that are active for your army. If you randomly select one that is already active for your army, it has no additional effect.|
DRU|000009450002|Rending Chain-Flails|0|Painbringers|000000937|This Haemonculus fleshcrafter has adorned their grotesque form with bladed chain-flails with which to ensnare fleeing foes and tear them to bloody shreds.|Each time an enemy unit within <a href="/wh40k10ed/the-rules/boarding-action-rules/#Engagement-Range">Engagement Range</a> of the bearer is selected to <span class="tooltip00025" data-tooltip-content="#tooltip_content00025"><span class="tt kwbu">Fall</span> <span class="tt kwbu">Back</span></span>, roll one D6: on a 2-4, that enemy unit suffers 1 <span class="tooltip00049" data-tooltip-content="#tooltip_content00049"><span class="tt kwbu">mortal</span> <span class="tt kwbu">wound</span></span>; on a 5+, that enemy unit suffers 2 mortal wounds.|
DRU|000010588002|Leechbite Plate|5|Kabalite Cartel|000001115|Threaded with parasite circuits and fashioned from empathovoric crystalline resins, this armour drinks deep of the lifeblood that spatters it and the pain of the wounded to nourish and heal its wearer.|<span class="tooltip00458" data-tooltip-content="#tooltip_content00458" data-tooltip-anchor="#tooltip_content00458"><span class="kwb kwbu">ARCHON</span></span> model only. The bearer has a Save characteristic of 3+. At the start of either playerâs <a href="/wh40k10ed/the-rules/core-rules/#COMMAND-PHASE">Command phase</a>, you can spend 1 <span class="tooltip00403" data-tooltip-content="#tooltip_content00403"><span class="tt kwbu">Pain</span> <span class="tt kwbu">token</span></span>: if you do, the bearer regains all of its lost wounds.|
DRU|000009425002|Power and Greed|0|Space Lane Raiders|000000934|This warrior is addicted to the heady rush of battle and suffering, each fresh taste driving them to crave more.|The first lime in each turn that the bearer is <span class="tooltip00403" data-tooltip-content="#tooltip_content00403"><span class="tt kwbu">Empowered</span></span>, roll one D6: on a 3+, you gain 1 <span class="tooltip00403" data-tooltip-content="#tooltip_content00403"><span class="tt kwbu">Pain</span> <span class="tt kwbu">token</span></span>.|
DRU|000010574002|Dark Vitality|25|Realspace Raiders|000000804|Surrounded by terror and pain, this champion of the Dark City is a veritable conduit of cruel vitality.|<span class="kwb">DRUKHARI</span> model only. The bearerâs unit is always <span class="tooltip00403" data-tooltip-content="#tooltip_content00403"><span class="tt kwbu">Empowered</span></span> - you do not need to spend any <span class="tooltip00403" data-tooltip-content="#tooltip_content00403"><span class="tt kwbu">Pain</span> <span class="tt kwbu">tokens</span></span> to activate that unitâs <span class="tooltip00403" data-tooltip-content="#tooltip_content00403"><span class="tt kwbu">Pain</span> <span class="tt kwbu">abilities</span></span>.|
DRU|000009433002|Dark Charisma|0|Kabalite Corsairs|000000935|The masters of such piratical Kabals lead by example, spitting scorn upon peril, standing tall as avatars of malevolent elan, and overcoming the odds with devilish daring time and again.|The bearer has an Objective Control characteristic of 5 and you can re-roll <span class="tooltip00036" data-tooltip-content="#tooltip_content00036"><span class="tt kwbu">Battle-shock</span> <span class="tt kwbu">tests</span></span> taken for the bearer.|
DRU|000009781002|Archraider|15|Reaperâs Wager|000000993|A veteran of countless realspace raids or vehicular saedaths, this warrior champion utilises the speed of their sleek anti-grav craft to surprise their enemies.|<span class="tooltip00573" data-tooltip-content="#tooltip_content00573" data-tooltip-anchor="#tooltip_content00573"><span class="kwb kwbu">HARLEQUINS</span></span> or <span class="tooltip00231" data-tooltip-content="#tooltip_content00231" data-tooltip-anchor="#tooltip_content00231"><span class="kwb kwbu">DRUKHARI</span></span> model only. In the Declare Battle Formations step, if the bearer starts the battle <span class="tooltip00026" data-tooltip-content="#tooltip_content00026"><span class="tt kwbu">embarked</span></span> within a <span class="tooltip00574" data-tooltip-content="#tooltip_content00574" data-tooltip-anchor="#tooltip_content00574"><span class="kwb kwbu">DEDICATED</span> <span class="kwb kwbu">TRANSPORT</span></span>, that <span class="kwb">DEDICATED</span> <span class="kwb">TRANSPORT</span> has the <span class="tooltip00100" data-tooltip-content="#tooltip_content00100"><span class="tt kwbu">Scouts</span> <span class="tt kwbu">9"</span></span> ability.|
DRU|000009441002|Stimm-Fervour|0|Ship-killer Cult|000000936|Propelled like a living missile through the voidshipâs corridors by a near-toxic cocktail of combat stimms, this Wych strikes like dark lightning and fights with blistering savagery.|The bearer is eligible to <a href="/wh40k10ed/the-rules/core-rules/#CHARGE-PHASE">declare a charge</a> in a turn in which it <span class="tooltip00230" data-tooltip-content="#tooltip_content00230"><span class="tt kwbu">Advanced</span></span>.|
DRU|000010584002|Master Regenesist|25|Covenite Coterie|000001114|Having extensively studied the mechanisms of biological growth and vitality, this Haemonculus is adept at goading flesh to reknit and new muscle and limbs to sprout in ever more grotesque arrangements.|<span class="tooltip00575" data-tooltip-content="#tooltip_content00575" data-tooltip-anchor="#tooltip_content00575"><span class="kwb kwbu">HAEMONCULUS</span></span> model only. Each time the bearer uses its Fleshcraft ability, you can return up to D3+3 destroyed <span class="tooltip00029" data-tooltip-content="#tooltip_content00029"><span class="tt kwbu">Bodyguard</span></span> models to the bearerâs unit instead of D3+1.|
DRU|000010588003|Webway Awl|25|Kabalite Cartel|000001115|A recklessly destructive implement modified from ancient Aeldari technology, the Webway awl allows its bearer to bore temporary rents into and out of the labyrinth dimension, careless of the ruin they leave in their wake.|<span class="tooltip00458" data-tooltip-content="#tooltip_content00458" data-tooltip-anchor="#tooltip_content00458"><span class="kwb kwbu">ARCHON</span></span> model only. Models in the bearerâs unit have the <span class="tooltip00046" data-tooltip-content="#tooltip_content00046"><span class="tt kwbu">Deep</span> <span class="tt kwbu">Strike</span></span> ability, and you can target the bearerâs unit with the <span class="tooltip00047" data-tooltip-content="#tooltip_content00047"><span class="tt kwbu">Rapid</span> <span class="tt kwbu">Ingress</span></span> Stratagem for 0CP.|
DRU|000010574003|Labyrinthine Cunning|25|Realspace Raiders|000000804|This Archonâs intellect is towering, and their gift for devious politicking and vicious cunning is almost peerless.|<span class="tooltip00458" data-tooltip-content="#tooltip_content00458" data-tooltip-anchor="#tooltip_content00458"><span class="kwb kwbu">ARCHON</span></span> model only. At the start of your <a href="/wh40k10ed/the-rules/core-rules/#COMMAND-PHASE">Command phase</a>, if the bearer is on the battlefield, you can do one of the following:<br><ul><li>Spend 1 <span class="tooltip00403" data-tooltip-content="#tooltip_content00403"><span class="tt kwbu">Pain</span> <span class="tt kwbu">token</span></span> and gain 1CP.</li><li>Roll one D6: on a 4+, you gain 1CP.</li></ul>|
DRU|000009450003|Vile Surgeon|0|Painbringers|000000937|This cruel chirurgeon seeks out particularly worthy subjects upon whom to practice the most agonising surgical experiments.|The bearers Haemonculus tools and scissorhands have a Damage characteristic of 3 while targeting <span class="kwb">CHARACTER</span> units.|
DRU|000010584003|Master Nemesine|5|Covenite Coterie|000001114|Simply for the sake of scientific curiosity and personal entertainment, this twisted poisoner has tailored toxins to kill every single life form they have ever encountered.|<span class="tooltip00575" data-tooltip-content="#tooltip_content00575" data-tooltip-anchor="#tooltip_content00575"><span class="kwb kwbu">HAEMONCULUS</span></span> model only. The bearerâs weapons have the <span class="kwb2 bluefont"><span class="tooltip00174" data-tooltip-content="#tooltip_content00174"><span class="tt kwbu">[anti-beast</span> <span class="tt kwbu">2+]</span></span></span> and <span class="kwb2 bluefont"><span class="tooltip00174" data-tooltip-content="#tooltip_content00174"><span class="tt kwbu">[anti-monster</span> <span class="tt kwbu">4+]</span></span></span> abilities.|
DRU|000010576003|Sadistic Fulcrum|15|Skysplinter Assault|000000831|Witnessing this murderous warrior wreaking havoc, the sadistic crew of the Drukhari transports are filled with the vigour only the suffering of others can provide.|<span class="kwb">DRUKHARI</span> model only. Each time you spend 1 <span class="tooltip00403" data-tooltip-content="#tooltip_content00403"><span class="tt kwbu">Pain</span> <span class="tt kwbu">token</span></span> to Empower the bearerâs unit in the <a href="/wh40k10ed/the-rules/core-rules/#SHOOTING-PHASE">Shooting phase</a>, select one friendly <span class="tooltip00406" data-tooltip-content="#tooltip_content00406" data-tooltip-anchor="#tooltip_content00406"><span class="kwb kwbu">DRUKHARI</span> <span class="kwb kwbu">TRANSPORT</span></span> within 6" of the bearerâs unit; until the end of the phase, each time that <span class="kwb">TRANSPORT</span> makes an attack, you can re-roll the <span class="tooltip00031" data-tooltip-content="#tooltip_content00031"><span class="tt kwbu">Hit</span> <span class="tt kwbu">roll</span></span>.|
DRU|000009781003|Webway Walker|15|Reaperâs Wager|000000993|This elite combatant possesses intricate knowledge of the Webwayâs hidden paths and employs them to enhance this dreadful performance.|<span class="tooltip00573" data-tooltip-content="#tooltip_content00573" data-tooltip-anchor="#tooltip_content00573"><span class="kwb kwbu">HARLEQUINS</span></span> or <span class="tooltip00231" data-tooltip-content="#tooltip_content00231" data-tooltip-anchor="#tooltip_content00231"><span class="kwb kwbu">DRUKHARI</span></span> model only. Models in the bearerâs unit have the <span class="tooltip00046" data-tooltip-content="#tooltip_content00046"><span class="tt kwbu">Deep</span> <span class="tt kwbu">Strike</span></span> ability. Each time the bearerâs unit is set up on the battlefield using the Deep Strike ability, if that unit is currently losing the wager, until the end of the turn, you can re-roll <span class="tooltip00033" data-tooltip-content="#tooltip_content00033"><span class="tt kwbu">Charge</span> <span class="tt kwbu">rolls</span></span> made for that unit.|
DRU|000009433003|Malevolent Cunning|0|Kabalite Corsairs|000000935|Having fought countless bloody battles aboard the voidships of their prey, this warrior knows well how to turn such environments against their prey. Swiftly deployed booby traps and devious ruses staged with inhuman speed and skill confound the foe at every turn.|The first time in each <a href="/wh40k10ed/the-rules/core-rules/#The-Battle-Round">battle round</a> that your opponent targets a unit from their army that is within 3" of the bearer with a Stratagem, increase that Stratagems cost by 1CP for that usage.|
DRU|000009425003|Spiteful Demise|0|Space Lane Raiders|000000934|Knowing all too well that the carnage they cause during this void battle may be all that pays for their revivification by the Haemonculi, this warrior strikes out viciously until their very last breath.|When the bearer is <span class="tooltip00206" data-tooltip-content="#tooltip_content00206"><span class="tt kwbu">destroyed</span></span>, if it has not fought this phase, roll one D6: on a 2+, do not remove it from play. The bearer can fight after the attacking unit has finished making its attacks, and is then removed from play.|
DRU|000009441003|Blood-Drenched Champion|0|Ship-killer Cult|000000936|This murderous star of the arenas delights in graphically and agonisingly taking their enemies to pieces, much to the delight of their audiences and the abject terror of surrounding foes.|In the <span class="tooltip00036" data-tooltip-content="#tooltip_content00036"><span class="tt kwbu">Battle-shock</span></span> step of your opponentâs <a href="/wh40k10ed/the-rules/core-rules/#COMMAND-PHASE">Command phase</a>, for each enemy unit that is below its <span class="tooltip00232" data-tooltip-content="#tooltip_content00232"><span class="tt kwbu">Starting</span> <span class="tt kwbu">Strength</span></span> and is within <a href="/wh40k10ed/the-rules/boarding-action-rules/#Engagement-Range">Engagement Range</a> of the bearer, that unit must take a <span class="tooltip00036" data-tooltip-content="#tooltip_content00036"><span class="tt kwbu">Battle-shock</span> <span class="tt kwbu">test</span></span>. If that enemy unit is also <span class="tooltip00233" data-tooltip-content="#tooltip_content00233"><span class="tt kwbu">Below</span> <span class="tt kwbu">Half-strength</span></span>, subtract 1 from that test. This Enhancement cannot cause a unit to take two Battle-shock tests in the same phase.|
DRU|000010580003|Chronoshard|15|Spectacle of Spite|000001113|When smashed, this splinter of crystallised time ensnares the foe, forcing them to move with the helpless sluggishness of a nightmare for crucial moments.|<span class="tooltip00570" data-tooltip-content="#tooltip_content00570" data-tooltip-anchor="#tooltip_content00570"><span class="kwb kwbu">SUCCUBUS</span></span> model only. Once per battle, at the start of the <a href="/wh40k10ed/the-rules/core-rules/#FIGHT-PHASE">Fight phase</a>, the bearer can use this Enhancement. If it does, until the end of the phase, models in the bearerâs unit have the <span class="tooltip00512" data-tooltip-content="#tooltip_content00512"><span class="tt kwbu">Fights</span> <span class="tt kwbu">First</span></span> ability.|
DRU|000010588004|Informant Network|30|Kabalite Cartel|000001115|A web of infiltrating agents, coerced unfortunates, and infoparasitic organisms keeps this Archon well informed and allows them to plan their realspace raids with insidious accuracy.|<span class="tooltip00458" data-tooltip-content="#tooltip_content00458" data-tooltip-anchor="#tooltip_content00458"><span class="kwb kwbu">ARCHON</span></span> model only. At the start of the <a href="/wh40k10ed/the-rules/core-rules/#Declare-Battle-Formations">Declare Battle Formations</a> step, select up to three <a class="kwbOne" href="/wh40k10ed/factions/drukhari/Kabalite-Warriors"><span class="kwb kwbo">KABALITE</span> <span class="kwb kwbo">WARRIORS</span></a> and/or <a class="kwbOne" href="/wh40k10ed/factions/drukhari/Hand-of-the-Archon"><span class="kwb kwbo">HAND</span> <span class="kwb2 kwbo">OF</span> <span class="kwb2 kwbo">THE</span> <span class="kwb kwbo">ARCHON</span></a> units from your army; those units gain the <span class="tooltip00510" data-tooltip-content="#tooltip_content00510"><span class="tt kwbu">Infiltrators</span></span> ability.|
DRU|000010574004|Eye of Spite|15|Realspace Raiders|000000804|Having battled the most hulking and heavily armoured opponents in the arena, this Succubus can spot and exploit the slightest weakness in their enemyâs defences.|<span class="tooltip00570" data-tooltip-content="#tooltip_content00570" data-tooltip-anchor="#tooltip_content00570"><span class="kwb kwbu">SUCCUBUS</span></span> model only. Improve the Attacks and Armour Penetration characteristics of the bearerâs melee weapons by 1. Each time the bearerâs unit is selected to fight, you can spend 1 <span class="tooltip00403" data-tooltip-content="#tooltip_content00403"><span class="tt kwbu">Pain</span> <span class="tt kwbu">token</span></span>; if you do, until the end of the phase, improve the Attacks and Armour Penetration characteristics of the bearerâs melee weapons by 2 instead.|
DRU|000009781004|Reaperâs Cowl|25|Reaperâs Wager|000000993|This ebon cloak contains a shadow field generator, which shrouds the bearer in a field of umbral darkness.|<span class="tooltip00573" data-tooltip-content="#tooltip_content00573" data-tooltip-anchor="#tooltip_content00573"><span class="kwb kwbu">HARLEQUINS</span></span> model only. Models in the bearerâs unit have the <span class="tooltip00496" data-tooltip-content="#tooltip_content00496"><span class="tt kwbu">Stealth</span></span> and <span class="tooltip00510" data-tooltip-content="#tooltip_content00510"><span class="tt kwbu">Infiltrators</span></span> abilities.|
DRU|000010584004|Master Artisan|20|Covenite Coterie|000001114|This Haemonculus is a savant in the arts of sculpting metal, flesh, sinew and bone alike. Their creations are works of dark and malevolent genius.|<span class="tooltip00575" data-tooltip-content="#tooltip_content00575" data-tooltip-anchor="#tooltip_content00575"><span class="kwb kwbu">HAEMONCULUS</span></span> model only. Add 1 to the bearers Wounds characteristic and add 1 to the Toughness characteristic of models in the bearerâs unit.|
DRU|000010576004|Spiteful Raider|10|Skysplinter Assault|000000831|This cruel realspace raider knows the best reason to take something from the foe is for the simple spite of denying them that which they most desire to keep.|<span class="kwb">DRUKHARI</span> model only. Each time the bearerâs unit destroys an enemy unit in the <a href="/wh40k10ed/the-rules/core-rules/#FIGHT-PHASE">Fight phase</a>, if that enemy unit was within range of one or more <span class="tooltip00064" data-tooltip-content="#tooltip_content00064"><span class="tt kwbu">objective</span> <span class="tt kwbu">markers</span></span> when the bearerâs unit was selected to fight, you gain 1 additional <span class="tooltip00403" data-tooltip-content="#tooltip_content00403"><span class="tt kwbu">Pain</span> <span class="tt kwbu">token</span></span>.|
DRU|000010580004|Periapt of Torments|25|Spectacle of Spite|000001113|This hollow black stone is worn as warrior jewellery. The sinister organism that lurks within it can detect those who intend malice to its bearer and punishes them by lashing their psyches with its psi-barbs.|<span class="tooltip00570" data-tooltip-content="#tooltip_content00570" data-tooltip-anchor="#tooltip_content00570"><span class="kwb kwbu">SUCCUBUS</span></span> model only. Enemy units cannot use the <span class="tooltip00241" data-tooltip-content="#tooltip_content00241"><span class="tt kwbu">Fire</span> <span class="tt kwbu">Overwatch</span></span> Stratagem to shoot at the bearerâs unit.|
DRU|000009781005|Conductor of Torment|20|Reaperâs Wager|000000993|This cruel champion of Commorragh seeks only to bathe in the agony of the foe. To them, the outcome of any wager is secondary to the symphony of suffering.|<span class="tooltip00231" data-tooltip-content="#tooltip_content00231" data-tooltip-anchor="#tooltip_content00231"><span class="kwb kwbu">DRUKHARI</span></span> model only. In your <a href="/wh40k10ed/the-rules/core-rules/#COMMAND-PHASE">Command phase</a>, you<br>can do one of the following:<br><ul><li>If your <span class="kwb">DRUKHARI</span> units are currently losing the wager, you can gain 1 <span class="tooltip00403" data-tooltip-content="#tooltip_content00403"><span class="tt kwbu">Pain</span> <span class="tt kwbu">token</span></span>. If you do, <span class="kwb">DRUKHARI</span> units from your army are now winning the wager.</li><li>If your <span class="kwb">DRUKHARI</span> units are currently winning the wager, you can discard 1 Pain token. If you do, <span class="tooltip00573" data-tooltip-content="#tooltip_content00573" data-tooltip-anchor="#tooltip_content00573"><span class="kwb kwbu">HARLEQUINS</span></span> units from your army are now winning the wager.</li></ul>|
DRU|000010584005|Master Repugnomancer (Aura)|15|Covenite Coterie|000001114|The Repugnomancers focus all their study on the art of triggering instinctive revulsion and horror. Though considered gauche by many other Haemonculi, the results of their foul craft on the battlefield are undeniable.|<span class="tooltip00575" data-tooltip-content="#tooltip_content00575" data-tooltip-anchor="#tooltip_content00575"><span class="kwb kwbu">HAEMONCULUS</span></span> model only. Add 3" to the range of the bearerâs Fear Incarnate ability, and each time a friendly <span class="tooltip00231" data-tooltip-content="#tooltip_content00231" data-tooltip-anchor="#tooltip_content00231"><span class="kwb kwbu">DRUKHARI</span></span> unit within 9" of the bearer fails a <span class="tooltip00036" data-tooltip-content="#tooltip_content00036"><span class="tt kwbu">Battle-shock</span> <span class="tt kwbu">test</span></span> or is destroyed, roll one D6: on a 4+, you gain 1 <span class="tooltip00403" data-tooltip-content="#tooltip_content00403"><span class="tt kwbu">Pain</span> <span class="tt kwbu">token</span></span>.|
DRU|000010574005|Crucible of Malediction|20|Realspace Raiders|000000804|This repulsive artefact contains the tortured souls of psykers. When released, these essences scream across the battlefield, spreading terror and madness.|<span class="tooltip00575" data-tooltip-content="#tooltip_content00575" data-tooltip-anchor="#tooltip_content00575"><span class="kwb kwbu">HAEMONCULUS</span></span> model only. Once per battle, in your <a href="/wh40k10ed/the-rules/core-rules/#SHOOTING-PHASE">Shooting phase</a>, the bearer can use this Enhancement. If it does, you can spend 1 <span class="tooltip00403" data-tooltip-content="#tooltip_content00403"><span class="tt kwbu">Pain</span> <span class="tt kwbu">token</span></span>. Then, each enemy unit within 12" of the bearer must take a <span class="tooltip00036" data-tooltip-content="#tooltip_content00036"><span class="tt kwbu">Battle-shock</span> <span class="tt kwbu">test</span></span>, subtracting 1 from that test if you spent 1 Pain token. Each time a <span class="kwb">PSYKER</span> unit fails that test, it suffers 3 <span class="tooltip00049" data-tooltip-content="#tooltip_content00049"><span class="tt kwbu">mortal</span> <span class="tt kwbu">wounds</span></span>.|
DRU|000010580005|Morghennaâs Curse|20|Spectacle of Spite|000001113|Archon Aestra Khromys gifted the famed gladiatrix Morghenna this glaive as a symbol of patronage. Yet so exquisitely crafted is the blade that the Succubus was eventually murdered for it by a rival. Such has been the eventual fate of all those reckless and conceited enough to wield it since.|<span class="tooltip00570" data-tooltip-content="#tooltip_content00570" data-tooltip-anchor="#tooltip_content00570"><span class="kwb kwbu">SUCCUBUS</span></span> model only. Improve the Armour Penetration and Damage characteristics of the bearers melee weapons by 1.|
DRU|000010576005|Nightmare Shroud|20|Skysplinter Assault|000000831|This strange artefact wreathes its bearer in a cloying cloud of shadow. Flitting into battle under cover of this pall, they are nigh impossible for the prey to see coming.|<span class="kwb">DRUKHARI</span> model only. Each time the bearerâs unit <span class="tooltip00076" data-tooltip-content="#tooltip_content00076"><span class="tt kwbu">disembarks</span></span> from a <span class="tooltip00576" data-tooltip-content="#tooltip_content00576" data-tooltip-anchor="#tooltip_content00576"><span class="kwb kwbu">TRANSPORT</span></span>, until the end of the turn, enemy units cannot use the <span class="tooltip00241" data-tooltip-content="#tooltip_content00241"><span class="tt kwbu">Fire</span> <span class="tt kwbu">Overwatch</span></span> Stratagem to shoot at the bearerâs unit.|
DRU|000010588005|Towering Arrogance|20|Kabalite Cartel|000001115|So absolute is this war leaderâs self-belief so monstrous their ego, that it is virtually a weapon in its own right. Drukhari are drawn in their wake, unable to resist the charismatic certitude they exude. Enemies, meanwhile, give ground and lose heart beneath their witheringly contemptuous glare.|<span class="tooltip00458" data-tooltip-content="#tooltip_content00458" data-tooltip-anchor="#tooltip_content00458"><span class="kwb kwbu">ARCHON</span></span> model only. While the bearer is leading a unit, improve the Leadership and Objective Control characteristics of models in that unit by 1.|
EC|000009998002|Steeped in Suffering|20|Mercurial Host|000001033|The warlords of the Emperorâs Children thrive on the pain they cause. The more grievous the injuries they cause, the deadlier they become.|<span class="tooltip00246" data-tooltip-content="#tooltip_content00246" data-tooltip-anchor="#tooltip_content00246"><span class="kwb kwbu">EMPERORâS</span> <span class="kwb kwbu">CHILDREN</span></span> model only. Each time a model in the bearerâs unit makes an attack that targets an enemy unit below its <span class="tooltip00232" data-tooltip-content="#tooltip_content00232"><span class="tt kwbu">Starting</span> <span class="tt kwbu">Strength</span></span>, add 1 to the <span class="tooltip00031" data-tooltip-content="#tooltip_content00031"><span class="tt kwbu">Hit</span> <span class="tt kwbu">roll</span></span>. If that target is also <span class="tooltip00233" data-tooltip-content="#tooltip_content00233"><span class="tt kwbu">Below</span> <span class="tt kwbu">Half-strength</span></span>, add 1 to the <span class="tooltip00006" data-tooltip-content="#tooltip_content00006"><span class="tt kwbu">Wound</span> <span class="tt kwbu">roll</span></span> as well.|
EC|000010010002|Empyric Suffusion|15|Carnival of Excess|000001036|Swirling clouds of perfumed empyric energy suffuse this leader s followers, granting them daemonic vigour.|<span class="tooltip00246" data-tooltip-content="#tooltip_content00246" data-tooltip-anchor="#tooltip_content00246"><span class="kwb kwbu">EMPERORâS</span> <span class="kwb kwbu">CHILDREN</span></span> model only. Once per <a href="/wh40k10ed/the-rules/core-rules/#The-Battle-Round">battle round</a>, you can target one friendly <span class="tooltip00486" data-tooltip-content="#tooltip_content00486" data-tooltip-anchor="#tooltip_content00486"><span class="kwb kwbu">SLAANESH</span></span> unit within 6" of the bearer with the <span class="tooltip00539" data-tooltip-content="#tooltip_content00539"><span class="tt kwbu">Heroic</span> <span class="tt kwbu">Intervention</span></span> Stratagem for 0CP.|
EC|000010006002|Sublime Prescience|25|Rapid Evisceration|000001035|This leaderâs tactical prowess ensures that their reinforcements arrive when required.|<span class="tooltip00307" data-tooltip-content="#tooltip_content00307" data-tooltip-anchor="#tooltip_content00307"><span class="kwb kwbu">EMPERORâS</span> <span class="kwb kwbu">CHILDREN</span> <span class="kwb kwbu">INFANTRY</span></span> model only. Once per turn, in your <a href="/wh40k10ed/the-rules/core-rules/#MOVEMENT-PHASE">Movement phase</a>, the bearer can use this Enhancement. If it does, select one friendly <span class="tooltip00577" data-tooltip-content="#tooltip_content00577" data-tooltip-anchor="#tooltip_content00577"><span class="kwb kwbu">EMPERORâS</span> <span class="kwb kwbu">CHILDREN</span> <span class="kwb kwbu">TRANSPORT</span></span> that is in <a href="/wh40k10ed/the-rules/core-rules/#Strategic-Reserves">Strategic Reserves</a>. Until the end of the phase, for the purposes of setting up that <span class="kwb">TRANSPORT</span> on the battlefield, treat the current <a href="/wh40k10ed/the-rules/core-rules/#The-Battle-Round">battle round</a> number as being one higher than it actually is.|
EC|000010002002|Faultless Opportunist|15|Peerless Bladesmen|000001034|This swordsman forever seeks opportunities to flaunt their dazzling and deadly bladework.|<span class="tooltip00246" data-tooltip-content="#tooltip_content00246" data-tooltip-anchor="#tooltip_content00246"><span class="kwb kwbu">EMPERORâS</span> <span class="kwb kwbu">CHILDREN</span></span> model only. You can target the bearerâs unit with the <span class="tooltip00539" data-tooltip-content="#tooltip_content00539"><span class="tt kwbu">Heroic</span> <span class="tt kwbu">Intervention</span></span> Stratagem for 0CP, and can do so even if you have already targeted a different unit with that Stratagem this phase.|
EC|000010014002|Pledge of Eternal Servitude|25|Coterie of the Conceited|000001037|Through Slaaneshâs favour, this warrior has defied death more than once and each time has been agonisingly resurrected to offer more souls to their patron.|<span class="tooltip00246" data-tooltip-content="#tooltip_content00246" data-tooltip-anchor="#tooltip_content00246"><span class="kwb kwbu">EMPERORâS</span> <span class="kwb kwbu">CHILDREN</span></span> model only. The first time the bearer is destroyed, take a <span class="tooltip00509" data-tooltip-content="#tooltip_content00509"><span class="tt kwbu">Leadership</span> <span class="tt kwbu">test</span></span> for the bearer at the end of the phase. If that test is passed, set the bearer back up on the battlefield, as close as possible to where it was destroyed and not within <span class="tooltip00023" data-tooltip-content="#tooltip_content00023"><span class="tt kwbu">Engagement</span> <span class="tt kwbu">Range</span></span> of one or more enemy units, with D6 wounds remaining (up to its Wounds characteristic).|
EC|000010018002|Eager to Prove|15|Slaaneshâs Chosen|000001038|This puissant champion of Slaanesh is ever eager to join the battle and prove their peerless skill to the Dark Prince.|<span class="tooltip00246" data-tooltip-content="#tooltip_content00246" data-tooltip-anchor="#tooltip_content00246"><span class="kwb kwbu">EMPERORâS</span> <span class="kwb kwbu">CHILDREN</span></span> model only. You can re-roll <span class="tooltip00033" data-tooltip-content="#tooltip_content00033"><span class="tt kwbu">Charge</span> <span class="tt kwbu">rolls</span></span> made for the bearerâs unit. While the bearerâs unit is your armyâs <span class="tooltip00579" data-tooltip-content="#tooltip_content00579"><span class="tt kwbu">Favoured</span> <span class="tt kwbu">Champions</span></span>, add 2" to the Move characteristic of models in that unit.|
EC|000010014003|Pledge of Dark Glory|25|Coterie of the Conceited|000001037|This leader is surrounded by an aura of dark majesty, radiating the glorious and infectious arrogance displayed by the greatest of Slaaneshâs chosen sons.|<span class="tooltip00246" data-tooltip-content="#tooltip_content00246" data-tooltip-anchor="#tooltip_content00246"><span class="kwb kwbu">EMPERORâS</span> <span class="kwb kwbu">CHILDREN</span></span> model only. While the bearer is leading a unit, improve the Leadership and Objective Control characteristics of models in that unit by 1.|
EC|000010018003|Repulsed by Weakness|25|Slaaneshâs Chosen|000001038|Those chosen by Slaanesh seek only worthy foes. The weak and craven are slaughtered with sneering contempt.|<span class="tooltip00246" data-tooltip-content="#tooltip_content00246" data-tooltip-anchor="#tooltip_content00246"><span class="kwb kwbu">EMPERORâS</span> <span class="kwb kwbu">CHILDREN</span></span> model only. Each time an enemy unit (excluding <span class="kwb">MONSTERS</span> and <span class="kwb">VEHICLES</span>) within <span class="tooltip00023" data-tooltip-content="#tooltip_content00023"><span class="tt kwbu">Engagement</span> <span class="tt kwbu">Range</span></span> of the bearerâs unit <span class="tooltip00025" data-tooltip-content="#tooltip_content00025"><span class="tt kwbu">Falls</span> <span class="tt kwbu">Back</span></span>, models in that enemy unit must take <span class="tooltip00025" data-tooltip-content="#tooltip_content00025"><span class="tt kwbu">Desperate</span> <span class="tt kwbu">Escape</span> <span class="tt kwbu">tests</span></span>. When doing so, if the bearerâs unit is your armyâs <span class="tooltip00579" data-tooltip-content="#tooltip_content00579"><span class="tt kwbu">Favoured</span> <span class="tt kwbu">Champions</span></span>, subtract 1 from each of those Desperate Escape tests.|
EC|000010006003|Spearhead Striker|20|Rapid Evisceration|000001035|This leader and their bodyguard pride themselves being first into the fray.|<span class="tooltip00307" data-tooltip-content="#tooltip_content00307" data-tooltip-anchor="#tooltip_content00307"><span class="kwb kwbu">EMPERORâS</span> <span class="kwb kwbu">CHILDREN</span> <span class="kwb kwbu">INFANTRY</span></span> model only. Each time the bearer <span class="tooltip00076" data-tooltip-content="#tooltip_content00076"><span class="tt kwbu">disembarks</span></span> from a <span class="tooltip00580" data-tooltip-content="#tooltip_content00580" data-tooltip-anchor="#tooltip_content00580"><span class="kwb kwbu">TRANSPORT</span></span>, until the end of the turn, you can re-roll <span class="tooltip00033" data-tooltip-content="#tooltip_content00033"><span class="tt kwbu">Charge</span> <span class="tt kwbu">rolls</span></span> made for the bearerâs unit and enemy units cannot use the <span class="tooltip00241" data-tooltip-content="#tooltip_content00241"><span class="tt kwbu">Fire</span> <span class="tt kwbu">Overwatch</span></span> Stratagem to shoot at the bearerâs unit.|
EC|000010010003|Dark Blessings|10|Carnival of Excess|000001036|This warrior has earned the favour of the Dark Prince.|<span class="tooltip00307" data-tooltip-content="#tooltip_content00307" data-tooltip-anchor="#tooltip_content00307"><span class="kwb kwbu">EMPERORâS</span> <span class="kwb kwbu">CHILDREN</span> <span class="kwb kwbu">INFANTRY</span></span> model only. Once per battle, just after an enemy unit has selected its targets, the bearer can use this Enhancement. If it does, until the end of the phase, the bearer has a 3+ <span class="tooltip00051" data-tooltip-content="#tooltip_content00051"><span class="tt kwbu">invulnerable</span> <span class="tt kwbu">save</span></span>.|
EC|000010002003|Blinding Speed|25|Peerless Bladesmen|000001034|By injecting powerful combat stimms distilled from the perfumed ichor of Daemonettes, these warriors slash out with diabolically enhanced speed.|<span class="tooltip00246" data-tooltip-content="#tooltip_content00246" data-tooltip-anchor="#tooltip_content00246"><span class="kwb kwbu">EMPERORâS</span> <span class="kwb kwbu">CHILDREN</span></span> model only. Once per battle, at the start of the <a href="/wh40k10ed/the-rules/core-rules/#FIGHT-PHASE">Fight phase</a>, the bearer can use this Enhancement. If it does, until the end of the phase, models in the bearerâs unit have the <span class="tooltip00512" data-tooltip-content="#tooltip_content00512"><span class="tt kwbu">Fights</span> <span class="tt kwbu">First</span></span> ability.|
EC|000009998003|Intoxicating Musk|20|Mercurial Host|000001033|A sickly-sweet aroma emanates from this warrior, at once delightful and abhorrent. A perfumed assault on the senses intoxicates those in its vicinity.|<span class="tooltip00246" data-tooltip-content="#tooltip_content00246" data-tooltip-anchor="#tooltip_content00246"><span class="kwb kwbu">EMPERORâS</span> <span class="kwb kwbu">CHILDREN</span></span> model only. Each time a melee attack targets the bearerâs unit, if the Strength characteristic of that attack is greater than the Toughness characteristic of that unit, subtract 1 from the <span class="tooltip00006" data-tooltip-content="#tooltip_content00006"><span class="tt kwbu">Wound</span> <span class="tt kwbu">roll</span></span>.|
EC|000010006004|Accomplished Tactician|35|Rapid Evisceration|000001035|Possessed of uncanny situational awareness, this leader directs hit-and-fade attacks with great precision.|<span class="tooltip00307" data-tooltip-content="#tooltip_content00307" data-tooltip-anchor="#tooltip_content00307"><span class="kwb kwbu">EMPERORâS</span> <span class="kwb kwbu">CHILDREN</span> <span class="kwb kwbu">INFANTRY</span></span> model only. Once per turn, in your opponentâs <a href="/wh40k10ed/the-rules/core-rules/#SHOOTING-PHASE">Shooting phase</a>, just after an enemy unit has shot, you can select one friendly <span class="tooltip00246" data-tooltip-content="#tooltip_content00246" data-tooltip-anchor="#tooltip_content00246"><span class="kwb kwbu">EMPERORâS</span> <span class="kwb kwbu">CHILDREN</span></span> unit within 9" of the bearer that was hit by one or more of those attacks, then select one friendly <span class="tooltip00580" data-tooltip-content="#tooltip_content00580" data-tooltip-anchor="#tooltip_content00580"><span class="kwb kwbu">TRANSPORT</span></span> that unit is wholly within 6" of and is able to <span class="tooltip00026" data-tooltip-content="#tooltip_content00026"><span class="tt kwbu">embark</span></span> within. That <span class="kwb">EMPERORâS</span> <span class="kwb">CHILDREN</span> unit can embark within that Transport.|
EC|000009998004|Tactical Perfection|15|Mercurial Host|000001033|Since their foundation, the Emperor's Children have sought to master every art of warfare, be it in personal acts of martial prowess or superior tactical displays.|<span class="tooltip00246" data-tooltip-content="#tooltip_content00246" data-tooltip-anchor="#tooltip_content00246"><span class="kwb kwbu">EMPERORâS</span> <span class="kwb kwbu">CHILDREN</span></span> model only. After both players have deployed their armies, select up to two <span class="kwb">EMPERORâS</span> <span class="kwb">CHILDREN</span> units from your army and redeploy them. When doing so, you can set those units up in <a href="/wh40k10ed/the-rules/core-rules/#Strategic-Reserves">Strategic Reserves</a> if you wish, regardless of how many units are already in Strategic Reserves.|
EC|000010002004|Distortion|25|Peerless Bladesmen|000001034|The sheen of this blade reflects to the bearer their own alluring countenance. In their image, they see an example of perfection. In reality, the bearer has become a hideous wretch, every ounce of elegance leached away to increase the daemon bladeâs killing power.|<span class="tooltip00246" data-tooltip-content="#tooltip_content00246" data-tooltip-anchor="#tooltip_content00246"><span class="kwb kwbu">EMPERORâS</span> <span class="kwb kwbu">CHILDREN</span></span> model only. Add 1 to the Attacks and Damage characteristics of melee weapons equipped by the bearer.|
EC|000010010004|Possessed Blade|25|Carnival of Excess|000001036|The martial grace that this daemon weapon bestows upon its bearer comes at a price.|<span class="tooltip00246" data-tooltip-content="#tooltip_content00246" data-tooltip-anchor="#tooltip_content00246"><span class="kwb kwbu">EMPERORâS</span> <span class="kwb kwbu">CHILDREN</span></span> model only. At the start of the battle, select one melee weapon equipped by the bearer; add 1 to the Attacks characteristic of that weapon. In addition, each time the bearer is selected to fight, it can use this Enhancement. If it does, while resolving those attacks, add 1 to the Damage characteristic of that weapon and that weapon has the <span class="kwb2 bluefont"><span class="tooltip00048" data-tooltip-content="#tooltip_content00048"><span class="tt kwbu">[devastating</span> <span class="tt kwbu">wounds]</span></span></span> and <span class="kwb2 bluefont"><span class="tooltip00034" data-tooltip-content="#tooltip_content00034"><span class="tt kwbu">[hazardous]</span></span></span> abilities.|
EC|000010014004|Pledge of Mortal Pain|15|Coterie of the Conceited|000001037|This warrior gifts their foes with Slaaneshâs own exquisite caress, offering up their agonies to please the Dark Prince.|<span class="tooltip00246" data-tooltip-content="#tooltip_content00246" data-tooltip-anchor="#tooltip_content00246"><span class="kwb kwbu">EMPERORâS</span> <span class="kwb kwbu">CHILDREN</span></span> model only. At the start of your <a href="/wh40k10ed/the-rules/core-rules/#SHOOTING-PHASE">Shooting phase</a>, select one enemy unit within 12" of and <a href="/wh40k10ed/the-rules/core-rules/#Determining-Visibility">visible</a> to the bearer. That unit must take a <span class="tooltip00509" data-tooltip-content="#tooltip_content00509"><span class="tt kwbu">Leadership</span> <span class="tt kwbu">test</span></span>, subtracting 2 from the result if it is <span class="tooltip00036" data-tooltip-content="#tooltip_content00036"><span class="tt kwbu">Battle-shocked</span></span>: if failed, that enemy unit suffers 3 <span class="tooltip00049" data-tooltip-content="#tooltip_content00049"><span class="tt kwbu">mortal</span> <span class="tt kwbu">wounds</span></span>.|
EC|000010018004|Proud and Vainglorious|20|Slaaneshâs Chosen|000001038|Even amongst the prideful warriors of the Emperorâs Children, this warrior is a towering pillar of arrogance.|<span class="tooltip00246" data-tooltip-content="#tooltip_content00246" data-tooltip-anchor="#tooltip_content00246"><span class="kwb kwbu">EMPERORâS</span> <span class="kwb kwbu">CHILDREN</span></span> model only. You can re-roll <span class="tooltip00036" data-tooltip-content="#tooltip_content00036"><span class="tt kwbu">Battle-shock</span></span> and <span class="tooltip00509" data-tooltip-content="#tooltip_content00509"><span class="tt kwbu">Leadership</span> <span class="tt kwbu">tests</span></span> taken for the bearerâs unit. While the bearerâs unit is your armyâs <span class="tooltip00579" data-tooltip-content="#tooltip_content00579"><span class="tt kwbu">Favoured</span> <span class="tt kwbu">Champions</span></span>, add 1 to the Objective Control characteristic of models in that unit.|
EC|000010010005|Warp Walker|30|Carnival of Excess|000001036|This champion of Slaanesh is so steeped in the warp as to be able to traverse its maddening depths at will.|<span class="tooltip00246" data-tooltip-content="#tooltip_content00246" data-tooltip-anchor="#tooltip_content00246"><span class="kwb kwbu">EMPERORâS</span> <span class="kwb kwbu">CHILDREN</span></span> or <a class="kwbOne" href="/wh40k10ed/factions/emperor-s-children/Keeper-of-Secrets"><span class="kwb kwbo">KEEPER</span> <span class="kwb2 kwbo">OF</span> <span class="kwb kwbo">SECRETS</span></a> model only. Each time the bearerâs unit Advances, do not make an <span class="tooltip00230" data-tooltip-content="#tooltip_content00230"><span class="tt kwbu">Advance</span> <span class="tt kwbu">roll</span></span>. Instead, until the end of the phase, add 6" to the Move characteristic of models in that unit. Each time a model in the bearerâs unit makes a <span class="tooltip00221" data-tooltip-content="#tooltip_content00221"><span class="tt kwbu">Normal</span></span>, <span class="tooltip00230" data-tooltip-content="#tooltip_content00230"><span class="tt kwbu">Advance</span></span> or <span class="tooltip00025" data-tooltip-content="#tooltip_content00025"><span class="tt kwbu">Fall</span> <span class="tt kwbu">Back</span> <span class="tt kwbu">move</span></span>, it can move through enemy models. When doing so, it can move within <span class="tooltip00023" data-tooltip-content="#tooltip_content00023"><span class="tt kwbu">Engagement</span> <span class="tt kwbu">Range</span></span> of such models but cannot end that move within Engagement Range of them, and any <span class="tooltip00025" data-tooltip-content="#tooltip_content00025"><span class="tt kwbu">Desperate</span> <span class="tt kwbu">Escape</span> <span class="tt kwbu">test</span></span> is automatically passed.|
EC|000010014005|Pledge of Unholy Fortune|30|Coterie of the Conceited|000001037|A daemonic patron steers this warriorâs fate. Every movement is a killing stroke or exquisitely timed parry.|<span class="tooltip00246" data-tooltip-content="#tooltip_content00246" data-tooltip-anchor="#tooltip_content00246"><span class="kwb kwbu">EMPERORâS</span> <span class="kwb kwbu">CHILDREN</span></span> model only. Once per turn, just after making a <span class="tooltip00031" data-tooltip-content="#tooltip_content00031"><span class="tt kwbu">Hit</span> <span class="tt kwbu">roll</span></span>, a <span class="tooltip00006" data-tooltip-content="#tooltip_content00006"><span class="tt kwbu">Wound</span> <span class="tt kwbu">roll</span></span> or a <span class="tooltip00032" data-tooltip-content="#tooltip_content00032"><span class="tt kwbu">saving</span> <span class="tt kwbu">throw</span></span> for a model in the bearerâs unit, if the bearer is not <span class="tooltip00036" data-tooltip-content="#tooltip_content00036"><span class="tt kwbu">Battle-shocked</span></span>, it can use this Enhancement. If it does, treat the result as an unmodified roll of 6 instead.|
EC|000009998005|Loathsome Dexterity|10|Mercurial Host|000001033|Blessed by Slaanesh to further accentuate their perverse elegance, this leader possesses feline finesse.|<span class="tooltip00246" data-tooltip-content="#tooltip_content00246" data-tooltip-anchor="#tooltip_content00246"><span class="kwb kwbu">EMPERORâS</span> <span class="kwb kwbu">CHILDREN</span></span> model only. Each time a model in the bearerâs unit makes a <span class="tooltip00221" data-tooltip-content="#tooltip_content00221"><span class="tt kwbu">Normal</span></span>, <span class="tooltip00230" data-tooltip-content="#tooltip_content00230"><span class="tt kwbu">Advance</span></span> or <span class="tooltip00025" data-tooltip-content="#tooltip_content00025"><span class="tt kwbu">Fall</span> <span class="tt kwbu">Back</span> <span class="tt kwbu">move</span></span>, it can move through enemy models. When doing so, it can move within <span class="tooltip00023" data-tooltip-content="#tooltip_content00023"><span class="tt kwbu">Engagement</span> <span class="tt kwbu">Range</span></span> of such models but cannot end that move within Engagement Range of them, and any <span class="tooltip00025" data-tooltip-content="#tooltip_content00025"><span class="tt kwbu">Desperate</span> <span class="tt kwbu">Escape</span> <span class="tt kwbu">test</span></span> is automatically passed.|
EC|000010002005|Rise to the Challenge|30|Peerless Bladesmen|000001034|This warriors arrogance is matched by a listless ennui at the galaxy's everyday stimuli. Should a worthy opponent challenge them in combat, they transform into a faultless duellist with skill beyond compare.|<span class="tooltip00307" data-tooltip-content="#tooltip_content00307" data-tooltip-anchor="#tooltip_content00307"><span class="kwb kwbu">EMPERORâS</span> <span class="kwb kwbu">CHILDREN</span> <span class="kwb kwbu">INFANTRY</span></span> model only. Once per battle, at the end of the <a href="/wh40k10ed/the-rules/core-rules/#FIGHT-PHASE">Fight phase</a>, if the bearer is within <span class="tooltip00023" data-tooltip-content="#tooltip_content00023"><span class="tt kwbu">Engagement</span> <span class="tt kwbu">Range</span></span> of three or more enemy models, it can use this Enhancement. If it does, the bearer can fight one additional time. When doing so, you can select one ability using the <span class="tooltip00581" data-tooltip-content="#tooltip_content00581"><span class="tt kwbu">Exquisite</span> <span class="tt kwbu">Swordsmanship</span></span> Detachment rule to apply to those attacks.|
EC|000010018005|Slayer of Champions|15|Slaaneshâs Chosen|000001038|This warrior has obsessively perfected the arts of war for centuries if not millennia. Few champions, regardless of origin, are beyond their ability to kill.|<span class="tooltip00246" data-tooltip-content="#tooltip_content00246" data-tooltip-anchor="#tooltip_content00246"><span class="kwb kwbu">EMPERORâS</span> <span class="kwb kwbu">CHILDREN</span></span> model only. The bearerâs melee weapons have the <span class="kwb2 bluefont"><span class="tooltip00057" data-tooltip-content="#tooltip_content00057"><span class="tt kwbu">[PRECISION]</span></span></span> ability, and each time the bearer makes a melee attack that targets a <span class="kwb">CHARACTER</span> unit, improve the Strength and Armour Penetration characteristics of that attack by 1.|
EC|000010006005|Heretek Adept|35|Rapid Evisceration|000001035|This warrior is well-versed in the fell rituals of the Dark Mechanicum.|<span class="tooltip00307" data-tooltip-content="#tooltip_content00307" data-tooltip-anchor="#tooltip_content00307"><span class="kwb kwbu">EMPERORâS</span> <span class="kwb kwbu">CHILDREN</span> <span class="kwb kwbu">INFANTRY</span></span> model only. Once per <a href="/wh40k10ed/the-rules/core-rules/#The-Battle-Round">battle round</a>, when a <span class="tooltip00032" data-tooltip-content="#tooltip_content00032"><span class="tt kwbu">saving</span> <span class="tt kwbu">throw</span></span> is failed for a friendly <span class="tooltip00582" data-tooltip-content="#tooltip_content00582" data-tooltip-anchor="#tooltip_content00582"><span class="kwb kwbu">EMPERORâS</span> <span class="kwb kwbu">CHILDREN</span> <span class="kwb kwbu">VEHICLE</span></span> model within 6" of the bearer, you can change the Damage characteristic of that attack to 0.|
GC|000009827002|Synaptic Auger|15|Final Day|000001002|Invisible psionic tendrils drift around this bioformâs cranium, stabbing out to force alien demands into fragmenting hybrid minds and suck the bioenergy from them in merciless draughts.|<span class="tooltip00583" data-tooltip-content="#tooltip_content00583" data-tooltip-anchor="#tooltip_content00583"><span class="kwb kwbu">TYRANIDS</span></span> model only. Each time the bearer would regain one or more lost wounds from the <span class="tooltip00587" data-tooltip-content="#tooltip_content00587"><span class="tt kwbu">Psionic</span> <span class="tt kwbu">Parasitism</span></span> Detachment rule, it regains up to twice that number of lost wounds instead.|
GC|000009476002|Stalking Menace|0|Infestation Swarm|000000941|Soon after this nightmarish predator vanishes from sight, its victims feel the hot reek of its breath upon the napes of their necks in the instant before it strikes.|Once per battle, at the end of your opponentâs <a href="/wh40k10ed/the-rules/boarding-action-rules/#Fight-Phase">Fight phase</a>, if the bearer is not within <a href="/wh40k10ed/the-rules/boarding-action-rules/#Engagement-Range">Engagement Range</a> of one or more enemy units, it can use this Enhancement. If it does, remove the bearer from the battlefield and place it into <a href="/wh40k10ed/the-rules/core-rules/#Strategic-Reserves">Strategic Reserves</a>. It will arrive back on the battlefield in the <a href="/wh40k10ed/the-rules/core-rules/#2.-Reinforcements">Reinforcements step</a> of your next <a href="/wh40k10ed/the-rules/boarding-action-rules/#Movement-Phase">Movement phase</a> as if it had the <a href="/wh40k10ed/the-rules/boarding-action-rules/#Before-the-Battle">Deep Strike ability</a>. If this is not possible, the bearer is <span class="tooltip00206" data-tooltip-content="#tooltip_content00206"><span class="tt kwbu">destroyed</span></span>. When the bearer is set back up on the battlefield, until the end of the turn, it cannot <a href="/wh40k10ed/the-rules/core-rules/#CHARGE-PHASE">declare a charge</a>.|
GC|000009079002|Serpentine Tactics|10|Outlander Claw|000000887|With a chilling focus enabling them to identify ideal firing positions at a glance, this frontier assassin leads their brood in a coiling evasion from their enemies that suddenly changes into a lunging strike back.|<span class="tooltip00588" data-tooltip-content="#tooltip_content00588" data-tooltip-anchor="#tooltip_content00588"><span class="kwb kwbu">GENESTEALER</span> <span class="kwb kwbu">CULTS</span> <span class="kwb kwbu">MOUNTED</span></span> model only. The bearerâs unit is eligible to shoot in a turn in which it <span class="tooltip00025" data-tooltip-content="#tooltip_content00025"><span class="tt kwbu">Fell</span> <span class="tt kwbu">Back</span></span>.|
GC|000009468002|Spiteful Imp|0|Genespawn Onslaught|000000940|This Abominantâs familiar is of an especially vicious breed. Not content to lead its lumpen companion into the fight, it also exploits enemiesâfearful distraction to strike barbed blows of its own.|<a class="kwbOne" href="/wh40k10ed/factions/genestealer-cults/Abominant"><span class="kwb kwbo">ABOMINANT</span></a> model only. Each time an enemy unit opens a <a href="/wh40k10ed/the-rules/boarding-action-rules/#Terrain">Hatchway</a>, if the bearer is within 1" of that Hatchway, roll one D6: on a 3-4, that enemy unit suffers 1 <span class="tooltip00049" data-tooltip-content="#tooltip_content00049"><span class="tt kwbu">mortal</span> <span class="tt kwbu">wound</span></span>; on a 5+, that enemy unit suffers 2 mortal wounds.|
GC|000009071002|Gene-sireâs Reliquant|5|Xenocreed Congregation|000000885|This war leader carries a gift from their Patriarch: a talismanic shard of a chitinous claw, a vial of the liquid that seeps into the genesis pools or a psionic growth within the chosen oneâs brain. Its form matters less than its effect, for it radiates an inspirational wave of the Broodmind that focuses the minds of the faithful on their duties to the cult above all else.|<a class="kwbOne" href="/wh40k10ed/factions/genestealer-cults/Magus"><span class="kwb kwbo">MAGUS</span></a>, <a class="kwbOne" href="/wh40k10ed/factions/genestealer-cults/Primus"><span class="kwb kwbo">PRIMUS</span></a> or <a class="kwbOne" href="/wh40k10ed/factions/genestealer-cults/Acolyte-Iconward"><span class="kwb kwbo">ACOLYTE</span> <span class="kwb kwbo">ICONWARD</span></a> model only. You can re-roll <span class="tooltip00036" data-tooltip-content="#tooltip_content00036"><span class="tt kwbu">Battle-shock</span> <span class="tt kwbu">tests</span></span> taken for the bearerâs unit.|
GC|000009084002|Martial Espionage|25|Brood Brother Auxilia|000000888|With access to Imperial data-logs and servo-scry records, this cult leader feeds the stolen information to their professional allies, enabling them to immediately exploit weak points in the enemy.|<span class="tooltip00589" data-tooltip-content="#tooltip_content00589" data-tooltip-anchor="#tooltip_content00589"><span class="kwb kwbu">GENESTEALER</span> <span class="kwb kwbu">CULTS</span> <span class="kwb kwbu">INFANTRY</span></span> model only. Once per turn, when a friendly <span class="tooltip00311" data-tooltip-content="#tooltip_content00311" data-tooltip-anchor="#tooltip_content00311"><span class="kwb kwbu">ASTRA</span> <span class="kwb kwbu">MILITARUM</span> <span class="kwb kwbu">INFANTRY</span></span> or <span class="tooltip00590" data-tooltip-content="#tooltip_content00590" data-tooltip-anchor="#tooltip_content00590"><span class="kwb kwbu">ASTRA</span> <span class="kwb kwbu">MILITARUM</span> <span class="kwb kwbu">MOUNTED</span></span> unit within 9" of the bearer is selected to shoot, the bearer can use this Enhancement. If it does, until the end of the phase, improve the Armour Penetration characteristic of ranged weapons equipped by models in that unit by 1.|
GC|000009075002|Predatory Instincts|20|Biosanctic Broodsurge|000000886|With alien senses and instincts augmented with hyper-adaptive gene-strands, this chosen of the cult leads the way deep into enemy lines, like a toxic barb working its way to the heart.|<a class="kwbOne" href="/wh40k10ed/factions/genestealer-cults/Abominant"><span class="kwb kwbo">ABOMINANT</span></a>, <a class="kwbOne" href="/wh40k10ed/factions/genestealer-cults/Biophagus"><span class="kwb kwbo">BIOPHAGUS</span></a> or <a class="kwbOne" href="/wh40k10ed/factions/genestealer-cults/Patriarch"><span class="kwb kwbo">PATRIARCH</span></a> model only. Models in the bearerâs unit have the <span class="tooltip00510" data-tooltip-content="#tooltip_content00510"><span class="tt kwbu">Infiltrators</span></span> ability and, once per <a href="/wh40k10ed/the-rules/core-rules/#The-Battle-Round">battle round</a>, you can target the bearerâs unit with the <span class="tooltip00539" data-tooltip-content="#tooltip_content00539"><span class="tt kwbu">Heroic</span> <span class="tt kwbu">Intervention</span></span> Stratagem for 0CP, and can do so even if you have already targeted a different unit with that Stratagem this phase.|
GC|000009067002|Prowling Agitant|15|Host of Ascension|000000884|No matter how often the oppressors seek to trap or silence this leader, they always find themselves left empty-handed and foolish, their elusive quarry long gone.|<span class="kwb">GENESTEALER</span> <span class="kwb">CULTS</span> model only. Once per turn, when an enemy unit ends a <span class="tooltip00221" data-tooltip-content="#tooltip_content00221"><span class="tt kwbu">Normal</span></span>, <span class="tooltip00230" data-tooltip-content="#tooltip_content00230"><span class="tt kwbu">Advance</span></span> or <span class="tooltip00025" data-tooltip-content="#tooltip_content00025"><span class="tt kwbu">Fall</span> <span class="tt kwbu">Back</span> <span class="tt kwbu">move</span></span> within 9" of the bearerâs unit, if the bearerâs unit is not within <span class="tooltip00023" data-tooltip-content="#tooltip_content00023"><span class="tt kwbu">Engagement</span> <span class="tt kwbu">Range</span></span> of any enemy units, it can make a Normal move of up to D6".|
GC|000009460002|Master Saboteur|0|Cult Unveiled|000000939|This cult leader is skilled in the arts of covert sabotage, and has pre-emptively employed these skills against a key strategic target on this deck.|The first lime in the battle that your opponentâs army Secures an <a href="/wh40k10ed/the-rules/boarding-action-rules/#Objective-Markers">objective marker</a> while the bearer is on the battlefield, roll one D6: on a 3+, that objective marker is not <a href="/wh40k10ed/the-rules/boarding-action-rules/#SEIZING-AND-SECURING-OBJECTIVE-MARKERS">Secured</a> by your opponentâs army.|
GC|000009067003|A Chink in Their Armour|20|Host of Ascension|000000884|Every oppressor has a weak spot. This savant of tactical analysis pinpoints fractured armour plates, exposed cabling or unshielded flesh with a glance and directs the cults fire to shatter the enemyâs greatest assets.|<span class="kwb">GENESTEALER</span> <span class="kwb">CULTS</span> model only. Each time the bearer is set up on the battlefield as <a href="/wh40k10ed/the-rules/core-rules/#2.-Reinforcements">Reinforcements</a>, until the end of your next <a href="/wh40k10ed/the-rules/core-rules/#FIGHT-PHASE">Fight phase</a>, ranged weapons equipped by models in the bearerâs unit have the <span class="kwb2 bluefont"><span class="tooltip00218" data-tooltip-content="#tooltip_content00218"><span class="tt kwbu">[LETHAL</span> <span class="tt kwbu">HITS]</span></span></span> ability.|
GC|000009476003|Psi-spoor Sensitivity|0|Infestation Swarm|000000941|Able to taste its preyâs terrified mental signatures like pheromones, there is nowhere to hide from this beast.|Each time the bearer <span class="tooltip00033" data-tooltip-content="#tooltip_content00033"><span class="tt kwbu">declares</span> <span class="tt kwbu">a</span> <span class="tt kwbu">charge</span></span>, it can target enemy units that are not <a href="/wh40k10ed/the-rules/boarding-action-rules/#Visibility">visible</a> to it.|
GC|000009460003|Primary Detonator|0|Cult Unveiled|000000939|A chunky technological device with a deviant machine spirit and an array of triggers, this jury-rigged detonator connects to multiple explosive charges laced through this deck. By pumping one of the triggers, its wielder can set off a powerful detonation.|Once per battle, when an enemy unit opens a closed <a href="/wh40k10ed/the-rules/boarding-action-rules/#Terrain">Hatchway</a>, if the bearer is on the battlefield, it can use this Enhancement. If it does, roll one D6: on a 3-4, that enemy unit suffers 1 <span class="tooltip00049" data-tooltip-content="#tooltip_content00049"><span class="tt kwbu">mortal</span> <span class="tt kwbu">wound</span></span>; on a 5+, that enemy unit suffers 2 mortal wounds.|
GC|000009468003|Miasmic Fumes|0|Genespawn Onslaught|000000940|So potent are the bubbling toxins and tinctures carried into battle by the Biophagus that they choke the shipâs corridors with gene-corrosive fumes that choke foes and obscure their bearer from view.|<a class="kwbOne" href="/wh40k10ed/factions/genestealer-cults/Biophagus"><span class="kwb kwbo">BIOPHAGUS</span></a> model only. Each time an attack targets the bearer, subtract 1 from the <span class="tooltip00031" data-tooltip-content="#tooltip_content00031"><span class="tt kwbu">Hit</span> <span class="tt kwbu">roll</span></span> and subtract 1 from the <span class="tooltip00006" data-tooltip-content="#tooltip_content00006"><span class="tt kwbu">Wound</span> <span class="tt kwbu">roll</span></span>.|
GC|000009075003|Biomorph Adaptation|25|Biosanctic Broodsurge|000000886|The power of the Star Children flows through this creatures veins, their physiology showing unnatural gifts and lethal enhancements.|<a class="kwbOne" href="/wh40k10ed/factions/genestealer-cults/Abominant"><span class="kwb kwbo">ABOMINANT</span></a> or <a class="kwbOne" href="/wh40k10ed/factions/genestealer-cults/Patriarch"><span class="kwb kwbo">PATRIARCH</span></a> model only. Improve the Armour Penetration and Damage characteristics of melee weapons equipped by the bearer by 1.|
GC|000009071003|Denunciator of Tyrants|25|Xenocreed Congregation|000000885|With vitriol and passion do the cultâs leaders castigate the foeâs champions, casting them as the most hated architects of oppression and inciting their comrades to murderous intent.|<a class="kwbOne" href="/wh40k10ed/factions/genestealer-cults/Magus"><span class="kwb kwbo">MAGUS</span></a>, <a class="kwbOne" href="/wh40k10ed/factions/genestealer-cults/Primus"><span class="kwb kwbo">PRIMUS</span></a> or <a class="kwbOne" href="/wh40k10ed/factions/genestealer-cults/Acolyte-Iconward"><span class="kwb kwbo">ACOLYTE</span> <span class="kwb kwbo">ICONWARD</span></a> model only. Each time a model in the bearerâs unit makes an attack that targets a <span class="kwb">CHARACTER</span> unit, add 1 to the <span class="tooltip00031" data-tooltip-content="#tooltip_content00031"><span class="tt kwbu">Hit</span> <span class="tt kwbu">roll</span></span> and add 1 to the <span class="tooltip00006" data-tooltip-content="#tooltip_content00006"><span class="tt kwbu">Wound</span> <span class="tt kwbu">roll</span></span>.|
GC|000009827003|Enraptured Damnation|10|Final Day|000001002|Though hollowing them out like acid, the insidious power of the Hive Mind blazes from this delirious fanatic and forces their enemies to recoil.|<span class="tooltip00585" data-tooltip-content="#tooltip_content00585" data-tooltip-anchor="#tooltip_content00585"><span class="kwb kwbu">GENESTEALER</span> <span class="kwb kwbu">CULTS</span></span> model only. Enemy units cannot use the <span class="tooltip00241" data-tooltip-content="#tooltip_content00241"><span class="tt kwbu">Fire</span> <span class="tt kwbu">Overwatch</span></span> Stratagem to shoot at the bearerâs unit.|
GC|000009084003|Adaptive Reprisal|15|Brood Brother Auxilia|000000888|Whether through intensive cross-training with tainted officers or some symbiotic neuro-mimicry, this insurrectionist is adept in daring tactical manoeuvres.|<span class="kwb">GENESTEALER</span> <span class="kwb">CULTS</span> <span class="kwb">INFANTRY</span> model only. Once per turn, you can target a friendly <span class="kwb">GENESTEALER</span> <span class="kwb">CULTS</span> unit within 9" of the bearer with the <span class="tooltip00539" data-tooltip-content="#tooltip_content00539"><span class="tt kwbu">Heroic</span> <span class="tt kwbu">Intervention</span></span> Stratagem for 0CP.|
GC|000009079003|Cartographic Data-leech|10|Outlander Claw|000000887|This parasitic, cybernetic implant allows its host to tap into the survey augurs and proximity detectors of the cults industrial transports. They use this leeched data to guide their comradesâ fire from vision slits and hatches, even at high speed.|<span class="tooltip00591" data-tooltip-content="#tooltip_content00591" data-tooltip-anchor="#tooltip_content00591"><span class="kwb kwbu">GENESTEALER</span> <span class="kwb kwbu">CULTS</span></span> model only. While the bearer is <span class="tooltip00026" data-tooltip-content="#tooltip_content00026"><span class="tt kwbu">embarked</span></span> within a <span class="tooltip00592" data-tooltip-content="#tooltip_content00592" data-tooltip-anchor="#tooltip_content00592"><span class="kwb kwbu">TRANSPORT</span></span>, each time that <a href="/wh40k10ed/the-rules/core-rules/#Transports"><span class="kwb">TRANSPORT</span></a> is selected to shoot, until the end of the phase, improve the Ballistic Skill characteristic of ranged weapons equipped by that <span class="kwb">TRANSPORT</span> as a result of the <span class="tooltip00186" data-tooltip-content="#tooltip_content00186"><span class="tt kwbu">Firing</span> <span class="tt kwbu">Deck</span></span> ability by 1.|
GC|000009075004|Mutagenic Regeneration|10|Biosanctic Broodsurge|000000886|Though the truth may lie with cocktails of alchemical enzymes or xenos hormones triggering ferocious metabolic renewal, the cultâs masses see this nigh-immortal leader as a vessel of divine favour.|<a class="kwbOne" href="/wh40k10ed/factions/genestealer-cults/Abominant"><span class="kwb kwbo">ABOMINANT</span></a>, <a class="kwbOne" href="/wh40k10ed/factions/genestealer-cults/Biophagus"><span class="kwb kwbo">BIOPHAGUS</span></a> or <a class="kwbOne" href="/wh40k10ed/factions/genestealer-cults/Patriarch"><span class="kwb kwbo">PATRIARCH</span></a> model only. In each <a href="/wh40k10ed/the-rules/core-rules/#COMMAND-PHASE">Command phase</a>, one model in the bearerâs unit regains 1 lost wound.|
GC|000009071004|Deeds That Speak to the Masses|25|Xenocreed Congregation|000000885|This agent of the Star Children is a living legend known amongst the entire cult. Their reputation as a spiritual orator, undefeated liberator or sanctified warden is mythic, and their very presence draws the faithful to their side for a chance to fight alongside them.|<a class="kwbOne" href="/wh40k10ed/factions/genestealer-cults/Magus"><span class="kwb kwbo">MAGUS</span></a>, <a class="kwbOne" href="/wh40k10ed/factions/genestealer-cults/Primus"><span class="kwb kwbo">PRIMUS</span></a> or <a class="kwbOne" href="/wh40k10ed/factions/genestealer-cults/Acolyte-Iconward"><span class="kwb kwbo">ACOLYTE</span> <span class="kwb kwbo">ICONWARD</span></a> model only. You start the battle with 2 additional <span class="tooltip00390" data-tooltip-content="#tooltip_content00390"><span class="tt kwbu">Resurgence</span> <span class="tt kwbu">points</span></span>.|
GC|000009067004|Our Time Is Nigh|20|Host of Ascension|000000884|Infused with transcendent zeal, this insurrectionist and their chosen cultists are assured by telepathic whispers that they are the Star Childrens avatars and that now is the moment to strike.|<span class="kwb">GENESTEALER</span> <span class="kwb">CULTS</span> model only. Once per battle, when the bearerâs unit <span class="tooltip00033" data-tooltip-content="#tooltip_content00033"><span class="tt kwbu">declares</span> <span class="tt kwbu">a</span> <span class="tt kwbu">charge</span></span>, the bearer can use this Enhancement. If it does, until the end of the phase, add 2 to <span class="tooltip00033" data-tooltip-content="#tooltip_content00033"><span class="tt kwbu">Charge</span> <span class="tt kwbu">rolls</span></span> made for the bearerâs unit.|
GC|000009084004|The Hero Returned|20|Brood Brother Auxilia|000000888|Hidden for years within a xeno-tainted regiment, this feted commander has returned to lead their guerrillas, donning once more the garb of the insurgent. Respected with reverent awe, they instil a disciplined professionalism and focus in their cult comrades.|<span class="kwb">GENESTEALER</span> <span class="kwb">CULTS</span> <span class="kwb">INFANTRY</span> model only. Improve the Leadership and Objective Control characteristics of models in the bearerâs unit by 1.|
GC|000009079004|Starfall Shells|10|Outlander Claw|000000887|When they hit, these hand-crafted sniper bullets radiate with a supernatural aura redolent of the voidâs numbing chill. Muscles seize, fingers cramp and thought slows as the sinister saturation takes effect.|<span class="tooltip00593" data-tooltip-content="#tooltip_content00593" data-tooltip-anchor="#tooltip_content00593"><span class="kwb kwbu">GENESTEALER</span> <span class="kwb kwbu">CULTS</span> <span class="kwb kwbu">MOUNTED</span></span> model only. In your <a href="/wh40k10ed/the-rules/core-rules/#SHOOTING-PHASE">Shooting phase</a>, after the bearer has shot, select one enemy unit hit by one or more of those attacks made with a cult sniper rifle. Until the start of your next Shooting phase, each time a model in that enemy unit makes an attack, subtract 1 from the <span class="tooltip00031" data-tooltip-content="#tooltip_content00031"><span class="tt kwbu">Hit</span> <span class="tt kwbu">roll</span></span>.|
GC|000009827004|Vanguard Tyrant|25|Final Day|000001002|Adapted by the Hive Mind to lead the first invasion swarms, this leader organismâs bioweapons emphasise vicious shock assault and maximum bloodshed.|<a class="kwbOne" href="/wh40k10ed/factions/genestealer-cults/Winged-Hive-Tyrant"><span class="kwb kwbo">WINGED</span> <span class="kwb kwbo">HIVE</span> <span class="kwb kwbo">TYRANT</span></a> model only. Improve the Strength and Armour Penetration characteristics of melee weapons equipped by the bearer by 1.|
GC|000009079005|Assault Commando|15|Outlander Claw|000000887|An expert in rapid attacks from speeding vehicles, this veteran has drilled their insurrectionist cell, readying them to leap into the fray with stolen weapons blazing.|<span class="tooltip00591" data-tooltip-content="#tooltip_content00591" data-tooltip-anchor="#tooltip_content00591"><span class="kwb kwbu">GENESTEALER</span> <span class="kwb kwbu">CULTS</span></span> model only. Each time a model in the bearerâs unit makes a ranged attack, if it <span class="tooltip00076" data-tooltip-content="#tooltip_content00076"><span class="tt kwbu">disembarked</span></span> from a <span class="tooltip00592" data-tooltip-content="#tooltip_content00592" data-tooltip-anchor="#tooltip_content00592"><span class="kwb kwbu">TRANSPORT</span></span> this turn, you can re-roll the <span class="tooltip00031" data-tooltip-content="#tooltip_content00031"><span class="tt kwbu">Hit</span> <span class="tt kwbu">roll</span></span>.|
GC|000009067005|Assassination Edict|15|Host of Ascension|000000884|With an impulse of the Broodmind pulsing in their brain, this holy avenger stalks the battlefield, seeking to slay generals, preachers and all those the foe looks to for salvation and inspiration.|<span class="kwb">GENESTEALER</span> <span class="kwb">CULTS</span> model only. Each time a model in the bearerâs unit makes an attack that targets a <span class="kwb">CHARACTER</span> unit, add 1 to the <span class="tooltip00031" data-tooltip-content="#tooltip_content00031"><span class="tt kwbu">Hit</span> <span class="tt kwbu">roll</span></span>|
GC|000009084005|Firepoint Commander|10|Brood Brother Auxilia|000000888|Taking a righteous vindication in turning the oppressorâs tactics against them, this war leader coordinates their broodkins last-second fire into effective volleys to drive back the foe.|<span class="kwb">GENESTEALER</span> <span class="kwb">CULTS</span> <span class="kwb">INFANTRY</span> model only. Each time you target the bearerâs unit with the <span class="tooltip00241" data-tooltip-content="#tooltip_content00241"><span class="tt kwbu">Fire</span> <span class="tt kwbu">Overwatch</span></span> Stratagem, while resolving that Stratagem, hits are scored on unmodified <span class="tooltip00031" data-tooltip-content="#tooltip_content00031"><span class="tt kwbu">Hit</span> <span class="tt kwbu">rolls</span></span> of 5+.|
GC|000009827005|Inhuman Integration|20|Final Day|000001002|This cult leaderâs powerful psyche has withstood Hive Mind integration better than most, at least for now. It even relays a crude approximation of synaptic signals to their underlings. Of course, this only makes them and their followers more selflessly obedient drones.|<span class="tooltip00585" data-tooltip-content="#tooltip_content00585" data-tooltip-anchor="#tooltip_content00585"><span class="kwb kwbu">GENESTEALER</span> <span class="kwb kwbu">CULTS</span></span> model only. Weapons equipped by models in the bearerâs unit have the <span class="kwb2 bluefont"><span class="tooltip00061" data-tooltip-content="#tooltip_content00061"><span class="tt kwbu">[SUSTAINED</span> <span class="tt kwbu">HITS</span> <span class="tt kwbu">1]</span></span></span> ability while targeting an enemy unit within 6" of one or more friendly <span class="tooltip00583" data-tooltip-content="#tooltip_content00583" data-tooltip-anchor="#tooltip_content00583"><span class="kwb kwbu">TYRANIDS</span></span> units.|
GC|000009071005|Incendiary Inspiration|15|Xenocreed Congregation|000000885|This insurgent is a font of aggressive encouragement. As some supernatural vitality their broodkin feel in their souls, the leaderâs words and deeds rouse them with fresh energy and stir them to charge forth in blind fury.|<a class="kwbOne" href="/wh40k10ed/factions/genestealer-cults/Magus"><span class="kwb kwbo">MAGUS</span></a>, <a class="kwbOne" href="/wh40k10ed/factions/genestealer-cults/Primus"><span class="kwb kwbo">PRIMUS</span></a> or <a class="kwbOne" href="/wh40k10ed/factions/genestealer-cults/Acolyte-Iconward"><span class="kwb kwbo">ACOLYTE</span> <span class="kwb kwbo">ICONWARD</span></a> model only. The bearerâs unit is eligible to <a href="/wh40k10ed/the-rules/core-rules/#CHARGE-PHASE">declare a charge</a> in a turn in which it <span class="tooltip00230" data-tooltip-content="#tooltip_content00230"><span class="tt kwbu">Advanced</span></span>.|
GC|000009075005|Alien Majesty|15|Biosanctic Broodsurge|000000886|An aura of palpable grandeur surrounds this individual, their mere presence a powerful stimulant to the nerve of their followers and a cowing nimbus to subjugate tyrannical foes.|<a class="kwbOne" href="/wh40k10ed/factions/genestealer-cults/Abominant"><span class="kwb kwbo">ABOMINANT</span></a>, <a class="kwbOne" href="/wh40k10ed/factions/genestealer-cults/Biophagus"><span class="kwb kwbo">BIOPHAGUS</span></a> or <a class="kwbOne" href="/wh40k10ed/factions/genestealer-cults/Patriarch"><span class="kwb kwbo">PATRIARCH</span></a> model only. While an enemy unit is within <span class="tooltip00023" data-tooltip-content="#tooltip_content00023"><span class="tt kwbu">Engagement</span> <span class="tt kwbu">Range</span></span> of the bearerâs unit, subtract 1 from the Objective Control characteristic of models in that enemy unit (to a minimum of 1).|
GK|000009485002|Sigil of Warding|0|Void Purge Force|000000943|This minute silver icon contains a personal teleport matrix and a vigilant machine spirit. Its precogitative psyroutines carefully watch for attacks from a distance, and at the sign of danger it transports its bearer away in a crack of energy.|Once per battle, at the end of your <a href="/wh40k10ed/the-rules/boarding-action-rules/#Shooting-Phase">Shooting phase</a>, the bearer can use this Enhancement. If it does, it can make a <span class="tooltip00221" data-tooltip-content="#tooltip_content00221"><span class="tt kwbu">Normal</span> <span class="tt kwbu">move</span></span> of up to 3" and can then attempt to <a href="/wh40k10ed/the-rules/boarding-action-rules/#Open-Hatchways">operate a Hatchway</a>. The bearer is then not eligible to <a href="/wh40k10ed/the-rules/core-rules/#CHARGE-PHASE">declare a charge</a> this turn.|
GK|000009493002|Shield of Admonishment|0|Baneslayer Strike|000000944|This ancient and heavily warded pauldron gleams with searing light in a range of empyric spectra that blind not only a foeâs physical sight, but also its intangible senses.|Each time a melee attack targets the bearer, subtract 1 from the Hit roll.|
GK|000010352002|Eye of the Augurium|25|Hallowed Conclave|000001082|A miniature facsimile of the silver mirrors used by the Prognosticars, this artefact affords its bearer a glimpse of where they will be needed most in the heat of battle.|<span class="kwb">GREY</span> <span class="kwb">KNIGHTS</span> model only. Once per <a href="/wh40k10ed/the-rules/core-rules/#The-Battle-Round">battle round</a>, the bearer can use this Enhancement. If it does, you can target the bearerâs unit with the <span class="tooltip00241" data-tooltip-content="#tooltip_content00241"><span class="tt kwbu">Fire</span> <span class="tt kwbu">Overwatch</span></span> or <span class="tooltip00539" data-tooltip-content="#tooltip_content00539"><span class="tt kwbu">Heroic</span> <span class="tt kwbu">Intervention</span></span> Stratagem for 0CP, and can do so even if you have already targeted a different unit with that Stratagem this turn.|
GK|000010356002|Sigil of the Hunt|10|Banishers|000001083|Wrought from truesilver and noctilith, this ancient arcane sigil renders its bearer and comrades supernaturally accurate in battle.|<span class="kwb">GREY</span> <span class="kwb">KNIGHTS</span> model only. In your <a href="/wh40k10ed/the-rules/core-rules/#SHOOTING-PHASE">Shooting phase</a>, each time a model in the bearerâs unit makes an attack, re-roll a <span class="tooltip00031" data-tooltip-content="#tooltip_content00031"><span class="tt kwbu">Hit</span> <span class="tt kwbu">roll</span></span> of 1.|
GK|000009777002|Mandulian Reliquary|20|Warpbane Task Force|000000992|This reliquary contains a single finger bone taken from the body of the feted former Grand Master, Mandulis. It serves as a symbol of unity and duty.|<span class="kwb">GREY</span> <span class="kwb">KNIGHTS</span> model only. While the bearerâs unit is not <span class="tooltip00036" data-tooltip-content="#tooltip_content00036"><span class="tt kwbu">Battle-shocked</span></span>, add 3 to the bearerâs Objective Control characteristic.|
GK|000010348002|Banishing Wave (Psychic)|20|Brotherhood Strike|000001081|This warrior mystic harnesses the empyric overspill of teleport flares and Warp gates, channelling them into shock waves of purifying flame.|<span class="kwb">GREY</span> <span class="kwb">KNIGHTS</span> model only. Each time the bearerâs unit is set up using the <span class="tooltip00046" data-tooltip-content="#tooltip_content00046"><span class="tt kwbu">Deep</span> <span class="tt kwbu">Strike</span></span> ability, roll one D6 for each enemy unit within 12" of the bearer: on a 2-5, that unit suffers 1 <span class="tooltip00049" data-tooltip-content="#tooltip_content00049"><span class="tt kwbu">mortal</span> <span class="tt kwbu">wound</span></span>; on a 6, that unit suffers D3 mortal wounds.|
GK|000010360002|Driven by Duty|10|Sanctic Spearhead|000001084|So single-minded is this warrior in their devotion to the Grey Knightsâ duty that they press ever forward without pause or respite.|<span class="kwb">GREY</span> <span class="kwb">KNIGHTS</span> <span class="kwb">WALKER</span> model only. Each time the bearerâs unit <span class="tooltip00158" data-tooltip-content="#tooltip_content00158"><span class="tt kwbu">Piles</span> <span class="tt kwbu">In</span></span> or <span class="tooltip00159" data-tooltip-content="#tooltip_content00159"><span class="tt kwbu">Consolidates</span></span>, the bearer can move up to 6" instead of up to 3".|
GK|000010364002|Grimoire of Conjunctions|10|Augurium Task Force|000001085|This crumbling and code-locked tome details propitious astrological conjunctions beneath whose prophesied stars powerful foes may be struck down.|<span class="kwb">GREY</span> <span class="kwb">KNIGHTS</span> model only. Once per battle, at the start of the <a href="/wh40k10ed/the-rules/core-rules/#FIGHT-PHASE">Fight phase</a>, the bearer can use this Enhancement. If it does, until the end of the phase, add 4 to the Strength characteristic of melee weapons equipped by the bearer.|
GK|000010364003|Shield of Prophecy|20|Augurium Task Force|000001085|Foreknowledge of the foeâs offensive capabilities allows tailored incantations of warding to be unleashed at the critical moment.|<span class="kwb">GREY</span> <span class="kwb">KNIGHTS</span> model only. Once per battle, at the start of the <a href="/wh40k10ed/the-rules/core-rules/#The-Battle-Round">battle round</a>, the bearer can use this Enhancement. If it does, until the end of the battle round, add 2 to the Toughness characteristic of models in the bearerâs unit.|
GK|000009485003|Tactical Haruspexy|0|Void Purge Force|000000943|Sanctioned psychic foretelling has determined the future whereabouts of this warriorâs primary target at a precise moment in time. It is a rendezvous only one will survive.|Once per battle, when the bearer <span class="tooltip00033" data-tooltip-content="#tooltip_content00033"><span class="tt kwbu">declares</span> <span class="tt kwbu">a</span> <span class="tt kwbu">charge</span></span>, it can use this Enhancement. If it does, it can <a href="/wh40k10ed/the-rules/boarding-action-rules/#Select-Units">select units</a> that are not <a href="/wh40k10ed/the-rules/boarding-action-rules/#Visibility">visible</a> to it as targets of that charge, provided they are within 9" of it.|
GK|000010348003|Blinding Aura|10|Brotherhood Strike|000001081|A coruscating curtain of sorcerous energies surrounds this battle-brother, its radiance too fierce for any but the most strong-willed to look upon.|<span class="kwb">GREY</span> <span class="kwb">KNIGHTS</span> model only. Each time the bearerâs unit is set up using the <span class="tooltip00046" data-tooltip-content="#tooltip_content00046"><span class="tt kwbu">Deep</span> <span class="tt kwbu">Strike</span></span> ability, until the end of the turn, enemy units cannot use the <span class="tooltip00241" data-tooltip-content="#tooltip_content00241"><span class="tt kwbu">Fire</span> <span class="tt kwbu">Overwatch</span></span> Stratagem to shoot at the bearerâs unit.|
GK|000009777003|Radiant Champion|15|Warpbane Task Force|000000992|This warrior is a master slayer whose blade has found the cursed hearts of countless corrupted foes. When fighting within realms cleansed by eldritch power, his psychic might manifests in a nimbus of searing light, and his strikes inflict terrible wounds upon flesh and soul.|<span class="tooltip00314" data-tooltip-content="#tooltip_content00314" data-tooltip-anchor="#tooltip_content00314"><span class="kwb kwbu">GREY</span> <span class="kwb kwbu">KNIGHTS</span> <span class="kwb kwbu">INFANTRY</span></span> model only. The bearerâs melee weapons have the <span class="kwb2 bluefont"><span class="tooltip00057" data-tooltip-content="#tooltip_content00057"><span class="tt kwbu">[PRECISION]</span></span></span> ability, and while the bearer is wholly within your armyâs <span class="tooltip00594" data-tooltip-content="#tooltip_content00594"><span class="tt kwbu">Hallowed</span> <span class="tt kwbu">Ground</span></span>, each time a melee attack made by the bearer scores a wound, the target of that attack suffers 1 <span class="tooltip00049" data-tooltip-content="#tooltip_content00049"><span class="tt kwbu">mortal</span> <span class="tt kwbu">wound</span></span> in addition to any normal damage.|
GK|000009493003|Close and Sanction|0|Baneslayer Strike|000000944|Focused on closing the distance to their quarry, this warrior surges forward through enemy fire.|In your opponentâs <a href="/wh40k10ed/the-rules/boarding-action-rules/#Shooting-Phase">Shooting phase</a>, each time an enemy unit is selected to shoot, after that unit has shot, if the bearer was hit by one or more of those attacks, the bearer can make a Dash move. To do so, roll one D6: the bearer can be moved a distance in inches up to the result, but it must finish that move <a href="/wh40k10ed/the-rules/rules-commentary/#_intro2">as close as possible</a> to the closest <a href="/wh40k10ed/the-rules/boarding-action-rules/#Visibility">visible</a> enemy unit. When doing so, it can be moved within <a href="/wh40k10ed/the-rules/boarding-action-rules/#Engagement-Range">Engagement Range</a> of that enemy unit. The bearer can only make one Dash move per phase.|
GK|000010360003|Quickening Foci|15|Sanctic Spearhead|000001084|Worked into purity seals or armour inscriptions, these cantrips of haste lend the bearer and their comrades a sudden burst of supernatural speed.|<span class="kwb">GREY</span> <span class="kwb">KNIGHTS</span> <span class="kwb">INFANTRY</span> model only. In your <a href="/wh40k10ed/the-rules/core-rules/#MOVEMENT-PHASE">Movement phase</a>, each time the bearerâs unit <span class="tooltip00076" data-tooltip-content="#tooltip_content00076"><span class="tt kwbu">disembarks</span></span> from a <span class="tooltip00595" data-tooltip-content="#tooltip_content00595" data-tooltip-anchor="#tooltip_content00595"><span class="kwb kwbu">TRANSPORT</span></span>, until the end of the turn, you can re-roll <span class="tooltip00033" data-tooltip-content="#tooltip_content00033"><span class="tt kwbu">Charge</span> <span class="tt kwbu">rolls</span></span> made for that unit.|
GK|000010356003|The Ephemeral Tome|15|Banishers|000001083|A sorcerous volume whose treatises on the impermanence of reality change constantly, this tomeâs harnessed power allows the bearer to flicker in and out of phase with realspace.|<span class="kwb">GREY</span> <span class="kwb">KNIGHTS</span> <span class="kwb">INFANTRY</span> model only. At the start of your <a href="/wh40k10ed/the-rules/core-rules/#SHOOTING-PHASE">Shooting phase</a>, if the bearerâs unit is not within <span class="tooltip00023" data-tooltip-content="#tooltip_content00023"><span class="tt kwbu">Engagement</span> <span class="tt kwbu">Range</span></span> of one or more enemy units, the bearer can use this Enhancement. If it does, the bearerâs unit can make a <span class="tooltip00221" data-tooltip-content="#tooltip_content00221"><span class="tt kwbu">Normal</span> <span class="tt kwbu">move</span></span> of up to D6", and until the end of the turn, the bearerâs unit is not eligible to <a href="/wh40k10ed/the-rules/core-rules/#CHARGE-PHASE">declare a charge</a>.|
GK|000010352003|Inescapable Judgement (Psychic)|20|Hallowed Conclave|000001082|So crushing is this warriorâs psychic presence that those he scorns as cowards are slain even as they flee, withering beneath the weight of his disgust.|<span class="kwb">GREY</span> <span class="kwb">KNIGHTS</span> model only. Each time an enemy unit within <span class="tooltip00023" data-tooltip-content="#tooltip_content00023"><span class="tt kwbu">Engagement</span> <span class="tt kwbu">Range</span></span> of the bearerâs unit <span class="tooltip00025" data-tooltip-content="#tooltip_content00025"><span class="tt kwbu">Falls</span> <span class="tt kwbu">Back</span></span>, the bearer can use this Enhancement. If it does, roll one D6: on a 2-5, that enemy unit suffers D3 <span class="tooltip00049" data-tooltip-content="#tooltip_content00049"><span class="tt kwbu">mortal</span> <span class="tt kwbu">wounds</span></span>; on a 6, that enemy unit suffers D3+3 mortal wounds. These mortal wounds are <span class="tooltip00528" data-tooltip-content="#tooltip_content00528"><span class="tt kwbu">Psychic</span> <span class="tt kwbu">Attacks</span></span>.|
GK|000009777004|Phial of the Abyss|25|Warpbane Task Force|000000992|Gifted by the Prognosticars of the Augurium, this ampoule contains cosmic energies syphoned from the event horizon of a Warp singularity. At the prophesied hour, the vial shatters, its contents swirling around the bearer and wreathing them in a localised field of time and light distortion.|<span class="tooltip00314" data-tooltip-content="#tooltip_content00314" data-tooltip-anchor="#tooltip_content00314"><span class="kwb kwbu">GREY</span> <span class="kwb kwbu">KNIGHTS</span> <span class="kwb kwbu">INFANTRY</span></span> model only. Models in the bearerâs unit have the <span class="tooltip00496" data-tooltip-content="#tooltip_content00496"><span class="tt kwbu">Stealth</span></span> ability.|
GK|000010348004|Purity of Purpose|15|Brotherhood Strike|000001081|This warriorâs single-minded devotion to duty is exemplary, driving them into the fiercest fires of battle with no thought of hesitation.|<span class="kwb">GREY</span> <span class="kwb">KNIGHTS</span> model only. Each time the bearerâs unit is set up using the <span class="tooltip00046" data-tooltip-content="#tooltip_content00046"><span class="tt kwbu">Deep</span> <span class="tt kwbu">Strike</span></span> ability, until the end of the turn, you can re-roll <span class="tooltip00033" data-tooltip-content="#tooltip_content00033"><span class="tt kwbu">Charge</span> <span class="tt kwbu">rolls</span></span> made for the bearerâs unit.|
GK|000010360004|Sigil of Exigence|30|Sanctic Spearhead|000001084|This powerful and ancient sorcerous ward reacts to imminent peril by wrenching the bearer momentarily out of sync with reality itself.|<span class="kwb">GREY</span> <span class="kwb">KNIGHTS</span> model only. Once per battle, in your opponentâs <a href="/wh40k10ed/the-rules/core-rules/#SHOOTING-PHASE">Shooting phase</a>, when the bearerâs unit is selected as the target of a ranged attack, you can remove the bearerâs unit from the battlefield and then set it back up again anywhere on the battlefield that is more than 9" horizontally away from all enemy units. If the bearerâs unit is no longer an eligible target, your opponent can then select new targets for any attacks that had targeted the bearerâs unit.|
GK|000010356004|The Sixty-sixth Seal|25|Banishers|000001083|One of the six hundred and sixty-six seals of purity once affixed to the tomb of Vasandrius, the talismanic properties of this artefact lend a keen edge of sacred intolerance to their bearerâs armaments.|<span class="kwb">GREY</span> <span class="kwb">KNIGHTS</span> model only. In your <a href="/wh40k10ed/the-rules/core-rules/#SHOOTING-PHASE">Shooting phase</a>, each time a model in the bearerâs unit makes an attack, improve the Armour Penetration characteristic of that attack by 1.|
GK|000010352004|Sanctic Reaper|15|Hallowed Conclave|000001082|A veteran of dozens of purgation campaigns, this champion has honed his combat style to cut a bloody path through massed foes easily.|<span class="kwb">GREY</span> <span class="kwb">KNIGHTS</span> <span class="kwb">TERMINATOR</span> model only. Add 3 to the Attacks characteristic of the bearerâs melee weapons.|
GK|000010364004|A Foot in the Future|15|Augurium Task Force|000001085|Stratego-prescient telecasts scroll over this warriorâs heads-up display, providing them with tactical battlefield foretellings to which they swiftly react.|<span class="kwb">GREY</span> <span class="kwb">KNIGHTS</span> model only. Each time the bearerâs unit is set up in your <a href="/wh40k10ed/the-rules/core-rules/#2.-Reinforcements">Reinforcements step</a>, the bearer can use this Enhancement. If it does, the bearerâs unit can make a <span class="tooltip00221" data-tooltip-content="#tooltip_content00221"><span class="tt kwbu">Normal</span> <span class="tt kwbu">move</span></span> of up to D6", and until the end of the turn, the bearerâs unit is not eligible to <a href="/wh40k10ed/the-rules/core-rules/#CHARGE-PHASE">declare a Charge</a>.|
GK|000010352005|Nemesis Rounds|10|Hallowed Conclave|000001082|Empowered through the invocation of true names and carved spells of seeking, each of these precious rounds veers unerringly toward its intended target.|<span class="kwb">GREY</span> <span class="kwb">KNIGHTS</span> <span class="kwb">TERMINATOR</span> model only. Each time you target the bearerâs unit with the <span class="tooltip00241" data-tooltip-content="#tooltip_content00241"><span class="tt kwbu">Fire</span> <span class="tt kwbu">Overwatch</span></span> Stratagem, hits are scored on unmodified <span class="tooltip00031" data-tooltip-content="#tooltip_content00031"><span class="tt kwbu">Hit</span> <span class="tt kwbu">rolls</span></span> of 5+ while resolving that Stratagem.|
GK|000010360005|Spiritus Machina|25|Sanctic Spearhead|000001084|Thought to date back to Old Night, this device allows the bearer to draw targeting data from machine spirit senses and entwine it with their own perceptions.|<span class="kwb">GREY</span> <span class="kwb">KNIGHTS</span> <span class="kwb">INFANTRY</span> model only. In your <a href="/wh40k10ed/the-rules/core-rules/#SHOOTING-PHASE">Shooting phase</a>, each time the bearerâs unit is selected to shoot, if the bearerâs unit <span class="tooltip00076" data-tooltip-content="#tooltip_content00076"><span class="tt kwbu">disembarked</span></span> from a <span class="tooltip00595" data-tooltip-content="#tooltip_content00595" data-tooltip-anchor="#tooltip_content00595"><span class="kwb kwbu">TRANSPORT</span></span> this turn, until the end of the phase, each time a model in the bearerâs unit makes an attack, you can re-roll the <span class="tooltip00006" data-tooltip-content="#tooltip_content00006"><span class="tt kwbu">Wound</span> <span class="tt kwbu">roll</span></span>.|
GK|000010356005|Pyresoul (Psychic)|20|Banishers|000001083|So fiercely do the psychic flames of this warriorâs soul burn that they can be conjured forth in blazing columns of spiritual immolation to annihilate the foe.|<span class="kwb">GREY</span> <span class="kwb">KNIGHTS</span> model only. At the start of your <a href="/wh40k10ed/the-rules/core-rules/#SHOOTING-PHASE">Shooting phase</a>, the bearer can use this Enhancement. If it does, select one enemy unit within 24" of and <a href="/wh40k10ed/the-rules/core-rules/#Determining-Visibility">visible</a> to the bearer; that unit suffers D3 <span class="tooltip00049" data-tooltip-content="#tooltip_content00049"><span class="tt kwbu">mortal</span> <span class="tt kwbu">wounds</span></span>.|
GK|000009777005|Paragon of Sanctity|10|Warpbane Task Force|000000992|This warrior sorcerer lends their spiritual strength to allies fighting amidst unholy corruption, bolstering their spiritual resolve.|<span class="kwb">GREY</span> <span class="kwb">KNIGHTS</span> model only. Once per battle, at the start of any phase, the bearer can select one friendly <span class="kwb">GREY</span> <span class="kwb">KNIGHTS</span> unit within 18" of and <a href="/wh40k10ed/the-rules/core-rules/#Determining-Visibility">visible</a> to it. If it does, until the end of the phase, that unit is within your armyâs <span class="tooltip00594" data-tooltip-content="#tooltip_content00594"><span class="tt kwbu">Hallowed</span> <span class="tt kwbu">Ground</span></span>.|
GK|000010348005|Tome of Forbidden Ways|25|Brotherhood Strike|000001081|Drawn from the Chambers of Purity under special dispensation, this ancient book reveals sorcerous paths that none but the bravest and most mighty dare walk.|<span class="kwb">GREY</span> <span class="kwb">KNIGHTS</span> model only. While the bearer is on the battlefield or in <a href="/wh40k10ed/the-rules/core-rules/#Strategic-Reserves">Strategic Reserves</a>, add 1 to the number of units from your army that you can select for the <span class="tooltip00596" data-tooltip-content="#tooltip_content00596"><span class="tt kwbu">Gate</span> <span class="tt kwbu">of</span> <span class="tt kwbu">Infinity</span></span> rule.|
GK|000010364005|Doomseerâs Amulet|25|Augurium Task Force|000001085|The cruel powers of this forbidden artefact cause foes to perceive the wearer as a death omen drawn from their culture, manifested to prophecy their doom.|<span class="kwb">GREY</span> <span class="kwb">KNIGHTS</span> model only. Each time the bearerâs unit is set up in your <a href="/wh40k10ed/the-rules/core-rules/#2.-Reinforcements">Reinforcements step</a>, the bearer can use this Enhancement. If it does, select one enemy unit within 12" of and <a href="/wh40k10ed/the-rules/core-rules/#Determining-Visibility">visible</a> to the bearer. That enemy unit must take a <span class="tooltip00036" data-tooltip-content="#tooltip_content00036"><span class="tt kwbu">Battle-shock</span> <span class="tt kwbu">test</span></span>, subtracting 1 from that test.|
LoV|000010435002|Oathbound Speculator|30|NeedgaÃ¢rd Oathband|000001096|This kindred hero is a master of knowing the right moment to funnel the kinhosts precious resources into the most efficient destruction of the foe.|<span class="kwb">LEAGUES</span> <span class="kwb2">OF</span> <span class="kwb">VOTANN</span> model only. Each time a model in the bearerâs unit makes an attack, re-roll a <span class="tooltip00006" data-tooltip-content="#tooltip_content00006"><span class="tt kwbu">Wound</span> <span class="tt kwbu">roll</span></span> of 1. Each time the bearerâs unit is selected to shoot or fight, you can spend 3YP. If you do, until the end of the phase, each time a model in the bearerâs unit makes an attack, add 1 to the Wound roll.|
LoV|000010447002|Tactical Alchemy|10|Brandfast Oathband|000001099|The greatest kinhost commanders can transmute profitable yields into more immediate tactical and strategic support.|<span class="tooltip00597" data-tooltip-content="#tooltip_content00597" data-tooltip-anchor="#tooltip_content00597"><span class="kwb kwbu">KÃHL</span></span> model only. In your <a href="/wh40k10ed/the-rules/core-rules/#COMMAND-PHASE">Command phase</a>, if the bearerâs unit is within range of one or more <span class="tooltip00064" data-tooltip-content="#tooltip_content00064"><span class="tt kwbu">objective</span> <span class="tt kwbu">markers</span></span> you control that are not within your deployment zone, you can spend 1YP. If you do, roll one D6: on a 4+, you gain 1CP.|
LoV|000009529002|Masterful Construction|0|Void Salvagers|000000950|The weapons utilised by the Kin are wrought by expert craftsmen and are as versatile as they are deadly.|Each time the bearer is selected to shoot or fight, you can select one of the following weapon abilities: <span class="kwb2 bluefont"><span class="tooltip00048" data-tooltip-content="#tooltip_content00048"><span class="tt kwbu">[DEVASTATING</span> <span class="tt kwbu">WOUNDS]</span></span></span>; <span class="kwb2 bluefont"><span class="tooltip00218" data-tooltip-content="#tooltip_content00218"><span class="tt kwbu">[LETHAL</span> <span class="tt kwbu">HITS]</span></span></span>; <span class="kwb2 bluefont"><span class="tooltip00061" data-tooltip-content="#tooltip_content00061"><span class="tt kwbu">[SUSTAINED</span> <span class="tt kwbu">HITS</span> <span class="tt kwbu">1]</span></span></span>. Until the end of the phase, weapons equipped by the bearer (excluding <span class="tooltip00528" data-tooltip-content="#tooltip_content00528"><span class="tt kwbu">Psychic</span> <span class="tt kwbu">weapons</span></span>) have that ability.|
LoV|000010443002|DÃªlvwerke Navigator|25|DÃªlve Assault Shift|000001098|With a mastery of the dÃªllveâs workings, guild reserves can be expertly directed to where they are needed most.|<span class="kwb">LEAGUES</span> <span class="kwb2">OF</span> <span class="kwb">VOTANN</span> model only. In the <a href="/wh40k10ed/the-rules/core-rules/#2.-Reinforcements">Reinforcements step</a> of your <a href="/wh40k10ed/the-rules/core-rules/#MOVEMENT-PHASE">Movement phase</a>, the bearer can use this Enhancement. If it does, select one friendly <a class="kwbOne" href="/wh40k10ed/factions/leagues-of-votann/Cthonian-Beserks"><span class="kwb kwbo">CTHONIAN</span> <span class="kwb kwbo">BESERKS</span></a> unit <a href="/wh40k10ed/the-rules/core-rules/#Determining-Visibility">visible</a> to the bearer and then spend any number of YP. Return one destroyed model to that unit and then, for every 2YP you just spent, return up to one additional destroyed model to that unit.|
LoV|000010439002|Eye for Weakness|25|Persecution Prospect|000001097|Any hint of vulnerability draws the gaze of this punitive assessor like a rich vein of ore.|<span class="kwb">LEAGUES</span> <span class="kwb2">OF</span> <span class="kwb">VOTANN</span> model only. Each time a model in the bearerâs unit makes an attack that targets an assailed unit, add 1 to the <span class="tooltip00006" data-tooltip-content="#tooltip_content00006"><span class="tt kwbu">Wound</span> <span class="tt kwbu">roll</span></span>.|
LoV|000009823002|Bastion Shield|25|Hearthband|000001001|The technologies contained within this heraldic crest radiate a dome of ablative weavewÃ«rke shielding that robs the force from enemy projectiles.|<span class="kwb">LEAGUES</span> <span class="kwb2">OF</span> <span class="kwb">VOTANN</span> model only. Each time a ranged attack targets the bearerâs unit, if the attacking model is within 12" of the bearerâs unit, worsen the Armour Penetration characteristic of that attack by 1. If you spend 1YP, until the end of the phase, if the attacking model is within 18" of the bearerâs unit, worsen the Armour Penetration characteristic of that attack by 1 instead.|
LoV|000009537002|Celebrated Folk Hero|0|Hearthfire Strike|000000951|The exploits of this Einhyr Champion have fuelled many a Bru-fuelled celebration, and the Hearthguard compete to fight at their side. To see them laid low fires the wrath of their comrades.|The first time the bearer is <span class="tooltip00206" data-tooltip-content="#tooltip_content00206"><span class="tt kwbu">destroyed</span></span>, each enemy unit on the battlefield gains 1 Judgement token.|
LoV|000010451002|FÃ¢rstrydr Node|20|Hearthfyre Arsenal|000001100|An evolutionary stride in teleportation technology, this experimental device shields its wearer and their companions in a bubble of esoteric force. It is.so strong that they can endure brief teleportation plunges through the Warp to strike at the most opportune time.|<a class="kwbOne" href="/wh40k10ed/factions/leagues-of-votann/BrÃ´khyr-Iron-master"><span class="kwb kwbo">IRON-MASTER</span></a> or <a class="kwbOne" href="/wh40k10ed/factions/leagues-of-votann/Memnyr-Strategist"><span class="kwb kwbo">MEMNYR</span> <span class="kwb kwbo">STRATEGIST</span></a> model only. Models in the bearerâs unit have the <span class="tooltip00046" data-tooltip-content="#tooltip_content00046"><span class="tt kwbu">Deep</span> <span class="tt kwbu">Strike</span></span> ability.|
LoV|000009529003|Obsessive Drive|0|Void Salvagers|000000950|The bearer seeks a specific item that lies in the hands of the foe and they will not rest until it has been secured. Those foes foolish enough to block the path are targeted for priority destruction.|At the start of the first <a href="/wh40k10ed/the-rules/core-rules/#The-Battle-Round">battle round</a>, select one <a href="/wh40k10ed/the-rules/boarding-action-rules/#Objective-Markers">objective marker</a>. While the bearer is on the battlefield, each time a <span class="kwb">LEAGUES</span> <span class="kwb2">OF</span> <span class="kwb">VOTANN</span> unit from your army is selected to shoot or fight, each enemy unit within range of that objective marker is considered to have 1 additional Judgement token while resolving those attacks.|
LoV|000009537003|GÃ»lykâs Stars|0|Hearthfire Strike|000000951|A set of mass driver accelerators crafted by the master Brokhyr Gulyk, these potent devices can be worked into an Einhyr Champions exo-armour. Named stars for their ferocious energy output, they propel the wearer forward like an unstoppable battering ram.|Each time the bearer ends a <span class="tooltip00033" data-tooltip-content="#tooltip_content00033"><span class="tt kwbu">Charge</span> <span class="tt kwbu">move</span></span>, select one enemy unit within <a href="/wh40k10ed/the-rules/boarding-action-rules/#Engagement-Range">Engagement Range</a> of it and roll one D6: on a 2-4, that enemy unit suffers 1 <span class="tooltip00049" data-tooltip-content="#tooltip_content00049"><span class="tt kwbu">mortal</span> <span class="tt kwbu">wound</span></span>; on a 5+, that enemy unit suffers 2 mortal wounds. If this results in one or more enemy models being <span class="tooltip00206" data-tooltip-content="#tooltip_content00206"><span class="tt kwbu">destroyed</span></span>, you can select one closed <a href="/wh40k10ed/the-rules/boarding-action-rules/#Terrain">Hatchway</a> within 6" of the bearer and open it.|
LoV|000010439003|Writ of Acquisition|10|Persecution Prospect|000001097|This mnestic mesh of circuitry records and analyses the enemyâs response under fire as witnessed by the bearer, harvesting valuable intelligence on their capabilities.|<span class="kwb">LEAGUES</span> <span class="kwb2">OF</span> <span class="kwb">VOTANN</span> model only. In your <a href="/wh40k10ed/the-rules/core-rules/#SHOOTING-PHASE">Shooting phase</a>, after the bearerâs unit has shot, you gain 1YP for each assailed enemy unit hit by one or more of those attacks (to a maximum of 3YP).|
LoV|000010443003|Multiwave System Jammer|10|DÃªlve Assault Shift|000001098|This master-wrought comms array fouls enemy sensors, blinding the foe to the bearer's closing Cthonian allies.|<span class="kwb">LEAGUES</span> <span class="kwb2">OF</span> <span class="kwb">VOTANN</span> model only. Once per battle, in your <a href="/wh40k10ed/the-rules/core-rules/#MOVEMENT-PHASE">Movement phase</a>, if the bearer is on the battlefield, it can use this Enhancement. If it does, select one friendly <span class="tooltip00598" data-tooltip-content="#tooltip_content00598" data-tooltip-anchor="#tooltip_content00598"><span class="kwb kwbu">CTHONIAN</span></span> unit that is in <a href="/wh40k10ed/the-rules/core-rules/#2.-Reinforcements">Reserves</a>. Until the end of the phase, for the purposes of setting up that unit on the battlefield, treat the current <a href="/wh40k10ed/the-rules/core-rules/#The-Battle-Round">battle round</a> number as being one higher than it actually is.|
LoV|000010447003|TrivÃ¤rg Cyber Implant|30|Brandfast Oathband|000001099|A neural artefact of the famed - but tragically extinct - TrivÃ¤rg Fisculate Guild of BrÃ´khyr, this implant enables its host to coordinate fire patterns with exemplary skill and extraordinary speed, directly accessing vehicular systems to triangulate overlapping attack angles.|<span class="kwb">LEAGUES</span> <span class="kwb2">OF</span> <span class="kwb">VOTANN</span> model only. In your <a href="/wh40k10ed/the-rules/core-rules/#SHOOTING-PHASE">Shooting phase</a>, each time the bearerâs unit is selected to shoot, if it <span class="tooltip00076" data-tooltip-content="#tooltip_content00076"><span class="tt kwbu">disembarked</span></span> from a <span class="tooltip00316" data-tooltip-content="#tooltip_content00316" data-tooltip-anchor="#tooltip_content00316"><span class="kwb kwbu">TRANSPORT</span></span> this turn, or if you spend 2YP, until the end of the phase, ranged weapons equipped by models in that unit have the <span class="kwb2 bluefont"><span class="tooltip00061" data-tooltip-content="#tooltip_content00061"><span class="tt kwbu">[sustained</span> <span class="tt kwbu">HITS</span> <span class="tt kwbu">2]</span></span></span> ability.|
LoV|000010451003|Calculated Tenacity|15|Hearthfyre Arsenal|000001100|Like any other resource, resolve and bloody-mindedness can be applied in force when and where needed by those with the will to do so.|<a class="kwbOne" href="/wh40k10ed/factions/leagues-of-votann/BrÃ´khyr-Iron-master"><span class="kwb kwbo">IRON-MASTER</span></a> or <a class="kwbOne" href="/wh40k10ed/factions/leagues-of-votann/Memnyr-Strategist"><span class="kwb kwbo">MEMNYR</span> <span class="kwb kwbo">STRATEGIST</span></a> model only. While the bearer is leading a unit, add 1 to the Objective Control characteristic of models in that unit.|
LoV|000010435003|Dead Reckoning|10|NeedgaÃ¢rd Oathband|000001096|Through vigilant and judicious calculation, this commander marshals their warriorsâ reserves against future martial requirements.|<span class="kwb">LEAGUES</span> <span class="kwb2">OF</span> <span class="kwb">VOTANN</span> model only. At the end of the turn, if the bearer is on the battlefield and you spent no YP in that turn, you can gain 1YP.|
LoV|000009823003|Quake Multigenerator|15|Hearthband|000001001|Extremely rare and costly to manufacture, this darkstar-powered coil enables a weapon to initiate tremendously powerful reverberations.|<span class="tooltip00597" data-tooltip-content="#tooltip_content00597" data-tooltip-anchor="#tooltip_content00597"><span class="kwb kwbu">KÃHL</span></span> model only. In your <a href="/wh40k10ed/the-rules/core-rules/#SHOOTING-PHASE">Shooting phase</a>, after the bearer has shot, select one enemy unit (excluding <span class="kwb">TITANIC</span> units) hit by one or more of those attacks. Until the start of your next turn, that enemy unit is suppressed. While a unit is suppressed, each time a model in that unit makes an attack, subtract 1 from the <span class="tooltip00031" data-tooltip-content="#tooltip_content00031"><span class="tt kwbu">Hit</span> <span class="tt kwbu">roll</span></span>.|
LoV|000010443004|Quake Supervisor|20|DÃªlve Assault Shift|000001098|This structural analyst specialises in plotting attacks that exploit underlying weaknesses to deadly effect:|<span class="kwb">LEAGUES</span> <span class="kwb2">OF</span> <span class="kwb">VOTANN</span> model only. While the bearer is within 3" of one or more friendly <a class="kwbOne" href="/wh40k10ed/factions/leagues-of-votann/Cthonian-Earthshakers"><span class="kwb kwbo">LEAGUES</span> <span class="kwb2 kwbo">OF</span> <span class="kwb kwbo">VOTANN</span> <span class="kwb kwbo">ARTILLERY</span></a> units, the bearer has the <span class="tooltip00222" data-tooltip-content="#tooltip_content00222"><span class="tt kwbu">Lone</span> <span class="tt kwbu">Operative</span></span> ability, and each time one of those <span class="kwb">ARTILLERY</span> units makes a ranged attack that targets an enemy unit <a href="/wh40k10ed/the-rules/core-rules/#Determining-Visibility">visible</a> to the bearer, add 1 to the <span class="tooltip00031" data-tooltip-content="#tooltip_content00031"><span class="tt kwbu">Hit</span> <span class="tt kwbu">roll</span></span>.|
LoV|000009823004|Ironskein|10|Hearthband|000001001|A rare cloneskein threads this warriorâs bone structure and epidermis with metallic fibres.|<span class="kwb">LEAGUES</span> <span class="kwb2">OF</span> <span class="kwb">VOTANN</span> model only. Add 2 to the bearerâs Wounds characteristic.|
LoV|000010435004|Iron Ambassador|5|NeedgaÃ¢rd Oathband|000001096|This exceptional weapon has been wielded by heroes against the enemies of numerous leagues and has been the last word in many a failed negotiation with obdurate foes.|<span class="kwb">LEAGUES</span> <span class="kwb2">OF</span> <span class="kwb">VOTANN</span> model equipped with an Autoch-pattern combi-bolter only. Once per battle, when the bearerâs unit is selected to shoot, the bearer can use this Enhancement. If it does, spend up to 3YP and, until the end of the phase, add the number of YP you just spent to the Damage characteristic of the bearerâs ranged weapons.|
LoV|000010451004|Mantle of Elders|10|Hearthfyre Arsenal|000001100|The minds linked in this kognitaar mantle are believed to be the oldest of their kind. The complexity of their shared cognition permits strategic calculations at a level that Memnyr believe approaches the greatest fane.|<a class="kwbOne" href="/wh40k10ed/factions/leagues-of-votann/Memnyr-Strategist"><span class="kwb kwbo">MEMNYR</span> <span class="kwb kwbo">STRATEGIST</span></a> model only. Each time the bearerâs unit is selected to shoot, if you spend YP using the <span class="tooltip00600" data-tooltip-content="#tooltip_content00600"><span class="tt kwbu">Optimal</span> <span class="tt kwbu">Application</span></span> Detachment rule when doing so, you can roll one D6: on a 2+, you gain 1YP.|
LoV|000010439004|Surgical Saboteur|10|Persecution Prospect|000001097|Experience has taught this survivor the weak points of the most significant threats, enabling them to pinpoint joints and locomotive mechanisms to slow down such brutes.|<span class="kwb">LEAGUES</span> <span class="kwb2">OF</span> <span class="kwb">VOTANN</span> model only. In your <a href="/wh40k10ed/the-rules/core-rules/#SHOOTING-PHASE">Shooting phase</a>, after the bearerâs unit has shot, select one <span class="kwb">MONSTER</span> or <span class="kwb">VEHICLE</span> unit hit by one or more of those attacks; until the start of your next Shooting phase, that unit is pinned.|
LoV|000010447004|Precursive Judgement|15|Brandfast Oathband|000001099|This commander swiftly acts on alerts from trusted logic cores and unleashes deadly judgements before the kindredâs foes escape.|<span class="tooltip00597" data-tooltip-content="#tooltip_content00597" data-tooltip-anchor="#tooltip_content00597"><span class="kwb kwbu">KÃHL</span></span> model only. While the bearerâs unit is wholly within 6" of one or more friendly <span class="tooltip00601" data-tooltip-content="#tooltip_content00601" data-tooltip-anchor="#tooltip_content00601"><span class="kwb kwbu">LEAGUES</span> <span class="kwb2 kwbu">OF</span> <span class="kwb kwbu">VOTANN</span> <span class="kwb kwbu">TRANSPORT</span></span> units, you can target the bearerâs unit with the <span class="tooltip00241" data-tooltip-content="#tooltip_content00241"><span class="tt kwbu">Fire</span> <span class="tt kwbu">Overwatch</span></span> Stratagem for 0CP and hits are scored on unmodified <span class="tooltip00031" data-tooltip-content="#tooltip_content00031"><span class="tt kwbu">Hit</span> <span class="tt kwbu">rolls</span></span> of 5+ while resolving that Stratagem.|
LoV|000010439005|Nomad Strategist|20|Persecution Prospect|000001097|The mobile strategies of this far-ranging commander allow them to swiftly reposition their most versatile forces and exploit weaknesses in the enemyâs battle lines.|<span class="kwb">LEAGUES</span> <span class="kwb2">OF</span> <span class="kwb">VOTANN</span> model only. Once per battle, at the end of your opponentâs <a href="/wh40k10ed/the-rules/core-rules/#FIGHT-PHASE">Fight phase</a>, if the bearer is on the battlefield, it can use this Enhancement. If it does, you can spend up to 4YP. Select one <span class="tooltip00602" data-tooltip-content="#tooltip_content00602" data-tooltip-anchor="#tooltip_content00602"><span class="kwb kwbu">HERNKYN</span></span> unit from your army, and, for every 2YP you just spent, select up to one additional <span class="kwb">HERNKYN</span> unit from your army. You can remove those units from the battlefield and place them into <a href="/wh40k10ed/the-rules/core-rules/#Strategic-Reserves">Strategic Reserves</a>. You cannot select a unit that is within <span class="tooltip00023" data-tooltip-content="#tooltip_content00023"><span class="tt kwbu">Engagement</span> <span class="tt kwbu">Range</span></span> of one or more enemy units (excluding assailed units).|
LoV|000010435005|Ancestral Crest|15|NeedgaÃ¢rd Oathband|000001096|It is said that this crest, inscribed with runes of the great Ancestor Cores, acts like a mobile fane through which the wisdom and gestalt power of the Votann flow.|<span class="kwb">LEAGUES</span> <span class="kwb2">OF</span> <span class="kwb">VOTANN</span> model only. Once per turn, when you target the bearerâs unit with the <span class="tooltip00529" data-tooltip-content="#tooltip_content00529"><span class="tt kwbu">Command</span> <span class="tt kwbu">Re-roll</span></span> Stratagem, the bearer can use this Enhancement. If it does, spend 1YP and reduce the CP cost of that use of that Stratagem by 1CP.|
LoV|000009823005|High KÃ¢hl|30|Hearthband|000001001|This warriorâs value is only too well known by their comrades. Those Kin sworn to defend them will fight to their last breath rather than fail in this duty.|<span class="tooltip00597" data-tooltip-content="#tooltip_content00597" data-tooltip-anchor="#tooltip_content00597"><span class="kwb kwbu">KÃHL</span></span> model only. Each time a model in the bearerâs unit is destroyed by a melee attack, if it has not fought this phase, roll one D6: on a 4+, do not remove it from play. The destroyed model can fight after the attacking unit has finished making its attacks, and is then removed from play.|
LoV|000010451005|Graviton Vault|5|Hearthfyre Arsenal|000001100|This rune-scribed device holds a cache of forgewrought particles. Funnelled through an Iron-masterâs graviton arsenal, they mutate and cause anarchic fluxes in neuroelectrical impulses of the largest targets.|<a class="kwbOne" href="/wh40k10ed/factions/leagues-of-votann/BrÃ´khyr-Iron-master"><span class="kwb kwbo">IRON-MASTER</span></a> model only. In your <a href="/wh40k10ed/the-rules/core-rules/#SHOOTING-PHASE">Shooting phase</a>, after the bearer has shot, and in the <a href="/wh40k10ed/the-rules/core-rules/#FIGHT-PHASE">Fight phase</a>, after the bearer has fought, select one enemy <span class="kwb">MONSTER</span> or <span class="kwb">VEHICLE</span> unit hit by one or more of those attacks. Until the start of your next turn, that enemy unit is suppressed. While a unit is suppressed, each time a model in that unit makes an attack, subtract 1 from the <span class="tooltip00031" data-tooltip-content="#tooltip_content00031"><span class="tt kwbu">Hit</span> <span class="tt kwbu">roll</span></span>.|
LoV|000010447005|Signature Restoration|5|Brandfast Oathband|000001099|The masterful and efficient work of this senior BrÃ´khyr is renowned and admired amongst the leagues.|<a class="kwbOne" href="/wh40k10ed/factions/leagues-of-votann/BrÃ´khyr-Iron-master"><span class="kwb kwbo">IRON-MASTER</span></a> model only. Each time a friendly <span class="kwb">LEAGUES</span> <span class="kwb2">OF</span> <span class="kwb">VOTANN</span> model is repaired using the bearerâs Forgewrought Expertise ability, that model regains 1 additional lost wound.|
LoV|000010443005|Piledriver|15|DÃªlve Assault Shift|000001098|Kin possessed of a ruthlessly direct attitude allow no impediments - no matter how large - to bar their path.|<span class="kwb">LEAGUES</span> <span class="kwb2">OF</span> <span class="kwb">VOTANN</span> model only. Each time the bearerâs unit is selected to fight, the bearer can use this Enhancement. If it does, spend up to 2YP and, until the end of the phase, add the number of YP you just spent to the Damage characteristic of the bearerâs melee weapons.|
NEC|000009604002|Nanoscarab Reconstitution|0|Canoptek Harvesters|000000961|This Crypteks living metal form crawls with nanoscarabs, further enhancing its regenerative properties.|In each playerâs <a href="/wh40k10ed/the-rules/core-rules/#COMMAND-PHASE">Command phase</a>, the bearer regains 1 lost wound.|
NEC|000009588002|Resurrection Protocols|0|Tomb Ship Complement|000000959|This Necron commanders body has been fitted with a miniaturised resurrection field. This device greatly enhances the bearerâs regenerative abilities.|The first time the bearer is <span class="tooltip00206" data-tooltip-content="#tooltip_content00206"><span class="tt kwbu">destroyed</span></span>, roll one D6 at the end of the phase. On a 2+, set the bearer back up on the battlefield, <a href="/wh40k10ed/the-rules/rules-commentary/#_intro2">as close as possible</a> to where it was destroyed and not within <a href="/wh40k10ed/the-rules/boarding-action-rules/#Engagement-Range">Engagement Range</a> of any enemy units, with D3 wounds remaining.|
NEC|000008543002|Eternal Madness|25|Annihilation Legion|000000815|This Necrons sanity suffered during the Great Sleep. Now they are driven by a wrathful zeal, one which has seeped through the carrier waves of their commandments and into their followers.|<span class="kwb">NECRONS</span> model only. In the <a href="/wh40k10ed/the-rules/core-rules/#FIGHT-PHASE">Fight phase</a>, each time a model in the bearerâs unit is <span class="tooltip00206" data-tooltip-content="#tooltip_content00206"><span class="tt kwbu">destroyed</span></span>, if that model has not fought this phase, roll one D6: on a 4+, do not remove the destroyed model from play; it can fight after the attacking models unit has finished making its attacks, and is then removed from play.|
NEC|000008372002|Veil of Darkness|20|Awakened Dynasty|000000756|With this device the bearer can twist space and time about them, enfolding them in a swirling darkness. When it fades, they have vanished, rematerialising elsewhere through a miracle of arcane science.|<span class="kwb">NECRONS</span> model only. Once per battle, at the end of your opponentâs turn, if the bearerâs unit is not within <span class="tooltip00023" data-tooltip-content="#tooltip_content00023"><span class="tt kwbu">Engagement</span> <span class="tt kwbu">Range</span></span> of any enemy units, the bearer can use this Enhancement. If it does, remove that unit from the battlefield. Then, in the <a href="/wh40k10ed/the-rules/core-rules/#2.-Reinforcements">Reinforcements step</a> of your next <a href="/wh40k10ed/the-rules/core-rules/#MOVEMENT-PHASE">Movement phase</a>, set up that unit anywhere on the battlefield that is more than 9" horizontally away from all enemy models.|
NEC|000008546002|Dimensional Sanctum|20|Canoptek Court|000000816|This Cryptek has had a personal dimensional pocket reality crafted for them, from which they can emerge into battle at will.|<span class="tooltip00455" data-tooltip-content="#tooltip_content00455" data-tooltip-anchor="#tooltip_content00455"><span class="kwb kwbu">CRYPTEK</span></span> model only. Models in the bearerâs unit have the <span class="tooltip00510" data-tooltip-content="#tooltip_content00510"><span class="tt kwbu">Infiltrators</span></span> ability.|
NEC|000008554002|Dimensional Overseer|25|Hypercrypt Legion|000000818|With a mind as labyrinthine as the multi-dimensional tomb itself, this commander directs their servants in complex forays through the tombâs hyperspatial architecture, catching the witless enemy off guard.|<span class="kwb">NECRONS</span> model only. While the bearer is on the battlefield or in <a href="/wh40k10ed/the-rules/core-rules/#Strategic-Reserves">Strategic Reserves</a>, add one to the number of units from your army that you can select for the <span class="tooltip00603" data-tooltip-content="#tooltip_content00603"><span class="tt kwbu">Hyperphasing</span></span> rule.|
NEC|000009596002|Inured to Damage|0|Deranged Outcasts|000000960|Those who lead the Destroyer Cults will brook no impediment to slaughter. Thus, many of their number bid the Crypteks remove all protective systems, allowing the Destroyer to fight until the very moment their broken form is phased back to their stasis-tomb.|The bearer has the <span class="tooltip00119" data-tooltip-content="#tooltip_content00119"><span class="tt kwbu">Feel</span> <span class="tt kwbu">No</span> <span class="tt kwbu">Pain</span> <span class="tt kwbu">6+</span></span> ability. Once the bearer has <span class="tooltip00206" data-tooltip-content="#tooltip_content00206"><span class="tt kwbu">destroyed</span></span> one or more enemy units, it has the <span class="tooltip00119" data-tooltip-content="#tooltip_content00119"><span class="tt kwbu">Feel</span> <span class="tt kwbu">No</span> <span class="tt kwbu">Pain</span> <span class="tt kwbu">5+</span></span> ability instead.|
NEC|000009749002|Dread Majesty (Aura)|30|Starshatter Arsenal|000000985|When this noble unleashes the might of their cosmic armoury, their followers are left in no doubt as to the importance of the battle at hand. If they do not strive to live up to the lethal effectiveness of the dynastyâs war engines, their Overlordâs wrath will be terrible.|<span class="tooltip00604" data-tooltip-content="#tooltip_content00604" data-tooltip-anchor="#tooltip_content00604"><span class="kwb kwbu">OVERLORD</span></span> or <a class="kwbOne" href="/wh40k10ed/factions/necrons/Catacomb-Command-Barge"><span class="kwb kwbo">CATACOMB</span> <span class="kwb kwbo">COMMAND</span> <span class="kwb kwbo">BARGE</span></a> model only. While a friendly <span class="kwb">NECRONS</span> unit (excluding <span class="tooltip00605" data-tooltip-content="#tooltip_content00605" data-tooltip-anchor="#tooltip_content00605"><span class="kwb kwbu">TITANIC</span></span> units) is within 6" of the bearer, each time a model in that unit makes an attack, re-roll a <span class="tooltip00031" data-tooltip-content="#tooltip_content00031"><span class="tt kwbu">Hit</span> <span class="tt kwbu">roll</span></span> of 1 and re-roll a <span class="tooltip00006" data-tooltip-content="#tooltip_content00006"><span class="tt kwbu">Wound</span> <span class="tt kwbu">roll</span></span> of 1.|
NEC|000008550002|Honourable Combatant|10|Obeisance Phalanx|000000817|A strict adherent to the ancient codes, this noble reserves their greatest displays of power to execute the enemy's leaders. Such champions are brought low in ostentatious manner, the inspiration or strategy they once provided severed at a stroke.|<span class="tooltip00604" data-tooltip-content="#tooltip_content00604" data-tooltip-anchor="#tooltip_content00604"><span class="kwb kwbu">OVERLORD</span></span> model only. Each time the bearerâs unit destroys an enemy <span class="kwb">CHARACTER</span> unit, your opponent loses 1CP if they have any.|
NEC|000008372003|Nether-realm Casket|20|Awakened Dynasty|000000756|Clouds of hyper-dense particles billow from this small artefact, to obscure and shield the bearer from the foe.|<span class="kwb">NECRONS</span> model only. While the bearer is leading a unit, models in that unit have the <span class="tooltip00496" data-tooltip-content="#tooltip_content00496"><span class="tt kwbu">Stealth</span></span> ability.|
NEC|000008554003|Arisen Tyrant|25|Hypercrypt Legion|000000818|This ancient being will suffer no threats to their rule, stepping imperiously from twisting nightmare dimensions to annihilate any who dare to oppose them.|<span class="kwb">NECRONS</span> model only. Each time a model in the bearerâs unit makes an attack, re-roll a <span class="tooltip00031" data-tooltip-content="#tooltip_content00031"><span class="tt kwbu">Hit</span> <span class="tt kwbu">roll</span></span> of 1. If the bearerâs unit was set up on the battlefield this turn, you can re-roll the Hit roll instead.|
NEC|000008546003|Hyperphasic Fulcrum|15|Canoptek Court|000000816|With this small orb, its surface shimmering in fractal hues and shifting in multidimensional facets, a Cryptek can bypass the ancient security protocols placed upon the areas dormant machineries. Esoteric data and unusual strands of energy can be accessed, the orb acting as a skeleton key to greater power.|<span class="tooltip00455" data-tooltip-content="#tooltip_content00455" data-tooltip-anchor="#tooltip_content00455"><span class="kwb kwbu">CRYPTEK</span></span> model only. While the bearer is leading a unit, if that unit is wholly within your armyâs <span class="tooltip00606" data-tooltip-content="#tooltip_content00606"><span class="tt kwbu">Power</span> <span class="tt kwbu">Matrix</span></span>, each time a model in that unit makes an attack, re-roll a <span class="tooltip00006" data-tooltip-content="#tooltip_content00006"><span class="tt kwbu">Wound</span> <span class="tt kwbu">roll</span></span> of 1.|
NEC|000009604003|Impromptu Translocation|0|Canoptek Harvesters|000000961|Many Necrons make use of dimensional translocation technology to traverse the battlefield. This miniaturised translocator allows a Cryptek to make a single dimensional leap, taking them out of harmâs way.|Once per battle, after the bearer has shot, it can make a <span class="tooltip00221" data-tooltip-content="#tooltip_content00221"><span class="tt kwbu">Normal</span> <span class="tt kwbu">move</span></span> of up to 6".|
NEC|000009596003|Domineering Presence|0|Deranged Outcasts|000000960|This monstrous Lord has long transcended their limiting Necron form and been wrought anew as a monstrously intimidating killing machine.|In your opponentâs <a href="/wh40k10ed/the-rules/core-rules/#COMMAND-PHASE">Command phase</a>, at the start of the <span class="tooltip00036" data-tooltip-content="#tooltip_content00036"><span class="tt kwbu">Battle-shock</span></span> step, select one enemy unit within 3" of the bearer; that enemy unit must take a Battle-shock test. When doing so, if that enemy unit is <span class="tooltip00233" data-tooltip-content="#tooltip_content00233"><span class="tt kwbu">Below</span> <span class="tt kwbu">Half-strength</span></span>, subtract 1 from that test. This Enhancement cannot cause a unit to take two Battle-shock tests in the same phase.|
NEC|000008543003|Ingrained Superiority|10|Annihilation Legion|000000815|An immortal destroyer, this war leaders every victim is etched irrevocably into their cognitive engrams. Every weakness they ever overcame is recalled, frailties they can exploit on each new battlefield.|<span class="kwb">NECRONS</span> model only. Each time a model in the bearerâs unit makes an attack, on a <span class="tooltip00006" data-tooltip-content="#tooltip_content00006"><span class="tt kwbu">Critical</span> <span class="tt kwbu">Wound</span></span>, improve the Armour Penetration characteristic of that attack by 1.|
NEC|000009588003|Mindshackle Scarabs|0|Tomb Ship Complement|000000959|Mindshackle scarabs burrow into the brains of a living host and wrest control of their faculties.|<span class="tooltip00455" data-tooltip-content="#tooltip_content00455" data-tooltip-anchor="#tooltip_content00455"><span class="kwb kwbu">CRYPTEK</span></span> model only. In your <a href="/wh40k10ed/the-rules/core-rules/#COMMAND-PHASE">Command phase</a>, select one enemy unit within 12" of and <a href="/wh40k10ed/the-rules/boarding-action-rules/#Visibility">visible</a> to the bearer. That enemy unit must take a <span class="tooltip00509" data-tooltip-content="#tooltip_content00509"><span class="tt kwbu">Leadership</span> <span class="tt kwbu">test</span></span>, subtracting 1 from the result: if failed, until the start of your next Command phase, subtract 2" from the Move characteristic of models in that enemy unit and subtract 2 from <span class="tooltip00230" data-tooltip-content="#tooltip_content00230"><span class="tt kwbu">Advance</span></span> and <span class="tooltip00033" data-tooltip-content="#tooltip_content00033"><span class="tt kwbu">Charge</span> <span class="tt kwbu">rolls</span></span> made for it.|
NEC|000009749003|Miniaturised Nebuloscope|15|Starshatter Arsenal|000000985|Feeding vampirically on datastreams from the dynastyâs war engines, this device enables its owner to track enemies through multiple dimensions, leaving them no hiding place.|<span class="kwb">NECRONS</span> model only. Ranged weapons equipped by models in the bearerâs unit have the <span class="kwb2 bluefont"><span class="tooltip00499" data-tooltip-content="#tooltip_content00499"><span class="tt kwbu">[IGNORES</span> <span class="tt kwbu">COVER]</span></span></span> ability.|
NEC|000008550003|Unflinching Will|20|Obeisance Phalanx|000000817|With sheer will this noble drives their warriors into battle against the most malevolent foes. Not from pretenders to nobility, nor marauding beasts, nor titanic machineries will this noble turn; they have faced greater horrors during their long existence.|<span class="tooltip00604" data-tooltip-content="#tooltip_content00604" data-tooltip-anchor="#tooltip_content00604"><span class="kwb kwbu">OVERLORD</span></span> model only. The bearerâs melee weapons have the <span class="kwb2 bluefont"><span class="tooltip00057" data-tooltip-content="#tooltip_content00057"><span class="tt kwbu">[PRECISION]</span></span></span> and <span class="kwb2 bluefont"><span class="tooltip00174" data-tooltip-content="#tooltip_content00174"><span class="tt kwbu">[ANTI-INFANTRY</span> <span class="tt kwbu">5+]</span></span></span> abilities.|
NEC|000008372004|Phasal Subjugator (Aura)|35|Awakened Dynasty|000000756|This engraved sigil-circuitry transforms the fierce will of the bearer into a surging lash across every phasal state.|<span class="kwb">NECRONS</span> model only. While a friendly <span class="kwb">NECRONS</span> unit (excluding <span class="tooltip00393" data-tooltip-content="#tooltip_content00393" data-tooltip-anchor="#tooltip_content00393"><span class="kwb kwbu">CHARACTER</span></span> units) is within 6" of the bearer, each time a model in that unit makes an attack, add 1 to the Hit roll.|
NEC|000009749004|Demanding Leader|10|Starshatter Arsenal|000000985|This Necron noble is a master of rapid warfare, commanding armoured columns with great precision.|<span class="kwb">NECRONS</span> model only. In your <a href="/wh40k10ed/the-rules/core-rules/#COMMAND-PHASE">Command phase</a>, select one friendly <span class="tooltip00396" data-tooltip-content="#tooltip_content00396" data-tooltip-anchor="#tooltip_content00396"><span class="kwb kwbu">NECRONS</span> <span class="kwb kwbu">VEHICLE</span></span> or <span class="tooltip00395" data-tooltip-content="#tooltip_content00395" data-tooltip-anchor="#tooltip_content00395"><span class="kwb kwbu">NECRONS</span> <span class="kwb kwbu">MOUNTED</span></span> unit (excluding <span class="tooltip00605" data-tooltip-content="#tooltip_content00605" data-tooltip-anchor="#tooltip_content00605"><span class="kwb kwbu">TITANIC</span></span> units) within 6" of the bearer. Until the start of your next <a href="/wh40k10ed/the-rules/core-rules/#COMMAND-PHASE">Command phase</a>, that unit is eligible to shoot in a turn in which it <span class="tooltip00025" data-tooltip-content="#tooltip_content00025"><span class="tt kwbu">Fell</span> <span class="tt kwbu">Back</span></span>.|
NEC|000008543004|Soulless Reaper|20|Annihilation Legion|000000815|This deathly killer exudes a soul-sapping presence, the promise of lifesâ end so explicit in their chilling gaze that few can muster the strength of will to evade it.|<span class="tooltip00607" data-tooltip-content="#tooltip_content00607" data-tooltip-anchor="#tooltip_content00607"><span class="kwb kwbu">DESTROYER</span> <span class="kwb kwbu">CULT</span></span> model only. Each time an enemy unit within <span class="tooltip00023" data-tooltip-content="#tooltip_content00023"><span class="tt kwbu">Engagement</span> <span class="tt kwbu">Range</span></span> of the bearerâs unit is selected to <span class="tooltip00025" data-tooltip-content="#tooltip_content00025"><span class="tt kwbu">Fall</span> <span class="tt kwbu">Back</span></span>, roll one D6: on a 3+, that unit cannot Fall Back this phase and must <span class="tooltip00533" data-tooltip-content="#tooltip_content00533"><span class="tt kwbu">Remain</span> <span class="tt kwbu">Stationary</span></span>.|
NEC|000008554004|Hyperspatial Transfer Node|15|Hypercrypt Legion|000000818|Wound with filaments of temporal circuitry, this amulet enables the bearer to accelerate themselves and their closest guardians in stuttering bursts of compressed time.|<span class="kwb">NECRONS</span> model only. Each time the bearerâs unit <span class="tooltip00230" data-tooltip-content="#tooltip_content00230"><span class="tt kwbu">Advances</span></span>, do not make an <span class="tooltip00230" data-tooltip-content="#tooltip_content00230"><span class="tt kwbu">Advance</span> <span class="tt kwbu">roll</span></span> for it. Instead, until the end of the phase, add 6" to the Move characteristic of models in the bearerâs unit.|
NEC|000008550004|Warrior Noble|15|Obeisance Phalanx|000000817|This dynastic scion is an expert in the arts of martial excellence, and their living metal form has been enhanced by their Crypteks. With effortless arrogance, they and their guardians parry or contemptuously swat aside the strikes of those they see as their lessers.|<span class="tooltip00604" data-tooltip-content="#tooltip_content00604" data-tooltip-anchor="#tooltip_content00604"><span class="kwb kwbu">OVERLORD</span></span> model only. Each time a melee attack targets the bearerâs unit, subtract 1 from the <span class="tooltip00031" data-tooltip-content="#tooltip_content00031"><span class="tt kwbu">Hit</span> <span class="tt kwbu">roll</span></span>.|
NEC|000008546004|Autodivinator|15|Canoptek Court|000000816|This cryptogeometric puzzle box harbours a chronoscarab. The tiny construct creeps forward in time along temporal webs before hauling back a captured net of future moments. Its master can scry these wriggling futures to predict their foeâs strategies, using the knowledge to develop new counter-tactics to ambush the attackers.|<span class="tooltip00455" data-tooltip-content="#tooltip_content00455" data-tooltip-anchor="#tooltip_content00455"><span class="kwb kwbu">CRYPTEK</span></span> model only. Each time your opponent gains a CP as the result of an ability, roll one D6: on a 2+, you also gain 1CP.|
NEC|000008543005|Eldritch Nightmare|15|Annihilation Legion|000000815|Atavistic fears are summoned from the pits of nightmare and thrust into the minds of all foes near this metal-skinned horror.|<span class="tooltip00607" data-tooltip-content="#tooltip_content00607" data-tooltip-anchor="#tooltip_content00607"><span class="kwb kwbu">DESTROYER</span> <span class="kwb kwbu">CULT</span></span> model only. At the start of the <a href="/wh40k10ed/the-rules/core-rules/#FIGHT-PHASE">Fight phase</a>, each enemy unit within <span class="tooltip00023" data-tooltip-content="#tooltip_content00023"><span class="tt kwbu">Engagement</span> <span class="tt kwbu">Range</span></span> of the bearer must take a <span class="tooltip00036" data-tooltip-content="#tooltip_content00036"><span class="tt kwbu">Battle-shock</span> <span class="tt kwbu">test</span></span>.|
NEC|000008372005|Enaegic Dermal Bond|30|Awakened Dynasty|000000756|The bearers living metal mantle is bonded to mirror versions of itself across many dimensional thresholds.|<span class="kwb">NECRONS</span> model only. The bearer has the <span class="tooltip00119" data-tooltip-content="#tooltip_content00119"><span class="tt kwbu">Feel</span> <span class="tt kwbu">No</span> <span class="tt kwbu">Pain</span> <span class="tt kwbu">4+</span></span> ability.|
NEC|000009749005|Chrono-impedance Fields|25|Starshatter Arsenal|000000985|When activated, this device wreathes dynastic craft in a time-dilation field that reduces the force of incoming blows and shots.|<span class="kwb">NECRONS</span> model only. In your <a href="/wh40k10ed/the-rules/core-rules/#COMMAND-PHASE">Command phase</a>, select one friendly <span class="tooltip00396" data-tooltip-content="#tooltip_content00396" data-tooltip-anchor="#tooltip_content00396"><span class="kwb kwbu">NECRONS</span> <span class="kwb kwbu">VEHICLE</span></span> or <span class="tooltip00395" data-tooltip-content="#tooltip_content00395" data-tooltip-anchor="#tooltip_content00395"><span class="kwb kwbu">NECRONS</span> <span class="kwb kwbu">MOUNTED</span></span> unit (excluding <span class="tooltip00605" data-tooltip-content="#tooltip_content00605" data-tooltip-anchor="#tooltip_content00605"><span class="kwb kwbu">TITANIC</span></span> units) within 6" of the bearer. Until the start of your next Command phase, each time an attack is allocated to a model in that unit, subtract 1 from the Damage characteristic of that attack.|
NEC|000008546005|Metalodermal Tesla Weave|10|Canoptek Court|000000816|This microsilicate weave generates a cyclical electrostatic overload that, providing its user triggers it in time, sends arcing lightning leaping out to roast onrushing attackers.|<span class="tooltip00455" data-tooltip-content="#tooltip_content00455" data-tooltip-anchor="#tooltip_content00455"><span class="kwb kwbu">CRYPTEK</span></span> model only. Once per phase, when an enemy unit selects the bearerâs unit as a target of a <a href="/wh40k10ed/the-rules/core-rules/#CHARGE-PHASE">charge</a>, roll one D6: on a 2-5, that enemy unit suffers D3 <span class="tooltip00049" data-tooltip-content="#tooltip_content00049"><span class="tt kwbu">mortal</span> <span class="tt kwbu">wounds</span></span>; on a 6, that enemy unit suffers 3 mortal wounds.|
NEC|000008550005|Eternal Conqueror|25|Obeisance Phalanx|000000817|This insatiable subjugator sees all before them as theirs for the taking by ancient right of conquest. They wield their legion like an iron gauntlet, using it to seize the battlefield in a demonstration of their power and strength, daring others to try taking it from them.|<span class="tooltip00604" data-tooltip-content="#tooltip_content00604" data-tooltip-anchor="#tooltip_content00604"><span class="kwb kwbu">OVERLORD</span></span> model only. Each time a model in the bearerâs unit makes an attack that targets an enemy unit within range of an <span class="tooltip00064" data-tooltip-content="#tooltip_content00064"><span class="tt kwbu">objective</span> <span class="tt kwbu">marker</span></span>, you can re-roll the <span class="tooltip00031" data-tooltip-content="#tooltip_content00031"><span class="tt kwbu">Hit</span> <span class="tt kwbu">roll</span></span>.|
NEC|000008554005|Osteoclave Fulcrum|20|Hypercrypt Legion|000000818|This hypermaterial key unlocks portals between transpatial dimensions embedded into a tombâs architecture. Through such limitless doorways, the Necrons can pursue their quarry wherever they hide.|<span class="kwb">NECRONS</span> model only. Models in the bearerâs unit have the <span class="tooltip00046" data-tooltip-content="#tooltip_content00046"><span class="tt kwbu">Deep</span> <span class="tt kwbu">Strike</span></span> ability.|
ORK|000008872002|Fasta Than Yooz|35|Kult of Speed|000000854|The thrill-seeking Orks at the head of Speed Freeks warbands lead their Kult of Speed brethren right into enemy lines, leaping from speeding Trukks and Battlewagons if need be to plunge into the fight.|<span class="tooltip00608" data-tooltip-content="#tooltip_content00608" data-tooltip-anchor="#tooltip_content00608"><span class="kwb kwbu">ORKS</span> <span class="kwb kwbu">INFANTRY</span></span> model only. Each time the bearerâs unit <span class="tooltip00076" data-tooltip-content="#tooltip_content00076"><span class="tt kwbu">disembarks</span></span> from a <span class="kwb">TRANSPORT</span> after that <span class="kwb">TRANSPORT</span> has made a <span class="tooltip00221" data-tooltip-content="#tooltip_content00221"><span class="tt kwbu">Normal</span> <span class="tt kwbu">move</span></span>, the bearerâs unit is still eligible to <a href="/wh40k10ed/the-rules/core-rules/#CHARGE-PHASE">declare a charge</a> this turn.|
ORK|000008877002|Gitfinder Googlez|10|Dread Mob|000000855|By squinting hard through the mismatched lenses of these goggles, even the sneakiest git can be pinpointed.|<span class="tooltip00609" data-tooltip-content="#tooltip_content00609" data-tooltip-anchor="#tooltip_content00609"><span class="kwb kwbu">MEK</span></span> model only. Ranged weapons equipped by models in the bearerâs unit have the <span class="kwb2 bluefont"><span class="tooltip00499" data-tooltip-content="#tooltip_content00499"><span class="tt kwbu">[ignores</span> <span class="tt kwbu">cover]</span></span></span> ability.|
ORK|000009615002|Living Battering Ram|0|Ramship Raiders|000000963|There is something uniquely terrifying to the foe about a nine-foot-tall, four-hundred-pound Ork who prefers to open hatchways with their head while running full tilt and bellowing like a battle tank.|Each time the bearer attempts to operate a closed <a href="/wh40k10ed/the-rules/boarding-action-rules/#Terrain">Hatchway</a>, your opponent cannot try to prevent it. In addition, each time the bearer opens a Hatchway, each enemy unit within 6" of that Hatchway and wholly on the opposite side of it from the bearer must take a <span class="tooltip00036" data-tooltip-content="#tooltip_content00036"><span class="tt kwbu">Battle-shock</span> <span class="tt kwbu">test</span></span>.|
ORK|000009623002|Tellyporta|0|Kaptin Killers|000000964|Employing madcap tellyporta arrays, Ork Meks can beam massively armoured Nobz through the warp and onto an enemy vessel, much to the horror of the defenders.|In the <a href="/wh40k10ed/the-rules/boarding-action-rules/#Deploy-Armies">Deploy Armies</a> step, select one <a class="kwbOne" href="/wh40k10ed/factions/orks/Meganobz"><span class="kwb kwbo">MEGANOBZ</span></a> unit from your army. Until the end of the battle, models in that unit have the <a href="/wh40k10ed/the-rules/boarding-action-rules/#Before-the-Battle">Deep Strike ability</a>.|
ORK|000009991002|Da Gobshot Thunderbuss|15|More Dakka!|000001030|Requiring an entire chest of teef to be loaded into its breach before each shot, the Gobshot Thunderbussâ worky gubbinz plates its unconventional ammunition in gold before firing it in an inescapable cone of fanged death. Not only can this madcap weapon sweep away swathes of enemies with every shot, it also fires a literal fortune in teef every time, proclaiming its ownerâs obscene wealth in the process.|<span class="kwb">ORKS</span> model only. Ranged weapons equipped by the bearer have the <span class="kwb2 bluefont"><span class="tooltip00048" data-tooltip-content="#tooltip_content00048"><span class="tt kwbu">[DEVASTATING</span> <span class="tt kwbu">WOUNDS]</span></span></span> and <span class="kwb2 bluefont"><span class="tooltip00034" data-tooltip-content="#tooltip_content00034"><span class="tt kwbu">[HAZARDOUS]</span></span></span> abilities.|
ORK|000008881002|Bloodthirsty Belligerence|15|Green Tide|000000856|Buoyed on by his chanting ladz and eager to smash into his enemies first, this boss leads the way, racing towards one fight after the next.|<span class="tooltip00323" data-tooltip-content="#tooltip_content00323" data-tooltip-anchor="#tooltip_content00323"><span class="kwb kwbu">ORKS</span> <span class="kwb kwbu">INFANTRY</span></span> model only. While the bearer is leading a unit, you can re-roll <span class="tooltip00230" data-tooltip-content="#tooltip_content00230"><span class="tt kwbu">Advance</span> <span class="tt kwbu">rolls</span></span> made for that unit. While that unit contains 10 or more models, you can re-roll <span class="tooltip00033" data-tooltip-content="#tooltip_content00033"><span class="tt kwbu">Charge</span> <span class="tt kwbu">rolls</span></span> made for that unit as well.|
ORK|000009795002|Skwad Leader|15|Taktikal Brigade|000000995|An exemplar of the Blood Axesâ devious arts, this Warboss leads mobs of cunning Kommandos to battle.|<span class="tooltip00610" data-tooltip-content="#tooltip_content00610" data-tooltip-anchor="#tooltip_content00610"><span class="kwb kwbu">WARBOSS</span> <span class="kwb kwbu">INFANTRY</span></span> model only. During the Declare Battle Formations step, the bearer can be <span class="tooltip00029" data-tooltip-content="#tooltip_content00029"><span class="tt kwbu">attached</span></span> to a <a class="kwbOne" href="/wh40k10ed/factions/orks/Kommandos"><span class="kwb kwbo">KOMMANDOS</span></a> unit. While leading a Kommandos unit, it has the <span class="tooltip00510" data-tooltip-content="#tooltip_content00510"><span class="tt kwbu">Infiltrators</span></span> and <span class="tooltip00496" data-tooltip-content="#tooltip_content00496"><span class="tt kwbu">Stealth</span></span> abilities.|
ORK|000008868002|Glory Hog|30|Da Big Hunt|000000853|Obsessed with being the first to make a kill, this hunter spurs his unruly mount ahead of the warband, coaxing his mob to follow him with the explicit threat of feeding them to his squigosaur if they donât keep up.|<a class="kwbOne" href="/wh40k10ed/factions/orks/Beastboss-On-Squigosaur"><span class="kwb kwbo">BEASTBOSS</span> <span class="kwb2 kwbo">ON</span> <span class="kwb kwbo">SQUIGOSAUR</span></a> model only. Models in the bearerâs unit have the <span class="tooltip00100" data-tooltip-content="#tooltip_content00100"><span class="tt kwbu">Scouts</span></span> 9" ability.|
ORK|000008367002|Follow Me Ladz|25|War Horde|000000852|Always found at the forefront of an assault, this Ork likes to be the first into the fray.|<span class="kwb">ORKS</span> model only. While the bearer is leading a unit, add 2" to the Move characteristic of models in that unit.|
ORK|000008885002|Big Gob|20|Bully Boyz|000000857|This warlords bellowing war cry is so loud that it can be heard over the thickest of fighting, rolling outwards in a terrifying bestial roar.|<span class="tooltip00610" data-tooltip-content="#tooltip_content00610" data-tooltip-anchor="#tooltip_content00610"><span class="kwb kwbu">INFANTRY</span> <span class="kwb kwbu">WARBOSS</span></span> model only. At the start of the <a href="/wh40k10ed/the-rules/core-rules/#FIGHT-PHASE">Fight phase</a>, select one enemy unit within <span class="tooltip00023" data-tooltip-content="#tooltip_content00023"><span class="tt kwbu">Engagement</span> <span class="tt kwbu">range</span></span> of the bearer. That unit must take a <span class="tooltip00036" data-tooltip-content="#tooltip_content00036"><span class="tt kwbu">Battle-shock</span> <span class="tt kwbu">test</span></span>, and when doing so, subtract 1 from the result.|
ORK|000008881003|Brutal But Kunninâ|25|Green Tide|000000856|What tactics occasionally pop into this Orks head revolve purely around throwing as many Boyz into the enemyâs face as possible.|<span class="tooltip00323" data-tooltip-content="#tooltip_content00323" data-tooltip-anchor="#tooltip_content00323"><span class="kwb kwbu">ORKS</span> <span class="kwb kwbu">INFANTRY</span></span> model only. In your <a href="/wh40k10ed/the-rules/core-rules/#COMMAND-PHASE">Command phase</a>, if the bearer is on the battlefield (or is <span class="tooltip00026" data-tooltip-content="#tooltip_content00026"><span class="tt kwbu">embarked</span></span> within a <span class="kwb">TRANSPORT</span> that is on the battlefield), roll one D6, adding 2 to the result if the bearerâs unit contains 10 or more models: on a 5+, you gain 1CP.|
ORK|000009615003|Scarred Brute|0|Ramship Raiders|000000963|A veteran of many boarding actions, this monstrous Ork has been shot, stabbed and ejected into hard vacuum many times, and has all the toughened scarring and bionik wotnots to show for it.|The bearer has the <span class="tooltip00119" data-tooltip-content="#tooltip_content00119"><span class="tt kwbu">Feel</span> <span class="tt kwbu">No</span> <span class="tt kwbu">Pain</span> <span class="tt kwbu">5+</span></span> ability.|
ORK|000008885003|Da Biggest Boss|15|Bully Boyz|000000857|The bigger the Waaagh!, the bigger the boss must be to exert control. This Ork has countless huge battles under his belt and has grown in stature and aggression to match.|<span class="tooltip00610" data-tooltip-content="#tooltip_content00610" data-tooltip-anchor="#tooltip_content00610"><span class="kwb kwbu">INFANTRY</span> <span class="kwb kwbu">WARBOSS</span></span> model only. Add 2 to the bearerâs Wounds characteristic.|
ORK|000008367003|Headwoppaâs Killchoppa|20|War Horde|000000852|Grand Warboss Headwoppa and his tribe were last seen charging headlong into a horde of Khornate daemons, but legend speaks of a blood-slick choppa that still turns up occasionally. Though this weapon looks normal, a dark voice is said to growl in the mind of its wielder, driving them on to ever greater excesses of violence.|<span class="kwb">ORKS</span> model only. Melee weapons equipped by the bearer (excluding <span class="tooltip00171" data-tooltip-content="#tooltip_content00171"><span class="tt kwbu">Extra</span> <span class="tt kwbu">Attacks</span></span> weapons) have the <span class="kwb2 bluefont"><span class="tooltip00048" data-tooltip-content="#tooltip_content00048"><span class="tt kwbu">[DEVASTATING</span> <span class="tt kwbu">WOUNDS]</span></span></span> ability.|
ORK|000009795003|Mek Kaptin|45|Taktikal Brigade|000000995|Whilst Flash Gitz hate discipline of any sort, particularly militant Meks can keep them in line with a combination of brutal discipline and the promise of shiny gubbinz.|<span class="tooltip00611" data-tooltip-content="#tooltip_content00611" data-tooltip-anchor="#tooltip_content00611"><span class="kwb kwbu">BIG</span> <span class="kwb kwbu">MEK</span></span>, <a class="kwbOne" href="/wh40k10ed/factions/orks/Big-Mek-In-Mega-Armour"><span class="kwb kwbo">BIG</span> <span class="kwb kwbo">MEK</span> <span class="kwb2 kwbo">IN</span> <span class="kwb kwbo">MEGA</span> <span class="kwb kwbo">ARMOUR</span></a> or <a class="kwbOne" href="/wh40k10ed/factions/orks/Big-Mek-With-Shokk-Attack-Gun"><span class="kwb kwbo">BIG</span> <span class="kwb kwbo">MEK</span> <span class="kwb2 kwbo">WITH</span> <span class="kwb kwbo">SHOKK</span> <span class="kwb kwbo">ATTACK</span> <span class="kwb kwbo">GUN</span></a> model only. During the Declare Battle Formations step, the bearer can be <span class="tooltip00029" data-tooltip-content="#tooltip_content00029"><span class="tt kwbu">attached</span></span> to a <a class="kwbOne" href="/wh40k10ed/factions/orks/Flash-Gitz"><span class="kwb kwbo">FLASH</span> <span class="kwb kwbo">GITZ</span></a> unit. Each time a model in the bearerâs unit makes a ranged attack, you can re-roll the <span class="tooltip00031" data-tooltip-content="#tooltip_content00031"><span class="tt kwbu">Hit</span> <span class="tt kwbu">roll</span></span>.|
ORK|000009623003|Gnasher Squig Crates|0|Kaptin Killers|000000964|This Warboss has ordered his ladz to bring armoured crates of vicious gnasher squigs aboard. Upended into strategically vital areas, they create a dangerous infestation that enemies will struggle to remove.|<span class="tooltip00362" data-tooltip-content="#tooltip_content00362" data-tooltip-anchor="#tooltip_content00362"><span class="kwb kwbu">WARBOSS</span></span> model only. In your <a href="/wh40k10ed/the-rules/core-rules/#COMMAND-PHASE">Command phase</a>, you can select one <a class="kwbOne" href="/wh40k10ed/factions/orks/Nobz"><span class="kwb kwbo">NOBZ</span></a> or <a class="kwbOne" href="/wh40k10ed/factions/orks/Meganobz"><span class="kwb kwbo">MEGANOBZ</span></a> unit from your army (excluding <span class="tooltip00036" data-tooltip-content="#tooltip_content00036"><span class="tt kwbu">Battle-shocked</span></span> units) that is within 6" of the bearer and is within range of an <a href="/wh40k10ed/the-rules/boarding-action-rules/#Objective-Markers">objective marker</a>. If there are no enemy models within range of that objective marker, it is <a href="/wh40k10ed/the-rules/boarding-action-rules/#SEIZING-AND-SECURING-OBJECTIVE-MARKERS">Secured</a> by your army.|
ORK|000008877003|Press It Fasta!|35|Dread Mob|000000855|Impatient for better results, this Mek is an avid advocate of the theory that smashing buttons and cranking dials faster makes kustom guns more shooty.|<span class="tooltip00609" data-tooltip-content="#tooltip_content00609" data-tooltip-anchor="#tooltip_content00609"><span class="kwb kwbu">MEK</span></span> model only. Each time the bearerâs unit is selected to shoot, when rolling to determine which ability that unitâs weapons gain from the <span class="tooltip00614" data-tooltip-content="#tooltip_content00614"><span class="tt kwbu">Try</span> <span class="tt kwbu">Dat</span> <span class="tt kwbu">Button!</span></span> Detachment rule, roll one additional D6: until the end of the phase, ranged weapons equipped by models in that unit gain both Button Effects generated by those rolls. If a duplicate Button Effect is rolled, it has no additional effect.|
ORK|000009991003|Dead Shiny Shootas|35|More Dakka!|000001030|Rumoured to have been made by Big Mek Buzzgob, da Dead Shiny Shootas are a set of multi-barrelled brutes packed full of dakka. The guns kick out a deafening storm of hot lead, much to the enjoyment of the Orks pulling the triggers, their volume of fire so great that even the most inaccurate shooter can land a respectable number of hits.|<span class="kwb">ORKS</span> model only. Ranged weapons equipped by models in the bearerâs unit have the <span class="kwb2 bluefont"><span class="tooltip00008" data-tooltip-content="#tooltip_content00008"><span class="tt kwbu">[RAPID</span> <span class="tt kwbu">FIRE</span> <span class="tt kwbu">1]</span></span></span> ability.|
ORK|000008872003|Speed Makes Right|25|Kult of Speed|000000854|This Orks adrenaline-addled mind lurches from one insight to the next, a bone-shaker whose engine only fires on all cylinders when he is in the thick of the fighting. Once there, however, it revs into overdrive.|<span class="tooltip00615" data-tooltip-content="#tooltip_content00615" data-tooltip-anchor="#tooltip_content00615"><span class="kwb kwbu">ORKS</span></span> model only. In your <a href="/wh40k10ed/the-rules/core-rules/#COMMAND-PHASE">Command phase</a>, if the bearer (or a <span class="kwb">TRANSPORT</span> the bearer is <span class="tooltip00026" data-tooltip-content="#tooltip_content00026"><span class="tt kwbu">embarked</span></span> within) is within 9" of one or more enemy units, roll one D6: on a 3+, you gain 1CP.|
ORK|000008868003|Proper Killy|15|Da Big Hunt|000000853|This Beast Snagga is an unstoppable engine of destructive butchery who has left the brutalised corpses of his huge prey piled in his wake on world after world.|<span class="tooltip00616" data-tooltip-content="#tooltip_content00616" data-tooltip-anchor="#tooltip_content00616"><span class="kwb kwbu">BEAST</span> <span class="kwb kwbu">SNAGGA</span></span> model only. Add 1 to the Damage characteristic of melee weapons equipped by the bearer.|
ORK|000008881004|Ferocious Show Off|10|Green Tide|000000856|This brutal fighter is even more dangerous with a raucous audience of chanting Orks as he displays his violent abilities as a warning to all.|<span class="tooltip00323" data-tooltip-content="#tooltip_content00323" data-tooltip-anchor="#tooltip_content00323"><span class="kwb kwbu">ORKS</span> <span class="kwb kwbu">INFANTRY</span></span> model only. Each time the bearer fights, while resolving those attacks, add 1 to the Strength characteristic of the bearers melee weapons. If the bearerâs unit contains 10 or more models, while resolving those attacks, add 3 to the Strength characteristic instead.|
ORK|000008872004|Squig-hide Tyres|15|Kult of Speed|000000854|Scaly squig-hide is the perfect material for fast and grippy tyres, able to provide traction even in the mire of blood, guts and oil left over from most Speed Freekfights.|<a class="kwbOne" href="/wh40k10ed/factions/orks/Deffkilla-Wartrike"><span class="kwb kwbo">DEFFKILLA</span> <span class="kwb kwbo">WARTRIKE</span></a> model only. Each time a model in the bearerâs unit makes a <span class="tooltip00159" data-tooltip-content="#tooltip_content00159"><span class="tt kwbu">Consolidation</span> <span class="tt kwbu">move</span></span>, it can move up to 6" instead of up to 3".|
ORK|000008367004|Kunninâ But Brutal|15|War Horde|000000852|Feigning weakness, this greenskin allows his foes to close in before delivering a brutal flurry of attacks.|<span class="kwb">ORKS</span> model only. While the bearer is leading a unit, that unit is eligible to <a href="/wh40k10ed/the-rules/core-rules/#SHOOTING-PHASE">shoot</a> and <a href="/wh40k10ed/the-rules/core-rules/#CHARGE-PHASE">declare a charge</a> in a turn in which it <span class="tooltip00025" data-tooltip-content="#tooltip_content00025"><span class="tt kwbu">Fell</span> <span class="tt kwbu">Back</span></span>.|
ORK|000009795004|Morkâs Kunninâ|15|Taktikal Brigade|000000995|Possessed of an exceptionally keen mind â for an Ork at least â this boss matches wits with his opponents, holding his ladz back until an opportune moment arrives.|<span class="kwb">ORKS</span> model only. After both players have deployed their armies, select up to three <span class="kwb">ORKS</span> units from your army and redeploy them. When doing so, you can set those units up in <a href="/wh40k10ed/the-rules/core-rules/#Strategic-Reserves">Strategic Reserves</a>, regardless of how many units are already in Strategic Reserves.|
ORK|000009991004|Targetinâ Squigs|15|More Dakka!|000001030|The flashiest gitz have specially-bred targetinâ squigs mounted atop their favourite shoota. Itâs not certain whether these creatures actually aid the bearer or not as they cling for dear life atop their perches, which are inevitably the biggest shoota the owner has, as nothing aids accuracy like firing so many shots that you just canât miss.|<span class="kwb">ORKS</span> model only. Each time a model in the bearerâs unit makes a ranged attack, add 1 to the <span class="tooltip00031" data-tooltip-content="#tooltip_content00031"><span class="tt kwbu">Hit</span> <span class="tt kwbu">roll</span></span>.|
ORK|000008868004|Skrag Every Stash!|25|Da Big Hunt|000000853|Successful hunt leaders are never short of a kunnin' plan to flush out the prey. This sneaky git has mastered the art of ransacking whatever the prey values, luring the quarry in to retaliate or else ensuring theyâre cornered, with no bolthole or gear to fall back on.|<span class="tooltip00616" data-tooltip-content="#tooltip_content00616" data-tooltip-anchor="#tooltip_content00616"><span class="kwb kwbu">BEAST</span> <span class="kwb kwbu">SNAGGA</span></span> model only. At the end of your <a href="/wh40k10ed/the-rules/core-rules/#COMMAND-PHASE">Command phase</a>, if the bearer is within range of an <span class="tooltip00064" data-tooltip-content="#tooltip_content00064"><span class="tt kwbu">objective</span> <span class="tt kwbu">marker</span></span> you control, that objective marker remains under your control, even if you have no models within range of it, until your opponent controls it at the start or end of any turn.|
ORK|000008877004|Smoky Gubbinz|15|Dread Mob|000000855|This loud, fume-belching device wreathes the bearer and his mates in a thick bank of smoke. This is hard for the enemy to see through, but has little detriment on the Orksâ own accuracy.|<span class="tooltip00609" data-tooltip-content="#tooltip_content00609" data-tooltip-anchor="#tooltip_content00609"><span class="kwb kwbu">MEK</span></span> model only. Models in the bearerâs unit have the <span class="tooltip00496" data-tooltip-content="#tooltip_content00496"><span class="tt kwbu">Stealth</span></span> ability.|
ORK|000008885004|âEadstompa|10|Bully Boyz|000000857|A solid slab of muscle and aggression, this Ork is living embodiment of the undeniable truth of his enemiesâ inferiority.|<span class="tooltip00610" data-tooltip-content="#tooltip_content00610" data-tooltip-anchor="#tooltip_content00610"><span class="kwb kwbu">INFANTRY</span> <span class="kwb kwbu">WARBOSS</span></span> model only. Each time the bearer makes an attack that targets a unit that is below its <span class="tooltip00232" data-tooltip-content="#tooltip_content00232"><span class="tt kwbu">Starting</span> <span class="tt kwbu">Strength</span></span>, re-roll a <span class="tooltip00006" data-tooltip-content="#tooltip_content00006"><span class="tt kwbu">Wound</span> <span class="tt kwbu">roll</span></span> of 1. If that unit is <span class="tooltip00233" data-tooltip-content="#tooltip_content00233"><span class="tt kwbu">Below</span> <span class="tt kwbu">Half-strength</span></span>, you can re-roll the Wound roll instead.|
ORK|000009991005|Zog Off and Eat Dakka!|10|More Dakka!|000001030|Thereâs no point in having the loudest and flashiest shoota if gitz donât let ya fire them. This Ork will even go so far as to avoid a punch up in order to fire his snazzy weapons.|<span class="kwb">ORKS</span> model only. The bearerâs unit is eligible to shoot in a turn in which it <span class="tooltip00025" data-tooltip-content="#tooltip_content00025"><span class="tt kwbu">Fell</span> <span class="tt kwbu">Back</span></span>.|
ORK|000008872005|Wazblasta|10|Kult of Speed|000000854|This warlordâs fanatical devotion to speed is such that he cannot stand being anywhere other than in the hear, of the action and he pushes the ladz around him to crank their throttles in order to close the distance with the enemy as soon as possible.|<a class="kwbOne" href="/wh40k10ed/factions/orks/Deffkilla-Wartrike"><span class="kwb kwbo">DEFFKILLA</span> <span class="kwb kwbo">WARTRIKE</span></a> model only. In your <a href="/wh40k10ed/the-rules/core-rules/#SHOOTING-PHASE">Shooting phase</a>, after the bearerâs unit has shot, if it is not within <span class="tooltip00023" data-tooltip-content="#tooltip_content00023"><span class="tt kwbu">Engagement</span> <span class="tt kwbu">Range</span></span> of one or more enemy units, it can make a <span class="tooltip00221" data-tooltip-content="#tooltip_content00221"><span class="tt kwbu">Normal</span> <span class="tt kwbu">move</span></span> of up to 6". If it does, until the end of the turn, it is not eligible to <a href="/wh40k10ed/the-rules/core-rules/#CHARGE-PHASE">declare a charge</a>.|
ORK|000009795005|Gob Boomer|10|Taktikal Brigade|000000995|Cobbled together from the remains of a humie vox-caster, this device amplifies this Orkâs already booming voice, carrying their bellowed orders further|<span class="tooltip00362" data-tooltip-content="#tooltip_content00362" data-tooltip-anchor="#tooltip_content00362"><span class="kwb kwbu">WARBOSS</span></span> or <span class="tooltip00609" data-tooltip-content="#tooltip_content00609" data-tooltip-anchor="#tooltip_content00609"><span class="kwb kwbu">MEK</span></span> model only. Each time the bearer issues <span class="tooltip00620" data-tooltip-content="#tooltip_content00620"><span class="tt kwbu">Taktiks</span></span>, it can do so to a friendly <span class="tooltip00323" data-tooltip-content="#tooltip_content00323" data-tooltip-anchor="#tooltip_content00323"><span class="kwb kwbu">ORKS</span> <span class="kwb kwbu">INFANTRY</span></span> or <span class="tooltip00621" data-tooltip-content="#tooltip_content00621" data-tooltip-anchor="#tooltip_content00621"><span class="kwb kwbu">ORKS</span> <span class="kwb kwbu">MOUNTED</span></span> unit within 18", instead of 6".|
ORK|000008877005|Supa-glowy Fing|20|Dread Mob|000000855|The Mek cobbled together this strange device in a flash of feverish inventinâ. He isnât sure what it does - and it glows weirdly - but he proudly carries it to battle, eager to know what its big switch will do this time.|<span class="tooltip00609" data-tooltip-content="#tooltip_content00609" data-tooltip-anchor="#tooltip_content00609"><span class="kwb kwbu">MEK</span></span> model only. In your <a href="/wh40k10ed/the-rules/core-rules/#COMMAND-PHASE">Command phase</a>, select one enemy unit within 18" of and visible to the bearer, then roll one D6: on a 1-2, that enemy unit must take a <span class="tooltip00036" data-tooltip-content="#tooltip_content00036"><span class="tt kwbu">Battle-shock</span> <span class="tt kwbu">test</span></span>; on a 3-4, that enemy unit suffers D3 <span class="tooltip00049" data-tooltip-content="#tooltip_content00049"><span class="tt kwbu">mortal</span> <span class="tt kwbu">wounds</span></span>; on a 5-6, until the start of your next Command phase, each time a model in that enemy unit makes an attack, subtract 1 from the <span class="tooltip00031" data-tooltip-content="#tooltip_content00031"><span class="tt kwbu">Hit</span> <span class="tt kwbu">roll</span></span>.|
ORK|000008885005|Tellyporta|25|Bully Boyz|000000857|Nothing shocks the enemy like an angry mob of the biggest and surliest Orks imaginable suddenly appearing in a blast of green lightning!|<a class="kwbOne" href="/wh40k10ed/factions/orks/Warboss-In-Mega-Armour"><span class="kwb kwbo">WARBOSS</span> <span class="kwb2 kwbo">IN</span> <span class="kwb kwbo">MEGA</span> <span class="kwb kwbo">ARMOUR</span></a> model only. Models in the bearerâs unit have the <span class="tooltip00046" data-tooltip-content="#tooltip_content00046"><span class="tt kwbu">Deep</span> <span class="tt kwbu">Strike</span></span> ability.|
ORK|000008868005|Surly as a Squiggoth|20|Da Big Hunt|000000853|With a lifetime of leading notoriously deadly Beast Snagga hunts behind them, and gnarled hides thicker than Battlewagon armour, this Ork and his favoured Boyz have survived blows that would fell a Gargant.|<a class="kwbOne" href="/wh40k10ed/factions/orks/Beastboss-On-Squigosaur"><span class="kwb kwbo">BEASTBOSS</span> <span class="kwb2 kwbo">ON</span> <span class="kwb kwbo">SQUIGOSAUR</span></a> model only. While the bearer is leading a unit, each time an attack targets that unit, if the Strength characteristic of that attack is greater than the Toughness characteristic of that unit, subtract 1 from the <span class="tooltip00006" data-tooltip-content="#tooltip_content00006"><span class="tt kwbu">Wound</span> <span class="tt kwbu">roll</span></span>.|
ORK|000008367005|Supa-Cybork Body|15|War Horde|000000852|The original owner of this one-of-a-kind endoskeleton became the envy of every Warboss around, and was soon gutted and stripped for parts by a stronger rival. The Supa-Cybork Body has been retransplanted several times since then, filling its new owner with confidence, resilience and a belated hope that the Painboyz gave it a quick clean before shoving it back in placeâ¦|<span class="kwb">ORKS</span> model only. The bearer has the <span class="tooltip00119" data-tooltip-content="#tooltip_content00119"><span class="tt kwbu">Feel</span> <span class="tt kwbu">No</span> <span class="tt kwbu">Pain</span> <span class="tt kwbu">4+</span></span> ability.|
ORK|000008881005|Raucous Warcaller|20|Green Tide|000000856|This hulking boss is a focal point of violent enthusiasm. Orks flocking to his bosspole feel emboldened, the boss exuding an energetic dynamism that keeps his ladz at the height of rampaging excitement.|<span class="tooltip00323" data-tooltip-content="#tooltip_content00323" data-tooltip-anchor="#tooltip_content00323"><span class="kwb kwbu">ORKS</span> <span class="kwb kwbu">INFANTRY</span></span> model only. While the bearer is leading a unit, that unit always counts as containing 10 or more models for the purposes of your <a href="/wh40k10ed/factions/orks/#Detachment-Rule">Detachment rule</a> and any <a href="/wh40k10ed/the-rules/core-rules/#Stratagems">Stratagems</a> you use.|
QI|000010497002|Acquisitor-at-Arms|15|Gate Warden Lance|000001107|This stern Noble serves their household by seizing territories and domains deemed the property of their lord. They are a grim and fearsome agent who inspires their charges with an unwillingness to relent.|<span class="kwb">IMPERIAL</span> <span class="kwb">KNIGHTS</span> model only. While the bearer is on your <span class="tooltip00622" data-tooltip-content="#tooltip_content00622"><span class="tt kwbu">defensive</span> <span class="tt kwbu">line</span></span> and there are no enemy units on your defensive line, add the bearers Objective Control characteristic to that of each model affected by the bearers <span class="tooltip00623" data-tooltip-content="#tooltip_content00623"><span class="tt kwbu">Bondsman</span></span> ability.|
QI|000010493002|Bearer of the Iron Chalice|20|Valourstrike Lance|000001106|Deep within the Knightâs chassis is an ancient STC artefact. The device communes with its weakened machine spirit kin, bolstering their resolve to endure.|<span class="kwb">IMPERIAL</span> <span class="kwb">KNIGHTS</span> model only. At the end of your <a href="/wh40k10ed/the-rules/core-rules/#MOVEMENT-PHASE">Movement phase</a>, select one other <span class="kwb">IMPERIAL</span> <span class="kwb">KNIGHTS</span> model from your army that is within 12" of and <a href="/wh40k10ed/the-rules/core-rules/#Determining-Visibility">visible</a> to the bearer. That selected model regains up to D3 lost wounds, or up to 3 lost wounds if your army is <span class="tooltip00624" data-tooltip-content="#tooltip_content00624"><span class="tt kwbu">Honoured</span></span>.|
QI|000009761002|Omnissian Champion|30|Questor Forgepact|000000988|The Omnissian priesthood has thrice blessed this champion of the Machine God and their Knight suitâs core; it burns with a zeal that cannot be quenched.|<span class="kwb">IMPERIAL</span> <span class="kwb">KNIGHTS</span> model only. Add 4 to the bearerâs Wounds characteristic.|
QI|000010506002|Mentorâs Pride|20|Spearhead-At-Arms|000001109|A draconian enforcer of stringent standards, when this stern Noble does acknowledge pride in their servants, their Bondsmen zealously strive to retain it.|<span class="kwb">IMPERIAL</span> <span class="kwb">KNIGHTS</span> model only. While two or more <span class="tooltip00450" data-tooltip-content="#tooltip_content00450" data-tooltip-anchor="#tooltip_content00450"><span class="kwb kwbu">ARMIGER</span></span> models are under the effects of the bearers <span class="tooltip00623" data-tooltip-content="#tooltip_content00623"><span class="tt kwbu">Bondsman</span></span> ability, each time each of those <span class="kwb">ARMIGER</span> models makes an attack, you can re-roll a <span class="tooltip00031" data-tooltip-content="#tooltip_content00031"><span class="tt kwbu">Hit</span> <span class="tt kwbu">roll</span></span> of 1.|
QI|000010502002|Herald of Triumph|15|Questoris Companions|000001108|This Nobleâs arrogant challenges herald a feat of victory, a promise of death that blares from their suitâs emitters.|<span class="kwb">IMPERIAL</span> <span class="kwb">KNIGHTS</span> model only. When the bearer ends a <span class="tooltip00033" data-tooltip-content="#tooltip_content00033"><span class="tt kwbu">Charge</span> <span class="tt kwbu">move</span></span>, it can use this Enhancement. If it does, this Enhancement is expended, then each enemy unit within <span class="tooltip00023" data-tooltip-content="#tooltip_content00023"><span class="tt kwbu">Engagement</span> <span class="tt kwbu">Range</span></span> of the bearer must take a <span class="tooltip00036" data-tooltip-content="#tooltip_content00036"><span class="tt kwbu">Battle-shock</span> <span class="tt kwbu">test</span></span>, subtracting 1 from the result.|
QI|000010497003|Purgationâs Hand|20|Gate Warden Lance|000001107|The Noble dubbed with this honourable title has sworn to purge the frontiers of their realm, scouring it clean of the stain of everything foul and inimical to the Code.|<span class="kwb">IMPERIAL</span> <span class="kwb">KNIGHTS</span> model only. Each time the bearer makes a melee attack, if the bearer is on your <span class="tooltip00625" data-tooltip-content="#tooltip_content00625"><span class="tt kwbu">defensive</span> <span class="tt kwbu">line</span></span>, re-roll a <span class="tooltip00031" data-tooltip-content="#tooltip_content00031"><span class="tt kwbu">Hit</span> <span class="tt kwbu">roll</span></span> of 1 and re-roll a <span class="tooltip00006" data-tooltip-content="#tooltip_content00006"><span class="tt kwbu">Wound</span> <span class="tt kwbu">roll</span></span> of 1.|
QI|000010493003|Bearer of the Evanescent Ion|15|Valourstrike Lance|000001106|This Knightâs ion shield projects a stream of nictitating particles that can obscure fellow Nobles from sight.|<span class="kwb">IMPERIAL</span> <span class="kwb">KNIGHTS</span> model only. At the end of your <a href="/wh40k10ed/the-rules/core-rules/#MOVEMENT-PHASE">Movement phase</a>, select one other <span class="kwb">IMPERIAL</span> <span class="kwb">KNIGHTS</span> model from your army that is within 12" of and <a href="/wh40k10ed/the-rules/core-rules/#Determining-Visibility">visible</a> to the bearer. Until the start of your next Movement phase, that selected model has the <span class="tooltip00496" data-tooltip-content="#tooltip_content00496"><span class="tt kwbu">Stealth</span></span> ability.|
QI|000009761003|Knight of the Opus Machina|20|Questor Forgepact|000000988|A devotee of the Omnissian creed, this Noble is inspired by the presence of the Adeptus Mechanicus, fighting with greater zeal and vigour in their holy presence.|<span class="kwb">IMPERIAL</span> <span class="kwb">KNIGHTS</span> model only. Each time the bearer makes a ranged attack, if the bearer is within 6" of one or more friendly <span class="tooltip00626" data-tooltip-content="#tooltip_content00626" data-tooltip-anchor="#tooltip_content00626"><span class="kwb kwbu">ADEPTUS</span> <span class="kwb kwbu">MECHANICUS</span></span> units, re-roll a <span class="tooltip00031" data-tooltip-content="#tooltip_content00031"><span class="tt kwbu">Hit</span> <span class="tt kwbu">roll</span></span> of 1.|
QI|000010506003|Fables of Nightmare|10|Spearhead-At-Arms|000001109|Many are the fiends and unnamed dooms that lead hosts of darkness in the oldest tales. Their retelling spurs this Nobleâs Bondsmen to seek out the lurking commanders of the foe and cut them down, so that they may end the spread of their evil.|<span class="kwb">IMPERIAL</span> <span class="kwb">KNIGHTS</span> model only. While two or more <span class="tooltip00450" data-tooltip-content="#tooltip_content00450" data-tooltip-anchor="#tooltip_content00450"><span class="kwb kwbu">ARMIGER</span></span> models are under the effects of the bearerâs <span class="tooltip00623" data-tooltip-content="#tooltip_content00623"><span class="tt kwbu">Bondsman</span></span> ability, melee weapons equipped by those <span class="kwb">ARMIGER</span> models have the <span class="kwb2 bluefont"><span class="tooltip00057" data-tooltip-content="#tooltip_content00057"><span class="tt kwbu">[precision]</span></span></span> ability.|
QI|000010502003|Wyrmslayer Divination|10|Questoris Companions|000001108|Whispered to a Knights machine spirit before battle, this techno-omen prophesies doom for airborne foes.|<span class="kwb">IMPERIAL</span> <span class="kwb">KNIGHTS</span> model only. In your <a href="/wh40k10ed/the-rules/core-rules/#SHOOTING-PHASE">Shooting phase</a>, when the bearer is selected to shoot, it can use this Enhancement. If it does, this Enhancement is expended, then until the end of the phase, each time it makes an attack that targets a unit that can <span class="tooltip00108" data-tooltip-content="#tooltip_content00108"><span class="tt kwbu"><span class="kwb">FLY</span></span></span>, you can re-roll the <span class="tooltip00031" data-tooltip-content="#tooltip_content00031"><span class="tt kwbu">Hit</span> <span class="tt kwbu">roll</span></span>.|
QI|000010497004|Augury Halo|20|Gate Warden Lance|000001107|This web of neuro-couplings has been worked into a richly ornamented helmet. Through it, the Noble pilot can access nearby hidden augur nodes deployed by servitor clades of the Sacristans, inloading targeting data to pick out the locations of shrouded besiegers.|<span class="kwb">IMPERIAL</span> <span class="kwb">KNIGHTS</span> model only. Each time the bearer makes a ranged attack, while the bearer is on your <span class="tooltip00625" data-tooltip-content="#tooltip_content00625"><span class="tt kwbu">defensive</span> <span class="tt kwbu">line</span></span>, weapons equipped by the bearer have the <span class="kwb2 bluefont"><span class="tooltip00499" data-tooltip-content="#tooltip_content00499"><span class="tt kwbu">[ignores</span> <span class="tt kwbu">cover]</span></span></span> ability.|
QI|000010493004|Bearer of the Judicantâs Helm|25|Valourstrike Lance|000001106|A courtly counsellor against deception and a visionary hunter of lurking prey, this Nobleâs sage advice unmasks the contemptible before their companions.|<span class="kwb">IMPERIAL</span> <span class="kwb">KNIGHTS</span> model only. At the start of your <a href="/wh40k10ed/the-rules/core-rules/#SHOOTING-PHASE">Shooting phase</a>, select one other <span class="kwb">IMPERIAL</span> <span class="kwb">KNIGHTS</span> model from your army that is within 12" of and <a href="/wh40k10ed/the-rules/core-rules/#Determining-Visibility">visible</a> to the bearer. Until the end of the phase, ranged weapons equipped by that selected model have the <span class="kwb2 bluefont"><span class="tooltip00499" data-tooltip-content="#tooltip_content00499"><span class="tt kwbu">[ignores</span> <span class="tt kwbu">cover]</span></span></span> ability.|
QI|000009761004|Magos Questoris|35|Questor Forgepact|000000988|An expert in the intricate mechanisms and weapons systems of Imperial Knights, this Tech-Priest taught Sacristans their craft. They now walk in the shadow of these war machines and make field repairs in the midst of battle.|<span class="tooltip00627" data-tooltip-content="#tooltip_content00627" data-tooltip-anchor="#tooltip_content00627"><span class="kwb kwbu">TECH-PRIEST</span></span> model only. While the bearer is within 3" of one or more friendly <span class="tooltip00489" data-tooltip-content="#tooltip_content00489" data-tooltip-anchor="#tooltip_content00489"><span class="kwb kwbu">IMPERIAL</span> <span class="kwb kwbu">KNIGHTS</span></span> units, it has the <span class="tooltip00222" data-tooltip-content="#tooltip_content00222"><span class="tt kwbu">Lone</span> <span class="tt kwbu">Operative</span></span> ability. In your <a href="/wh40k10ed/the-rules/core-rules/#COMMAND-PHASE">Command phase</a>, select one friendly Imperial Knights model within 3" of the bearer. That model regains up to 2 lost wounds.|
QI|000010506004|Tales of Heroism|10|Spearhead-At-Arms|000001109|Recounting the valorous feats of legendary Nobles, this champion inspires their squires to deride and denounce the foes every attempt at evading a just execution.|<span class="kwb">IMPERIAL</span> <span class="kwb">KNIGHTS</span> model only. While two or more <span class="tooltip00450" data-tooltip-content="#tooltip_content00450" data-tooltip-anchor="#tooltip_content00450"><span class="kwb kwbu">ARMIGER</span></span> models are under the effects of the bearerâs <span class="tooltip00623" data-tooltip-content="#tooltip_content00623"><span class="tt kwbu">Bondsman</span></span> ability, each time one of those <span class="kwb">ARMIGER</span> models makes a melee attack, you can ignore any or all modifiers to the <span class="tooltip00031" data-tooltip-content="#tooltip_content00031"><span class="tt kwbu">Hit</span> <span class="tt kwbu">roll</span></span> and/or the <span class="tooltip00006" data-tooltip-content="#tooltip_content00006"><span class="tt kwbu">Wound</span> <span class="tt kwbu">roll</span></span>.|
QI|000010502004|Pennant of Silvered Fury|15|Questoris Companions|000001108|This circuit-etched pennant marks a slayer of hordes and is linked to a glowing electoo beneath the pilotâs skin.|<span class="kwb">IMPERIAL</span> <span class="kwb">KNIGHTS</span> model only. When the bearer is selected to fight, it can use this Enhancement. If it does, this Enhancement is expended, then until the end of the phase, melee weapons equipped by the bearer have the <span class="kwb2 bluefont"><span class="tooltip00061" data-tooltip-content="#tooltip_content00061"><span class="tt kwbu">[sustained</span> <span class="tt kwbu">hits</span> <span class="tt kwbu">2]</span></span></span> ability.|
QI|000010497005|Vengeful Tread|15|Gate Warden Lance|000001107|The punitive anger of this pilot towards those who dare defile their realm is terrifying to behold. War horns blaring, they barge and trample forward, crushing their lessers in a terminal lesson of humility.|<span class="kwb">IMPERIAL</span> <span class="kwb">KNIGHTS</span> model only. Once per turn, you can target the bearer with the <span class="tooltip00112" data-tooltip-content="#tooltip_content00112"><span class="tt kwbu">Tank</span> <span class="tt kwbu">Shock</span></span> Stratagem for 0CP.|
QI|000010502005|Crushing Condemnation|10|Questoris Companions|000001108|With the sweep of an armoured limb, the Noble can cast wreckage and ruin towards yet another foe.|<span class="kwb">IMPERIAL</span> <span class="kwb">KNIGHTS</span> model only. When the bearer is selected to fight, after resolving its attacks, if one or more enemy units were destroyed by those attacks, the bearer can use this Enhancement. If it does, this Enhancement is expended, then select one enemy unit that is not within <span class="tooltip00023" data-tooltip-content="#tooltip_content00023"><span class="tt kwbu">Engagement</span> <span class="tt kwbu">Range</span></span> of any units from your army and is within 12" of and <a href="/wh40k10ed/the-rules/core-rules/#Determining-Visibility">visible</a> to the bearer. Roll six D6: for each 4+, that enemy unit suffers 1 <span class="tooltip00049" data-tooltip-content="#tooltip_content00049"><span class="tt kwbu">mortal</span> <span class="tt kwbu">wound</span></span>.|
QI|000009761005|Vocifer Magnificat (Aura)|15|Questor Forgepact|000000988|This titanic war machineâs carapace bristles with vox-grilles and laud hailers that project binharic prayers to the Machine God; these static chants serve both to unnerve the foe and fill the faithful of the Omnissiah with holy fervour.|<span class="kwb">IMPERIAL</span> <span class="kwb">KNIGHTS</span> model only. While an enemy unit is within 6" of the bearer, worsen the Leadership characteristic of models in that unit by 1. While a friendly <span class="tooltip00626" data-tooltip-content="#tooltip_content00626" data-tooltip-anchor="#tooltip_content00626"><span class="kwb kwbu">ADEPTUS</span> <span class="kwb kwbu">MECHANICUS</span></span> unit is within 6" of the bearer, improve the Leadership characteristic of 1 models in that <span class="kwb">ADEPTUS</span> <span class="kwb">MECHANICUS</span> unit by 1.|
QI|000010493005|Bearer of the Lancerâs Sigil|25|Valourstrike Lance|000001106|Honoured with a vivid heraldic insignia, this Noble is a wise mentor in the deadly art of battlefield intercession.|<span class="kwb">IMPERIAL</span> <span class="kwb">KNIGHTS</span> model only. At the start of your <a href="/wh40k10ed/the-rules/core-rules/#CHARGE-PHASE">Charge phase</a>, select one other <span class="kwb">IMPERIAL</span> <span class="kwb">KNIGHTS</span> model from your army that is within 12" of and <a href="/wh40k10ed/the-rules/core-rules/#Determining-Visibility">visible</a> to the bearer. Until the end of the phase, you can re-roll <span class="tooltip00033" data-tooltip-content="#tooltip_content00033"><span class="tt kwbu">Charge</span> <span class="tt kwbu">rolls</span></span> made for that selected model.|
QI|000010506005|Martial Tuition|15|Spearhead-At-Arms|000001109|Long has this Noble trained their Bondsmen in hunting the deadliest prey, instilling in them the skills to honourably exploit any opening in an enemyâs defence.|<span class="kwb">IMPERIAL</span> <span class="kwb">KNIGHTS</span> model only. While two or more <span class="tooltip00450" data-tooltip-content="#tooltip_content00450" data-tooltip-anchor="#tooltip_content00450"><span class="kwb kwbu">ARMIGER</span></span> models arc under the effects of the bearerâs <span class="tooltip00623" data-tooltip-content="#tooltip_content00623"><span class="tt kwbu">Bondsman</span></span> ability, once per turn, you can target one of those <span class="kwb">ARMIGER</span> models with the <span class="tooltip00056" data-tooltip-content="#tooltip_content00056"><span class="tt kwbu">Counter-offensive</span></span> Stratagem for 0CP.|
QT|000010304002|Knight Diabolus|25|Infernal Lance|000001075|Whether through duelling monstrous foes or thanks to unnatural enhancements and boons, this Fallen Noble and their steed have become powerful indeed.|<span class="kwb">CHAOS</span> <span class="kwb">KNIGHTS</span> model only. Improve the Weapon Skill characteristic of the bearerâs melee weapons by 1. While the bearer is using the <span class="tooltip00629" data-tooltip-content="#tooltip_content00629"><span class="tt kwbu">Diabolic</span> <span class="tt kwbu">Power</span></span> ability, its melee weapons have the <span class="kwb2 bluefont"><span class="tooltip00540" data-tooltip-content="#tooltip_content00540"><span class="tt kwbu">[LANCE]</span></span></span> ability.|
QT|000010308002|Throne Mechanicum of Skulls|25|Lords of Dread|000001076|Flowing from this brazen Throne, an all-consuming need for murder grips the pilot and never lets go.|<span class="kwb">CHAOS</span> <span class="kwb">KNIGHTS</span> model only. You can re-roll <span class="tooltip00033" data-tooltip-content="#tooltip_content00033"><span class="tt kwbu">Charge</span> <span class="tt kwbu">rolls</span></span> made for the bearerâs unit. In addition, once per battle, in your <a href="/wh40k10ed/the-rules/core-rules/#CHARGE-PHASE">Charge phase</a>, the bearer can use this Enhancement. If it does, until the end of the phase, the bearerâs unit is eligible to <a href="/wh40k10ed/the-rules/core-rules/#CHARGE-PHASE">declare a charge</a> in a turn in which it <span class="tooltip00230" data-tooltip-content="#tooltip_content00230"><span class="tt kwbu">Advanced</span></span>.|
QT|000009765002|Profane Altar|20|Iconoclast Fiefdom|000000989|This ancient and thoroughly corrupted Knight suit is a walking idol of the Dark Gods and a conduit for their malign powers. As servile thralls bleed and die, so do its weapons seethe with unholy power.|<span class="kwb">CHAOS</span> <span class="kwb">KNIGHTS</span> model only. Each time the bearer makes a Dark Sacrifice, the maximum number of models are destroyed in the selected <span class="tooltip00630" data-tooltip-content="#tooltip_content00630" data-tooltip-anchor="#tooltip_content00630"><span class="kwb kwbu">DAMNED</span></span> unit (i.e. 3 if the unitâs <span class="tooltip00509" data-tooltip-content="#tooltip_content00509"><span class="tt kwbu">Leadership</span> <span class="tt kwbu">test</span></span> is passed, or 6 if it is failed) but, until the end of the phase, the bearerâs weapons have both <span class="kwb2 bluefont"><span class="tooltip00218" data-tooltip-content="#tooltip_content00218"><span class="tt kwbu">[LETHAL</span> <span class="tt kwbu">HITS]</span></span></span> and <span class="kwb2 bluefont"><span class="tooltip00061" data-tooltip-content="#tooltip_content00061"><span class="tt kwbu">[SUSTAINED</span> <span class="tt kwbu">HITS</span> <span class="tt kwbu">1]</span></span></span>.|
QT|000008516002|Nightmareâs Master|20|Traitoris Lance|000000806|The mere sight of this warrior and their steed upon the battlefield, even the rumour of their coming, is enough to put the foe to flight.|<span class="kwb">CHAOS</span> <span class="kwb">KNIGHTS</span> model only. At the start of the <a href="/wh40k10ed/the-rules/core-rules/#FIGHT-PHASE">Fight phase</a>, each enemy unit within <span class="tooltip00023" data-tooltip-content="#tooltip_content00023"><span class="tt kwbu">Engagement</span> <span class="tt kwbu">Range</span></span> of the bearer must take a <span class="tooltip00036" data-tooltip-content="#tooltip_content00036"><span class="tt kwbu">Battle-shock</span> <span class="tt kwbu">test</span></span>.|
QT|000010304003|Blasphemous Engine|35|Infernal Lance|000001075|In rituals that took centuries to conduct, Idolators and dark priests have bound a greater daemon within the reactor of this Chaos Knight, allowing the war machine to syphon the roiling power of the caged entity.|<span class="kwb">CHAOS</span> <span class="kwb">KNIGHTS</span> model only. Add 2 to the bearerâs Wounds characteristic. Each time the bearerâs unit makes a <span class="tooltip00629" data-tooltip-content="#tooltip_content00629"><span class="tt kwbu">Malefic</span> <span class="tt kwbu">Surge</span></span>, you can re-roll the <span class="tooltip00509" data-tooltip-content="#tooltip_content00509"><span class="tt kwbu">Leadership</span> <span class="tt kwbu">test</span></span> taken to see if it suffers any <span class="tooltip00049" data-tooltip-content="#tooltip_content00049"><span class="tt kwbu">mortal</span> <span class="tt kwbu">wounds</span></span>.|
QT|000009765003|Pave the Way|15|Iconoclast Fiefdom|000000989|This callous Noble dispatches teeming hordes of mutants and mortal devotees to map the path ahead and scout the battlefield for prey.|<span class="kwb">CHAOS</span> <span class="kwb">KNIGHTS</span> model only. At the start of the <a href="/wh40k10ed/the-rules/core-rules/#Declare-Battle-Formations">Declare Battle Formations</a> step, you can select up to three <span class="tooltip00630" data-tooltip-content="#tooltip_content00630" data-tooltip-anchor="#tooltip_content00630"><span class="kwb kwbu">DAMNED</span></span> units from your army. The selected units have the <span class="tooltip00100" data-tooltip-content="#tooltip_content00100"><span class="tt kwbu">Scouts</span> <span class="tt kwbu">6"</span></span> ability.|
QT|000008516003|Tyrantâs Shadow|25|Traitoris Lance|000000806|Once this despotic warlord lays claim to territory, their warp-infused will taints the very land itself and resists those who seek to defy them.|<span class="kwb">CHAOS</span> <span class="kwb">KNIGHTS</span> model only. At the end of your <a href="/wh40k10ed/the-rules/core-rules/#COMMAND-PHASE">Command phase</a>, select one <span class="tooltip00064" data-tooltip-content="#tooltip_content00064"><span class="tt kwbu">objective</span> <span class="tt kwbu">marker</span></span> the bearer is within range of and that you control. That objective marker remains under your control until your opponentâs Level of Control over that objective marker is greater than yours at the end of a phase. In addition, until you lose control of that objective marker, it has the <span class="tooltip00631" data-tooltip-content="#tooltip_content00631"><span class="tt kwbu">Deathly</span> <span class="tt kwbu">Terror</span></span> ability as if it were a <span class="kwb">CHAOS</span> <span class="kwb">KNIGHTS</span> model from your army.|
QT|000010308003|Blade of Celerity|35|Lords of Dread|000001076|Inlaid with esoteric circuitry, this relic sword is sheathed within the mechanisms of the pilotâs Throne where it imbues the Knight suit with flowing swiftness.|<span class="kwb">CHAOS</span> <span class="kwb">KNIGHTS</span> model only. The bearerâs ranged weapons have the <span class="kwb2 bluefont"><span class="tooltip00217" data-tooltip-content="#tooltip_content00217"><span class="tt kwbu">[ASSAULT]</span></span></span> ability. In addition, once per battle, in the <a href="/wh40k10ed/the-rules/core-rules/#FIGHT-PHASE">Fight phase</a>, the bearer can use this Enhancement. If it does, until the end of the phase, models in the bearerâs unit have the <span class="tooltip00512" data-tooltip-content="#tooltip_content00512"><span class="tt kwbu">Fights</span> <span class="tt kwbu">First</span></span> ability.|
QT|000010304004|Fleshmetal Fusion|35|Infernal Lance|000001075|This Knight is a terrifying blend of daemonic flesh and warp-hardened machine, its pilot unable to leave their Throne until death - or something darker - takes them.|<span class="kwb">CHAOS</span> <span class="kwb">KNIGHTS</span> model only. Add 1 to the bearerâs Toughness characteristic. While the bearer is using the <span class="tooltip00629" data-tooltip-content="#tooltip_content00629"><span class="tt kwbu">Unnatural</span> <span class="tt kwbu">Fortitude</span></span> ability, each time an attack with a Damage characteristic of 1 is allocated to the bearer, add 1 to any armour <span class="tooltip00032" data-tooltip-content="#tooltip_content00032"><span class="tt kwbu">saving</span> <span class="tt kwbu">throw</span></span> made against that attack.|
QT|000009765004|Tyrantâs Banner|5|Iconoclast Fiefdom|000000989|A tyrannical butcher, this Nobleâs Knight suit bears their corrupted houseâs tattered and gore-flecked banner. This icon of depravity flutters overhead, inspiring mortal devotees to acts of sickening violence.|<span class="kwb">CHAOS</span> <span class="kwb">KNIGHTS</span> model only. Each time the bearer makes a Dark Sacrifice, select one <a href="/wh40k10ed/the-rules/core-rules/#Determining-Visibility">visible</a> friendly <span class="tooltip00630" data-tooltip-content="#tooltip_content00630" data-tooltip-anchor="#tooltip_content00630"><span class="kwb kwbu">DAMNED</span></span> unit to take a <span class="tooltip00509" data-tooltip-content="#tooltip_content00509"><span class="tt kwbu">Leadership</span> <span class="tt kwbu">test</span></span> instead of a friendly <span class="kwb">DAMNED</span> unit within 6".|
QT|000008516004|Malevolent Heraldry|30|Traitoris Lance|000000806|Inscribed by Idolators schooled in dark arts, these unholy blazons burn themselves into the gaze of the foe and trigger nausea, disorientation and stark, unreasoning terror.|<span class="kwb">CHAOS</span> <span class="kwb">KNIGHTS</span> model only. Each time you roll dice to randomly select which <span class="tooltip00631" data-tooltip-content="#tooltip_content00631"><span class="tt kwbu">Dread</span> <span class="tt kwbu">abilities</span></span> are active for your army, if the bearer is on the battlefield, you can re-roll one or both results rolled.|
QT|000010308004|Warp-borne Stalker|25|Lords of Dread|000001076|Daemonic whispers guide this Knights pilot through the empyric tempests, straight into battle.|<span class="kwb">CHAOS</span> <span class="kwb">KNIGHTS</span> model only. The bearer has the <span class="tooltip00046" data-tooltip-content="#tooltip_content00046"><span class="tt kwbu">Deep</span> <span class="tt kwbu">Strike</span></span> ability. In addition, once per battle, at the end of your opponentâs turn, if the bearer is not within <span class="tooltip00023" data-tooltip-content="#tooltip_content00023"><span class="tt kwbu">Engagement</span> <span class="tt kwbu">Range</span></span> of one or more enemy units, you can remove it from the battlefield and place it into <a href="/wh40k10ed/the-rules/core-rules/#Strategic-Reserves">Strategic Reserves</a>.|
QT|000009765005|Diabolical Resilience|35|Iconoclast Fiefdom|000000989|With its pilot consumed by imperious arrogance and its systems clotted with malefic corruption, this venerable war suit refuses to yield, contemptuously shrugging off the incoming fire.|<span class="kwb">CHAOS</span> <span class="kwb">KNIGHTS</span> model only. The bearer has the <span class="tooltip00119" data-tooltip-content="#tooltip_content00119"><span class="tt kwbu">Feel</span> <span class="tt kwbu">No</span> <span class="tt kwbu">Pain</span> <span class="tt kwbu">6+</span></span> ability and you can ignore any or all modifiers to its Move characteristic and/or to any <span class="tooltip00230" data-tooltip-content="#tooltip_content00230"><span class="tt kwbu">Advance</span></span> or <span class="tooltip00033" data-tooltip-content="#tooltip_content00033"><span class="tt kwbu">Charge</span> <span class="tt kwbu">rolls</span></span> made for it.|
QT|000008516005|Veil of Medrengard|35|Traitoris Lance|000000806|Said to have been fashioned upon Perturaboâs own daemon world, this baroque device projects an energy barrier of greater power than a standard ion shield.|<span class="kwb">CHAOS</span> <span class="kwb">KNIGHTS</span> model only. The bearer has a 4+ <span class="tooltip00051" data-tooltip-content="#tooltip_content00051"><span class="tt kwbu">invulnerable</span> <span class="tt kwbu">save</span></span> against ranged attacks, and a 5+ invulnerable save against melee attacks.|
QT|000010308005|Putrid Carapace|30|Lords of Dread|000001076|Blessed by Nurgle, the Chaos God of plague and despair, the hide of this Knight suit is thickened with steadily regenerating layers of rust and rotting blubber.|<span class="kwb">CHAOS</span> <span class="kwb">KNIGHTS</span> model only. The bearer has a Save characteristic of 2+. In addition, once per battle, at the start of either playerâs <a href="/wh40k10ed/the-rules/core-rules/#COMMAND-PHASE">Command phase</a>, the bearer can use this Enhancement. If it does, the bearer regains up to D6 lost wounds.|
QT|000010304005|Bestial Aspect|20|Infernal Lance|000001075|The machine spirit of this Knight suit has become so ferocious and blood-hungry that it now moves and hunts like a monstrous beast.|<span class="kwb">CHAOS</span> <span class="kwb">KNIGHTS</span> model only. The bearerâs ranged weapons have the <span class="kwb2 bluefont"><span class="tooltip00217" data-tooltip-content="#tooltip_content00217"><span class="tt kwbu">[assault]</span></span></span> ability. While the bearer is using the <span class="tooltip00629" data-tooltip-content="#tooltip_content00629"><span class="tt kwbu">Unholy</span> <span class="tt kwbu">Hunger</span></span> ability, it can ignore any or all modifiers to its Move characteristic and/or to <span class="tooltip00230" data-tooltip-content="#tooltip_content00230"><span class="tt kwbu">Advance</span> <span class="tt kwbu">rolls</span></span> made for its unit.|
QT|000010308006|Mirror of Fates|30|Lords of Dread|000001076|Hammered into the flesh of a Fallen Nobleâs forehead and allowed to take root, this warp crystal allows them to predict their enemyâs plans and exploit them.|<span class="kwb">CHAOS</span> <span class="kwb">KNIGHTS</span> model only. Once per <a href="/wh40k10ed/the-rules/core-rules/#The-Battle-Round">battle round</a>, you can target the bearerâs unit with the <span class="tooltip00529" data-tooltip-content="#tooltip_content00529"><span class="tt kwbu">Command</span> <span class="tt kwbu">Re-roll</span></span> Stratagem for 0CP, and can do so even if another unit from your army has already been targeted by that Stratagem this phase. In addition, you gain Lord of Deceit ability:<br><br><b>Lord of Deceit (Aura):</b> Each time your opponent targets a unit from their army with a Stratagem, if that unit is within 12" of this model, increase the cost of that use of that Stratagem by 1CP.|
QT|000010308007|Blessing of the Dark Master|20|Lords of Dread|000001076|This pilot has won the favour of a sinister patron, granting them a measure of mysterious protection.|<span class="kwb">CHAOS</span> <span class="kwb">KNIGHTS</span> model only. The bearer has the <span class="tooltip00496" data-tooltip-content="#tooltip_content00496"><span class="tt kwbu">Stealth</span></span> ability. In addition, once per battle, after you make a <span class="tooltip00032" data-tooltip-content="#tooltip_content00032"><span class="tt kwbu">saving</span> <span class="tt kwbu">throw</span></span> for the bearer, you can change the Damage characteristic of that attack to 0.|
SM|000009785002|Prescience|25|Librarius Conclave|000000994|Those who specialise in prognostication may foresee the flow of battle and position their allies accordingly.|<span class="tooltip00632" data-tooltip-content="#tooltip_content00632" data-tooltip-anchor="#tooltip_content00632"><span class="kwb kwbu">ADEPTUS</span> <span class="kwb kwbu">ASTARTES</span> <span class="kwb kwbu">PSYKER</span></span> model only (excluding <span class="tooltip00298" data-tooltip-content="#tooltip_content00298" data-tooltip-anchor="#tooltip_content00298"><span class="kwb kwbu">TERMINATOR</span></span> models). Once per turn, when an enemy unit ends a <span class="tooltip00221" data-tooltip-content="#tooltip_content00221"><span class="tt kwbu">Normal</span></span>, <span class="tooltip00230" data-tooltip-content="#tooltip_content00230"><span class="tt kwbu">Advance</span></span> or <span class="tooltip00025" data-tooltip-content="#tooltip_content00025"><span class="tt kwbu">Fall</span> <span class="tt kwbu">Back</span> <span class="tt kwbu">move</span></span> within 9" of the bearerâs unit, the bearerâs unit can make a Normal move of up to D6", or up to 6" instead if the <span class="tooltip00633" data-tooltip-content="#tooltip_content00633"><span class="tt kwbu">Divination</span> <span class="tt kwbu">Discipline</span></span> is active for your army.|
SM|000008490002|The Blade Driven Deep|25|Vanguard Spearhead|000000797|This battlefield stalker slips through enemy territory like a spectre, leading their warriors in daring behind-enemy-lines operations.|<span class="tooltip00329" data-tooltip-content="#tooltip_content00329" data-tooltip-anchor="#tooltip_content00329"><span class="kwb kwbu">ADEPTUS</span> <span class="kwb kwbu">ASTARTES</span> <span class="kwb kwbu">INFANTRY</span></span> model only. While the bearer is leading a unit, models in that unit have the <span class="tooltip00510" data-tooltip-content="#tooltip_content00510"><span class="tt kwbu">Infiltrators</span></span> ability.|
SM|000008474002|Indomitable Fury|20|Anvil Siege Force|000000793|This hero refuses to yield whilst foes remain, fighting back from the brink of death like a vengeful demigod.|<span class="tooltip00297" data-tooltip-content="#tooltip_content00297" data-tooltip-anchor="#tooltip_content00297"><span class="kwb kwbu">GRAVIS</span></span> model only. The first time the bearer is <span class="tooltip00206" data-tooltip-content="#tooltip_content00206"><span class="tt kwbu">destroyed</span></span>, roll one D6 at the end of the phase. On a 2+, set the bearer back up on the battlefield, as close as possible to where it was destroyed and not within <span class="tooltip00023" data-tooltip-content="#tooltip_content00023"><span class="tt kwbu">Engagement</span> <span class="tt kwbu">Range</span></span> of any enemy units, with its full wounds remaining.|
SM|000009240002|Adamantine Mantle|0|Boarding Strike|000000905|Bestowed as a mark of honour, this venerated relic lends an extra layer of armour protection that proves especially useful amidst vicious void war.|Each time an attack is allocated to the bearer, subtract 1 from the Damage characteristic of that attack.|
SM|000008353002|Artificer Armour|10|Gladius Task Force|000000750|Crafted by the Chapterâs finest artificers, this suit of armour provides superior protection.|<span class="kwb">ADEPTUS</span> <span class="kwb">ASTARTES</span> model only. The bearer has a Save characteristic of 2+ and the <span class="tooltip00119" data-tooltip-content="#tooltip_content00119"><span class="tt kwbu">Feel</span> <span class="tt kwbu">No</span> <span class="tt kwbu">Pain</span> <span class="tt kwbu">5+</span></span> ability.|
SM|000008771002|Shroud of Heroes|25|Unforgiven Task Force|000000834|Formed from the death shrouds of some of the Chapters greatest warriors, this robe inspires its wearer with the might and selflessness of those who came before.|<span class="kwb">ADEPTUS</span> <span class="kwb">ASTARTES</span> model only. The first time the bearer is <span class="tooltip00206" data-tooltip-content="#tooltip_content00206"><span class="tt kwbu">destroyed</span></span>, roll one D6 at the end of the phase. On a 2+, set the bearer back up on the battlefield as close as possible to where it was destroyed and not within <span class="tooltip00023" data-tooltip-content="#tooltip_content00023"><span class="tt kwbu">Engagement</span> <span class="tt kwbu">Range</span></span> of any enemy units, with 3 wounds remaining (if the bearer was <span class="tooltip00036" data-tooltip-content="#tooltip_content00036"><span class="tt kwbu">Battle-shocked</span></span> when it was destroyed, it is instead returned with its full wounds remaining).|
SM|000010155002|Tempered in Battle (Aura)|10|Wrath of the Rock|000001059|A veteran of the Inner Circle, this warrior inspires those around them to hold the line amidst the heat and chaos of battle.|<span class="kwb">ADEPTUS</span> <span class="kwb">ASTARTES</span> model only. While a friendly <span class="kwb">ADEPTUS</span> <span class="kwb">ASTARTES</span> unit is within 6" of this model, you can re-roll <span class="tooltip00036" data-tooltip-content="#tooltip_content00036"><span class="tt kwbu">Battle-shock</span></span> and <span class="tooltip00509" data-tooltip-content="#tooltip_content00509"><span class="tt kwbu">Leadership</span> <span class="tt kwbu">tests</span></span> taken for that unit.|
SM|000008522002|Thief of Secrets|25|Black Spear Task Force|000000808|The Thief of Secrets is a blade whose machine spirit has an unquenchable thirst for knowledge. It has tasted the vitae of countless alien races, absorbing those liquids through auto-sanctified sanguinator-channels and codifying them through the honeycombed array of logicum cells within. The biological secrets of many xenos races have thus been laid bare, allowing the bladeâs user to modulate its power field, the better to slice through chitinous armour, rupture xenoform organs and burn out alien nervous systems.|<span class="kwb">ADEPTUS</span> <span class="kwb">ASTARTES</span> model only. Improve the Strength, Damage and Armour Penetration characteristics of the bearerâs melee weapons by 1. At the end of the <a href="/wh40k10ed/the-rules/core-rules/#FIGHT-PHASE">Fight phase</a>, if one or more enemy models were destroyed as a result of a melee attack made by the bearer this phase, until the end of the battle, improve the Strength, Damage and Armour Penetration characteristics of the bearerâs melee weapons by 2 instead.|
SM|000008494002|The Imperiumâs Sword|25|1st Company Task Force|000000798|This hero and the veterans they lead cut down their foes like a reaping whirlwind.|<span class="kwb">ADEPTUS</span> <span class="kwb">ASTARTES</span> model only. Add 1 to the Attacks characteristic of the bearers melee weapons. Once per battle, at the start of any phase, the bearer can use this Enhancement. If it does, until the end of the phase, add 1 to the Attacks characteristic of melee weapons equipped by all other models in the bearerâs unit as well.|
SM|000008774002|Champion of the Deathwing|15|Inner Circle Task Force|000000835|Even amongst the elite of the Unforgiven, this warrior is a paragon of duty and martial might.|<span class="tooltip00634" data-tooltip-content="#tooltip_content00634" data-tooltip-anchor="#tooltip_content00634"><span class="kwb kwbu">DEATHWING</span></span> model only. Melee weapons equipped by the bearer have the <span class="kwb2 bluefont"><span class="tooltip00218" data-tooltip-content="#tooltip_content00218"><span class="tt kwbu">[lethal</span> <span class="tt kwbu">hits]</span></span></span> ability, and each time the bearer makes a melee attack, if it is within range of your Vowed <span class="tooltip00064" data-tooltip-content="#tooltip_content00064"><span class="tt kwbu">objective</span> <span class="tt kwbu">marker</span></span>, a <span class="tooltip00031" data-tooltip-content="#tooltip_content00031"><span class="tt kwbu">Critical</span> <span class="tt kwbu">Hit</span></span> is scored on an unmodified <span class="tooltip00031" data-tooltip-content="#tooltip_content00031"><span class="tt kwbu">Hit</span> <span class="tt kwbu">roll</span></span> of 5+.|
SM|000009851002|Wolvesâ Wisdom|30|Champions of Fenris|000001008|This champion has honed his killer instincts over endless years of bloody battle through wildly varying landscapes and against every manner of foe imaginable. He knows unerringly where and when to land the killing blow.|<span class="tooltip00329" data-tooltip-content="#tooltip_content00329" data-tooltip-anchor="#tooltip_content00329"><span class="kwb kwbu">ADEPTUS</span> <span class="kwb kwbu">ASTARTES</span> <span class="kwb kwbu">INFANTRY</span></span> model only. The bearerâs unit can <a href="/wh40k10ed/the-rules/core-rules/#CHARGE-PHASE">declare a charge</a> against one or more units within 6" instead of within 3" when using <span class="tooltip00638" data-tooltip-content="#tooltip_content00638"><span class="tt kwbu">The</span> <span class="tt kwbu">Great</span> <span class="tt kwbu">Wolf</span> <span class="tt kwbu">Watches</span></span> Detachment rule.|
SM|000009255002|Seal of Indomitability|0|Terminator Assault|000000907|This ancient honour is said to fortify the machine spirit of a suit of Terminator plate against even the most dolorous of blows.|Once per battle, when the bearerâs unit is selected as the target of one or more attacks, it can use this Enhancement. If it does, until the end of the phase, the bearer has a 3+ <span class="tooltip00051" data-tooltip-content="#tooltip_content00051"><span class="tt kwbu">invulnerable</span> <span class="tt kwbu">save</span></span>.|
SM|000009190002|Artisan of War|20|The Angelic Host|000000901|This warrior is a true artist both on and off the battlefield. His talents are reflected in the exquisite workmanship of his wargear, for he insists upon personally crafting his weapons of war.|<span class="tooltip00639" data-tooltip-content="#tooltip_content00639" data-tooltip-anchor="#tooltip_content00639"><span class="kwb kwbu">ADEPTUS</span> <span class="kwb kwbu">ASTARTES</span> <span class="kwb kwbu">JUMP</span> <span class="kwb kwbu">PACK</span></span> model only. Improve the Armour Penetration characteristic of the bearers weapons by 1, and the bearer has a Save characteristic of 2+.|
SM|000009186002|Sanguiniusâ Grace|20|The Lost Brethren|000000900|As maddening hallucinatory memories of long-forgotten battles flash across this warriors mind, he is granted a sliver of the Primarchs combat prowess.|<span class="tooltip00640" data-tooltip-content="#tooltip_content00640" data-tooltip-anchor="#tooltip_content00640"><span class="kwb kwbu">DEATH</span> <span class="kwb kwbu">COMPANY</span></span> model only. Once per battle, at the end of the <a href="/wh40k10ed/the-rules/core-rules/#FIGHT-PHASE">Fight phase</a>, if the bearer is within <span class="tooltip00023" data-tooltip-content="#tooltip_content00023"><span class="tt kwbu">Engagement</span> <span class="tt kwbu">Range</span></span> of three or more enemy models, the bearer can fight one additional time.|
SM|000008376002|Speed of the Primarch|25|Liberator Assault Group|000000758|Such is this warriors rage-fuelled speed, it is as if the Primarch himself fights alongside his sons.|<span class="tooltip00641" data-tooltip-content="#tooltip_content00641" data-tooltip-anchor="#tooltip_content00641"><span class="kwb kwbu">ADEPTUS</span> <span class="kwb kwbu">ASTARTES</span></span> model only. Once per battle, at the start of the <a href="/wh40k10ed/the-rules/core-rules/#FIGHT-PHASE">Fight phase</a>, the bearer can use this Enhancement. If it does, until the end of the phase, models in the bearerâs unit have the <span class="tooltip00512" data-tooltip-content="#tooltip_content00512"><span class="tt kwbu">Fights</span> <span class="tt kwbu">First</span></span> ability.|
SM|000009835002|Prescient Flash|20|Angelic Inheritors|000001004|A flash of foresight and clarity sings through this warriorâs blood and guides his steps into battle.|<span class="kwb">ADEPTUS</span> <span class="kwb">ASTARTES</span> model only. Models in the bearerâs unit have the <span class="tooltip00100" data-tooltip-content="#tooltip_content00100"><span class="tt kwbu">Scouts</span> <span class="tt kwbu">6"</span></span> ability.|
SM|000010466002|Blackwing Shroud|25|Shadowmark Talon|000001104|This mechanical device contains miniaturised refraction fields and electromagnetic interference projectors that distort sensory apparatus, enabling the bearer and their unit to evade detection and infiltrate key positions.|<span class="tooltip00329" data-tooltip-content="#tooltip_content00329" data-tooltip-anchor="#tooltip_content00329"><span class="kwb kwbu">ADEPTUS</span> <span class="kwb kwbu">ASTARTES</span> <span class="kwb kwbu">INFANTRY</span></span> model only. While the bearer is leading a unit, models in that unit have the <span class="tooltip00510" data-tooltip-content="#tooltip_content00510"><span class="tt kwbu">Infiltrators</span></span> ability.|
SM|000010460002|Champion of the Feast|25|Emperorâs Shield|000001103|A victor in the Feast of Blades, this battle-brother is a master of close-quarters fighting.|<span class="kwb">ADEPTUS</span> <span class="kwb">ASTARTES</span> model only. Add 1 to the Attacks characteristic of the bearerâs melee weapons. Once per battle, at the start of any phase, the bearer can use this Enhancement. If it does, until the end of the phase, add 1 to the Attacks characteristic of melee weapons equipped by other models in the bearerâs unit as well.|
SM|000008778002|Master-crafted Weapon|10|Company of Hunters|000000836|Those who command the Ravenwing on their hunts are often honoured with a masterwork blade, mace or other deadly close-quarters weapon. Such implements are fashioned by the Chapters artificers and weighted perfectly to be wielded from the saddle of a speeding armoured steed.|<span class="tooltip00642" data-tooltip-content="#tooltip_content00642" data-tooltip-anchor="#tooltip_content00642"><span class="kwb kwbu">RAVENWING</span></span> model only. Melee weapons equipped by the bearer have the <span class="kwb2 bluefont"><span class="tooltip00057" data-tooltip-content="#tooltip_content00057"><span class="tt kwbu">[PRECISION]</span></span></span> ability.|
SM|000009248002|Omni-Structural Auspex|0|Pilum Strike Team|000000906|A rare device with a potent and knowledgeable machine spirit, this implement analyses the integrity of foesâ armour and isolates weaknesses to exploit.|In your <a href="/wh40k10ed/the-rules/boarding-action-rules/#Shooting-Phase">Shooting phase</a>, after the bearer has shot, select one enemy unit hit by one or more of those attacks. Until the end of the phase, each time a friendly <span class="kwb">ADEPTUS</span> <span class="kwb">ASTARTES</span> model (excluding <span class="tooltip00344" data-tooltip-content="#tooltip_content00344" data-tooltip-anchor="#tooltip_content00344"><span class="kwb kwbu">CHARACTER</span></span> models) makes an attack that targets that unit, improve the Armour Penetration characteristic of that attack by 1.|
SM|000008482002|Champion of Humanity|10|Firestorm Assault Force|000000795|This commander and their warriors have vowed to secure victory and defend the Imperium from the horrors of the galaxy.|<span class="tooltip00331" data-tooltip-content="#tooltip_content00331" data-tooltip-anchor="#tooltip_content00331"><span class="kwb kwbu">TACTICUS</span></span> model only. While the bearer is leading a unit, models in that unit can ignore any or all modifiers to their characteristics and/or to any roll or test made for them (excluding modifiers to <span class="tooltip00032" data-tooltip-content="#tooltip_content00032"><span class="tt kwbu">saving</span> <span class="tt kwbu">throws</span></span>).|
SM|000010400002|Paragon of Fury|25|Godhammer Assault Force|000001093|This crusaders hatred for the heretic and the unbeliever burns with the fury of a newborn star.|<span class="kwb">ADEPTUS</span> <span class="kwb">ASTARTES</span> model only. Add 2 to the Strength characteristic of melee weapons equipped by the bearer. Each time a melee attack made by the bearer is allocated to an enemy model, if the bearer <span class="tooltip00076" data-tooltip-content="#tooltip_content00076"><span class="tt kwbu">disembarked</span></span> from a <span class="tooltip00342" data-tooltip-content="#tooltip_content00342" data-tooltip-anchor="#tooltip_content00342"><span class="kwb kwbu">TRANSPORT</span></span> this turn, add 1 to the Damage characteristic of that attack.|
SM|000010368002|Immolator|10|Forgefatherâs Seekers|000001086|Steeped in the Promethean Cult, this battle-brother wields the flamer with unparalleled mastery, turning the battlefield into a burning pyre for the corpses of his foes.|<span class="kwb">ADEPTUS</span> <span class="kwb">ASTARTES</span> model only. Add 1 to the Attacks characteristics of <span class="tooltip00548" data-tooltip-content="#tooltip_content00548"><span class="tt kwbu">Torrent</span> <span class="tt kwbu">weapons</span></span> equipped by models in the bearerâs unit.|
SM|000009733002|Calibanite Armaments|15|Lionâs Blade Task Force|000000981|The eldest relic weapons of the Dark Angels trace their lineage to ancient Caliban and are wielded only by the greatest champions of the Unforgiven.|<span class="kwb">ADEPTUS</span> <span class="kwb">ASTARTES</span> model only. Add 1 to the Damage characteristic of the bearerâs melee weapons.|
SM|000008478002|Target Augury Web|30|Ironstorm Spearhead|000000794|This spearhead commander uses advanced augmetics to distribute targeting data. With these, they direct the fire of their war engine crews and rouse their machine spirits to operative superiority.|<span class="tooltip00369" data-tooltip-content="#tooltip_content00369" data-tooltip-anchor="#tooltip_content00369"><span class="kwb kwbu">TECHMARINE</span></span> model only. In your <a href="/wh40k10ed/the-rules/core-rules/#COMMAND-PHASE">Command phase</a>, select one <span class="tooltip00338" data-tooltip-content="#tooltip_content00338" data-tooltip-anchor="#tooltip_content00338"><span class="kwb kwbu">ADEPTUS</span> <span class="kwb kwbu">ASTARTES</span> <span class="kwb kwbu">VEHICLE</span></span> model within 6" of the bearer. Until the start of your next Command phase, weapons equipped by that <span class="kwb">VEHICLE</span> model have the <span class="kwb2 bluefont"><span class="tooltip00218" data-tooltip-content="#tooltip_content00218"><span class="tt kwbu">[LETHAL</span> <span class="tt kwbu">HITS]</span></span></span> ability.|
SM|000008486002|Fury of the Storm|25|Stormlance Task Force|000000796|This aggressive warrior channels their eagerness to kill into each and every strike. They hit the enemyâs lines with all the ferocity of a raging tempest.|<span class="tooltip00334" data-tooltip-content="#tooltip_content00334" data-tooltip-anchor="#tooltip_content00334"><span class="kwb kwbu">ADEPTUS</span> <span class="kwb kwbu">ASTARTES</span> <span class="kwb kwbu">MOUNTED</span></span> model only. Improve the Strength and Armour Penetration characteristics of the bearerâs melee weapons by 1. Each time the bearer ends a <span class="tooltip00033" data-tooltip-content="#tooltip_content00033"><span class="tt kwbu">Charge</span> <span class="tt kwbu">move</span></span>, until the end of the turn, improve the Strength and Armour Penetration characteristics of the bearers melee weapons by 2 instead.|
SM|000009843002|Pyrebrand|25|Wrathful Procession|000001006|Within this relic burns a seemingly eternal flame, believed to have first been lit by Sigismund himself. Its light burns the sight from the foesâ eyes just as its tongues of flame have ignited countless pyres.|<span class="tooltip00208" data-tooltip-content="#tooltip_content00208" data-tooltip-anchor="#tooltip_content00208"><span class="kwb kwbu">BLACK</span> <span class="kwb kwbu">TEMPLARS</span></span> model only. Models in the bearerâs unit have the <span class="tooltip00496" data-tooltip-content="#tooltip_content00496"><span class="tt kwbu">Stealth</span></span> ability.|
SM|000010261002|Swift Hunter|20|Saga of the Hunter|000001068|A seasoned hunter, this warrior knows well that speed and decisiveness can turn the tide of any battle.|<span class="tooltip00212" data-tooltip-content="#tooltip_content00212" data-tooltip-anchor="#tooltip_content00212"><span class="kwb kwbu">SPACE</span> <span class="kwb kwbu">WOLVES</span></span> model only. Models in the bearerâs unit have the <span class="tooltip00100" data-tooltip-content="#tooltip_content00100"><span class="tt kwbu">Scouts</span> <span class="tt kwbu">7"</span></span> ability.|
SM|000010265002|Braggartâs Steel|20|Saga of the Bold|000001069|This weapon has graced the hand of many a champion and inspires in its bearers a brazen self-confidence.|<span class="tooltip00212" data-tooltip-content="#tooltip_content00212" data-tooltip-anchor="#tooltip_content00212"><span class="kwb kwbu">SPACE</span> <span class="kwb kwbu">WOLVES</span></span> model only. Add 2 to the Strength characteristic of melee weapons equipped by the bearer. If the bearerâs unit has achieved one or more <span class="tooltip00643" data-tooltip-content="#tooltip_content00643"><span class="tt kwbu">Boasts</span></span>, add 1 to the Damage characteristic of those weapons as well.|
SM|000010269002|Wolf-touched|15|Saga of the Beastslayer|000001070|Whilst the Canis Helix has yet to overcome this champion fully, it is stirred to life by the thrill of battle and the scent of blood.|<span class="tooltip00212" data-tooltip-content="#tooltip_content00212" data-tooltip-anchor="#tooltip_content00212"><span class="kwb kwbu">SPACE</span> <span class="kwb kwbu">WOLVES</span></span> model only. Add 2" to the Move characteristic of the bearer. In the Declare Battle Formations step, the bearer can be <span class="tooltip00029" data-tooltip-content="#tooltip_content00029"><span class="tt kwbu">attached</span></span> to a <span class="tooltip00644" data-tooltip-content="#tooltip_content00644" data-tooltip-anchor="#tooltip_content00644"><span class="kwb kwbu">WULFEN</span> <span class="kwb kwbu">INFANTRY</span></span> unit.|
SM|000010392002|Incendiary Animus|25|Companions of Vehemence|000001091|This inspirational warrior exudes fierce contempt and loathing for the Emperorâs foes, inciting such apoplectic revulsion in their battle-brothers as to drive their blows with vicious strength.|<span class="tooltip00371" data-tooltip-content="#tooltip_content00371" data-tooltip-anchor="#tooltip_content00371"><span class="kwb kwbu">CHAPLAIN</span></span> or <span class="tooltip00645" data-tooltip-content="#tooltip_content00645" data-tooltip-anchor="#tooltip_content00645"><span class="kwb kwbu">JUDICIAR</span></span> model only. Improve the Armour Penetration characteristic of melee weapons equipped by models in the bearerâs unit by 1.|
SM|000010396002|Imperialis of the Eternal Crusade|15|Vindication Task Force|000001092|This gleaming finial is said to have once topped Terraâs holiest spire and been gifted by the third Ecclesiarch to the High Marshal. It radiates an imperious superiority, buffeting impure minds with bellicose neural suppression until those who mean the bearer ill are left staggering.|<span class="tooltip00364" data-tooltip-content="#tooltip_content00364" data-tooltip-anchor="#tooltip_content00364"><span class="kwb kwbu">ANCIENT</span></span> model only. Each time an enemy unit selects the bearerâs unit as a target of a charge, subtract 2 from the <span class="tooltip00033" data-tooltip-content="#tooltip_content00033"><span class="tt kwbu">Charge</span> <span class="tt kwbu">roll</span></span> (this is not cumulative with any olher negative modifiers to that Charge roll).|
SM|000010623002|Spiritus Ferrum|25|Hammer of Avernii|000001118|This ancient augmetic empowers its bearer â and in extremis even their comrades â with the fury of the motive force.|<span class="kwb">ADEPTUS</span> <span class="kwb">ASTARTES</span> model only. Add 1 to the Attacks characteristic of the bearerâs melee weapons. Once per battle, at the start of any phase, the bearer can use this Enhancement. If it does, until the end of the phase, add 1 to the Attacks characteristic of melee weapons equipped by all other models in the bearerâs unit as well.|
SM|000010629002|Spearpoint Paragon|25|Spearpoint Task Force|000001119|Decades of service within the White Scars First Company have helped this superlative warrior master the violent arts of high-speed combat.|<span class="kwb">ADEPTUS</span> <span class="kwb">ASTARTES</span> model only. Improve the Strength and Armour Penetration characteristics of the bearerâs melee weapons by 1. Each time the bearer ends a <span class="tooltip00033" data-tooltip-content="#tooltip_content00033"><span class="tt kwbu">Charge</span> <span class="tt kwbu">move</span></span>, until the end of the turn, improve the Strength and Armour Penetration characteristics of the bearerâs melee weapons by 2 instead.|
SM|000010155003|Ancient Weapons|25|Wrath of the Rock|000001059|The vaults of the Dark Angels contain many relics from Humanityâs distant past. This soldier has been granted the honour of bearing such a weapon to battle.|<span class="kwb">ADEPTUS</span> <span class="kwb">ASTARTES</span> model only. Improve the Strength characteristic of melee weapons equipped by the bearer by 2, and improve the Armour Penetration and Damage characteristics of those weapons by 1.|
SM|000009186003|Blood Shard|25|The Lost Brethren|000000900|Spiritual energy flows from this crimson gem, filling its bearer with a ferocious desire to tear their foes limb from limb. Those infused with its energies may fight on despite suffering seemingly mortal wounds.|<span class="tooltip00640" data-tooltip-content="#tooltip_content00640" data-tooltip-anchor="#tooltip_content00640"><span class="kwb kwbu">DEATH</span> <span class="kwb kwbu">COMPANY</span></span> model only. The first time the bearer is <span class="tooltip00206" data-tooltip-content="#tooltip_content00206"><span class="tt kwbu">destroyed</span></span>, at the end of the phase, roll one D6: on a 2+, set the bearer back up on the battlefield as close as possible to where it was destroyed and not within <span class="tooltip00023" data-tooltip-content="#tooltip_content00023"><span class="tt kwbu">Engagement</span> <span class="tt kwbu">Range</span></span> of any enemy units, with 3 wounds remaining.|
SM|000009785003|Celerity|30|Librarius Conclave|000000994|The powers of the Immaterium flow through the psyker, heightening his speed and that of his battle-brothers.|<span class="tooltip00632" data-tooltip-content="#tooltip_content00632" data-tooltip-anchor="#tooltip_content00632"><span class="kwb kwbu">ADEPTUS</span> <span class="kwb kwbu">ASTARTES</span> <span class="kwb kwbu">PSYKER</span></span> model only. The bearerâs unit is eligible to <a href="/wh40k10ed/the-rules/core-rules/#CHARGE-PHASE">declare a charge</a> in a turn in which it <span class="tooltip00230" data-tooltip-content="#tooltip_content00230"><span class="tt kwbu">Advanced</span></span>, and if the <span class="tooltip00646" data-tooltip-content="#tooltip_content00646"><span class="tt kwbu">Biomancy</span> <span class="tt kwbu">Discipline</span></span> is active for your army, it is eligible to declare a charge in a turn in which it <span class="tooltip00025" data-tooltip-content="#tooltip_content00025"><span class="tt kwbu">Fell</span> <span class="tt kwbu">Back</span></span>.|
SM|000009733003|Lord of the Hunt|15|Lionâs Blade Task Force|000000981|This veteran of the Ravenwing has spent mortal lifetimes in the saddle, leading mechanised cavalry to battle on countless worlds.|<span class="tooltip00642" data-tooltip-content="#tooltip_content00642" data-tooltip-anchor="#tooltip_content00642"><span class="kwb kwbu">RAVENWING</span></span> model only. The bearerâs unit is eligible to shoot and <a href="/wh40k10ed/the-rules/core-rules/#CHARGE-PHASE">declare a charge</a> in a turn in which it Fell Back and you can re-roll <span class="tooltip00025" data-tooltip-content="#tooltip_content00025"><span class="tt kwbu">Desperate</span> <span class="tt kwbu">Escape</span> <span class="tt kwbu">tests</span></span> taken for models in the bearerâs unit.|
SM|000010396003|Consecrating Aura|25|Vindication Task Force|000001092|The piety and honour of this warrior can be felt wherever he fights. His presence rouses the ardent souls of the Black Templars, warding Sigismundâs heirs from the blasphemy of the unbeliever.|<span class="kwb">ADEPTUS</span> <span class="kwb">ASTARTES</span> model only. Models in the bearerâs unit have a 5+ <span class="tooltip00051" data-tooltip-content="#tooltip_content00051"><span class="tt kwbu">invulnerable</span> <span class="tt kwbu">save</span></span>.|
SM|000009843003|Sacred Rage|30|Wrathful Procession|000001006|So all-consuming is this warriorâs hatred of the foe, so infectious his rage at their continued existence, that it grips those who fight alongside him and goads them to smite their enemies all the more swiftly.|<span class="kwb">ADEPTUS</span> <span class="kwb">ASTARTES</span> model only. Once per battle, at the start of the <a href="/wh40k10ed/the-rules/core-rules/#FIGHT-PHASE">Fight phase</a>, the bearer can use this Enhancement. If it does, until the end of the phase, models in the bearerâs unit have the <span class="tooltip00512" data-tooltip-content="#tooltip_content00512"><span class="tt kwbu">Fights</span> <span class="tt kwbu">First</span></span> ability.|
SM|000008486003|Portents of Wisdom|15|Stormlance Task Force|000000796|This warrior has been made privy to omens of great threats in the wars to come. Armed with this knowledge, they and their battle-brothers enter battle with a boldness that some mistake for recklessness.|<span class="kwb">ADEPTUS</span> <span class="kwb">ASTARTES</span> model only. While the bearer is leading a unit, you can re-roll <span class="tooltip00230" data-tooltip-content="#tooltip_content00230"><span class="tt kwbu">Advance</span> <span class="tt kwbu">rolls</span></span> made for that unit.|
SM|000009240003|Clavitine Reliquary|0|Boarding Strike|000000905|A timeless and unique example of Chapter artifice, this device rapidly synchronises with the data spirits of locking devices and renders them quiescent.|In your <a href="/wh40k10ed/the-rules/boarding-action-rules/#Movement-Phase">Movement phase</a>, each time the bearer is selected to make a <span class="tooltip00221" data-tooltip-content="#tooltip_content00221"><span class="tt kwbu">Normal</span></span> or <span class="tooltip00230" data-tooltip-content="#tooltip_content00230"><span class="tt kwbu">Advance</span> <span class="tt kwbu">move</span></span>, if it is within 1" of a <a href="/wh40k10ed/the-rules/boarding-action-rules/#Terrain">Hatchway</a>, it can attempt to operate that Hatchway. If it does, it cannot attempt to <a href="/wh40k10ed/the-rules/boarding-action-rules/#Open-Hatchways">operate a Hatchway</a> again this turn.|
SM|000008778003|Mounted Strategist|30|Company of Hunters|000000836|This warrior has mastered the art of such advanced ploys as feigning flight only to turn swiftly upon overextended foes and launch a devastating counter-offensive to shatter their lines.|<span class="tooltip00642" data-tooltip-content="#tooltip_content00642" data-tooltip-anchor="#tooltip_content00642"><span class="kwb kwbu">RAVENWING</span></span> model only. You can re-roll <span class="tooltip00230" data-tooltip-content="#tooltip_content00230"><span class="tt kwbu">Advance</span></span> and <span class="tooltip00033" data-tooltip-content="#tooltip_content00033"><span class="tt kwbu">Charge</span> <span class="tt kwbu">rolls</span></span> made for the bearerâs unit.|
SM|000008494003|Fear Made Manifest (Aura)|30|1st Company Task Force|000000798|This warrior personifies the Emperorâs wrath.|<span class="kwb">ADEPTUS</span> <span class="kwb">ASTARTES</span> model only. While an enemy unit (excluding <span class="kwb">MONSTERS</span> and <span class="kwb">VEHICLES</span>) is within 6" of the bearer, each time that unit fails a <span class="tooltip00036" data-tooltip-content="#tooltip_content00036"><span class="tt kwbu">Battle-shock</span> <span class="tt kwbu">test</span></span>, one model in that unit is <span class="tooltip00206" data-tooltip-content="#tooltip_content00206"><span class="tt kwbu">destroyed</span></span> (chosen by its controlling player). Once per battle, when such an enemy unit fails a Battle-shock test, you can choose for D3 models in that unit to be destroyed in this way instead.|
SM|000009248003|Void Warrior|0|Pilum Strike Team|000000906|Having mastered the arts of shipboard warfare over many battles, this warrior moves swiftly through them and strikes with unerring skill.|You can re-roll <span class="tooltip00230" data-tooltip-content="#tooltip_content00230"><span class="tt kwbu">Advance</span></span> and <span class="tooltip00033" data-tooltip-content="#tooltip_content00033"><span class="tt kwbu">Charge</span> <span class="tt kwbu">rolls</span></span> made for the bearer. In addition, the bearer is eligible to <a href="/wh40k10ed/the-rules/core-rules/#CHARGE-PHASE">declare a charge</a> in a turn in which it Advanced.|
SM|000008771003|Stubborn Tenacity|15|Unforgiven Task Force|000000834|Even for a Chapter as famously stubborn as the Dark Angels, this warrior is known for their intractable nature.|<span class="kwb">ADEPTUS</span> <span class="kwb">ASTARTES</span> model only. While the bearer is leading a unit, each time a model in that unit makes an attack, add 1 to the <span class="tooltip00031" data-tooltip-content="#tooltip_content00031"><span class="tt kwbu">Hit</span> <span class="tt kwbu">roll</span></span> if that unit is below its <span class="tooltip00232" data-tooltip-content="#tooltip_content00232"><span class="tt kwbu">Starting</span> <span class="tt kwbu">Strength</span></span>, and add 1 to the <span class="tooltip00006" data-tooltip-content="#tooltip_content00006"><span class="tt kwbu">Wound</span> <span class="tt kwbu">roll</span></span> as well if that unit is <span class="tooltip00036" data-tooltip-content="#tooltip_content00036"><span class="tt kwbu">Battle-shocked</span></span> and below its Starting Strength.|
SM|000010400003|Battle-psalm Precentor|10|Godhammer Assault Force|000001093|The chanted oratory of this commander rises in volume and stentorian vehemence as he leads his brothers into the charge until he seems like a wrathful war deity closing with his ungodly prey.|<span class="kwb">ADEPTUS</span> <span class="kwb">ASTARTES</span> model only. Each time the bearerâs unit <span class="tooltip00033" data-tooltip-content="#tooltip_content00033"><span class="tt kwbu">declares</span> <span class="tt kwbu">a</span> <span class="tt kwbu">charge</span></span>, if an enemy unit takes a <span class="tooltip00036" data-tooltip-content="#tooltip_content00036"><span class="tt kwbu">Battle-shock</span> <span class="tt kwbu">test</span></span> as a result of the <span class="tooltip00649" data-tooltip-content="#tooltip_content00649"><span class="tt kwbu">Shock</span> <span class="tt kwbu">and</span> <span class="tt kwbu">Awe</span></span> Detachment rule, subtract 1 from that Battle-shock test.|
SM|000010368003|War-tempered Artifice|25|Forgefatherâs Seekers|000001086|Having laboured long in the Chapterâs forges, this warrior smith has crafted his personal armaments. Each weapon is a masterwork tool of death-dealing, wrought with care and strength, and embellished with the icons of their makerâs brotherhood.|<span class="kwb">ADEPTUS</span> <span class="kwb">ASTARTES</span> <span class="kwb">INFANTRY</span> model only. Add 3 to the Strength characteristic of the bearerâs melee weapons.|
SM|000009835003|Troubling Visions|15|Angelic Inheritors|000001004|In the long run, these strange and intrusive visions of bloodshed bode terribly ill for this champion of the Blood Angels. In this instance, though, they bring him closer than ever to the glory of his gene-sire.|<span class="kwb">ADEPTUS</span> <span class="kwb">ASTARTES</span> model only. Once per battle, in your <a href="/wh40k10ed/the-rules/core-rules/#COMMAND-PHASE">Command phase</a>, the bearer can use this Enhancement. When it does, until the start of your next Command phase, all <span class="tooltip00650" data-tooltip-content="#tooltip_content00650"><span class="tt kwbu">Angelic</span> <span class="tt kwbu">Legacy</span> <span class="tt kwbu">abilities</span></span> are active for the bearerâs unit, instead of only two of them.|
SM|000010392003|Oathbound Exemplar|15|Companions of Vehemence|000001091|With a ceaseless and booming oratory, this commander exhorts his warriors in their duty to the Emperor. Honour, he declaims, must be pursued relentlessly.|<span class="kwb">ADEPTUS</span> <span class="kwb">ASTARTES</span> <span class="kwb">INFANTRY</span> model only. Add 1 to <span class="tooltip00230" data-tooltip-content="#tooltip_content00230"><span class="tt kwbu">Advance</span> <span class="tt kwbu">rolls</span></span> made for the bearerâs unit. If the mission pack you are playing features <a href="/wh40k10ed/the-rules/chapter-approved-2025-26/#Actions">Actions</a>, the bearerâs unit is eligible to start to perform an Action in a turn in which it <span class="tooltip00230" data-tooltip-content="#tooltip_content00230"><span class="tt kwbu">Advanced</span></span>.|
SM|000008353003|The Honour Vehement|15|Gladius Task Force|000000750|This stanza is inscribed on thrice-blessed parchment and affixed to its bearersâ wargear with a purity seal, there to inspire them to heroic acts of martial prowess.|<span class="kwb">ADEPTUS</span> <span class="kwb">ASTARTES</span> model only. Add 1 to the Attacks and Strength characteristics of the bearerâs melee weapons. While the bearer is under the effects of the <span class="tooltip00651" data-tooltip-content="#tooltip_content00651"><span class="tt kwbu">Assault</span> <span class="tt kwbu">Doctrine</span></span>, add 2 to the Attacks and Strength characteristics of the bearers melee weapons instead.|
SM|000010460003|Disciple of Rhetoricus|10|Emperorâs Shield|000001103|This battle-brother is well versed in the Book of the Five Spheres, drawing upon the teachings of that ancient treatise to command with clarity and purpose.|<span class="tooltip00636" data-tooltip-content="#tooltip_content00636" data-tooltip-anchor="#tooltip_content00636"><span class="kwb kwbu">ADEPTUS</span> <span class="kwb kwbu">ASTARTES</span> <span class="kwb kwbu">TERMINATOR</span></span> model only. Improve the Objective Control characteristic of the bearer by 1. Once per battle, at the start of any phase, the bearer can use this Enhancement. If it does, until the end of the phase, add 1 to the Objective Control characteristic of other models in the bearerâs unit as well.|
SM|000010466003|Coronal Susurrant|30|Shadowmark Talon|000001104|This wreath of circuitry from the Dark Age of Technology forces a whispering white noise into enemy minds and broadcasts.|<span class="tooltip00330" data-tooltip-content="#tooltip_content00330" data-tooltip-anchor="#tooltip_content00330"><span class="kwb kwbu">PHOBOS</span></span> model only. The bearer has the following ability:<br><br><b>Lord of Deceit (Aura):</b> Each time your opponent targets a unit from their army with a Stratagem, if that unit is within 12" of this model, increase the cost of that usage of that Stratagem by 1CP.|
SM|000008522003|Osseus Key|15|Black Spear Task Force|000000808|The ancient clavis known as the Osseus Key is said to be the most powerful of its kind. Where other such devices are made from sanctified platinum, the Osseus Key is made from the hand and finger bones of deceased Imperial Fists heroes that fought in the Horus Heresy, scrimshawed with inhuman care and imbued with the fiercest machine spirits of the age. No portal can bar its bearer from entry, and no xenos machine can stand before his wrath.|<a class="kwbOne" href="/wh40k10ed/factions/space-marines/Watch-Master"><span class="kwb kwbo">WATCH</span> <span class="kwb kwbo">MASTER</span></a> or <span class="tooltip00369" data-tooltip-content="#tooltip_content00369" data-tooltip-anchor="#tooltip_content00369"><span class="kwb kwbu">TECHMARINE</span></span> model only. At the start of your opponentâs <a href="/wh40k10ed/the-rules/core-rules/#SHOOTING-PHASE">Shooting phase</a>, select one enemy <span class="kwb">VEHICLE</span> unit (excluding <span class="kwb">TITANIC</span> units) within 12" of and <a href="/wh40k10ed/the-rules/core-rules/#Determining-Visibility">visible</a> to the bearer. That unit must take a <span class="tooltip00509" data-tooltip-content="#tooltip_content00509"><span class="tt kwbu">Leadership</span> <span class="tt kwbu">test</span></span>. If that test is passed, until the end of the phase, each time a model in that unit makes an attack, subtract 1 from the <span class="tooltip00031" data-tooltip-content="#tooltip_content00031"><span class="tt kwbu">Hit</span> <span class="tt kwbu">roll</span></span>; if that test is failed, that unit is not eligible to shoot this phase.|
SM|000010261003|Fenrisian Grit|15|Saga of the Hunter|000001068|All Fenrisians possess a formidable constitution, yet this warrior demonstrates legendary resolve, shrugging off wounds that would fell lesser men.|<span class="kwb">ADEPTUS</span> <span class="kwb">ASTARTES</span> model only. The bearer has the <span class="tooltip00119" data-tooltip-content="#tooltip_content00119"><span class="tt kwbu">Feel</span> <span class="tt kwbu">No</span> <span class="tt kwbu">Pain</span> <span class="tt kwbu">4+</span></span> ability.|
SM|000010265003|Skjald|15|Saga of the Bold|000001069|This warrior is well-versed in the Chapters saga, drawing inspiration and invaluable teachings from their retelling.|<span class="kwb">ADEPTUS</span> <span class="kwb">ASTARTES</span> model only. Each time a <span class="tooltip00251" data-tooltip-content="#tooltip_content00251" data-tooltip-anchor="#tooltip_content00251"><span class="kwb kwbu">SPACE</span> <span class="kwb kwbu">WOLVES</span> <span class="kwb kwbu">CHARACTER</span></span> unit from your army achieves a <span class="tooltip00643" data-tooltip-content="#tooltip_content00643"><span class="tt kwbu">Boast</span></span>, if the bearer is on the battlefield, you gain 1CP.|
SM|000010269003|Hunterâs Guile|20|Saga of the Beastslayer|000001070|This warrior embodies the cunning of the wolf, utilising deception and misdirection to confound his foes.|<span class="kwb">ADEPTUS</span> <span class="kwb">ASTARTES</span> model only. After both players have deployed their armies, select up to three <a class="kwbOne" href="/wh40k10ed/factions/space-marines/Thunderwolf-Cavalry"><span class="kwb kwbo">THUNDERWOLF</span> <span class="kwb kwbo">CAVALRY</span></a>, <span class="tooltip00252" data-tooltip-content="#tooltip_content00252" data-tooltip-anchor="#tooltip_content00252"><span class="kwb kwbu">WULFEN</span></span> and/or <a class="kwbOne" href="/wh40k10ed/factions/space-marines/Blood-Claws"><span class="kwb kwbo">BLOOD</span> <span class="kwb kwbo">CLAWS</span></a> units from your army and redeploy them. When doing so, you can set those units up in <a href="/wh40k10ed/the-rules/core-rules/#Strategic-Reserves">Strategic Reserves</a> if you wish, regardless of how many units are already in Strategic Reserves.|
SM|000009255003|Resolute|0|Terminator Assault|000000907|Allowing nothing to bar his path, this champion of the Chapter ploughs a bloody path through the foe.|The bearer is eligible to <a href="/wh40k10ed/the-rules/core-rules/#CHARGE-PHASE">declare a charge</a> in a turn in which it <span class="tooltip00025" data-tooltip-content="#tooltip_content00025"><span class="tt kwbu">Fell</span> <span class="tt kwbu">Back</span></span>. In addition, <span class="tooltip00025" data-tooltip-content="#tooltip_content00025"><span class="tt kwbu">Desperate</span> <span class="tt kwbu">Escape</span> <span class="tt kwbu">tests</span></span> taken for the bearer are automatically passed, and each time the bearer makes a <span class="tooltip00025" data-tooltip-content="#tooltip_content00025"><span class="tt kwbu">Fall</span> <span class="tt kwbu">Back</span> <span class="tt kwbu">move</span></span>, it can move through enemy models as if they were not there.|
SM|000008490003|Ghostweave Cloak|15|Vanguard Spearhead|000000797|Hand-stitched by blinded servitors and anointed with distilled blood, this cloak contains strands of mnemothread. It throws up a field of techno-spiritual dissonance that veils its wearer from sight and sensors, allowing them to slip across the battlefield like a wraith.|<span class="kwb">ADEPTUS</span> <span class="kwb">ASTARTES</span> model only. The bearer has the <span class="tooltip00496" data-tooltip-content="#tooltip_content00496"><span class="tt kwbu">Stealth</span></span> and <span class="tooltip00222" data-tooltip-content="#tooltip_content00222"><span class="tt kwbu">Lone</span> <span class="tt kwbu">Operative</span></span> abilities.|
SM|000008474003|Fleet Commander|15|Anvil Siege Force|000000793|The Chapterâs orbiting warships stand ready to unleash devastation at this leaderâs command.|<span class="tooltip00327" data-tooltip-content="#tooltip_content00327" data-tooltip-anchor="#tooltip_content00327"><span class="kwb kwbu">CAPTAIN</span></span> model only. Once per battle, at the start of your <a href="/wh40k10ed/the-rules/core-rules/#SHOOTING-PHASE">Shooting phase</a>, you can select one point on the battlefield and place a marker on that point. At the start of your next Shooting phase, place another marker on the battlefield within 12" of the centre of the first marker, then draw a straight line between the centre of each of these markers. Roll one D6 for each unit that line passes over or through: on a 3+, that unit suffers D3 <span class="tooltip00049" data-tooltip-content="#tooltip_content00049"><span class="tt kwbu">mortal</span> <span class="tt kwbu">wounds</span></span>. Both markers are then removed.|
SM|000008774003|Eye of the Unseen|10|Inner Circle Task Force|000000835|It is said that no secret can escape the gaze of this ocular augmetic, which belonged first to the feared Interrogator-Chaplain Enoch.|<span class="tooltip00634" data-tooltip-content="#tooltip_content00634" data-tooltip-anchor="#tooltip_content00634"><span class="kwb kwbu">DEATHWING</span></span> model only. Each time you target the bearerâs unit with a <a href="/wh40k10ed/the-rules/core-rules/#Stratagems">Stratagem</a>, roll one D6, adding 1 if the bearer is within range of your Vowed <span class="tooltip00064" data-tooltip-content="#tooltip_content00064"><span class="tt kwbu">objective</span> <span class="tt kwbu">marker</span></span>: on a 5+, you gain 1CP|
SM|000008376003|Rage-fuelled Warrior|35|Liberator Assault Group|000000758|Fury burns in this warrior's soul. A single moment of savage brutality stands between them and the maddening embrace of the Black Rage.|<span class="tooltip00641" data-tooltip-content="#tooltip_content00641" data-tooltip-anchor="#tooltip_content00641"><span class="kwb kwbu">ADEPTUS</span> <span class="kwb kwbu">ASTARTES</span></span> model only. Once per battle, at the start of the <a href="/wh40k10ed/the-rules/core-rules/#FIGHT-PHASE">Fight phase</a>, the bearer can use this Enhancement. If it does, until the end of the phase, the bearers melee weapons have the <span class="kwb2 bluefont"><span class="tooltip00061" data-tooltip-content="#tooltip_content00061"><span class="tt kwbu">[sustained</span> <span class="tt kwbu">hits</span> <span class="tt kwbu">3]</span></span></span> ability.|
SM|000008478003|The Flesh is Weak|10|Ironstorm Spearhead|000000794|The injuries of past battles have seen this warrior heavily rebuilt with ultra-durable cybernetic limbs and organs that render them extremely difficult to kill.|<span class="kwb">ADEPTUS</span> <span class="kwb">ASTARTES</span> model only. The bearer has the <span class="tooltip00119" data-tooltip-content="#tooltip_content00119"><span class="tt kwbu">Feel</span> <span class="tt kwbu">No</span> <span class="tt kwbu">Pain</span> <span class="tt kwbu">4+</span></span> ability.|
SM|000009851003|Foesâ Fate|15|Champions of Fenris|000001008|The skjalds tell in hushed voices how this warrior was born beneath a blood-omen moon, how his fate is interwoven with those of his prey-to-be and how he waits now at the end of each such enemyâs thread, the final and inescapable executor of their deaths.|<span class="tooltip00636" data-tooltip-content="#tooltip_content00636" data-tooltip-anchor="#tooltip_content00636"><span class="kwb kwbu">ADEPTUS</span> <span class="kwb kwbu">ASTARTES</span> <span class="kwb kwbu">TERMINATOR</span></span> model only. Each time an enemy unit (excluding <span class="kwb">MONSTERS</span> and <span class="kwb">VEHICLES</span>) within <span class="tooltip00023" data-tooltip-content="#tooltip_content00023"><span class="tt kwbu">Engagement</span> <span class="tt kwbu">Range</span></span> of the bearerâs unit <span class="tooltip00025" data-tooltip-content="#tooltip_content00025"><span class="tt kwbu">Falls</span> <span class="tt kwbu">Back</span></span>, all models in that enemy unit must take <span class="tooltip00025" data-tooltip-content="#tooltip_content00025"><span class="tt kwbu">Desperate</span> <span class="tt kwbu">Escape</span> <span class="tt kwbu">tests</span></span>. When doing so, if that enemy unit is <span class="tooltip00036" data-tooltip-content="#tooltip_content00036"><span class="tt kwbu">Battle-shocked</span></span>, subtract 1 from each of those tests.|
SM|000009190003|Visage of Death|15|The Angelic Host|000000901|This exquisitely crafted death mask is a thing of dark beauty to the Blood Angels, and a sign of impending doom to their enemies. A neural amplifier embedded within the expressionless face of this macabre item serves to magnify the aura of fear it projects.|<span class="tooltip00639" data-tooltip-content="#tooltip_content00639" data-tooltip-anchor="#tooltip_content00639"><span class="kwb kwbu">ADEPTUS</span> <span class="kwb kwbu">ASTARTES</span> <span class="kwb kwbu">JUMP</span> <span class="kwb kwbu">PACK</span></span> model only. In the <span class="tooltip00036" data-tooltip-content="#tooltip_content00036"><span class="tt kwbu">Battle-shock</span></span> step of your opponents <a href="/wh40k10ed/the-rules/core-rules/#COMMAND-PHASE">Command phase</a>, each enemy unit (excluding <span class="kwb">MONSTERS</span> and <span class="kwb">VEHICLES</span>) within <span class="tooltip00023" data-tooltip-content="#tooltip_content00023"><span class="tt kwbu">Engagement</span> <span class="tt kwbu">Range</span></span> of the bearer must take a Battle-shock test.|
SM|000010623003|Medusan Roar (Aura)|30|Hammer of Avernii|000001118|Mounted in the warriorâs gorget, this device amplifies their battle cries into terrifying sonic shock waves.|<span class="kwb">ADEPTUS</span> <span class="kwb">ASTARTES</span> model only. While an enemy unit (excluding <span class="kwb">MONSTERS</span> and <span class="kwb">VEHICLES</span>) is within 6" of the bearer, each time that unit fails a <span class="tooltip00036" data-tooltip-content="#tooltip_content00036"><span class="tt kwbu">Battle-shock</span> <span class="tt kwbu">test</span></span>, one model in that unit is destroyed (chosen by its controlling player). Once per battle, when such an enemy unit fails a Battle-shock test, you can choose for D3 models in that unit to be destroyed in this way instead.|
SM|000008482003|War-tempered Artifice|25|Firestorm Assault Force|000000795|Having laboured long in the Chapterâs forges, this warrior-smith has crafted his personal armaments. Each weapon is a masterwork tool of death-dealing, wrought with care and strength, and embellished with the icons of their makerâs brotherhood.|<span class="tooltip00329" data-tooltip-content="#tooltip_content00329" data-tooltip-anchor="#tooltip_content00329"><span class="kwb kwbu">ADEPTUS</span> <span class="kwb kwbu">ASTARTES</span> <span class="kwb kwbu">INFANTRY</span></span> model only. Add 3 to the Strength characteristic of the bearerâs melee weapons.|
SM|000010629003|Stormseersâ Wisdom|15|Spearpoint Task Force|000001119|The Chapterâs Librarians have made this champion privy to omens of great threats in future wars. Armed with this knowledge, they lead their warriors to war with a boldness that some mistake for recklessness.|<span class="kwb">ADEPTUS</span> <span class="kwb">ASTARTES</span> model only. While the bearer is leading a unit, you can re-roll <span class="tooltip00230" data-tooltip-content="#tooltip_content00230"><span class="tt kwbu">Advance</span> <span class="tt kwbu">rolls</span></span> made for that unit.|
SM|000010392004|Merciless Denunciation|25|Companions of Vehemence|000001091|Through roared words or ruthless deeds, may the blasphemous be denounced and the worthy driven into a furious rage of sanctified slaughter.|<span class="tooltip00371" data-tooltip-content="#tooltip_content00371" data-tooltip-anchor="#tooltip_content00371"><span class="kwb kwbu">CHAPLAIN</span></span> or <span class="tooltip00645" data-tooltip-content="#tooltip_content00645" data-tooltip-anchor="#tooltip_content00645"><span class="kwb kwbu">JUDICIAR</span></span> model only. Each time a model in the bearerâs unit makes a melee attack, you can re-roll the <span class="tooltip00031" data-tooltip-content="#tooltip_content00031"><span class="tt kwbu">Hit</span> <span class="tt kwbu">roll</span></span>.|
SM|000009835004|Blazing Icon|20|Angelic Inheritors|000001004|What was before merely a decorative blood drop pendant now shines with a seemingly miraculous light as bright as any star. The foe are forced to avert their gaze from its wrathful magnificence.|<span class="tooltip00329" data-tooltip-content="#tooltip_content00329" data-tooltip-anchor="#tooltip_content00329"><span class="kwb kwbu">ADEPTUS</span> <span class="kwb kwbu">ASTARTES</span> <span class="kwb kwbu">INFANTRY</span></span> model only. Enemy units cannot use the <span class="tooltip00241" data-tooltip-content="#tooltip_content00241"><span class="tt kwbu">Fire</span> <span class="tt kwbu">Overwatch</span></span> Stratagem to shoot at the bearerâs unit.|
SM|000010460004|Indomitable Champion|20|Emperorâs Shield|000001103|Even seemingly mortal wounds will not turn a son of Dorn from his duty.|<span class="tooltip00636" data-tooltip-content="#tooltip_content00636" data-tooltip-anchor="#tooltip_content00636"><span class="kwb kwbu">ADEPTUS</span> <span class="kwb kwbu">ASTARTES</span> <span class="kwb kwbu">TERMINATOR</span></span> model only. The first time the bearer is destroyed, roll one D6 at the end of the phase. On a 2+, set the bearer back up on the battlefield, as close as possible to where it was destroyed and not within <span class="tooltip00023" data-tooltip-content="#tooltip_content00023"><span class="tt kwbu">Engagement</span> <span class="tt kwbu">Range</span></span> of any enemy units, with 3 wounds remaining.|
SM|000008778004|Master of Manoeuvre|15|Company of Hunters|000000836|Daring and audacious, this commander favours breakneck outflanking manoeuvres that allow them to plunge into the enemy's midst from unexpected quarters.|<span class="tooltip00642" data-tooltip-content="#tooltip_content00642" data-tooltip-anchor="#tooltip_content00642"><span class="kwb kwbu">RAVENWING</span></span> model only. If the bearerâs unit starts the battle in <a href="/wh40k10ed/the-rules/core-rules/#Strategic-Reserves">Strategic Reserves</a>, its points value does not count towards the combined points limit for units from your army that are in Strategic Reserve, and for the purposes of setting up that unit on the battlefield, treat the current <a href="/wh40k10ed/the-rules/core-rules/#The-Battle-Round">battle round</a> number as being one higher than it actually is.|
SM|000010466004|Umbral Raptor|15|Shadowmark Talon|000001104|This warrior is a solitary predator whose footsteps are all but silent and whose form is one with the shadows.|<span class="kwb">ADEPTUS</span> <span class="kwb">ASTARTES</span> model only. The bearer has the <span class="tooltip00496" data-tooltip-content="#tooltip_content00496"><span class="tt kwbu">Stealth</span></span> and <span class="tooltip00222" data-tooltip-content="#tooltip_content00222"><span class="tt kwbu">Lone</span> <span class="tt kwbu">Operative</span></span> abilities.|
SM|000008774004|Singular Will|20|Inner Circle Task Force|000000835|This warrior lets nothing stand in their way or slow their advance, closing swiftly and relentlessly with their quarry|<span class="tooltip00634" data-tooltip-content="#tooltip_content00634" data-tooltip-anchor="#tooltip_content00634"><span class="kwb kwbu">DEATHWING</span></span> model only. Each time the bearerâs unit <span class="tooltip00158" data-tooltip-content="#tooltip_content00158"><span class="tt kwbu">Piles</span> <span class="tt kwbu">In</span></span> or <span class="tooltip00159" data-tooltip-content="#tooltip_content00159"><span class="tt kwbu">Consolidates</span></span>, models in that unit can move an additional 3".|
SM|000009190004|Archangelâs Shard|15|The Angelic Host|000000901|When Sanguinius battled Horus, his magnificent blade was tragically shattered against the Warmasters profane battle plate. The shards were gathered up and new swords forged to incorporate them, each one gifted to a different successor Chapter.|<span class="tooltip00639" data-tooltip-content="#tooltip_content00639" data-tooltip-anchor="#tooltip_content00639"><span class="kwb kwbu">ADEPTUS</span> <span class="kwb kwbu">ASTARTES</span> <span class="kwb kwbu">JUMP</span> <span class="kwb kwbu">PACK</span></span> model only. The bearerâs melee weapons have the <span class="kwb2 bluefont"><span class="tooltip00174" data-tooltip-content="#tooltip_content00174"><span class="tt kwbu">[Anti-Chaos</span> <span class="tt kwbu">5+]</span></span></span> and <span class="kwb2 bluefont"><span class="tooltip00540" data-tooltip-content="#tooltip_content00540"><span class="tt kwbu">[Lance]</span></span></span> abilities.|
SM|000008482004|Forged in Battle|15|Firestorm Assault Force|000000795|To this Angel of Death, war is the anvil upon which their strength is wrought. Every battle is seen as a test in which they and their battle-brothers can prove themselves, and the superior craftsmanship of their weapons and armour.|<span class="kwb">ADEPTUS</span> <span class="kwb">ASTARTES</span> model only. While the bearer is leading a unit, once per turn, after making a <span class="tooltip00031" data-tooltip-content="#tooltip_content00031"><span class="tt kwbu">Hit</span> <span class="tt kwbu">roll</span></span> or a <span class="tooltip00032" data-tooltip-content="#tooltip_content00032"><span class="tt kwbu">saving</span> <span class="tt kwbu">throw</span></span> for a model in that unit, you can change the result of that roll to an unmodified 6.|
SM|000010396004|Orb of the Emperorâs Aegis|10|Vindication Task Force|000001092|What Dark Age technology may lie inside this icon-wreathed sphere pales compared to its true power: that of the Emperorâs blessing. When activated, the orb briefly emits a glowing nimbus of protective energy so powerful that it can hold back the corruptive fury of the naked Warp. Thus shielded, Black Templars may use their fleetâs teleportarium shrines even without the awesome protection of Terminator armour.|<span class="kwb">ADEPTUS</span> <span class="kwb">ASTARTES</span> model only. Models in the bearerâs unit have the <span class="tooltip00046" data-tooltip-content="#tooltip_content00046"><span class="tt kwbu">Deep</span> <span class="tt kwbu">Strike</span></span> ability.|
SM|000008771004|Weapons of the First Legion|15|Unforgiven Task Force|000000834|Beneath the surface of the Rock lie vaults within which weapons of antiquity and terrible power are stored.|<span class="kwb">ADEPTUS</span> <span class="kwb">ASTARTES</span> model only. Add 1 to the Attacks, Strength and Damage characteristics of the bearerâs melee weapons. While the bearer is <span class="tooltip00036" data-tooltip-content="#tooltip_content00036"><span class="tt kwbu">Battle-shocked</span></span>, add 2 to the Attacks, Strength and Damage characteristics of the bearer s melee weapons instead.|
SM|000008494004|Rites of War|10|1st Company Task Force|000000798|The commanders of the 1st Company vow before the Chapter and the Emperor to secure victory.|<span class="tooltip00636" data-tooltip-content="#tooltip_content00636" data-tooltip-anchor="#tooltip_content00636"><span class="kwb kwbu">ADEPTUS</span> <span class="kwb kwbu">ASTARTES</span> <span class="kwb kwbu">TERMINATOR</span></span> model only. Improve the Objective Control characteristic of the bearer by 1. Once per battle, at the start of any phase, the bearer can use this Enhancement. If it does, until the end of the phase, add 1 to the Objective Control characteristic of all other models in the bearerâs unit as well.|
SM|000008490004|Execute and Redeploy|20|Vanguard Spearhead|000000797|The battle-brothers under this warriorâs command seize every opportunity to strike while the initiative is theirs, harrying the foe with gunfire before returning to the shadows.|<span class="tooltip00330" data-tooltip-content="#tooltip_content00330" data-tooltip-anchor="#tooltip_content00330"><span class="kwb kwbu">PHOBOS</span></span> model only. In your <a href="/wh40k10ed/the-rules/core-rules/#SHOOTING-PHASE">Shooting phase</a>, after the bearerâs unit has shot, if that unit is not within <span class="tooltip00023" data-tooltip-content="#tooltip_content00023"><span class="tt kwbu">Engagement</span> <span class="tt kwbu">Range</span></span> of one or more enemy units, it can make a <span class="tooltip00221" data-tooltip-content="#tooltip_content00221"><span class="tt kwbu">Normal</span> <span class="tt kwbu">move</span></span> of up to 6". If it does, until the end of the turn, that unit is not eligible to <a href="/wh40k10ed/the-rules/core-rules/#CHARGE-PHASE">declare a charge</a>. This cannot allow the bearerâs unit to move more than once in your Shooting phase.|
SM|000009851004|Fangrune Pendant|15|Champions of Fenris|000001008|The fangs strung upon this adamantine thread belonged to the eldest and most cunning Fenrisian wolves. They are graven with runes of wisdom and guile, which are said to enhance the wearerâs own further.|<span class="tooltip00636" data-tooltip-content="#tooltip_content00636" data-tooltip-anchor="#tooltip_content00636"><span class="kwb kwbu">ADEPTUS</span> <span class="kwb kwbu">ASTARTES</span> <span class="kwb kwbu">TERMINATOR</span></span> model only. The bearerâs unit is eligible to shoot and <a href="/wh40k10ed/the-rules/core-rules/#CHARGE-PHASE">declare a charge</a> in a turn in which it <span class="tooltip00025" data-tooltip-content="#tooltip_content00025"><span class="tt kwbu">Fell</span> <span class="tt kwbu">Back</span></span>.|
SM|000008486004|Feinting Withdrawal|10|Stormlance Task Force|000000796|This living legend of the Chapter is known for their calm in the heat of battle. Ever-observant of the ebbs and flows of the engagement, they can withdraw their warriors from the fray in good order, ready to hammer home a torrent of fire.|<span class="kwb">ADEPTUS</span> <span class="kwb">ASTARTES</span> model only. While the bearer is leading a unit, that unit is eligible to shoot in a turn in which it <span class="tooltip00025" data-tooltip-content="#tooltip_content00025"><span class="tt kwbu">Fell</span> <span class="tt kwbu">Back</span></span>.|
SM|000009186004|To Slay the Warmaster|15|The Lost Brethren|000000900|Overcome by maddening hallucinations, this warrior sees in all enemy champions glimmers of Horus' dark majesty and thus strives to destroy them.|<span class="tooltip00640" data-tooltip-content="#tooltip_content00640" data-tooltip-anchor="#tooltip_content00640"><span class="kwb kwbu">DEATH</span> <span class="kwb kwbu">COMPANY</span></span> model only. Once per battle, at the start of the <a href="/wh40k10ed/the-rules/core-rules/#FIGHT-PHASE">Fight phase</a>, if the bearer is within <span class="tooltip00023" data-tooltip-content="#tooltip_content00023"><span class="tt kwbu">Engagement</span> <span class="tt kwbu">Range</span></span> of one or more enemy <span class="kwb">CHARACTER</span> units, you can select one of those <span class="kwb">CHARACTER</span> units and roll six D6: for each 4+, one <span class="kwb">CHARACTER</span> model in that unit suffers 1 <span class="tooltip00049" data-tooltip-content="#tooltip_content00049"><span class="tt kwbu">mortal</span> <span class="tt kwbu">wound</span></span>.|
SM|000010269004|Elderâs Guidance|20|Saga of the Beastslayer|000001070|Wily and long of fang, this warrior brings centuries of battlefield experience to the fight, lending focus to the reckless fury of his youthful battle-brothers.|<span class="tooltip00212" data-tooltip-content="#tooltip_content00212" data-tooltip-anchor="#tooltip_content00212"><span class="kwb kwbu">SPACE</span> <span class="kwb kwbu">WOLVES</span></span> model only. Once per battle, at the start of the <a href="/wh40k10ed/the-rules/core-rules/#FIGHT-PHASE">Fight phase</a>, if the bearer is leading a <a class="kwbOne" href="/wh40k10ed/factions/space-marines/Blood-Claws"><span class="kwb kwbo">BLOOD</span> <span class="kwb kwbo">CLAWS</span></a> unit, the bearer can use this Enhancement. If it does, until the end of the phase, improve the Armour Penetration characteristic of melee weapons equipped by models in that unit by 1.|
SM|000010265004|Hordeslayer|15|Saga of the Bold|000001069|Seeking to take a terrible tally of lives, this warrior hurls himself into the heart of the fight, heedless of the numbers arrayed against him.|<span class="tooltip00212" data-tooltip-content="#tooltip_content00212" data-tooltip-anchor="#tooltip_content00212"><span class="kwb kwbu">SPACE</span> <span class="kwb kwbu">WOLVES</span></span> model only. At the start of the <a href="/wh40k10ed/the-rules/core-rules/#FIGHT-PHASE">Fight phase</a>, if there are more enemy models than friendly models wholly within 6" of the bearer, until the end of the phase, add 2 to the Attacks characteristic of melee weapons equipped by the bearer. If the bearerâs unit has achieved one or more <span class="tooltip00643" data-tooltip-content="#tooltip_content00643"><span class="tt kwbu">Boasts</span></span>, add 3 to the Attacks characteristic instead.|
SM|000010261004|Wolf Master|5|Saga of the Hunter|000001068|This warrior possesses an affinity with Fenrisian beasts and can inspire a frothing rage in their lupine companions with but a single barked command.|<span class="tooltip00212" data-tooltip-content="#tooltip_content00212" data-tooltip-anchor="#tooltip_content00212"><span class="kwb kwbu">SPACE</span> <span class="kwb kwbu">WOLVES</span></span> model only. In your <a href="/wh40k10ed/the-rules/core-rules/#COMMAND-PHASE">Command phase</a>, select one friendly <span class="kwb">SPACE</span> <span class="kwb">WOLVES</span> unit within 9" of the bearer. Until the start of your next Command phase, teeth and claws and Tyrnak and Fenrir weapons equipped by models in that unit have the <span class="kwb2 bluefont"><span class="tooltip00218" data-tooltip-content="#tooltip_content00218"><span class="tt kwbu">[LETHAL</span> <span class="tt kwbu">HITS]</span></span></span> ability.|
SM|000008478004|Adept of the Omnissiah|35|Ironstorm Spearhead|000000794|This battle-brother is steeped in hidden technological rites. Should their armoured charges be threatened, a burst of arcane binharic screed can rouse their machine spirits to vigilance.|<span class="tooltip00369" data-tooltip-content="#tooltip_content00369" data-tooltip-anchor="#tooltip_content00369"><span class="kwb kwbu">TECHMARINE</span></span> model only. Once per <a href="/wh40k10ed/the-rules/core-rules/#The-Battle-Round">battle round</a>, when a <span class="tooltip00032" data-tooltip-content="#tooltip_content00032"><span class="tt kwbu">saving</span> <span class="tt kwbu">throw</span></span> is failed for a friendly <span class="tooltip00338" data-tooltip-content="#tooltip_content00338" data-tooltip-anchor="#tooltip_content00338"><span class="kwb kwbu">ADEPTUS</span> <span class="kwb kwbu">ASTARTES</span> <span class="kwb kwbu">VEHICLE</span></span> model within 6" of the bearer, you can change the Damage characteristic of that attack to 0.|
SM|000010368004|Forged in Battle|15|Forgefatherâs Seekers|000001086|To this Angel of Death, war is the anvil upon which their strength is wrought. Every battle is seen as a test in which they and their battle-brothers can prove themselves, and the superior craftsmanship of their weapons and armour.|<span class="kwb">ADEPTUS</span> <span class="kwb">ASTARTES</span> model only. While the bearer is leading a unit, once per turn, after making a <span class="tooltip00031" data-tooltip-content="#tooltip_content00031"><span class="tt kwbu">Hit</span> <span class="tt kwbu">roll</span></span> or a <span class="tooltip00032" data-tooltip-content="#tooltip_content00032"><span class="tt kwbu">saving</span> <span class="tt kwbu">throw</span></span> for a model in that unit, you can change the result of that roll to an unmodified 6.|
SM|000010400004|Augury Servo-host|15|Godhammer Assault Force|000001093|This warrior's auto-senses are linked to a circling host of servo-skulls crafted from the remains of favoured serfs and failed neophytes. Fitted with ocular probes and sensor vanes, they provide the Black Templar with advanced targeting information to pick out the unbelievers who cower in concealment.|<span class="kwb">ADEPTUS</span> <span class="kwb">ASTARTES</span> model only. At the start of your <a href="/wh40k10ed/the-rules/core-rules/#SHOOTING-PHASE">Shooting phase</a>, select one enemy unit within 12" of and <a href="/wh40k10ed/the-rules/core-rules/#Determining-Visibility">visible</a> to the bearer. Until the end of the phase, models in that unit cannot have the <span class="tooltip00052" data-tooltip-content="#tooltip_content00052"><span class="tt kwbu">Benefit</span> <span class="tt kwbu">of</span> <span class="tt kwbu">Cover</span></span>.|
SM|000010155004|Deathwing Assault|15|Wrath of the Rock|000001059|A veteran inductee of the Inner Circle, this champion has served amongst the Deathwing for centuries and become an unmatched master of teleportarium insertions.|<span class="tooltip00634" data-tooltip-content="#tooltip_content00634" data-tooltip-anchor="#tooltip_content00634"><span class="kwb kwbu">DEATHWING</span></span> model with the <span class="tooltip00046" data-tooltip-content="#tooltip_content00046"><span class="tt kwbu">Deep</span> <span class="tt kwbu">Strike</span></span> ability only. The bearerâs unit can be set up using the Deep Strike ability in the <a href="/wh40k10ed/the-rules/core-rules/#2.-Reinforcements">Reinforcements step</a> of your first, second or third <a href="/wh40k10ed/the-rules/core-rules/#MOVEMENT-PHASE">Movement phase</a>, regardless of any mission rules.|
SM|000009785004|Obfuscation|20|Librarius Conclave|000000994|By manipulating the minds of the foe, practitioners of telepathy may obfuscate their presence.|<span class="tooltip00632" data-tooltip-content="#tooltip_content00632" data-tooltip-anchor="#tooltip_content00632"><span class="kwb kwbu">ADEPTUS</span> <span class="kwb kwbu">ASTARTES</span> <span class="kwb kwbu">PSYKER</span></span> model only. Enemy units cannot use the <span class="tooltip00241" data-tooltip-content="#tooltip_content00241"><span class="tt kwbu">Fire</span> <span class="tt kwbu">Overwatch</span></span> Stratagem to shoot at the bearerâs unit, and if the <span class="tooltip00652" data-tooltip-content="#tooltip_content00652"><span class="tt kwbu">Telepathy</span> <span class="tt kwbu">Discipline</span></span> is active for your army, the bearerâs unit cannot be targeted by ranged attacks unless the attacking model is within 18".|
SM|000009843004|Taramondâs Censer|15|Wrathful Procession|000001006|Though the Black Templars are acclimatised to the acrid chemical incense burned within this iron thurible, their foes are not. Its fumes trigger nightmare visions and crippling terror amongst their ranks.|<span class="tooltip00208" data-tooltip-content="#tooltip_content00208" data-tooltip-anchor="#tooltip_content00208"><span class="kwb kwbu">BLACK</span> <span class="kwb kwbu">TEMPLARS</span></span> model only. At the start of the <a href="/wh40k10ed/the-rules/core-rules/#FIGHT-PHASE">Fight phase</a>, each enemy unit within <span class="tooltip00023" data-tooltip-content="#tooltip_content00023"><span class="tt kwbu">Engagement</span> <span class="tt kwbu">Range</span></span> of the bearerâs unit must take a <span class="tooltip00036" data-tooltip-content="#tooltip_content00036"><span class="tt kwbu">Battle-shock</span> <span class="tt kwbu">test</span></span>. When doing so, subtract 1 from the result.|
SM|000010623004|Iron Laurel|10|Hammer of Avernii|000001118|A subcutaneous cranial honour relic, this device contains a strategic orbital upload relay.|<span class="kwb">ADEPTUS</span> <span class="kwb">ASTARTES</span> model only. Improve the Objective Control characteristic of the bearer by 1. Once per battle, at the start of any phase, the bearer can use this Enhancement. If it does, until the end of the phase, add 1 to the Objective Control characteristic of all other models in the bearerâs unit as well.|
SM|000008474004|Stoic Defender|15|Anvil Siege Force|000000793|This commander and their warriors hold their ground tenaciously against even overwhelming numbers.|<span class="kwb">ADEPTUS</span> <span class="kwb">ASTARTES</span> model only. While the bearer is leading a unit, models in that unit have the <span class="tooltip00119" data-tooltip-content="#tooltip_content00119"><span class="tt kwbu">Feel</span> <span class="tt kwbu">No</span> <span class="tt kwbu">Pain</span> <span class="tt kwbu">6+</span></span> ability while they are within range of an <span class="tooltip00064" data-tooltip-content="#tooltip_content00064"><span class="tt kwbu">objective</span> <span class="tt kwbu">marker</span></span> you control and, while that unit is <span class="tooltip00036" data-tooltip-content="#tooltip_content00036"><span class="tt kwbu">Battle-shocked</span></span>, halve the Objective Control characteristic of models in that unit instead of changing it to 0.|
SM|000008376004|Icon of the Angel|20|Liberator Assault Group|000000758|The Icon of the Angel reminds the Blood Angels of the heretics who fled after laying low Sanguinius, exhorting them to let no enemy escape their grasp again.|<span class="tooltip00641" data-tooltip-content="#tooltip_content00641" data-tooltip-anchor="#tooltip_content00641"><span class="kwb kwbu">ADEPTUS</span> <span class="kwb kwbu">ASTARTES</span></span> model only. Each time an enemy unit (excluding <span class="kwb">MONSTERS</span> and <span class="kwb">VEHICLES</span>) within <span class="tooltip00023" data-tooltip-content="#tooltip_content00023"><span class="tt kwbu">Engagement</span> <span class="tt kwbu">Range</span></span> of the bearerâs unit is selected to <span class="tooltip00025" data-tooltip-content="#tooltip_content00025"><span class="tt kwbu">Fall</span> <span class="tt kwbu">Back</span></span>, models in that enemy unit must take <span class="tooltip00025" data-tooltip-content="#tooltip_content00025"><span class="tt kwbu">Desperate</span> <span class="tt kwbu">Escape</span> <span class="tt kwbu">tests</span></span> as if their unit was <span class="tooltip00036" data-tooltip-content="#tooltip_content00036"><span class="tt kwbu">Battle-shocked</span></span>. When doing so, if that enemy unit is also Battle-shocked by other means, subtract 1 from each of those Desperate Escape tests.|
SM|000010629004|Hunterâs Eye|20|Spearpoint Task Force|000001119|This augmetic eye enhances the userâs visual spectrum, enabling them to pinpoint heat signatures and cogitate appropriate firing solutions.|<span class="kwb">ADEPTUS</span> <span class="kwb">ASTARTES</span> model only. Ranged weapons equipped by models in the bearerâs unit have the <span class="kwb2 bluefont"><span class="tooltip00061" data-tooltip-content="#tooltip_content00061"><span class="tt kwbu">[SUSTAINED</span> <span class="tt kwbu">HITS</span> <span class="tt kwbu">1]</span></span></span> and <span class="kwb2 bluefont"><span class="tooltip00499" data-tooltip-content="#tooltip_content00499"><span class="tt kwbu">[IGNORES</span> <span class="tt kwbu">COVER]</span></span></span> abilities.|
SM|000009733004|Stalwart Champion|25|Lionâs Blade Task Force|000000981|Possessed of obdurate will, this warrior champion instils an indomitable resolve and absolute refusal to cede ground within his brothers.|<span class="tooltip00327" data-tooltip-content="#tooltip_content00327" data-tooltip-anchor="#tooltip_content00327"><span class="kwb kwbu">CAPTAIN</span></span>, <span class="tooltip00371" data-tooltip-content="#tooltip_content00371" data-tooltip-anchor="#tooltip_content00371"><span class="kwb kwbu">CHAPLAIN</span></span> or <span class="tooltip00335" data-tooltip-content="#tooltip_content00335" data-tooltip-anchor="#tooltip_content00335"><span class="kwb kwbu">LIEUTENANT</span></span> model only. While the bearerâs unit is not <span class="tooltip00036" data-tooltip-content="#tooltip_content00036"><span class="tt kwbu">Battle-shocked</span></span>, add 1 to the Objective Control characteristic of models in the bearerâs unit.|
SM|000008522004|Beacon Angelis|25|Black Spear Task Force|000000808|The Beacon Angelis was devised to guide the Deathwatch to the threshold of the alien adversary. Housed within a reliquary, it calls out to the warriorsâ augur arrays with the voices of a hundred electric cherubim, its summons so strong that it draws the righteous unto its locale regardless of what darkness may surround it.|<span class="kwb">ADEPTUS</span> <span class="kwb">ASTARTES</span> model only. Models in the bearerâs unit have the <span class="tooltip00046" data-tooltip-content="#tooltip_content00046"><span class="tt kwbu">Deep</span> <span class="tt kwbu">Strike</span></span> ability. In addition, you can target the bearerâs unit with the <span class="tooltip00047" data-tooltip-content="#tooltip_content00047"><span class="tt kwbu">Rapid</span> <span class="tt kwbu">Ingress</span></span> Stratagem for 0CP.|
SM|000008353004|Adept of the Codex|20|Gladius Task Force|000000750|An ardent student of the Codex Astartes, this commander epitomises its tactical genius, and the wisdom gleaned from its teachings guides their measured strategic responses amidst the fiercest battle.|<span class="tooltip00327" data-tooltip-content="#tooltip_content00327" data-tooltip-anchor="#tooltip_content00327"><span class="kwb kwbu">CAPTAIN</span></span> model only. At the start of your <a href="/wh40k10ed/the-rules/core-rules/#COMMAND-PHASE">Command phase</a>, if the bearer is on the battlefield, instead of selecting a <span class="tooltip00653" data-tooltip-content="#tooltip_content00653"><span class="tt kwbu">Combat</span> <span class="tt kwbu">Doctrine</span></span> to be active for your army, you can select the <span class="tooltip00654" data-tooltip-content="#tooltip_content00654"><span class="tt kwbu">Tactical</span> <span class="tt kwbu">Doctrine</span></span>. If you do, until the start of your next Command phase, that Combat Doctrine is active for the bearerâs unit only, even if you have already selected that Combat Doctrine to be active for your army this battle.|
SM|000010396005|Warden of Honour|20|Vindication Task Force|000001092|This lauded guardian is trusted with the stewardship of the crusadeâs most precious standards. His unyielding presence and preservation of his charge amidst fire and heresy inspire his brothers to acts of extreme heroism.|<a class="kwbOne" href="/wh40k10ed/factions/space-marines/Crusade-Ancient"><span class="kwb kwbo">CRUSADE</span> <span class="kwb kwbo">ANCIENT</span></a> model only. While the bearer is leading a unit, each time you roll one D6 for the bearerâs Vengeful Exhortation ability, add 1 to the result.|
SM|000010392005|Zealous Vanguard|20|Companions of Vehemence|000001091|This warrior is an unstoppable crusader whose hearts burn like twin pyres of eager zeal. Ever at the forefront of combat, he leads his warriors as the tip of the crusades blade.|<span class="kwb">ADEPTUS</span> <span class="kwb">ASTARTES</span> model only. Models in the bearerâs unit have the <span class="tooltip00100" data-tooltip-content="#tooltip_content00100"><span class="tt kwbu">Scouts</span> <span class="tt kwbu">6"</span></span> ability.|
SM|000010368005|Adamantine Mantle|20|Forgefatherâs Seekers|000001086|This flowing cloak or finely wrought tabard is laced through with threads of braided adamantine. When combined with armour and energy fields, it has been shown time and again that these symbols of office are proof against even the very strongest attacks.|<span class="kwb">ADEPTUS</span> <span class="kwb">ASTARTES</span> model only. Each time an attack is allocated to the bearer, subtract 1 from the Damage characteristic of that attack. If that attack was made with a <span class="tooltip00096" data-tooltip-content="#tooltip_content00096"><span class="tt kwbu">Melta</span></span> or <span class="tooltip00548" data-tooltip-content="#tooltip_content00548"><span class="tt kwbu">Torrent</span> <span class="tt kwbu">weapon</span></span>, change the Damage characteristic of that attack to 1 instead.|
SM|000010400005|Herald of Sacred Slaughter|15|Godhammer Assault Force|000001093|A pious harbinger of the crusadeâs destructive potential, this warrior pushes forward at the first opportunity, eager to bring the Emperorâs judgement to the foe.|<span class="kwb">ADEPTUS</span> <span class="kwb">ASTARTES</span> model only. In the Declare Battle Formations step, if the bearer starts the battle <span class="tooltip00026" data-tooltip-content="#tooltip_content00026"><span class="tt kwbu">embarked</span></span> within a <span class="tooltip00655" data-tooltip-content="#tooltip_content00655" data-tooltip-anchor="#tooltip_content00655"><span class="kwb kwbu">DEDICATED</span> <span class="kwb kwbu">TRANSPORT</span></span>, that <span class="kwb">DEDICATED</span> <span class="kwb">TRANSPORT</span> has the <span class="tooltip00100" data-tooltip-content="#tooltip_content00100"><span class="tt kwbu">Scouts</span> <span class="tt kwbu">9"</span></span> ability.|
SM|000010460005|Malodraxian Standard|20|Emperorâs Shield|000001103|Crafted in the aftermath of Lysanderâs great victory over the Iron Warriors on Malodrax, this gilded banner inspires the Imperial Fists to shatter their foes.|<span class="tooltip00656" data-tooltip-content="#tooltip_content00656" data-tooltip-anchor="#tooltip_content00656"><span class="kwb kwbu">ADEPTUS</span> <span class="kwb kwbu">ASTARTES</span> <span class="kwb kwbu">ANCIENT</span></span> model only. Each time an attack targets the bearerâs unit, if the Strength characteristic of that attack is greater than the Toughness characteristic of the bearerâs unit, subtract 1 from the <span class="tooltip00006" data-tooltip-content="#tooltip_content00006"><span class="tt kwbu">Wound</span> <span class="tt kwbu">roll</span></span>.|
SM|000010466005|Hunterâs Instincts|25|Shadowmark Talon|000001104|Those who master the Path of Ambush guide their forces to launch surprise assaults on the enemy with the precise timing of true hunters.|<span class="kwb">ADEPTUS</span> <span class="kwb">ASTARTES</span> model only. If the bearerâs unit is in <a href="/wh40k10ed/the-rules/core-rules/#Strategic-Reserves">Strategic Reserves</a>, for the purposes of setting up that unit on the battlefield, treat the current <a href="/wh40k10ed/the-rules/core-rules/#The-Battle-Round">battle round</a> number as being one higher than it actually is.|
SM|000009190005|Gleaming Pinions|25|The Angelic Host|000000901|The elaborately crafted ailerons of this jump pack allow the wearer to manoeuvre, twist and bank at incredible speeds.|<span class="tooltip00639" data-tooltip-content="#tooltip_content00639" data-tooltip-anchor="#tooltip_content00639"><span class="kwb kwbu">ADEPTUS</span> <span class="kwb kwbu">ASTARTES</span> <span class="kwb kwbu">JUMP</span> <span class="kwb kwbu">PACK</span></span> model only. Once per turn, when an enemy unit ends a <span class="tooltip00221" data-tooltip-content="#tooltip_content00221"><span class="tt kwbu">Normal</span></span>, <span class="tooltip00230" data-tooltip-content="#tooltip_content00230"><span class="tt kwbu">Advance</span></span> or <span class="tooltip00025" data-tooltip-content="#tooltip_content00025"><span class="tt kwbu">Fall</span> <span class="tt kwbu">Back</span> <span class="tt kwbu">move</span></span> within 9" of the bearer, if this bearerâs unit is not within <span class="tooltip00023" data-tooltip-content="#tooltip_content00023"><span class="tt kwbu">Engagement</span> <span class="tt kwbu">Range</span></span> of one or more enemy units, it can make a Normal move of up to 6".|
SM|000008774005|Deathwing Assault|30|Inner Circle Task Force|000000835|Employing shock assault doctrines requiring ancient technology and immense tactical skill, the Deathwing are masters of catching their foes wholly unawares.|<span class="tooltip00634" data-tooltip-content="#tooltip_content00634" data-tooltip-anchor="#tooltip_content00634"><span class="kwb kwbu">DEATHWING</span></span> model with the <span class="tooltip00046" data-tooltip-content="#tooltip_content00046"><span class="tt kwbu">Deep</span> <span class="tt kwbu">Strike</span></span> ability only. The bearerâs unit can be set up using the Deep Strike ability in the <a href="/wh40k10ed/the-rules/core-rules/#2.-Reinforcements">Reinforcements step</a> of your first, second or third <a href="/wh40k10ed/the-rules/core-rules/#MOVEMENT-PHASE">Movement phase</a>, regardless of any mission rules.|
SM|000008778005|Recon Hunter|20|Company of Hunters|000000836|This commander is an expert scout as well as hunter, and takes advantage of these skills to seize the most advantageous position before battle begins.|<span class="tooltip00642" data-tooltip-content="#tooltip_content00642" data-tooltip-anchor="#tooltip_content00642"><span class="kwb kwbu">RAVENWING</span></span> model only. Models in the bearerâs unit have the <span class="tooltip00100" data-tooltip-content="#tooltip_content00100"><span class="tt kwbu">Scouts</span></span> 9" ability.|
SM|000009785005|Fusillade|35|Librarius Conclave|000000994|The Librarian wreathes the ammunition of his allies in armour-eroding halos of azure fire.|<span class="tooltip00632" data-tooltip-content="#tooltip_content00632" data-tooltip-anchor="#tooltip_content00632"><span class="kwb kwbu">ADEPTUS</span> <span class="kwb kwbu">ASTARTES</span> <span class="kwb kwbu">PSYKER</span></span> model only. Ranged weapons equipped by models in the bearerâs unit have the <span class="kwb2 bluefont"><span class="tooltip00174" data-tooltip-content="#tooltip_content00174"><span class="tt kwbu">[ANTI-MONSTER</span> <span class="tt kwbu">5+]</span></span></span> and <span class="kwb2 bluefont"><span class="tooltip00174" data-tooltip-content="#tooltip_content00174"><span class="tt kwbu">[ANTI-VEHICLE</span> <span class="tt kwbu">5+]</span></span></span> abilities, and:<br><ul><li>The <span class="kwb2 bluefont"><span class="tooltip00061" data-tooltip-content="#tooltip_content00061"><span class="tt kwbu">[SUSTAINED</span> <span class="tt kwbu">HITS</span> <span class="tt kwbu">1]</span></span></span> ability if the <span class="tooltip00657" data-tooltip-content="#tooltip_content00657"><span class="tt kwbu">Pyromancy</span> <span class="tt kwbu">Discipline</span></span> is active for your army.</li><li>Add 6" to the Range characteristic of those weapons if the <span class="tooltip00658" data-tooltip-content="#tooltip_content00658"><span class="tt kwbu">Telekinesis</span> <span class="tt kwbu">Discipline</span></span> is active for your army.</li></ul>|
SM|000008353005|Fire Discipline|25|Gladius Task Force|000000750|This commander drills his warriors relentlessly; combined with the Adeptus Astartesâ incredible reflexes, they produce a devastating rate of fire.|<span class="kwb">ADEPTUS</span> <span class="kwb">ASTARTES</span> model only. While the bearer is leading a unit, ranged weapons equipped by models in that unit have the <span class="kwb2 bluefont"><span class="tooltip00061" data-tooltip-content="#tooltip_content00061"><span class="tt kwbu">[SUSTAINED</span> <span class="tt kwbu">HITS</span> <span class="tt kwbu">1]</span></span></span> ability. In addition, while the bearerâs unit is under the effects of the <span class="tooltip00659" data-tooltip-content="#tooltip_content00659"><span class="tt kwbu">Devastator</span> <span class="tt kwbu">Doctrine</span></span>, you can reroll <span class="tooltip00230" data-tooltip-content="#tooltip_content00230"><span class="tt kwbu">Advance</span> <span class="tt kwbu">rolls</span></span> made for that unit.|
SM|000008771005|Pennant of Remembrance|10|Unforgiven Task Force|000000834|This hallowed banner records the names and deeds of legendary members of the Deathwing, stoking still firmer resolve in those who fight beneath it.|<span class="tooltip00364" data-tooltip-content="#tooltip_content00364" data-tooltip-anchor="#tooltip_content00364"><span class="kwb kwbu">ANCIENT</span></span> model only. While the bearer is leading a unit, models in that unit have the <span class="tooltip00119" data-tooltip-content="#tooltip_content00119"><span class="tt kwbu">Feel</span> <span class="tt kwbu">No</span> <span class="tt kwbu">Pain</span> <span class="tt kwbu">6+</span></span> ability. While that unit is <span class="tooltip00036" data-tooltip-content="#tooltip_content00036"><span class="tt kwbu">Battle-shocked</span></span>, models in that unit have the <span class="tooltip00119" data-tooltip-content="#tooltip_content00119"><span class="tt kwbu">Feel</span> <span class="tt kwbu">No</span> <span class="tt kwbu">Pain</span> <span class="tt kwbu">4+</span></span> ability instead.|
SM|000010269005|Helm of the Beastslayer|15|Saga of the Beastslayer|000001070|Wrought from the carapace of a nameless xenos monstrosity, this helm offers unparalleled protection.|<span class="kwb">ADEPTUS</span> <span class="kwb">ASTARTES</span> model only. Each time an attack made by a <span class="kwb">CHARACTER</span>, <span class="kwb">MONSTER</span> or <span class="kwb">VEHICLE</span> model targets the bearerâs unit, reduce the Armour Penetration characteristic of that attack by 1.|
SM|000010265005|Thunderwolfâs Fortitude|25|Saga of the Bold|000001069|Possessed of indomitable fortitude, this champion of Fenris refuses the call of Morkai, fighting beyond the limits of even a Space Marineâs endurance.|<span class="kwb">ADEPTUS</span> <span class="kwb">ASTARTES</span> model only. The first time the bearer is destroyed, remove it from play, then, at the end of the phase, roll one D6: on a 2+, set the bearer back up on the battlefield as close as possible to where it was destroyed and not within <span class="tooltip00023" data-tooltip-content="#tooltip_content00023"><span class="tt kwbu">Engagement</span> <span class="tt kwbu">Range</span></span> of one or more enemy units, with 3 wounds remaining.|
SM|000010261005|Feral Rage|10|Saga of the Hunter|000001068|There is no substitute for raw aggression. This warrior fights with the berserk rage of a thunderwolf, tearing apart their foes with violent fury.|<span class="kwb">ADEPTUS</span> <span class="kwb">ASTARTES</span> model only. Add 1 to the Attacks characteristic of melee weapons equipped by the bearer. Each time the bearer ends a <span class="tooltip00033" data-tooltip-content="#tooltip_content00033"><span class="tt kwbu">Charge</span> <span class="tt kwbu">move</span></span>, until the end of the turn, add an additional 1 to the Attacks characteristic of those weapons.|
SM|000010155005|Lord of the Ravenwing|10|Wrath of the Rock|000001059|This commander has mastered the art of cavalry combat, instinctively noticing the opportune position to strike and navigating the chaos of battle with preternatural precision.|<span class="tooltip00642" data-tooltip-content="#tooltip_content00642" data-tooltip-anchor="#tooltip_content00642"><span class="kwb kwbu">RAVENWING</span></span> model only. You can re-roll <span class="tooltip00230" data-tooltip-content="#tooltip_content00230"><span class="tt kwbu">Advance</span></span> and <span class="tooltip00033" data-tooltip-content="#tooltip_content00033"><span class="tt kwbu">Charge</span> <span class="tt kwbu">rolls</span></span> made for the bearerâs unit.|
SM|000009851005|Longstrider|20|Champions of Fenris|000001008|This champion is renowned amongst their battle-brothers for their relentless pace when on the hunt, their loping strides eating up the miles as they run the foe to ground.|<span class="kwb">ADEPTUS</span> <span class="kwb">ASTARTES</span> model only. You can re-roll <span class="tooltip00033" data-tooltip-content="#tooltip_content00033"><span class="tt kwbu">Charge</span> <span class="tt kwbu">rolls</span></span> made for the bearerâs unit.|
SM|000009843005|Benediction of Fury|10|Wrathful Procession|000001006|Borne through a dozen bloody and hard-fought crusades, this crozius arcanumâs unique empathokinetic circuitry has absorbed the bellicosity and righteous wrath of every Chaplain who has ever wielded it. As a result, it now strikes with the force of a thunderbolt.|<span class="tooltip00371" data-tooltip-content="#tooltip_content00371" data-tooltip-anchor="#tooltip_content00371"><span class="kwb kwbu">CHAPLAIN</span></span> model only. The bearerâs melee weapons have the <span class="kwb2 bluefont"><span class="tooltip00048" data-tooltip-content="#tooltip_content00048"><span class="tt kwbu">[DEVASTATING</span> <span class="tt kwbu">WOUNDS]</span></span></span> ability.|
SM|000009835005|Ordained Sacrifice|25|Angelic Inheritors|000001004|Knowing only too well the desperate and vital nature of the battle before him, this scion of Sanguinius echoes his Primarchâs resolute determination to fight on even beyond what seems the doors of certain death.|<span class="kwb">ADEPTUS</span> <span class="kwb">ASTARTES</span> model only. The first time the bearer is destroyed, roll one D6 at the end of the phase: on a 2+, set the bearer back up on the battlefield as close as possible to where it was destroyed and not within <span class="tooltip00023" data-tooltip-content="#tooltip_content00023"><span class="tt kwbu">Engagement</span> <span class="tt kwbu">Range</span></span> of one or more enemy units, with 3 wounds remaining.|
SM|000008522005|The Tome of Ectoclades|30|Black Spear Task Force|000000808|This grimoire, bound in the skin of the alien, holds the most powerful truths the Deathwatch have uncovered about their foes, whether xenos or those who harbour them. On occasion, such knowledge has been known to save not only the bookâs custodian, but entire worlds.|<a class="kwbOne" href="/wh40k10ed/factions/space-marines/Watch-Master"><span class="kwb kwbo">WATCH</span> <span class="kwb kwbo">MASTER</span></a> or <span class="tooltip00327" data-tooltip-content="#tooltip_content00327" data-tooltip-anchor="#tooltip_content00327"><span class="kwb kwbu">CAPTAIN</span></span> model only. Once per battle, after you have selected your <span class="tooltip00365" data-tooltip-content="#tooltip_content00365"><span class="tt kwbu">Oath</span> <span class="tt kwbu">of</span> <span class="tt kwbu">Moment</span> <span class="tt kwbu">target</span></span>, the bearer can use this Enhancement. If it does, select a second enemy unit to be an Oath of Moment target.<br><br><b>Designerâs Note:</b> <i>This means that each time a model with the Oath of Moment ability makes an attack that targets either of your Oath of Moment targets, you can re-roll the <span class="tooltip00031" data-tooltip-content="#tooltip_content00031"><span class="tt kwbu">Hit</span> <span class="tt kwbu">roll</span></span>.</i>|
SM|000008494005|Iron Resolve|15|1st Company Task Force|000000798|This hero shrugs off even horrendous wounds.|<span class="tooltip00636" data-tooltip-content="#tooltip_content00636" data-tooltip-anchor="#tooltip_content00636"><span class="kwb kwbu">ADEPTUS</span> <span class="kwb kwbu">ASTARTES</span> <span class="kwb kwbu">TERMINATOR</span></span> model only. The bearer has the <span class="tooltip00119" data-tooltip-content="#tooltip_content00119"><span class="tt kwbu">Feel</span> <span class="tt kwbu">No</span> <span class="tt kwbu">Pain</span> <span class="tt kwbu">5+</span></span> ability. Once per battle, after the bearerâs unit is selected as the target of one or more attacks, the bearer can use this Enhancement. If it does, until the end of the phase, models in the bearerâs unit have the Feel No Pain 5+ ability.|
SM|000008490005|Shadow War Veteran|30|Vanguard Spearhead|000000797|By the time the enemy believes battle has begun, their rear lines have already been attacked at this warriors command - their supply lines cut and their communications in disarray - choking them off from vital battlefield support.|<span class="tooltip00330" data-tooltip-content="#tooltip_content00330" data-tooltip-anchor="#tooltip_content00330"><span class="kwb kwbu">PHOBOS</span></span> model only. Gain following ability:<br><b>Lord of Deceit (Aura):</b> Each time your opponent targets a unit from their army with a Stratagem, if that unit is within 12" of this model, increase the cost of that use of that Stratagem by 1CP.|
SM|000010623005|Steel Font|15|Hammer of Avernii|000001118|An advanced auto-chirurgeon claimed by legend to be  the product of Ferrus Manusâ own labours, this device rapidly reknits sundered flesh and armour alike.|<span class="kwb">ADEPTUS</span> <span class="kwb">ASTARTES</span> <span class="kwb">TERMINATOR</span> model only. While the bearer is leading a unit, in your <a href="/wh40k10ed/the-rules/core-rules/#COMMAND-PHASE">Command phase</a>, you can return 1 destroyed <span class="tooltip00029" data-tooltip-content="#tooltip_content00029"><span class="tt kwbu">Bodyguard</span></span> model to that unit.|
SM|000008486005|Hunterâs Instincts|25|Stormlance Task Force|000000796|This mounted huntsman espouses the value of circling the enemy and striking suddenly from an unexpected quarter upon their speeding steed, the better to land the killing blow.|<span class="tooltip00334" data-tooltip-content="#tooltip_content00334" data-tooltip-anchor="#tooltip_content00334"><span class="kwb kwbu">ADEPTUS</span> <span class="kwb kwbu">ASTARTES</span> <span class="kwb kwbu">MOUNTED</span></span> model only. If the bearerâs unit is in <a href="/wh40k10ed/the-rules/core-rules/#Strategic-Reserves">Strategic Reserves</a>, for the purposes of setting up that unit on the battlefield, treat the current <a href="/wh40k10ed/the-rules/core-rules/#The-Battle-Round">battle round</a> number as being one higher than it actually is.|
SM|000008482005|Adamantine Mantle|20|Firestorm Assault Force|000000795|This flowing cloak or finely wrought tabard is laced through with threads of braided adamantine. When combined with armour and energy fields, it has been shown time and again that these symbols of office are proof against even the very strongest attacks.|<span class="kwb">ADEPTUS</span> <span class="kwb">ASTARTES</span> model only. Each time an attack is allocated to the bearer, subtract 1 from the Damage characteristic of that attack. If that attack was made with a <span class="tooltip00096" data-tooltip-content="#tooltip_content00096"><span class="tt kwbu">Melta</span></span> or <span class="tooltip00548" data-tooltip-content="#tooltip_content00548"><span class="tt kwbu">Torrent</span></span> weapon, change the Damage characteristic of that attack to 1 instead.|
SM|000008478005|Master of Machine War|20|Ironstorm Spearhead|000000794|This commander is supremely gifted in the strategies of armoured warfare, understanding the capabilities of every war engine in the Chapters arsenal. Delivering precision orders, they ensure the vehicles under their command inflict the most punishing damage to the enemy even amidst complex manoeuvres.|<span class="kwb">ADEPTUS</span> <span class="kwb">ASTARTES</span> model only. In your <a href="/wh40k10ed/the-rules/core-rules/#COMMAND-PHASE">Command phase</a>, select one <span class="tooltip00338" data-tooltip-content="#tooltip_content00338" data-tooltip-anchor="#tooltip_content00338"><span class="kwb kwbu">ADEPTUS</span> <span class="kwb kwbu">ASTARTES</span> <span class="kwb kwbu">VEHICLE</span></span> model within 6" of the bearer. Until the start of your next Command phase, that <span class="kwb">VEHICLE</span> is eligible to shoot even if it <span class="tooltip00025" data-tooltip-content="#tooltip_content00025"><span class="tt kwbu">Fell</span> <span class="tt kwbu">Back</span></span> or <span class="tooltip00230" data-tooltip-content="#tooltip_content00230"><span class="tt kwbu">Advanced</span></span> this turn.|
SM|000010629005|Chogorian Huntmaster|25|Spearpoint Task Force|000001119|This mounted huntsman knows well the importance of manoeuvre, outflanking the enemy and ambushing unsuspecting foes from the flanks and rear, the better to land the killing blow.|<span class="kwb">ADEPTUS</span> <span class="kwb">ASTARTES</span> <span class="kwb">MOUNTED</span> model only. If the bearerâs unit is in <a href="/wh40k10ed/the-rules/core-rules/#Strategic-Reserves">Strategic Reserves</a>, for the purposes of setting up that unit on the battlefield, treat the current <a href="/wh40k10ed/the-rules/core-rules/#The-Battle-Round">battle round</a> number as being one higher than it actually is.|
SM|000008474005|Architect of War|25|Anvil Siege Force|000000793|There are few who have a deeper understanding of the tenets of siege warfare than this warrior.|<span class="kwb">ADEPTUS</span> <span class="kwb">ASTARTES</span> model only. While the bearer is leading a unit, ranged weapons equipped by models in that unit have the <span class="kwb2 bluefont"><span class="tooltip00499" data-tooltip-content="#tooltip_content00499"><span class="tt kwbu">[IGNORES</span> <span class="tt kwbu">COVER]</span></span></span> ability.|
SM|000008376005|Gift of Foresight|15|Liberator Assault Group|000000758|This heroic warrior bears a glimmering of Sanguinius' prophetic gifts. Flashes of foresight allow him to weave around his enemy's blows with supernatural skill.|<span class="tooltip00641" data-tooltip-content="#tooltip_content00641" data-tooltip-anchor="#tooltip_content00641"><span class="kwb kwbu">ADEPTUS</span> <span class="kwb kwbu">ASTARTES</span></span> model only. Once per <a href="/wh40k10ed/the-rules/core-rules/#The-Battle-Round">battle round</a>, just after making a <span class="tooltip00031" data-tooltip-content="#tooltip_content00031"><span class="tt kwbu">Hit</span> <span class="tt kwbu">roll</span></span>, a <span class="tooltip00006" data-tooltip-content="#tooltip_content00006"><span class="tt kwbu">Wound</span> <span class="tt kwbu">roll</span></span> or a <span class="tooltip00032" data-tooltip-content="#tooltip_content00032"><span class="tt kwbu">saving</span> <span class="tt kwbu">throw</span></span> for the bearer, you can treat the result as an unmodified roll of 6 instead.|
SM|000009186005|Vengeful Onslaught|10|The Lost Brethren|000000900|This Son of Sanguinius appears to the brothers of the Death Company as a paragon of their Primarchs martial prowess. Should he fall in battle, the vengeful fury of the Lost will be inflamed.|<span class="tooltip00640" data-tooltip-content="#tooltip_content00640" data-tooltip-anchor="#tooltip_content00640"><span class="kwb kwbu">DEATH</span> <span class="kwb kwbu">COMPANY</span></span> model only. It the bearer is <span class="tooltip00206" data-tooltip-content="#tooltip_content00206"><span class="tt kwbu">destroyed</span></span>, until the end of your next turn, each time a friendly <span class="kwb">DEATH</span> <span class="kwb">COMPANY</span> model makes an attack, add 1 to the 1 <span class="tooltip00031" data-tooltip-content="#tooltip_content00031"><span class="tt kwbu">Hit</span> <span class="tt kwbu">roll</span></span>.|
SM|000009733005|Fulgus Magna|20|Lionâs Blade Task Force|000000981|This ancient teleport homer projects a powerful narrowâband signal, enabling the teleportarium chambers of orbiting vessels to lock on to the bearer even amid severe atmospheric or empyric disturbances.|<span class="tooltip00634" data-tooltip-content="#tooltip_content00634" data-tooltip-anchor="#tooltip_content00634"><span class="kwb kwbu">DEATHWING</span></span> model only. Once per battle, at the end of your opponentâs turn, if the bearerâs unit is not within <span class="tooltip00023" data-tooltip-content="#tooltip_content00023"><span class="tt kwbu">Engagement</span> <span class="tt kwbu">Range</span></span> of one or more enemy units, the bearer can use this Enhancement. If it does, remove the bearerâs unit from the battlefield and place it into <a href="/wh40k10ed/the-rules/core-rules/#Strategic-Reserves">Strategic Reserves</a>.|
TAU|000008811002|Coordinated Exploitation|40|Montâka|000000845|This leader eschews their own martial glory in favour of seeking out an advanced vantage point then exploiting it to guide in the firepower of their fellows.|<span class="kwb">TâAU</span> <span class="kwb">EMPIRE</span> model only (excluding <span class="tooltip00660" data-tooltip-content="#tooltip_content00660" data-tooltip-anchor="#tooltip_content00660"><span class="kwb kwbu">KROOT</span> <span class="kwb kwbu">SHAPER</span></span> models). While the bearer is leading a unit, each time that unit is an <span class="tooltip00358" data-tooltip-content="#tooltip_content00358"><span class="tt kwbu">Observer</span> <span class="tt kwbu">unit</span></span>, until the end of the phase, ranged weapons equipped by models in a <span class="tooltip00358" data-tooltip-content="#tooltip_content00358"><span class="tt kwbu">Guided</span> <span class="tt kwbu">unit</span></span> have the <span class="kwb2 bluefont"><span class="tooltip00061" data-tooltip-content="#tooltip_content00061"><span class="tt kwbu">[SUSTAINED</span> <span class="tt kwbu">HITS</span> <span class="tt kwbu">1]</span></span></span> ability while targeting their <span class="tooltip00358" data-tooltip-content="#tooltip_content00358"><span class="tt kwbu">Spotted</span> <span class="tt kwbu">unit</span></span>.|
TAU|000008442002|Exemplar of the Kauyon|20|Kauyon|000000781|Long meditation upon the tenets of the Patient Hunter has seen this warrior master the application of this cunning ambush strategy. When they take to the battlefield, they embody the teachings of the Kauyon, much to the dismay of their luckless prey.|<span class="kwb">TâAU</span> <span class="kwb">EMPIRE</span> model only (excluding <span class="tooltip00660" data-tooltip-content="#tooltip_content00660" data-tooltip-anchor="#tooltip_content00660"><span class="kwb kwbu">KROOT</span> <span class="kwb kwbu">SHAPER</span></span> models). While the bearer is leading a unit, the <span class="tooltip00662" data-tooltip-content="#tooltip_content00662"><span class="tt kwbu">Patient</span> <span class="tt kwbu">Hunter</span></span> Detachment rule applies to that unit from the second <a href="/wh40k10ed/the-rules/core-rules/#The-Battle-Round">battle round</a> onwards instead of from the third.|
TAU|000009839002|Student of Kauyon|15|Auxiliary Cadre|000001005|This Shaper has not only studied the Code of Fire but has also adapted it to best suit their peopleâs skills.|<span class="tooltip00660" data-tooltip-content="#tooltip_content00660" data-tooltip-anchor="#tooltip_content00660"><span class="kwb kwbu">KROOT</span> <span class="kwb kwbu">SHAPER</span></span> model only. In the Declare Battle Formations step, you can select up to three <a class="kwbOne" href="/wh40k10ed/factions/t-au-empire/Kroot-Carnivores"><span class="kwb kwbo">KROOT</span> <span class="kwb kwbo">CARNIVORES</span></a> or <a class="kwbOne" href="/wh40k10ed/factions/t-au-empire/Kroot-Farstalkers"><span class="kwb kwbo">KROOT</span> <span class="kwb kwbo">FARSTALKERS</span></a> units from your army. Models in those units have the <span class="tooltip00046" data-tooltip-content="#tooltip_content00046"><span class="tt kwbu">Deep</span> <span class="tt kwbu">Strike</span></span> ability.|
TAU|000009636002|Target Optimisation Microdrones|0|Starfire Cadre|000000966|A swarm of tiny experimental drones swarm about this warrior, analysing weaknesses in enemy wargear.|<a class="kwbOne" href="/wh40k10ed/factions/t-au-empire/Cadre-Fireblade"><span class="kwb kwbo">CADRE</span> <span class="kwb kwbo">FIREBLADE</span></a> model only. Once per turn, in your <a href="/wh40k10ed/the-rules/boarding-action-rules/#Shooting-Phase">Shooting phase</a>, when a friendly <span class="tooltip00663" data-tooltip-content="#tooltip_content00663" data-tooltip-anchor="#tooltip_content00663"><span class="kwb kwbu">FIRE</span> <span class="kwb kwbu">WARRIOR</span></span>, <a class="kwbOne" href="/wh40k10ed/factions/t-au-empire/Pathfinder-Team"><span class="kwb kwbo">PATHFINDER</span> <span class="kwb kwbo">TEAM</span></a> or <span class="kwb">CADRE</span> <span class="kwb">FIREBLADE</span> unit within 6" of the bearer is selected to shoot, the bearer can use this Enhancement. If it does, until the end of the phase, improve the Armour Penetration characteristic of ranged weapons equipped by models in that unit by 1.|
TAU|000008821002|Borthrod Gland|15|Kroot Hunting Pack|000000847|The Kroot found the flesh of the Borthrod so irresistible they hunted them to extinction. This preserved gland still exudes pheromones that drive nearby Kroot into a ravenous frenzy.|<a href="/wh40k10ed/factions/t-au-empire/Kroot-Flesh-Shaper">Kroot Flesh Shaper</a> only. While the bearer is leading a unit, each time a model in that unit makes a melee attack, an unmodified <span class="tooltip00031" data-tooltip-content="#tooltip_content00031"><span class="tt kwbu">Hit</span> <span class="tt kwbu">roll</span></span> of 5+ scores a <span class="tooltip00031" data-tooltip-content="#tooltip_content00031"><span class="tt kwbu">Critical</span> <span class="tt kwbu">Hit</span></span>.|
TAU|000008815002|Internal Grenade Racks|20|Retaliation Cadre|000000846|These thigh plates house deployment rails of high-explosive bomblets. As the pilot jets over the foe, the racks can be triggered to dispense a rain of death.|<span class="tooltip00664" data-tooltip-content="#tooltip_content00664" data-tooltip-anchor="#tooltip_content00664"><span class="kwb kwbu">TâAU</span> <span class="kwb kwbu">EMPIRE</span> <span class="kwb kwbu">BATTLESUIT</span></span> model only. The bearer has the <span class="tooltip00050" data-tooltip-content="#tooltip_content00050"><span class="tt kwbu">Grenades</span></span> keyword, and each time the bearer ends a <span class="tooltip00221" data-tooltip-content="#tooltip_content00221"><span class="tt kwbu">Normal</span> <span class="tt kwbu">move</span></span>, you can select one enemy unit that it moved over during that move. If you do, roll six D6: for each 4+, that enemy unit suffers 1 <span class="tooltip00049" data-tooltip-content="#tooltip_content00049"><span class="tt kwbu">mortal</span> <span class="tt kwbu">wound</span></span>.|
TAU|000009983002|Supernova Launcher|15|Experimental Prototype Cadre|000001028|Adapted from standard-issue fragmentation projectors, this weapon enables the bearer to fire explosive plasma charges on parabolic trajectories. These projectiles drop amongst the enemy and explode in a coruscating fireball that evaporates metal and flesh alike.|<span class="kwb">TâAU</span> <span class="kwb">EMPIRE</span> model only. Select one airbursting fragmentation projector equipped by the bearer. Improve the Strength characteristic of that weapon by 3, and improve the Armour Penetration and Damage characteristics of that weapon by 1.|
TAU|000009645002|Experienced Leader|0|Kroot Raiding Party|000000967|This Shaper has defeated - and quite possibly devoured - such foes before. They are well able to advise their warriors on how to fight them.|At the start of the first <a href="/wh40k10ed/the-rules/core-rules/#The-Battle-Round">battle round</a>, select one enemy unit on the battlefield. Until the end of the battle, each time a <span class="tooltip00348" data-tooltip-content="#tooltip_content00348" data-tooltip-anchor="#tooltip_content00348"><span class="kwb kwbu">KROOT</span></span> model from your army makes an attack that targets that enemy unit, if the bearer is on the battlefield, you can re-roll the <span class="tooltip00006" data-tooltip-content="#tooltip_content00006"><span class="tt kwbu">Wound</span> <span class="tt kwbu">roll</span></span>.|
TAU|000009636003|Dutyâs Echo|0|Starfire Cadre|000000966|This tech-inlaid stave glows with the light of the Tâauâva, inspiring nearby warriors to greater efforts.|<span class="tooltip00380" data-tooltip-content="#tooltip_content00380" data-tooltip-anchor="#tooltip_content00380"><span class="kwb kwbu">ETHEREAL</span></span> model only. At the end of your <a href="/wh40k10ed/the-rules/boarding-action-rules/#Shooting-Phase">Shooting phase</a>, you can select one friendly <span class="tooltip00663" data-tooltip-content="#tooltip_content00663" data-tooltip-anchor="#tooltip_content00663"><span class="kwb kwbu">FIRE</span> <span class="kwb kwbu">WARRIOR</span></span> or <a class="kwbOne" href="/wh40k10ed/factions/t-au-empire/Pathfinder-Team"><span class="kwb kwbo">PATHFINDER</span> <span class="kwb kwbo">TEAM</span></a> unit within 6" of the bearer. If you do, that unit can make a <span class="tooltip00221" data-tooltip-content="#tooltip_content00221"><span class="tt kwbu">Normal</span> <span class="tt kwbu">move</span></span> of up to 3" and then counts as having performed the <a href="/wh40k10ed/the-rules/boarding-action-rules/#Set-Overwatch">Set Overwatch</a> Tactical Manoeuvre this turn.|
TAU|000008442003|Precision of the Patient Hunter|15|Kauyon|000000781|This warrior prowls the battlefield like a high-tech predator, stalking and assessing their quarry before they strike. When they do launch their assault, their every shot and blow is informed by careful observations, perfectly aimed where they will do the greatest harm.|<span class="kwb">TâAU</span> <span class="kwb">EMPIRE</span> model only. Each time the bearer makes a ranged attack, add 1 to the <span class="tooltip00031" data-tooltip-content="#tooltip_content00031"><span class="tt kwbu">Hit</span> <span class="tt kwbu">roll</span></span>. From the third <a href="/wh40k10ed/the-rules/core-rules/#The-Battle-Round">battle round</a> onwards, add 1 to the <span class="tooltip00006" data-tooltip-content="#tooltip_content00006"><span class="tt kwbu">Wound</span> <span class="tt kwbu">roll</span></span> as well.|
TAU|000008815003|Prototype Weapon System|15|Retaliation Cadre|000000846|Famed battlesuit pilots are often more than willing to assist Earth caste scientists infield-testing the latest in experimental weapons technology.|<span class="tooltip00664" data-tooltip-content="#tooltip_content00664" data-tooltip-anchor="#tooltip_content00664"><span class="kwb kwbu">TâAU</span> <span class="kwb kwbu">EMPIRE</span> <span class="kwb kwbu">BATTLESUIT</span></span> model only. Each time the bearer is selected to shoot, select either the <span class="kwb2 bluefont"><span class="tooltip00218" data-tooltip-content="#tooltip_content00218"><span class="tt kwbu">[LETHAL</span> <span class="tt kwbu">HITS]</span></span></span> or <span class="kwb2 bluefont"><span class="tooltip00061" data-tooltip-content="#tooltip_content00061"><span class="tt kwbu">[SUSTAINED</span> <span class="tt kwbu">HITS</span> <span class="tt kwbu">1]</span></span></span> ability. Until those attacks are resolved, ranged weapons equipped by the bearer have the selected ability.|
TAU|000009839003|Admired Leader|20|Auxiliary Cadre|000001005|Having proven themselves to their alien charges, this Tâau has won their fierce loyalty and become an iconic folk hero to them.|<span class="kwb">TâAU</span> <span class="kwb">EMPIRE</span> model (excluding <span class="tooltip00348" data-tooltip-content="#tooltip_content00348" data-tooltip-anchor="#tooltip_content00348"><span class="kwb kwbu">KROOT</span></span> models) only. In your <a href="/wh40k10ed/the-rules/core-rules/#COMMAND-PHASE">Command phase</a>, you can select one <span class="kwb">KROOT</span> or <a class="kwbOne" href="/wh40k10ed/factions/t-au-empire/Vespid-Stingwings"><span class="kwb kwbo">VESPID</span> <span class="kwb kwbo">STINGWINGS</span></a> unit within 12" of the bearer. If you do, until the start of your next Command phase, improve the Leadership characteristic of models in that unit by 1, and while such a unit is not <span class="tooltip00036" data-tooltip-content="#tooltip_content00036"><span class="tt kwbu">Battle-shocked</span></span>, add 1 to the Objective Control characteristic of models in that unit.|
TAU|000008811003|Exemplar of the Montâka|10|Montâka|000000845|This warrior has perfected the art of the Killing Blow, formulating swift and decisive battle plans and leading their cadres from the front in aggressive strikes.|<span class="kwb">TâAU</span> <span class="kwb">EMPIRE</span> model only (excluding <span class="tooltip00660" data-tooltip-content="#tooltip_content00660" data-tooltip-anchor="#tooltip_content00660"><span class="kwb kwbu">KROOT</span> <span class="kwb kwbu">SHAPER</span></span> models). While the bearer is leading a unit, the <span class="tooltip00665" data-tooltip-content="#tooltip_content00665"><span class="tt kwbu">Killing</span> <span class="tt kwbu">Blow</span></span> Detachment rule applies to that unit during the fourth battle round as well.|
TAU|000008821003|Kroothawk Flock|10|Kroot Hunting Pack|000000847|This leader has painstakingly established a deep-seated bond with a small flock of Kroothawks. The avian creatures circle on high, spying out and revealing the hiding places of the prey or warning of ambushing enemies with wing-dips, diving stoops and harsh shrieks.|<span class="tooltip00348" data-tooltip-content="#tooltip_content00348" data-tooltip-anchor="#tooltip_content00348"><span class="kwb kwbu">KROOT</span></span> model only. Ranged weapons equipped by models in the bearerâs unit have the <span class="kwb2 bluefont"><span class="tooltip00499" data-tooltip-content="#tooltip_content00499"><span class="tt kwbu">[IGNORES</span> <span class="tt kwbu">COVER]</span></span></span> ability, and enemy units that are set up on the battlefield as <a href="/wh40k10ed/the-rules/core-rules/#2.-Reinforcements">Reinforcements</a> cannot be set up within 12" horizontally of the bearer.|
TAU|000009983003|Thermoneutronic Projector|20|Experimental Prototype Cadre|000001028|The thermoneutronic projector uses volatile gases siphoned from the coronae of neutron stars to expel a flame capable of searing through the armour plating of a battle tank.|<span class="kwb">TâAU</span> <span class="kwb">EMPIRE</span> model only. Select one Tâau flamer equipped by the bearer. Improve the Strength characteristic of that weapon by 2, and improve the Armour Penetration and Damage characteristics of that weapon by 1.|
TAU|000009645003|Quill Marker|0|Kroot Raiding Party|000000967|Subtly adapted through careful shaping, this warrior can use their pheromone dart-quills to mark prey that their raiding party then descend upon with predatory fury.|At the start of your <a href="/wh40k10ed/the-rules/boarding-action-rules/#Charge-Phase">Charge phase</a>, select one enemy unit within 12" of the bearer. Until the end of the phase, each time a <span class="tooltip00348" data-tooltip-content="#tooltip_content00348" data-tooltip-anchor="#tooltip_content00348"><span class="kwb kwbu">KROOT</span></span> unit from your army <span class="tooltip00033" data-tooltip-content="#tooltip_content00033"><span class="tt kwbu">declares</span> <span class="tt kwbu">a</span> <span class="tt kwbu">charge</span></span>, if it is within 6" of that enemy unit, it can include that enemy unit as a target of that charge, even if it is not <a href="/wh40k10ed/the-rules/boarding-action-rules/#Visibility">visible</a> to it.|
TAU|000008442004|Solid-image Projection Unit|30|Kauyon|000000781|This holowave-emitter drone projects beams of so-called heavy light, forming convincing illusory images while simultaneously masking the true locations of its allies with advanced refraction fields.|<span class="kwb">TâAU</span> <span class="kwb">EMPIRE</span> model only. After both players have deployed their armies, select up to three <span class="kwb">TâAU</span> <span class="kwb">EMPIRE</span> units from your army and redeploy them. When doing so, you can set those units up in <a href="/wh40k10ed/the-rules/core-rules/#Strategic-Reserves">Strategic Reserves</a> if you wish, regardless of how many units are already in Strategic Reserves.|
TAU|000008815004|Puretide Engram Neurochip|25|Retaliation Cadre|000000846|Commander Puretide was the most gifted Tâau war leader of all time. Upon his death, his memories were stored in a neurochip. When implanted into the brain, the bearer can access much of this wisdom.|<span class="tooltip00664" data-tooltip-content="#tooltip_content00664" data-tooltip-anchor="#tooltip_content00664"><span class="kwb kwbu">TâAU</span> <span class="kwb kwbu">EMPIRE</span> <span class="kwb kwbu">BATTLESUIT</span></span> model only. Each time you target the bearerâs unit with a <a href="/wh40k10ed/the-rules/core-rules/#Stratagems">Stratagem</a>, roll one D6: on a 4+, you gain 1CP.|
TAU|000009983004|Plasma Accelerator Rifle|10|Experimental Prototype Cadre|000001028|The plasma accelerator rifle blends pulse-induction technology with a high-yield plasma generator, rendering it highly effective against both infantry and light vehicles.|<span class="kwb">TâAU</span> <span class="kwb">EMPIRE</span> model only. Select one plasma rifle equipped by the bearer. Improve the Strength characteristic of that weapon by 2, and improve the Attacks, Armour Penetration and Damage characteristics of that weapon by 1.|
TAU|000008811004|Strategic Conqueror|15|Montâka|000000845|A wise commander appreciates the strategic value of seizing a vital battlefield asset swiftly to establish a foothold, employing it as a jumping off point for further assaults or a rallying post for a swift retreat.|<span class="kwb">TâAU</span> <span class="kwb">EMPIRE</span> model only. At the start of the first battle round, before the first turn begins, select one <span class="tooltip00064" data-tooltip-content="#tooltip_content00064"><span class="tt kwbu">objective</span> <span class="tt kwbu">marker</span></span> on the battlefield. While a friendly <span class="kwb">TâAU</span> <span class="kwb">EMPIRE</span> model is within range of that objective marker and the bearer is on the battlefield, add 1 to that friendly modelâs Objective Control characteristic.|
TAU|000009839004|Fanatical Convert|10|Auxiliary Cadre|000001005|This true believer strives to embody the Tâauâva even more entirely than the Tâau themselves.|<span class="tooltip00348" data-tooltip-content="#tooltip_content00348" data-tooltip-anchor="#tooltip_content00348"><span class="kwb kwbu">KROOT</span></span> model only. The bearerâs unit has the <span class="tooltip00358" data-tooltip-content="#tooltip_content00358"><span class="tt kwbu">For</span> <span class="tt kwbu">the</span> <span class="tt kwbu">Greater</span> <span class="tt kwbu">Good</span></span> ability.|
TAU|000008821004|Nomadic Hunter|20|Kroot Hunting Pack|000000847|This Shaperâs followers have become adept at the loping pursuit, snapping off harassing fire as they tirelessly and mercilessly run their victims to ground.|<a class="kwbOne" href="/wh40k10ed/factions/t-au-empire/Kroot-Trail-Shaper"><span class="kwb kwbo">KROOT</span> <span class="kwb kwbo">TRAIL</span> <span class="kwb kwbo">SHAPER</span></a> model only. While the bearer is leading a unit, add 3" to the Move characteristic of models in that unit and ranged weapons equipped by models in that unit have the <span class="kwb2 bluefont"><span class="tooltip00217" data-tooltip-content="#tooltip_content00217"><span class="tt kwbu">[ASSAULT]</span></span></span> ability.|
TAU|000008815005|Starflare Ignition System|20|Retaliation Cadre|000000846|The ignition thrusters on selected battlesuits are augmented with optional feed-selectors, allowing the pilot to release a jet of enriched accelerant upon take-off and sending the pilots streaking skywards.|<span class="tooltip00664" data-tooltip-content="#tooltip_content00664" data-tooltip-anchor="#tooltip_content00664"><span class="kwb kwbu">TâAU</span> <span class="kwb kwbu">EMPIRE</span> <span class="kwb kwbu">BATTLESUIT</span></span> model only. At the end of your opponentâs turn, if the bearerâs unit is not within <span class="tooltip00023" data-tooltip-content="#tooltip_content00023"><span class="tt kwbu">Engagement</span> <span class="tt kwbu">Range</span></span> of one or more enemy units, you can remove that unit from the battlefield and place it into <a href="/wh40k10ed/the-rules/core-rules/#Strategic-Reserves">Strategic Reserves</a>.|
TAU|000008811005|Strike Swiftly|25|Montâka|000000845|This commander knows victory is best assured by taking the fight to the enemy as soon as battle is joined.|<span class="kwb">TâAU</span> <span class="kwb">EMPIRE</span> model only. At the start of the battle, before any moves are made using the <span class="tooltip00100" data-tooltip-content="#tooltip_content00100"><span class="tt kwbu">Scouts</span></span> ability, you can select up to two friendly <span class="kwb">TâAU</span> <span class="kwb">EMPIRE</span> units within 6" of the bearer that do not have the Scouts ability. Until the end of the battle, all models in the selected units have the Scouts 6" ability.|
TAU|000009983005|Fusion Blades|25|Experimental Prototype Cadre|000001028|Fusion blades resemble modified versions of the Tâau fusion blaster. However, when fired, each weapon unleashes a continuous beam of volatile energy that extends from the muzzle of the weapon.|<span class="kwb">TâAU</span> <span class="kwb">EMPIRE</span> model only. Select one fusion blaster equipped by the bearer. Improve the Attacks characteristic of that weapon by 1, improve the Strength characteristic of that weapon by 3, and that weapon has the <span class="kwb2 bluefont"><span class="tooltip00096" data-tooltip-content="#tooltip_content00096"><span class="tt kwbu">[MELTA</span> <span class="tt kwbu">4]</span></span></span> ability.|
TAU|000009839005|Transponder Lock Module|25|Auxiliary Cadre|000001005|This system detects transponders borne deep into the field by alien auxiliaries and guides its user unerringly in on their positions.|<span class="tooltip00666" data-tooltip-content="#tooltip_content00666" data-tooltip-anchor="#tooltip_content00666"><span class="kwb kwbu">TâAU</span> <span class="kwb kwbu">EMPIRE</span> <span class="kwb kwbu">WALKER</span></span> model with the <span class="tooltip00046" data-tooltip-content="#tooltip_content00046"><span class="tt kwbu">Deep</span> <span class="tt kwbu">Strike</span></span> ability only. The bearerâs unit can be set up using the Deep Strike ability in the <a href="/wh40k10ed/the-rules/core-rules/#2.-Reinforcements">Reinforcements step</a> of your first, second or third <a href="/wh40k10ed/the-rules/core-rules/#MOVEMENT-PHASE">Movement phase</a>, regardless of any mission rules. During your first Movement phase, when you set up the bearerâs unit, it must be set up within 12" of one or more friendly <span class="tooltip00348" data-tooltip-content="#tooltip_content00348" data-tooltip-anchor="#tooltip_content00348"><span class="kwb kwbu">KROOT</span></span> or <a class="kwbOne" href="/wh40k10ed/factions/t-au-empire/Vespid-Stingwings"><span class="kwb kwbo">VESPID</span> <span class="kwb kwbo">STINGWINGS</span></a> units and not within 9" horizontally of one or more enemy units.|
TAU|000008442005|Through Unity, Devastation|40|Kauyon|000000781|Under their calm tutelage of this leader, warriors of the Fire caste maximise every shot they fire, creating a blizzard of deadly energy.|<span class="kwb">TâAU</span> <span class="kwb">EMPIRE</span> model only (excluding <span class="tooltip00660" data-tooltip-content="#tooltip_content00660" data-tooltip-anchor="#tooltip_content00660"><span class="kwb kwbu">KROOT</span> <span class="kwb kwbu">SHAPER</span></span> models). While the bearer is leading a unit, each time that unit is an <span class="tooltip00358" data-tooltip-content="#tooltip_content00358"><span class="tt kwbu">Observer</span> <span class="tt kwbu">unit</span></span>, until the end of the phase, ranged weapons equipped by models in a <span class="tooltip00358" data-tooltip-content="#tooltip_content00358"><span class="tt kwbu">Guided</span> <span class="tt kwbu">unit</span></span> have the <span class="kwb2 bluefont"><span class="tooltip00218" data-tooltip-content="#tooltip_content00218"><span class="tt kwbu">[LETHAL</span> <span class="tt kwbu">HITS]</span></span></span> ability while targeting their <span class="tooltip00358" data-tooltip-content="#tooltip_content00358"><span class="tt kwbu">Spotted</span> <span class="tt kwbu">unit</span></span>.|
TAU|000008821005|Root-carved Weapons|10|Kroot Hunting Pack|000000847|Just as the Kroot venerate the so-called Roots from which their culture derives, so they prize the traditional forms of Root-carved weapons and must perform exceptional deeds to be permitted to wield them in war.|<a href="/wh40k10ed/factions/t-au-empire/Kroot-War-Shaper">Kroot War Shaper</a> model only. All weapons equipped by the bearer have the <span class="kwb2 bluefont"><span class="tooltip00057" data-tooltip-content="#tooltip_content00057"><span class="tt kwbu">[PRECISION]</span></span></span> and <span class="kwb2 bluefont"><span class="tooltip00048" data-tooltip-content="#tooltip_content00048"><span class="tt kwbu">[DEVASTATING</span> <span class="tt kwbu">WOUNDS]</span></span></span> abilities.|
TS|000010205002|Risen Rubricae|30|Rubricae Phalanx|000001064|A plan decades in the making comes to fruition as hidden, silent Rubricae emerge at a fateful hour to deliver the killing blow.|<span class="kwb">THOUSAND</span> <span class="kwb">SONS</span> model only. At the start of the <a href="/wh40k10ed/the-rules/core-rules/#Declare-Battle-Formations">Declare Battle Formations</a> step, select either two <a class="kwbOne" href="/wh40k10ed/factions/thousand-sons/Rubric-Marines"><span class="kwb kwbo">RUBRICAE</span> <span class="kwb kwbo">BATTLELINE</span></a> units from your army or one other <span class="tooltip00667" data-tooltip-content="#tooltip_content00667" data-tooltip-anchor="#tooltip_content00667"><span class="kwb kwbu">RUBRICAE</span></span> unit from your army; models in the selected units have the <span class="tooltip00510" data-tooltip-content="#tooltip_content00510"><span class="tt kwbu">Infiltrators</span></span> ability.|
TS|000010197002|Nethershriek Mind-eater|10|Changehost of Deceit|000001062|This occultist draws upon an eldritch contract with a daemonic gheist. The entity gleefully tears into weak wills, feasts on doubts and screams its burning laughter into the recesses of its preyâs meagre souls.|<span class="kwb">THOUSAND</span> <span class="kwb">SONS</span> or <a class="kwbOne" href="/wh40k10ed/factions/thousand-sons/Lord-of-Change"><span class="kwb kwbo">LORD</span> <span class="kwb2 kwbo">OF</span> <span class="kwb kwbo">CHANGE</span></a> model only. At the start of your <a href="/wh40k10ed/the-rules/core-rules/#SHOOTING-PHASE">Shooting phase</a>, select one enemy unit within 12" of and <a href="/wh40k10ed/the-rules/core-rules/#Determining-Visibility">visible</a> to the bearer. That unit must take a <span class="tooltip00036" data-tooltip-content="#tooltip_content00036"><span class="tt kwbu">Battle-shock</span> <span class="tt kwbu">test</span></span>; if that test is failed, that unit suffers 3 <span class="tooltip00049" data-tooltip-content="#tooltip_content00049"><span class="tt kwbu">mortal</span> <span class="tt kwbu">wounds</span></span>.|
TS|000009741002|Arcane Might|20|Hexwarp Thrallband|000000983|Drawing upon the rampant Warp energies coursing across the battlefield, this sorcerous champion imbues their weapons and those of their talented underlings with soul-shattering force.|<span class="kwb">THOUSAND</span> <span class="kwb">SONS</span> model only. Add 1 to the Strength characteristic of <span class="tooltip00528" data-tooltip-content="#tooltip_content00528"><span class="tt kwbu">Psychic</span> <span class="tt kwbu">weapons</span></span> equipped by models in the bearerâs unit. While the bearerâs unit is wholly within your armyâs <span class="tooltip00668" data-tooltip-content="#tooltip_content00668"><span class="tt kwbu">Flow</span> <span class="tt kwbu">of</span> <span class="tt kwbu">Magic</span></span>, add 2 to the Strength characteristic of Psychic weapons equipped by models in that unit instead.|
TS|000009654002|Warp Mastery|0|Chosen Cabal|000000969|This psyker is steeped in the malefic secrets of the warp. Their powers are manifested with a terrifying and destructive intensity.|Each time you roll to determine the number of attacks made with a <span class="tooltip00528" data-tooltip-content="#tooltip_content00528"><span class="tt kwbu">Psychic</span> <span class="tt kwbu">weapon</span></span> equipped by the bearer, you can re-roll the result.|
TS|000009672002|Predestined Champion|0|Fateseekers|000000971|Many strands of fate intertwine about this Champion of Tzeentch, for it has been foretold that he may achieve greatness. Of course, fate is ever fickle...|While the bearer is on the battlefield, you are considered to control one additional <a href="/wh40k10ed/the-rules/boarding-action-rules/#Objective-Markers">objective marker</a> for the purposes of the <a href="/wh40k10ed/factions/thousand-sons/#Twisting-Fate-2">Twisting Fate</a> army rule.|
TS|000010201002|Warpmeld Dagger|10|Warpmeld Pact|000001063|Sacrifice is ever at the route of infernal power, even better when bought with the grossest of betrayal.|<a class="kwbOne" href="/wh40k10ed/factions/thousand-sons/Tzaangor-Shaman"><span class="kwb kwbo">TZAANGOR</span> <span class="kwb kwbo">SHAMAN</span></a> model only. Each time the bearer attempts a <span class="tooltip00431" data-tooltip-content="#tooltip_content00431"><span class="tt kwbu">Ritual</span></span>, just before determining the Psychic test result, the bearer can use this Enhancement. If it does, the bearer suffers D3 <span class="tooltip00049" data-tooltip-content="#tooltip_content00049"><span class="tt kwbu">mortal</span> <span class="tt kwbu">wounds</span></span>; if it is not destroyed as a result, add 1 to that Psychic test result for each of those mortal wounds suffered.|
TS|000009663002|Thrallmaster|0|Devoted Thralls|000000970|In the eyes of this Sorcerer, thronging masses of cultists and Tzaangors are little more than cannon fodder to be used as living shield.|At the start of the first <a href="/wh40k10ed/the-rules/core-rules/#The-Battle-Round">battle round</a>, you can select one friendly <span class="tooltip" title="Keyword does not appear in that faction."><s class="kwbs">THOUSAND SONS CULTISTS</s></span> or <a class="kwbOne" href="/wh40k10ed/factions/thousand-sons/Tzaangors"><span class="kwb kwbo">TZAANGORS</span></a> unit within the same Entry Zone as the bearer. If you do, that unit can make a <span class="tooltip00221" data-tooltip-content="#tooltip_content00221"><span class="tt kwbu">Normal</span> <span class="tt kwbu">move</span></span> of up to 6".|
TS|000010193002|Lord of Forbidden Lore|20|Grand Coven|000001061|This Sorcerer has committed many a grimoire and unholy tome to memory, giving them unparalleled knowledge of hexes, curses and destructive rites.|<span class="kwb">THOUSAND</span> <span class="kwb">SONS</span> model only. Each time the bearer manifests a <span class="tooltip00431" data-tooltip-content="#tooltip_content00431"><span class="tt kwbu">Ritual</span></span>, while resolving that Ritual, add 6" to its range.|
TS|000010209002|Warp Syphon|5|Warpforged Cabal|000001065|This Sorcerer greedily digs into the occult ley lines that thread a cabalâs war engines, redirecting unwelcome surges of empyric overflow into the vehiclesâ structure.|<span class="kwb">THOUSAND</span> <span class="kwb">SONS</span> model only. While the bearer is within 6" of one or more friendly <span class="tooltip00669" data-tooltip-content="#tooltip_content00669" data-tooltip-anchor="#tooltip_content00669"><span class="kwb kwbu">THOUSAND</span> <span class="kwb kwbu">SONS</span> <span class="kwb kwbu">VEHICLE</span></span> units, each time the bearer <span class="tooltip00431" data-tooltip-content="#tooltip_content00431"><span class="tt kwbu">Channels</span> <span class="tt kwbu">the</span> <span class="tt kwbu">Warp</span></span>, after you roll that additional D6 but before checking for doubles or triples, the bearer can use this Enhancement. If it does, select one of those <span class="kwb">VEHICLE</span> units; that <span class="kwb">VEHICLE</span> unit suffers 1 <span class="tooltip00049" data-tooltip-content="#tooltip_content00049"><span class="tt kwbu">mortal</span> <span class="tt kwbu">wound</span></span> and you can re-roll that additional D6.|
TS|000010201003|Diamond of Distortion|20|Warpmeld Pact|000001063|This precious gem is infused with a strange energy that distorts reality around the bearer, making them all but impossible to strike.|<a class="kwbOne" href="/wh40k10ed/factions/thousand-sons/Tzaangor-Shaman"><span class="kwb kwbo">TZAANGOR</span> <span class="kwb kwbo">SHAMAN</span></a> model only. While the bearer is leading a unit, each time an attack targets that unit, subtract 1 from the <span class="tooltip00031" data-tooltip-content="#tooltip_content00031"><span class="tt kwbu">Hit</span> <span class="tt kwbu">roll</span></span>.|
TS|000010205003|Arcane Thralls (Aura)|5|Rubricae Phalanx|000001064|This Warp mage has unearthed eldritch lore by which they have mastered the means to tether the Legionâs former warriors to their will with an unbreakable leash of raw sorcery.|<span class="kwb">THOUSAND</span> <span class="kwb">SONS</span> model only. While a friendly <span class="tooltip00667" data-tooltip-content="#tooltip_content00667" data-tooltip-anchor="#tooltip_content00667"><span class="kwb kwbu">RUBRICAE</span></span> unit is within 9" of the bearer, you can re-roll <span class="tooltip00036" data-tooltip-content="#tooltip_content00036"><span class="tt kwbu">Battle-shock</span> <span class="tt kwbu">tests</span></span> taken for that unit.|
TS|000010209003|The Perplexing Cloak|20|Warpforged Cabal|000001065|Woven from fibres pulled from mind impulse units while their owners are still alive, this cloak is a ritual interface between the biological and the mechanical, masking the wearer in the shadow of their iron wards.|<span class="tooltip00349" data-tooltip-content="#tooltip_content00349" data-tooltip-anchor="#tooltip_content00349"><span class="kwb kwbu">THOUSAND</span> <span class="kwb kwbu">SONS</span> <span class="kwb kwbu">INFANTRY</span></span> model only. While the bearer is within 3" of one or more friendly <span class="tooltip00669" data-tooltip-content="#tooltip_content00669" data-tooltip-anchor="#tooltip_content00669"><span class="kwb kwbu">THOUSAND</span> <span class="kwb kwbu">SONS</span> <span class="kwb kwbu">VEHICLE</span></span> units, the bearer has the <span class="tooltip00222" data-tooltip-content="#tooltip_content00222"><span class="tt kwbu">Lone</span> <span class="tt kwbu">Operative</span></span> ability.|
TS|000009741003|Empowered Manifestation|20|Hexwarp Thrallband|000000983|The many eyes of this witch lord blaze with barely contained arcane might. Whilst the spells they unleash are rendered far more lethal, such destructive power comes at significant risk.|<span class="kwb">THOUSAND</span> <span class="kwb">SONS</span> model only. While the bearerâs unit is wholly within your armyâs <span class="tooltip00668" data-tooltip-content="#tooltip_content00668"><span class="tt kwbu">Flow</span> <span class="tt kwbu">of</span> <span class="tt kwbu">Magic</span></span>, you can add 6" to the range of <span class="tooltip00528" data-tooltip-content="#tooltip_content00528"><span class="tt kwbu">Psychic</span> <span class="tt kwbu">abilities</span></span> the bearer has that specify a range (including <span class="tooltip00431" data-tooltip-content="#tooltip_content00431"><span class="tt kwbu">Rituals</span></span>) and each time a model in the bearerâs unit takes a <span class="tooltip00034" data-tooltip-content="#tooltip_content00034"><span class="tt kwbu">Hazardous</span> <span class="tt kwbu">test</span></span> for a <span class="tooltip00528" data-tooltip-content="#tooltip_content00528"><span class="tt kwbu">Psychic</span> <span class="tt kwbu">weapon</span></span>, you can re-roll the result.|
TS|000010197003|Diabolic Savant|20|Changehost of Deceit|000001062|By making a promise of blood and souls, this Sorcerer draws an infernal sentience near. It presses against the straining veil of reality, and from its fanged maw spill gibbered secrets of sanity-straining sorcery.|<span class="tooltip00349" data-tooltip-content="#tooltip_content00349" data-tooltip-anchor="#tooltip_content00349"><span class="kwb kwbu">THOUSAND</span> <span class="kwb kwbu">SONS</span> <span class="kwb kwbu">INFANTRY</span></span> model only. While the bearer is within 6" of one or more friendly <span class="tooltip00250" data-tooltip-content="#tooltip_content00250" data-tooltip-anchor="#tooltip_content00250"><span class="kwb kwbu">SCINTILLATING</span> <span class="kwb kwbu">LEGIONS</span></span> units, each time the bearer <span class="tooltip00431" data-tooltip-content="#tooltip_content00431"><span class="tt kwbu">Channels</span> <span class="tt kwbu">the</span> <span class="tt kwbu">Warp</span></span>, add 1 to the Psychic test result.|
TS|000009672003|Astral Predation|0|Fateseekers|000000971|With a great psychic effort, this warrior savant projects his eldritch soul out from his mortal shell that it might pass through doorways into other futures and strike down his enemies before they have a chance to react.|Once per battle, in your <a href="/wh40k10ed/the-rules/boarding-action-rules/#Movement-Phase">Movement phase</a>, when the bearer is selected to move, it can use this Enhancement. If it does, select one closed <a href="/wh40k10ed/the-rules/boarding-action-rules/#Terrain">Hatchway</a> on the battlefield. Until the end of the phase, the bearer can move through that Hatchway as if it was open (note that this does not open that Hatchway - it remains closed).|
TS|000010193003|Incandaeum|15|Grand Coven|000001061|This staff was fashioned from the sorcerously crystallized fires of a Tzeentchian Firelord. Roiling tides of apocalyptic flame surge constantly within Incandaeumâs iron-hard prison, but only through twisted incantation can they be unleashed.|<span class="tooltip00670" data-tooltip-content="#tooltip_content00670" data-tooltip-anchor="#tooltip_content00670"><span class="kwb kwbu">EXALTED</span> <span class="kwb kwbu">SORCERER</span></span> model only. Once per battle, when selecting a <span class="tooltip00431" data-tooltip-content="#tooltip_content00431"><span class="tt kwbu">Ritual</span></span> for the bearer to attempt, you can select Doombolt, even if a model from your army have already attempted to manifest that Ritual this phase.|
TS|000009654003|Fires of Change|0|Chosen Cabal|000000969|Those struck by this psykerâs sorcery are engulfed in vibrant, flickering flames that inflict horrifying mutations upon their bodies.|Each time the bearer shoots, after it has shot, select one enemy unit hit by one or more of those attacks made with a <span class="tooltip00528" data-tooltip-content="#tooltip_content00528"><span class="tt kwbu">Psychic</span> <span class="tt kwbu">weapon</span></span>. That unit must take a <span class="tooltip00036" data-tooltip-content="#tooltip_content00036"><span class="tt kwbu">Battle-shock</span> <span class="tt kwbu">test</span></span>, subtracting 1 from the result.|
TS|000009663003|Prescient Authority|0|Devoted Thralls|000000970|This Sorcerer exerts their domineering will over their mortal charges and guides their hands as they lash out at the enemy with beak, blade and talon.|Once per turn, when a friendly <span class="tooltip" title="Keyword does not appear in that faction."><s class="kwbs">THOUSAND SONS CULTISTS</s></span> or <a class="kwbOne" href="/wh40k10ed/factions/thousand-sons/Tzaangors"><span class="kwb kwbo">TZAANGORS</span></a> unit within 3" of the bearer is selected to shoot or fight, the bearer can use this Enhancement. If it does, until the end of the phase, each time a model in that <span class="kwb">THOUSAND</span> <span class="kwb">SONS</span> <span class="kwb">CULTISTS</span> or <span class="kwb">TZAANGORS</span> unit makes an attack, re-roll a <span class="tooltip00006" data-tooltip-content="#tooltip_content00006"><span class="tt kwbu">Wound</span> <span class="tt kwbu">roll</span></span> of 1.|
TS|000010205004|Lord of the Rubricae|15|Rubricae Phalanx|000001064|This champion draws power from the Immaterium and channels it into his Rubricae to enhance their might.|<span class="kwb">THOUSAND</span> <span class="kwb">SONS</span> model only. While the bearer is leading a unit, each time a <span class="tooltip00667" data-tooltip-content="#tooltip_content00667" data-tooltip-anchor="#tooltip_content00667"><span class="kwb kwbu">RUBRICAE</span></span> model in that unit makes an attack, add 1 to the <span class="tooltip00031" data-tooltip-content="#tooltip_content00031"><span class="tt kwbu">Hit</span> <span class="tt kwbu">roll</span></span>.|
TS|000009741004|Empyric Onslaught|25|Hexwarp Thrallband|000000983|Suffused with boundless empyric force, this ritualist unleashes overwhelming torrents of destructive magic upon their enemies.|<span class="kwb">THOUSAND</span> <span class="kwb">SONS</span> model only. While the bearerâs unit is wholly within your armyâs <span class="tooltip00668" data-tooltip-content="#tooltip_content00668"><span class="tt kwbu">Flow</span> <span class="tt kwbu">of</span> <span class="tt kwbu">Magic</span></span>, add 3 to the Attacks characteristic of ranged <span class="tooltip00528" data-tooltip-content="#tooltip_content00528"><span class="tt kwbu">Psychic</span> <span class="tt kwbu">weapons</span></span> equipped by the bearer.|
TS|000010193004|Umbralefic Crystal|20|Grand Coven|000001061|One in command of this powerful relic - coalesced from the cursed gloom of Mangel III - can use its energies to temporarily fold space, creating a gate of sorcerous translocation through which they can step.|<span class="kwb">THOUSAND</span> <span class="kwb">SONS</span> model only. Once per battle, in your <a href="/wh40k10ed/the-rules/core-rules/#COMMAND-PHASE">Command phase</a>, if the bearerâs unit is not within <span class="tooltip00023" data-tooltip-content="#tooltip_content00023"><span class="tt kwbu">Engagement</span> <span class="tt kwbu">Range</span></span> of one or more enemy units, you can remove that unit from the battlefield and place it into <a href="/wh40k10ed/the-rules/core-rules/#Strategic-Reserves">Strategic Reserves</a>. In the <a href="/wh40k10ed/the-rules/core-rules/#2.-Reinforcements">Reinforcements step</a> of your next <a href="/wh40k10ed/the-rules/core-rules/#MOVEMENT-PHASE">Movement phase</a>, set that unit back up anywhere on the battlefield that is more than 9" horizontally away from all enemy units.|
TS|000010209004|Biomechanical Mutation|15|Warpforged Cabal|000001065|The war engines of the Thousand Sons seethe with Warp energies, power that this adept of eldritch metallurgy can manipulate to cause their sundered hulls to flow and reseal like wax.|<span class="kwb">THOUSAND</span> <span class="kwb">SONS</span> model only. In your <a href="/wh40k10ed/the-rules/core-rules/#COMMAND-PHASE">Command phase</a>, you can select one friendly <span class="tooltip00669" data-tooltip-content="#tooltip_content00669" data-tooltip-anchor="#tooltip_content00669"><span class="kwb kwbu">THOUSAND</span> <span class="kwb kwbu">SONS</span> <span class="kwb kwbu">VEHICLE</span></span> model within 6" of this model. That model regains up to D3 lost wounds.|
TS|000010201004|Bray Lord|15|Warpmeld Pact|000001063|There are those amongst Magnusâ gene-sons that revel in dominating the twisted mutants of Sortiarius, setting themselves up as demigods over their shrieking flocks.|<span class="tooltip00671" data-tooltip-content="#tooltip_content00671" data-tooltip-anchor="#tooltip_content00671"><span class="kwb kwbu">SORCERER</span></span> or <a class="kwbOne" href="/wh40k10ed/factions/thousand-sons/Infernal-Master"><span class="kwb kwbo">INFERNAL</span> <span class="kwb kwbo">MASTER</span></a> model only. The bearer has the <span class="tooltip00100" data-tooltip-content="#tooltip_content00100"><span class="tt kwbu">Scouts</span> <span class="tt kwbu">6"</span></span> ability. During the <a href="/wh40k10ed/the-rules/core-rules/#Declare-Battle-Formations">Declare Battle Formations</a> step, the bearer can be <span class="tooltip00029" data-tooltip-content="#tooltip_content00029"><span class="tt kwbu">attached</span></span> to a <a class="kwbOne" href="/wh40k10ed/factions/thousand-sons/Tzaangors"><span class="kwb kwbo">TZAANGORS</span></a> unit.|
TS|000010197004|Duplicitous Malediction|15|Changehost of Deceit|000001062|This magisterial deceiver is capable of weaving bewitching illusions across entire battlefronts, hiding their true strength behind twisted falsehoods.|<span class="kwb">THOUSAND</span> <span class="kwb">SONS</span> or <a class="kwbOne" href="/wh40k10ed/factions/thousand-sons/Lord-of-Change"><span class="kwb kwbo">LORD</span> <span class="kwb2 kwbo">OF</span> <span class="kwb kwbo">CHANGE</span></a> model only. After both players have deployed their armies, select up to three <span class="kwb">THOUSAND</span> <span class="kwb">SONS</span> units from your army and redeploy them. When doing so, you can set those units up in <a href="/wh40k10ed/the-rules/core-rules/#Strategic-Reserves">Strategic Reserves</a> if you wish, regardless of how many units are already in Strategic Reserves.|
TS|000010205005|The Stave Abominus|20|Rubricae Phalanx|000001064|This stave is a compressed and runically imprisoned Warp rift given physical form. Every blow struck with it allows clamouring tentacular horrors to lash out from beyond the veil, their ethereal fangs and lashing pseudopods wreaking bloody havoc.|<span class="tooltip00349" data-tooltip-content="#tooltip_content00349" data-tooltip-anchor="#tooltip_content00349"><span class="kwb kwbu">THOUSAND</span> <span class="kwb kwbu">SONS</span> <span class="kwb kwbu">INFANTRY</span></span> model only. The bearerâs melee weapons have the <span class="kwb2 bluefont"><span class="tooltip00061" data-tooltip-content="#tooltip_content00061"><span class="tt kwbu">[sustained</span> <span class="tt kwbu">hits</span> <span class="tt kwbu">D3]</span></span></span> and <span class="kwb2 bluefont"><span class="tooltip00048" data-tooltip-content="#tooltip_content00048"><span class="tt kwbu">[devastating</span> <span class="tt kwbu">wounds]</span></span></span> abilities.|
TS|000010209005|Warp-cursed Runemaster|10|Warpforged Cabal|000001065|This malefic ritualist draws upon the power coiled within baleful runes applied to the thrallbandâs armoured assets, bleeding them for empyric energy.|<span class="kwb">THOUSAND</span> <span class="kwb">SONS</span> model only. While the bearer is within 6" of one or more friendly <span class="tooltip00669" data-tooltip-content="#tooltip_content00669" data-tooltip-anchor="#tooltip_content00669"><span class="kwb kwbu">THOUSAND</span> <span class="kwb kwbu">SONS</span> <span class="kwb kwbu">VEHICLE</span></span> units, each time the bearer manifests a <span class="tooltip00431" data-tooltip-content="#tooltip_content00431"><span class="tt kwbu">Ritual</span></span>, while resolving that Ritual, add 6" to its range.|
TS|000009741005|Noctilith Mantle|15|Hexwarp Thrallband|000000983|With this crest, wrought from empyrically charged blackstone, this warrior becomes a mobile locus of unchecked Warp power.|<span class="kwb">THOUSAND</span> <span class="kwb">SONS</span> model only. While the bearerâs unit is on the battlefield, it is wholly within your armyâs <span class="tooltip00668" data-tooltip-content="#tooltip_content00668"><span class="tt kwbu">Flow</span> <span class="tt kwbu">of</span> <span class="tt kwbu">Magic</span></span>. Models in that unit cannot be selected to use any <span class="tooltip00431" data-tooltip-content="#tooltip_content00431"><span class="tt kwbu">Rituals</span></span>.|
TS|000010193005|Eldritch Vortex of Eâtaph|35|Grand Coven|000001061|When the insane Magister Eâtaph was consumed by his own ritual, his death created a semi-sentient vortex. Many have attempted to channel its power into their spells, risking Eâtaphâs insane gaze turning on them.|<span class="kwb">THOUSAND</span> <span class="kwb">SONS</span> model only. Add 1 to the Strength and Damage characteristics of <span class="tooltip00528" data-tooltip-content="#tooltip_content00528"><span class="tt kwbu">Psychic</span> <span class="tt kwbu">weapons</span></span> equipped by the bearer.|
TS|000010197005|Tome of True Names|20|Changehost of Deceit|000001062|Stolen from Imperial daemonhunters and added to over millennia, this dangerous tome can compel a host of empyric entities to shield the bearer in extremis. Once uttered, however, the names vanish.|<span class="tooltip00349" data-tooltip-content="#tooltip_content00349" data-tooltip-anchor="#tooltip_content00349"><span class="kwb kwbu">THOUSAND</span> <span class="kwb kwbu">SONS</span> <span class="kwb kwbu">INFANTRY</span></span> model only. Once per battle, at the start of any phase, the bearer can use this Enhancement. If it does, until the end of the phase, the bearer has a 2+ <span class="tooltip00051" data-tooltip-content="#tooltip_content00051"><span class="tt kwbu">invulnerable</span> <span class="tt kwbu">save</span></span>.|
TS|000010201005|Flowing Flesh|10|Warpmeld Pact|000001063|This prophet is favoured by the transmutative boon of Tzeentchâs fell mutations, their body a rippling vessel of constantly reforming flesh and sinew, feather and bone.|<a class="kwbOne" href="/wh40k10ed/factions/thousand-sons/Tzaangor-Shaman"><span class="kwb kwbo">TZAANGOR</span> <span class="kwb kwbo">SHAMAN</span></a> model only. The bearer has the <span class="tooltip00119" data-tooltip-content="#tooltip_content00119"><span class="tt kwbu">Feel</span> <span class="tt kwbu">No</span> <span class="tt kwbu">Pain</span> <span class="tt kwbu">4+</span></span> ability and a Wounds characteristic of 5.|
TYR|000009699002|Synaptic Beacon|0|Biotide|000000975|Like a psionic fire burning in the depths of the void, this organisms mere presence unifies and anchors all the swarms flowing about it.|While a friendly <span class="kwb">TYRANIDS</span> unit is within 9" of the bearer (ignoring <a href="/wh40k10ed/the-rules/boarding-action-rules/#Terrain">Walls</a> and closed <a href="/wh40k10ed/the-rules/boarding-action-rules/#Terrain">Hatchways</a>), that unit is within <span class="tooltip00385" data-tooltip-content="#tooltip_content00385"><span class="tt kwbu">Synapse</span> <span class="tt kwbu">Range</span></span> of the bearer and of your army.|
TYR|000008408002|Relentless Hunger|20|Unending Swarm|000000770|An overriding need to sink their fangs into the flesh of their prey drives these creatures toward the foe.|<span class="kwb">TYRANIDS</span> model only. Add 2" to the Move characteristic of models in the bearerâs unit.|
TYR|000008421002|Power of the Hive Mind|10|Synaptic Nexus|000000773|The Hive Mind channels lethal energy through its synaptic bioforms.|<span class="tooltip00672" data-tooltip-content="#tooltip_content00672" data-tooltip-anchor="#tooltip_content00672"><span class="kwb kwbu">TYRANIDS</span> <span class="kwb kwbu">PSYKER</span></span> model only. Improve the Strength and Armour Penetration characteristics of <span class="tooltip00528" data-tooltip-content="#tooltip_content00528"><span class="tt kwbu">psychic</span> <span class="tt kwbu">weapons</span></span> equipped by the bearer by 1.|
TYR|000008412002|Regenerating Monstrosity|20|Assimilation Swarm|000000771|This nightmarish creature seems virtually unkillable, its every hurt healing in moments as it guzzles down the hunks of bubbling biomatter that were once foes.|<span class="kwb">TYRANIDS</span> model only (excluding <span class="tooltip00388" data-tooltip-content="#tooltip_content00388" data-tooltip-anchor="#tooltip_content00388"><span class="kwb kwbu">MONSTERS</span></span> models). The bearerâs unit can be regenerated up to twice per phase, instead of once.|
TYR|000008417002|Hunting Grounds|20|Vanguard Onslaught|000000772|This warrior organism has identified installations and routes of communication and supply vital to the prey. As the Tyranid invasion commences so the beast orchestrates ambushes and terror raids against these priority targets, ensuring that those enemy reinforcements who do reach the battlefield do so in bloodied disarray.|<span class="kwb">TYRANIDS</span> model only. While the bearer is on the battlefield, each time your opponent sets up a <a href="/wh40k10ed/the-rules/core-rules/#2.-Reinforcements">Reserves</a> unit on the battlefield, roll one D6: on a 2+, that unit must take a <span class="tooltip00036" data-tooltip-content="#tooltip_content00036"><span class="tt kwbu">Battle-shock</span> <span class="tt kwbu">test</span></span>.|
TYR|000008404002|Ominous Presence|15|Crusher Stampede|000000769|The crushing menace of the Hive Mind rolls off this monstrous creature in waves, causing it to loom even larger in the minds of its quailing prey and lending it absolute dominance of the battlefield.|<span class="tooltip00353" data-tooltip-content="#tooltip_content00353" data-tooltip-anchor="#tooltip_content00353"><span class="kwb kwbu">TYRANIDS</span> <span class="kwb kwbu">MONSTER</span></span> model only. Add 3 to the bearerâs Objective Control characteristic.|
TYR|000009690002|Monoform Predators|0|Boarding Swarm|000000974|These hunter organisms are already perfectly tailored to their task. The Hive Mind does not waste biomass in altering them further.|<span class="tooltip00387" data-tooltip-content="#tooltip_content00387" data-tooltip-anchor="#tooltip_content00387"><span class="kwb kwbu">TYRANIDS</span></span> models in this Detachment cannot be given <a href="/wh40k10ed/the-rules/boarding-action-rules/#Enhancements">Enhancements</a>.|
TYR|000009724002|Stalking Menace|0|Infestation Swarm|000000979|Soon after this nightmarish predator vanishes from sight, its victims feel the hot reek of its breath upon the napes of their necks in the instant before it strikes.|Once per battle, at the end of your opponentâs <a href="/wh40k10ed/the-rules/boarding-action-rules/#Fight-Phase">Fight phase</a>, if the bearer is not within <a href="/wh40k10ed/the-rules/boarding-action-rules/#Engagement-Range">Engagement Range</a> of one or more enemy units, it can use this Enhancement. If it does, remove the bearer from the battlefield and place it into <a href="/wh40k10ed/the-rules/core-rules/#Strategic-Reserves">Strategic Reserves</a>. It will arrive back on the battlefield in the <a href="/wh40k10ed/the-rules/core-rules/#2.-Reinforcements">Reinforcements step</a> of your next <a href="/wh40k10ed/the-rules/boarding-action-rules/#Movement-Phase">Movement phase</a> as if it had the <a href="/wh40k10ed/the-rules/boarding-action-rules/#Before-the-Battle">Deep Strike ability</a>. If this is not possible, the bearer is <span class="tooltip00206" data-tooltip-content="#tooltip_content00206"><span class="tt kwbu">destroyed</span></span>. When the bearer is set back up on the battlefield, until the end of the turn, it cannot <a href="/wh40k10ed/the-rules/core-rules/#CHARGE-PHASE">declare a charge</a>.|
TYR|000009737002|Synaptic Tyrant|10|Warrior Bioform Onslaught|000000982|This Neurotyrant has been integrated into the synaptic web, maximising its control over the lesser bioforms and providing an additional layer of protection.|<a href="/wh40k10ed/factions/tyranids/Neurotyrant">Neurotyrant</a> model only. During the <a href="/wh40k10ed/the-rules/core-rules/#Declare-Battle-Formations">Declare Battle Formations</a> step, the bearer can be <span class="tooltip00029" data-tooltip-content="#tooltip_content00029"><span class="tt kwbu">attached</span></span> to a <span class="tooltip00673" data-tooltip-content="#tooltip_content00673" data-tooltip-anchor="#tooltip_content00673"><span class="kwb kwbu">TYRANID</span> <span class="kwb kwbu">WARRIORS</span></span> unit.|
TYR|000008348002|Alien Cunning|30|Invasion Fleet|000000748|This leader-beast possesses highly sophisticated neural pathways, allowing it to identify priority strategic assets and adapt the disposition of its warriors to seize them before the foe even recognise their value.|<span class="kwb">TYRANIDS</span> model only. After both players have deployed their armies, select up to three <span class="kwb">TYRANIDS</span> units from your army and redeploy them. When doing so, you can set those units up in <a href="/wh40k10ed/the-rules/core-rules/#Strategic-Reserves">Strategic Reserves</a> if you wish, regardless of how many units are already in Strategic Reserves.|
TYR|000010147002|Synaptic Strategy|15|Subterranean Assault|000001057|Possessing an exceptionally acute connection to the hive mind, this creature benefits from a constant influx of sensory data, enabling it to traverse the battlefield and emerge at the place and time of maximum impact.|<span class="tooltip00387" data-tooltip-content="#tooltip_content00387" data-tooltip-anchor="#tooltip_content00387"><span class="kwb kwbu">TYRANIDS</span></span> model only. Once per battle, you can target the bearerâs unit with the <span class="tooltip00047" data-tooltip-content="#tooltip_content00047"><span class="tt kwbu">Rapid</span> <span class="tt kwbu">Ingress</span></span> stratagem for 0CP, and can do so even if you have already targeted a different unit with that Stratagem this phase.|
TYR|000009681002|Synaptic Goad|0|Tyranid Attack|000000973|This gestalt colony of ganglean parasites amplifies the Hive Mindâs localised control over its leading warrior organisms, driving them on to greater speed and aggression.|In your <a href="/wh40k10ed/the-rules/core-rules/#COMMAND-PHASE">Command phase</a>, select one friendly <a class="kwbOne" href="/wh40k10ed/factions/tyranids/Tyranid-Warriors-With-Melee-Bio-weapons"><span class="kwb kwbo">TYRANID</span> <span class="kwb kwbo">WARRIORS</span> <span class="kwb2 kwbo">WITH</span> <span class="kwb kwbo">MELEE</span> <span class="kwb kwbo">BIO-WEAPONS</span></a> or <a class="kwbOne" href="/wh40k10ed/factions/tyranids/Tyranid-Warriors-With-Ranged-Bio-weapons"><span class="kwb kwbo">TYRANID</span> <span class="kwb kwbo">WARRIORS</span> <span class="kwb2 kwbo">WITH</span> <span class="kwb kwbo">RANGED</span> <span class="kwb kwbo">BIO-WEAPONS</span></a> unit within 6" of the bearer. Until the end of the turn, add 2" to the Move characteristic of models in that unit.|
TYR|000008348003|Perfectly Adapted|15|Invasion Fleet|000000748|This creature was created for one purpose: to completely eradicate the defenders of the target prey world.|<span class="kwb">TYRANIDS</span> model only. Once per turn, you can re-roll one <span class="tooltip00031" data-tooltip-content="#tooltip_content00031"><span class="tt kwbu">Hit</span> <span class="tt kwbu">roll</span></span>, one <span class="tooltip00006" data-tooltip-content="#tooltip_content00006"><span class="tt kwbu">Wound</span> <span class="tt kwbu">roll</span></span>, one Damage roll, one <span class="tooltip00230" data-tooltip-content="#tooltip_content00230"><span class="tt kwbu">Advance</span> <span class="tt kwbu">roll</span></span>, one <span class="tooltip00033" data-tooltip-content="#tooltip_content00033"><span class="tt kwbu">Charge</span> <span class="tt kwbu">roll</span></span> or one <span class="tooltip00032" data-tooltip-content="#tooltip_content00032"><span class="tt kwbu">saving</span> <span class="tt kwbu">throw</span></span> made for the bearer.|
TYR|000008421003|Psychostatic Disruption|30|Synaptic Nexus|000000773|A maelstrom of psychostatic disruption boils about this bioform. It degrades artificial and biological cognition alike, causing teleport signals to fluctuate, geopositioning cogitators to spew contradictory data, and onrushing enemy warriors to reel in confusion.|<span class="tooltip00674" data-tooltip-content="#tooltip_content00674" data-tooltip-anchor="#tooltip_content00674"><span class="kwb kwbu">TYRANIDS</span> <span class="kwb kwbu">SYNAPSE</span></span> model only. Enemy units that arrive on the battlefield from <a href="/wh40k10ed/the-rules/core-rules/#2.-Reinforcements">Reserves</a> cannot be set up within 12" of the bearer. In addition, once per battle, during the first or second <a href="/wh40k10ed/the-rules/core-rules/#The-Battle-Round">battle round</a>, when your opponent declares that a unit will arrive on the battlefield from <a href="/wh40k10ed/the-rules/core-rules/#Strategic-Reserves">Strategic Reserves</a>, the bearer can use this Enhancement. If it does, roll one D6: on a 4+, that enemy unit cannot arrive on the battlefield this turn.|
TYR|000009724003|Psi-spoor Sensitivity|0|Infestation Swarm|000000979|Able to taste its preyâs terrified mental signatures like pheromones, there is nowhere to hide from this beast.|Each time the bearer <span class="tooltip00033" data-tooltip-content="#tooltip_content00033"><span class="tt kwbu">declares</span> <span class="tt kwbu">a</span> <span class="tt kwbu">charge</span></span>, it can target enemy units that are not <a href="/wh40k10ed/the-rules/boarding-action-rules/#Visibility">visible</a> to it.|
TYR|000009737003|Ocular Adaptation|20|Warrior Bioform Onslaught|000000982|This node-beastâs bio-adaptations allow it to perceive the minutest electrical impulse or heat signature. Few prey organisms escape its clutches.|<a class="kwbOne" href="/wh40k10ed/factions/tyranids/Winged-Tyranid-Prime"><span class="kwb kwbo">WINGED</span> <span class="kwb kwbo">TYRANID</span> <span class="kwb kwbo">PRIME</span></a> model only. Each time a model in the bearerâs unit makes an attack, add 1 to the <span class="tooltip00031" data-tooltip-content="#tooltip_content00031"><span class="tt kwbu">Hit</span> <span class="tt kwbu">roll</span></span>.|
TYR|000009681003|Reinforced Carapace|0|Tyranid Attack|000000973|Threaded with molecular veins of absorbed alloys and minerals, this bioforms chitinous carapace has a dull glint that hints at its formidable resilience.|Each time an attack is allocated to the bearer, subtract 1 from the Damage characteristic of that attack (note that if given to a <span class="kwb">TYRANID</span> <span class="kwb">PRIME</span> model, this only affects that model and not other models in its unit).|
TYR|000010147003|Tremor Senses|20|Subterranean Assault|000001057|From its concealed position beneath the battlefield, this bioform picks up on subtle traces of movement from the enemy force, impelling its fellow organisms to reposition themselves in preparation for a coordinated assault.|<span class="tooltip00387" data-tooltip-content="#tooltip_content00387" data-tooltip-anchor="#tooltip_content00387"><span class="kwb kwbu">TYRANIDS</span></span> model only. After both players have deployed their armies, select up to three friendly <span class="kwb">TYRANIDS</span> units from your army and redeploy them. When doing so, you can set those units up in <a href="/wh40k10ed/the-rules/core-rules/#Strategic-Reserves">Strategic Reserves</a>, regardless of how many units are already in Strategic Reserves.|
TYR|000008417003|Chameleonic|15|Vanguard Onslaught|000000772|Subdermal crystals in this organisms carapace capture and redirect light, helping to conceal it.|<span class="tooltip00675" data-tooltip-content="#tooltip_content00675" data-tooltip-anchor="#tooltip_content00675"><span class="kwb kwbu">VANGUARD</span> <span class="kwb kwbu">INVADER</span></span> model only. The bearer has the <span class="tooltip00496" data-tooltip-content="#tooltip_content00496"><span class="tt kwbu">Stealth</span></span> ability and each time a ranged attack targets the bearerâs unit, models in that unit have the <span class="tooltip00052" data-tooltip-content="#tooltip_content00052"><span class="tt kwbu">Benefit</span> <span class="tt kwbu">of</span> <span class="tt kwbu">Cover</span></span> against that attack.|
TYR|000008412003|Instinctive Defence|15|Assimilation Swarm|000000771|The swarmâs warrior organisms fight with instinctive and single-minded ferocity to protect the all-devouring organisms in their midst.|<span class="kwb">TYRANIDS</span> model only. While the bearer is within 6" of one or more friendly <span class="tooltip00676" data-tooltip-content="#tooltip_content00676" data-tooltip-anchor="#tooltip_content00676"><span class="kwb kwbu">HARVESTER</span></span> units, you can target the bearerâs unit with the <span class="tooltip00539" data-tooltip-content="#tooltip_content00539"><span class="tt kwbu">Heroic</span> <span class="tt kwbu">Intervention</span></span> Stratagem for 0CP. In addition, while the bearer is within 6" of one or more friendly <span class="kwb">HARVESTER</span> units, models in the bearerâs unit have the <span class="tooltip00512" data-tooltip-content="#tooltip_content00512"><span class="tt kwbu">Fights</span> <span class="tt kwbu">First</span></span> ability.|
TYR|000008404003|Enraged Reserves|20|Crusher Stampede|000000769|Contained deep within this organismâs body is a pulsating sac filled with a cocktail of adrenostimulant fluids linked to a ring of vascular-pneumatic sphincters, allowing them one last-ditch strike.|<span class="tooltip00353" data-tooltip-content="#tooltip_content00353" data-tooltip-anchor="#tooltip_content00353"><span class="kwb kwbu">TYRANIDS</span> <span class="kwb kwbu">MONSTER</span></span> model only. If the bearer is <span class="tooltip00206" data-tooltip-content="#tooltip_content00206"><span class="tt kwbu">destroyed</span></span> by a melee attack, if it has not fought this phase, roll one D6: on a 3+, do not remove it from play. It can fight after the attacking modelâs unit has finished making its attacks, and is then removed from play.|
TYR|000008408003|Naturalised Camouflage|30|Unending Swarm|000000770|These warrior organisms possess limited chameleonic properties that conceal their advance. The benefits of such deceptions decrease as they approach their prey, but can be enough to bring them safely into range to strike.|<span class="kwb">TYRANIDS</span> model only. At the start of the first <a href="/wh40k10ed/the-rules/core-rules/#The-Battle-Round">battle round</a>, select up to three friendly <span class="tooltip00677" data-tooltip-content="#tooltip_content00677" data-tooltip-anchor="#tooltip_content00677"><span class="kwb kwbu">ENDLESS</span> <span class="kwb kwbu">MULTITUDE</span></span> units within 9" of the bearer. Until the end of the battle round, each time a ranged attack targets one of those units, models in that unit have the <span class="tooltip00052" data-tooltip-content="#tooltip_content00052"><span class="tt kwbu">Benefit</span> <span class="tt kwbu">of</span> <span class="tt kwbu">Cover</span></span> against that attack.|
TYR|000009699003|Hypersurge Gland|0|Biotide|000000975|This internal symbiote can expend itself in a single flood of aggression stimulants and drive its host into a sudden, accelerated attack against a key target.|Once per battle, at the end of your opponents <a href="/wh40k10ed/the-rules/boarding-action-rules/#Charge-Phase">Charge phase</a>, the bearer can use this Enhancement. If it does, it can <a href="/wh40k10ed/the-rules/core-rules/#CHARGE-PHASE">declare a charge</a> as if it were your Charge phase.|
TYR|000008348004|Synaptic Linchpin|20|Invasion Fleet|000000748|With a neuro-cortex that pulsates with the irresistible power of the Hive Mind, this leader acts as a blazing synaptic beacon to the lesser creatures of the swarm, the better to direct their actions and react to the ever-changing state of battle.|<span class="kwb">TYRANIDS</span> model only. While a friendly <span class="kwb">TYRANIDS</span> unit is within 9" of the bearer, that unit is within <span class="tooltip00385" data-tooltip-content="#tooltip_content00385"><span class="tt kwbu">Synapse</span> <span class="tt kwbu">Range</span></span> of your army.|
TYR|000008404004|Null Nodules|10|Crusher Stampede|000000769|A contraganglion knot in this creatureâs cranium channels and amplifies the smothering power of the Shadow in the Warp to nullify its preyâs psychic abilities.|<span class="tooltip00353" data-tooltip-content="#tooltip_content00353" data-tooltip-anchor="#tooltip_content00353"><span class="kwb kwbu">TYRANIDS</span> <span class="kwb kwbu">MONSTER</span></span> model only. Once per battle, when a <span class="tooltip00528" data-tooltip-content="#tooltip_content00528"><span class="tt kwbu">Psychic</span> <span class="tt kwbu">Attack</span></span> is allocated to the bearer, it can use this ability. If it does, until the end of the phase, the bearer has the <span class="tooltip00119" data-tooltip-content="#tooltip_content00119"><span class="tt kwbu">Feel</span> <span class="tt kwbu">No</span> <span class="tt kwbu">Pain</span> <span class="tt kwbu">5+</span></span> ability against Psychic Attacks.|
TYR|000009737004|Sensory Assimilation|20|Warrior Bioform Onslaught|000000982|The Hive Mind feeds accumulated sensory data to this leaderâbeast, providing it with forewarning of incoming attacks long before the foe can land a blow.|<a class="kwbOne" href="/wh40k10ed/factions/tyranids/Winged-Tyranid-Prime"><span class="kwb kwbo">WINGED</span> <span class="kwb kwbo">TYRANID</span> <span class="kwb kwbo">PRIME</span></a> model only. Each time an attack targets the bearerâs unit, subtract 1 from the <span class="tooltip00031" data-tooltip-content="#tooltip_content00031"><span class="tt kwbu">Hit</span> <span class="tt kwbu">roll</span></span>.|
TYR|000010147004|Vanguard Intellect|15|Subterranean Assault|000001057|This bioform uses its own keen senses and predatory intellect to burrow into position and strike before the enemy can react.|<span class="tooltip00387" data-tooltip-content="#tooltip_content00387" data-tooltip-anchor="#tooltip_content00387"><span class="kwb kwbu">TYRANIDS</span></span> model with the <span class="tooltip00046" data-tooltip-content="#tooltip_content00046"><span class="tt kwbu">Deep</span> <span class="tt kwbu">Strike</span></span> ability only. The bearerâs unit can be set up using the Deep Strike ability in the <a href="/wh40k10ed/the-rules/core-rules/#2.-Reinforcements">Reinforcements step</a> of your first, second or third <a href="/wh40k10ed/the-rules/core-rules/#MOVEMENT-PHASE">Movement phase</a>, regardless of any mission rules.|
TYR|000008412004|Biophagic Flow (Aura)|10|Assimilation Swarm|000000771|Parasitised biomass and revivifying fluids flow through the Assimilation Swarm like lifeblood.|<span class="kwb">TYRANIDS</span> model only. While a friendly <span class="tooltip00676" data-tooltip-content="#tooltip_content00676" data-tooltip-anchor="#tooltip_content00676"><span class="kwb kwbu">HARVESTER</span></span> model is within 12" of the bearer, when using the <span class="tooltip00679" data-tooltip-content="#tooltip_content00679"><span class="tt kwbu">Feed</span> <span class="tt kwbu">the</span> <span class="tt kwbu">Swarm</span></span> ability, that <span class="kwb">HARVESTER</span> model can Regenerate one friendly <span class="kwb">TYRANIDS</span> unit that is within 9" of it, instead of one within 6".|
TYR|000008421004|Synaptic Control|20|Synaptic Nexus|000000773|The Hive Mindâs synaptic network is so strong that even the mangled remains of mortally wounded beasts can be compelled to fight on.|<span class="tooltip00674" data-tooltip-content="#tooltip_content00674" data-tooltip-anchor="#tooltip_content00674"><span class="kwb kwbu">TYRANIDS</span> <span class="kwb kwbu">SYNAPSE</span></span> model only. Each time an attack is allocated to the bearer, subtract 1 from the Damage characteristic of that attack.|
TYR|000008417004|Stalker|10|Vanguard Onslaught|000000772|This hunter seeks vital priority prey that has been pheromonally marked for swift slaughter.|<span class="tooltip00675" data-tooltip-content="#tooltip_content00675" data-tooltip-anchor="#tooltip_content00675"><span class="kwb kwbu">VANGUARD</span> <span class="kwb kwbu">INVADER</span></span> model only. At the start of the battle, select one enemy unit. Each time the bearer makes an attack that targets that enemy unit, add 1 to the <span class="tooltip00031" data-tooltip-content="#tooltip_content00031"><span class="tt kwbu">Hit</span> <span class="tt kwbu">roll</span></span> and add 1 to the <span class="tooltip00006" data-tooltip-content="#tooltip_content00006"><span class="tt kwbu">Wound</span> <span class="tt kwbu">roll</span></span>.|
TYR|000008408004|Piercing Talons|25|Unending Swarm|000000770|A simple but potent biomorphic enhancement of these warrior organisms sees some amongst their number boast diamond-sharp talon tips. Lashing suddenly from amidst the mass of thrashing weapon limbs these plunge through armour to pierce organs and rupture delicate systems.|<span class="kwb">TYRANIDS</span> model only. Each time a model in the bearerâs unit makes an attack, on a <span class="tooltip00006" data-tooltip-content="#tooltip_content00006"><span class="tt kwbu">Critical</span> <span class="tt kwbu">Wound</span></span>, improve the Armour Penetration characteristic of that attack by 1.|
TYR|000008412005|Parasitic Biomorphology|25|Assimilation Swarm|000000771|These warrior organisms boast additional fanged maws, jabbing probosci and haemophagic membranes that consume the fluids of their prey.|<span class="kwb">TYRANIDS</span> model only. Add 1 to the Strength characteristic of melee weapons equipped by models in the bearerâs unit. The first time the bearerâs unit destroys an enemy unit in the <a href="/wh40k10ed/the-rules/core-rules/#FIGHT-PHASE">Fight phase</a> while the bearer is within 6" of one or more friendly <span class="tooltip00676" data-tooltip-content="#tooltip_content00676" data-tooltip-anchor="#tooltip_content00676"><span class="kwb kwbu">HARVESTER</span></span> units, until the end of the battle, add 1 to the Attacks characteristic of melee weapons equipped by models in the bearerâs unit.|
TYR|000008421005|The Dirgeheart of Kharis (Aura)|15|Synaptic Nexus|000000773|This grotesque biomorphic symbiote buries itself in its hosts thorax and emits a droning psychic note. The longer prey are exposed to the sound, the worse their atavistic terror response becomes...|<span class="tooltip00674" data-tooltip-content="#tooltip_content00674" data-tooltip-anchor="#tooltip_content00674"><span class="kwb kwbu">TYRANIDS</span> <span class="kwb kwbu">SYNAPSE</span></span> model only. While an enemy unit is within 9" of the bearer, worsen that units Leadership characteristic by 1.|
TYR|000008348005|Adaptive Biology|25|Invasion Fleet|000000748|The same weapon rarely works against this leader-beast twice, as its alien physiology adapts at an astonishing rate to counter the attacks of the foe.|<span class="kwb">TYRANIDS</span> model only. The bearer has the <span class="tooltip00119" data-tooltip-content="#tooltip_content00119"><span class="tt kwbu">Feel</span> <span class="tt kwbu">No</span> <span class="tt kwbu">Pain</span> <span class="tt kwbu">5+</span></span> ability. At the start of any turn, if the bearer has fewer than its starting number of wounds remaining, until the end of the battle, it has the Feel No Pain 4+ ability instead.|
TYR|000008417005|Neuronode|20|Vanguard Onslaught|000000772|While no true synapse beast, this bioform has been grafted with a limited synaptic symbiote, the influence of which increases its hostâs ability to formulate and enforce large-scale predatory strategies.|<span class="kwb">TYRANIDS</span> model only. After both players have deployed their armies, you can select up to three <span class="tooltip00675" data-tooltip-content="#tooltip_content00675" data-tooltip-anchor="#tooltip_content00675"><span class="kwb kwbu">VANGUARD</span> <span class="kwb kwbu">INVADER</span></span> units from your army and redeploy all of those units. When doing so, any of those units can be placed into <a href="/wh40k10ed/the-rules/core-rules/#Strategic-Reserves">Strategic Reserves</a>, regardless of how many units are already in Strategic Reserves.|
TYR|000008408005|Adrenalised Onslaught|15|Unending Swarm|000000770|Biostimulants course through the bodies of these warrior organisms, combining with goading synaptic impulses to lend them an unholy turn of speed.|<span class="kwb">TYRANIDS</span> model only. Each time the bearerâs unit <span class="tooltip00158" data-tooltip-content="#tooltip_content00158"><span class="tt kwbu">Piles</span> <span class="tt kwbu">In</span></span> or <span class="tooltip00159" data-tooltip-content="#tooltip_content00159"><span class="tt kwbu">Consolidates</span></span>, models in this unit can move an additional 3".|
TYR|000008404005|Monstrous Nemesis|25|Crusher Stampede|000000769|With its basic logic centres and instinctive drivers augmented, this warrior organism is capable of singling out and hunting down valuable prey without direct synaptic oversight.|<span class="tooltip00353" data-tooltip-content="#tooltip_content00353" data-tooltip-anchor="#tooltip_content00353"><span class="kwb kwbu">TYRANIDS</span> <span class="kwb kwbu">MONSTER</span></span> model only. Each time the bearer makes a melee attack that targets a <span class="kwb">MONSTER</span> or <span class="kwb">VEHICLE</span> unit, add 1 to the <span class="tooltip00006" data-tooltip-content="#tooltip_content00006"><span class="tt kwbu">Wound</span> <span class="tt kwbu">roll</span></span>.|
TYR|000010147005|Trygon Prime|20|Subterranean Assault|000001057|Only rarely manifested by the hive fleets, the Trygon Prime possesses a greatly enhanced synaptic network within its neural cortex, enabling it to more precisely coordinate the assaults of burrowing Tyranid creatures.|<a class="kwbOne" href="/wh40k10ed/factions/tyranids/Trygon"><span class="kwb kwbo">TRYGON</span></a> model only. The bearer gains the <span class="tooltip00205" data-tooltip-content="#tooltip_content00205" data-tooltip-anchor="#tooltip_content00205"><span class="kwb kwbu">SYNAPSE</span></span> keyword. Improve the Strength and Weapon Skill characteristics of melee weapons equipped by the bearer by 1.|
TYR|000009737005|Elevated Might|30|Warrior Bioform Onslaught|000000982|This bioform and its accompanying organisms possess muscular adaptations that give them incredible speed and endurance.|<span class="kwb">TYRANIDS</span> model only. The bearerâs unit is eligible to <a href="/wh40k10ed/the-rules/core-rules/#CHARGE-PHASE">declare a charge</a> in a turn in which it <span class="tooltip00230" data-tooltip-content="#tooltip_content00230"><span class="tt kwbu">Advanced</span></span>.|
WE|000010086002|Murderous Onslaught|5|Goretrack Onslaught|000001045|An expert in mechanised warfare, the assaults this warrior leads are so swift and violent that few foes can react before the hammer falls.|<span class="tooltip00473" data-tooltip-content="#tooltip_content00473" data-tooltip-anchor="#tooltip_content00473"><span class="kwb kwbu">WORLD</span> <span class="kwb kwbu">EATERS</span></span> model only. If the bearerâs unit <span class="tooltip00076" data-tooltip-content="#tooltip_content00076"><span class="tt kwbu">disembarked</span></span> from a <span class="tooltip00680" data-tooltip-content="#tooltip_content00680" data-tooltip-anchor="#tooltip_content00680"><span class="kwb kwbu">TRANSPORT</span></span> this turn, until the end of the turn, enemy units cannot use the <span class="tooltip00241" data-tooltip-content="#tooltip_content00241"><span class="tt kwbu">Fire</span> <span class="tt kwbu">Overwatch</span></span> Stratagem to shoot at the bearerâs unit.|
WE|000010082002|Malicious Vigour|30|Possessed Slaughterband|000001044|Twin hearts pump molten rage through bulging veins and arteries, daemonic possessor lending its mutated host unnatural speed and endurance.|<a class="kwbOne" href="/wh40k10ed/factions/world-eaters/Slaughterbound"><span class="kwb kwbo">SLAUGHTERBOUND</span></a> model only. Each time the bearerâs unit makes a <span class="tooltip00681" data-tooltip-content="#tooltip_content00681"><span class="tt kwbu">Brazen</span> <span class="tt kwbu">Fury</span> <span class="tt kwbu">move</span></span>, it is treated as having rolled a 6 for the distance the unit can be moved.|
WE|000010078002|Icon of War|25|Khorne Daemonkin|000001043|This warrior bears a brass icon redolent with empyric energies. Daemonic entities who gaze upon its macabre magnificence are lent fresh vitality.|<span class="tooltip00473" data-tooltip-content="#tooltip_content00473" data-tooltip-anchor="#tooltip_content00473"><span class="kwb kwbu">WORLD</span> <span class="kwb kwbu">EATERS</span></span> model only. While a friendly <span class="tooltip00248" data-tooltip-content="#tooltip_content00248" data-tooltip-anchor="#tooltip_content00248"><span class="kwb kwbu">BLOOD</span> <span class="kwb kwbu">LEGIONS</span></span> unit is within 6" of the bearer, that unit has the <span class="tooltip00472" data-tooltip-content="#tooltip_content00472"><span class="tt kwbu">Blessings</span> <span class="tt kwbu">of</span> <span class="tt kwbu">Khorne</span></span> ability. If the <span class="tooltip00682" data-tooltip-content="#tooltip_content00682"><span class="tt kwbu">Might</span> <span class="tt kwbu">of</span> <span class="tt kwbu">Khorne</span></span> ability is active for your army, then while a friendly <span class="kwb">BLOOD</span> <span class="kwb">LEGIONS</span> unit is within 6" of the bearer, you can re-roll <span class="tooltip00036" data-tooltip-content="#tooltip_content00036"><span class="tt kwbu">Battle-shock</span> <span class="tt kwbu">tests</span></span> taken for that unit.|
WE|000010074002|Chosen of the Blood God|15|Cult of Blood|000001042|This immortal being has earned the favour of the Blood God, and its monstrous form is redolent with Khorneâs unholy power.|<span class="tooltip00683" data-tooltip-content="#tooltip_content00683" data-tooltip-anchor="#tooltip_content00683"><span class="kwb kwbu">WORLD</span> <span class="kwb kwbu">EATERS</span> <span class="kwb kwbu">MONSTER</span></span> model only. Add 3" to the range of the bearers <span class="tooltip00234" data-tooltip-content="#tooltip_content00234"><span class="tt kwbu">Aura</span> <span class="tt kwbu">abilities</span></span>.|
WE|000009847002|Archslaughterer|25|Vessels of Wrath|000001007|This gifted killer channels the fullness of his rage into every weapon swing â doubly so when the Blood Godâs gaze is upon him.|<span class="kwb">WORLD</span> <span class="kwb">EATERS</span> model only. Improve the Armour Penetration characteristic of melee weapons equipped by the bearer by 1. While the bearer is a <span class="tooltip00686" data-tooltip-content="#tooltip_content00686"><span class="tt kwbu"><span class="kwb">VESSEL</span></span> <span class="tt kwbu"><span class="kwb">OF</span></span> <span class="tt kwbu"><span class="kwb">WRATH</span></span></span> , improve the Damage characteristic of those weapons by 1 as well.|
WE|000008432002|Berzerker Glaive|25|Berzerker Warband|000000777|The bearer of this daemon-infested weapon is driven to a state of apoplectic frenzy by the touch of its red-hot grip.|<span class="kwb">WORLD</span> <span class="kwb">EATERS</span> model only. Add 1 to the Attacks and Damage characteristics of melee weapons (excluding <span class="tooltip00171" data-tooltip-content="#tooltip_content00171"><span class="tt kwbu">Extra</span> <span class="tt kwbu">Attacks</span></span> weapons) equipped by the bearer.|
WE|000009716002|Frenzied|0|Skullsworn|000000978|So gripped is this warrior by the need to kill and kill again in Khornes name, that they never for even a moment pause in their endless hunt for fresh victims.|You can re-roll <span class="tooltip00230" data-tooltip-content="#tooltip_content00230"><span class="tt kwbu">Advance</span></span> and <span class="tooltip00033" data-tooltip-content="#tooltip_content00033"><span class="tt kwbu">Charge</span> <span class="tt kwbu">rolls</span></span> made for the bearer, and the bearer is eligible to <a href="/wh40k10ed/the-rules/core-rules/#CHARGE-PHASE">declare a charge</a> in a turn in which it <span class="tooltip00230" data-tooltip-content="#tooltip_content00230"><span class="tt kwbu">Advanced</span></span>.|
WE|000009708002|Chosen of Khorne|0|Boarding Butchers|000000977|Many are the skulls this warrior has taken and offered up in the Blood Godâs name, which has its rewards.|Once the bearer has <span class="tooltip00206" data-tooltip-content="#tooltip_content00206"><span class="tt kwbu">destroyed</span></span> one or more enemy units, until the end of the battle, each time you make a <span class="tooltip00472" data-tooltip-content="#tooltip_content00472"><span class="tt kwbu">Blessings</span> <span class="tt kwbu">of</span> <span class="tt kwbu">Khorne</span> <span class="tt kwbu">roll</span></span>, if the bearer is on the battlefield, you can re-roll all of the dice (if you do, you must re-roll every dice).|
WE|000010074003|Butcher Lord|10|Cult of Blood|000001042|Some World Eaters lead packs of cultists into battle, inspiring the masses with their inhuman savagery.|<span class="tooltip00354" data-tooltip-content="#tooltip_content00354" data-tooltip-anchor="#tooltip_content00354"><span class="kwb kwbu">WORLD</span> <span class="kwb kwbu">EATERS</span> <span class="kwb kwbu">INFANTRY</span></span> model only. During the <a href="/wh40k10ed/the-rules/core-rules/#Declare-Battle-Formations">Declare Battle Formations</a> step, the bearer can be <span class="tooltip00029" data-tooltip-content="#tooltip_content00029"><span class="tt kwbu">attached</span></span> to a <a class="kwbOne" href="/wh40k10ed/factions/world-eaters/Jakhals"><span class="kwb kwbo">JAKHALS</span></a> or <a class="kwbOne" href="/wh40k10ed/factions/world-eaters/Goremongers"><span class="kwb kwbo">GOREMONGERS</span></a> unit. If attached to a <span class="kwb">GOREMONGERS</span> unit, the bearer has the <span class="tooltip00510" data-tooltip-content="#tooltip_content00510"><span class="tt kwbu">Infiltrators</span></span> ability.|
WE|000009708003|Battle Lust|0|Boarding Butchers|000000977|Foes attempting to gun this warrior down only stoke his berserk rage still higher.|Each time an enemy unit is selected to shoot, after that unit has shot, if the bearer was the target of one or more of those attacks, it can make a Battle Lust move. To do so, roll one D6: the bearer can be moved a distance in inches up to the result, but must end that move <a href="/wh40k10ed/the-rules/rules-commentary/#_intro2">as close as possible</a> to the attacking unit. When doing so, the bearer can be moved within <a href="/wh40k10ed/the-rules/boarding-action-rules/#Engagement-Range">Engagement Range</a> of that enemy unit, but only that enemy unit.|
WE|000009716003|Carmine Corona|0|Skullsworn|000000978|As this murderous champion butchers his foes, so a blazing crown of rage, hate and agony blazes to life about his brows. None can look upon this ghastly spectacle without their eyes bleeding and a bleak despair gripping their hearts.|When the bearer destroys an enemy unit for the first time, until the end of the battle, the bearer has an Objective Control characteristic of 5.|
WE|000009847003|Vox-diabolus|20|Vessels of Wrath|000001007|Anointed with the vitae of the freshly slain, this championâs triumphant roars are supernaturally amplified until they echo into the Warp.|<span class="kwb">WORLD</span> <span class="kwb">EATERS</span> model only. Each time the bearerâs unit destroys an enemy unit with a melee attack, roll one D6, adding 1 to the result if the bearer is a <span class="tooltip00686" data-tooltip-content="#tooltip_content00686"><span class="tt kwbu"><span class="kwb">VESSEL</span></span> <span class="tt kwbu"><span class="kwb">OF</span></span> <span class="tt kwbu"><span class="kwb">WRATH</span></span></span> : on a 4+, you gain 1CP.|
WE|000010086003|Aggressive Deployment|20|Goretrack Onslaught|000001045|This warrior fights in the vanguard, urging his vehicles forward to unload troops as swiftly as possible.|<span class="tooltip00473" data-tooltip-content="#tooltip_content00473" data-tooltip-anchor="#tooltip_content00473"><span class="kwb kwbu">WORLD</span> <span class="kwb kwbu">EATERS</span></span> model only. In the <a href="/wh40k10ed/the-rules/core-rules/#Declare-Battle-Formations">Declare Battle Formations</a> step, if the bearer starts the battle <span class="tooltip00026" data-tooltip-content="#tooltip_content00026"><span class="tt kwbu">embarked</span></span> within a <span class="tooltip00687" data-tooltip-content="#tooltip_content00687" data-tooltip-anchor="#tooltip_content00687"><span class="kwb kwbu">DEDICATED</span> <span class="kwb kwbu">TRANSPORT</span></span>, that <span class="kwb">DEDICATED</span> <span class="kwb">TRANSPORT</span> has the <span class="tooltip00100" data-tooltip-content="#tooltip_content00100"><span class="tt kwbu">Scouts</span> <span class="tt kwbu">9"</span></span> ability.|
WE|000008432003|Helm of Brazen Ire|20|Berzerker Warband|000000777|Khorneâs faithful believe this relic was forged in the depths of the Blood Godâs own realm. The blades of many champions have broken upon its brass surface.|<span class="kwb">WORLD</span> <span class="kwb">EATERS</span> model only. Each time an attack is allocated to the bearer, subtract 1 from the Damage characteristic of that attack.|
WE|000010078003|Blood-forged Armour|20|Khorne Daemonkin|000001043|Made in the depths of the Immaterium, this crimson plate possesses unholy resilience.|<span class="tooltip00248" data-tooltip-content="#tooltip_content00248" data-tooltip-anchor="#tooltip_content00248"><span class="kwb kwbu">BLOOD</span> <span class="kwb kwbu">LEGIONS</span></span> or <span class="tooltip00473" data-tooltip-content="#tooltip_content00473" data-tooltip-anchor="#tooltip_content00473"><span class="kwb kwbu">WORLD</span> <span class="kwb kwbu">EATERS</span></span> model only. The bearer has a Save characteristic of 2+. If the bearer is destroyed, you gain 1 <span class="tooltip00682" data-tooltip-content="#tooltip_content00682"><span class="tt kwbu">Blood</span> <span class="tt kwbu">Tithe</span> <span class="tt kwbu">point</span></span>.|
WE|000010082003|Killing Clarity|15|Possessed Slaughterband|000001044|The ecstatic release of extreme violence provides momentary clarity to even the most frenzied of minds.|<span class="tooltip00688" data-tooltip-content="#tooltip_content00688" data-tooltip-anchor="#tooltip_content00688"><span class="kwb kwbu">WORLD</span> <span class="kwb kwbu">EATERS</span> <span class="kwb kwbu">DAEMON</span></span> model only. Each time the bearerâs unit destroys an enemy unit, roll one D6: on a 4+, you gain 1CP.|
WE|000009847004|Avengerâs Crown|15|Vessels of Wrath|000001007|This circlet of black iron is said to grant its wearer a surge of vengeful violence when their doom becomes inescapable.|<span class="kwb">WORLD</span> <span class="kwb">EATERS</span> model only. If the bearer is destroyed by a melee attack, if it has not fought this phase, roll one D6: on a 2+, do not remove it from play. The destroyed model can fight after the attacking unit has finished making its attacks, and is then removed from play.|
WE|000010074004|Brazen Form|25|Cult of Blood|000001042|Whether possessed, colossal daemons or heliforged constructs, Khorneâs diabolic followers have monstrous resilience.|<span class="tooltip00683" data-tooltip-content="#tooltip_content00683" data-tooltip-anchor="#tooltip_content00683"><span class="kwb kwbu">WORLD</span> <span class="kwb kwbu">EATERS</span> <span class="kwb kwbu">MONSTER</span></span> model only. Add 1 to the bearerâs Toughness characteristic and the bearer has the <span class="tooltip00119" data-tooltip-content="#tooltip_content00119"><span class="tt kwbu">Feel</span> <span class="tt kwbu">No</span> <span class="tt kwbu">Pain</span> <span class="tt kwbu">5+</span></span> ability.|
WE|000008432004|Favoured of Khorne|15|Berzerker Warband|000000777|This warrior has the favour of Khorne; the Blood Godâs infernal power pulses through their veins.|<span class="kwb">WORLD</span> <span class="kwb">EATERS</span> model only. Each time you make a <span class="tooltip00472" data-tooltip-content="#tooltip_content00472"><span class="tt kwbu">Blessings</span> <span class="tt kwbu">of</span> <span class="tt kwbu">Khorne</span> <span class="tt kwbu">roll</span></span>, if the bearer is on the battlefield, you can re-roll up to two of the D6 rolled.|
WE|000010082004|Frenzied Focus|20|Possessed Slaughterband|000001044|This daemon channels its blazing fury with violent precision, its blows as accurate as they are devastating.|<span class="tooltip00688" data-tooltip-content="#tooltip_content00688" data-tooltip-anchor="#tooltip_content00688"><span class="kwb kwbu">WORLD</span> <span class="kwb kwbu">EATERS</span> <span class="kwb kwbu">DAEMON</span></span> model only. Each time a model in the bearerâs unit makes an attack, a <span class="tooltip00031" data-tooltip-content="#tooltip_content00031"><span class="tt kwbu">Critical</span> <span class="tt kwbu">Hit</span></span> is scored on an unmodified <span class="tooltip00031" data-tooltip-content="#tooltip_content00031"><span class="tt kwbu">Hit</span> <span class="tt kwbu">roll</span></span> of 5+, instead of only a 6.|
WE|000010078004|Disciple of Khorne|15|Khorne Daemonkin|000001043|This puissant master of carnage has earned the right to lead Khornes immortal legions to war.|<a class="kwbOne" href="/wh40k10ed/factions/world-eaters/Lord-on-Juggernaut"><span class="kwb kwbo">LORD</span> <span class="kwb2 kwbo">ON</span> <span class="kwb kwbo">JUGGERNAUT</span></a> model only. During the <a href="/wh40k10ed/the-rules/core-rules/#Declare-Battle-Formations">Declare Battle Formations</a> step, the bearer can be <span class="tooltip00029" data-tooltip-content="#tooltip_content00029"><span class="tt kwbu">attached</span></span> to a <a class="kwbOne" href="/wh40k10ed/factions/world-eaters/Bloodcrushers"><span class="kwb kwbo">BLOODCRUSHERS</span></a> or <a class="kwbOne" href="/wh40k10ed/factions/world-eaters/Flesh-Hounds"><span class="kwb kwbo">FLESH</span> <span class="kwb kwbo">HOUNDS</span></a> unit. While leading one of these units, the bearer has the <span class="tooltip00046" data-tooltip-content="#tooltip_content00046"><span class="tt kwbu">Deep</span> <span class="tt kwbu">Strike</span></span> ability, and it has the <span class="kwb">BLOOD</span> <span class="kwb">LEGIONS</span> <a href="/wh40k10ed/the-rules/core-rules/#Keywords">Faction keyword</a> instead of the <span class="kwb">WORLD</span> <span class="kwb">EATERS</span> Faction keyword.|
WE|000010086004|Unleash Hell|10|Goretrack Onslaught|000001045|A veteran tank commander, this warrior orders nearby armoured vehicles to lay down a withering field of fire, providing cover for disembarking troops.|<span class="tooltip00473" data-tooltip-content="#tooltip_content00473" data-tooltip-anchor="#tooltip_content00473"><span class="kwb kwbu">WORLD</span> <span class="kwb kwbu">EATERS</span></span> model only. At the start of your <a href="/wh40k10ed/the-rules/core-rules/#SHOOTING-PHASE">Shooting phase</a>, you can select one <span class="tooltip00475" data-tooltip-content="#tooltip_content00475" data-tooltip-anchor="#tooltip_content00475"><span class="kwb kwbu">VEHICLE</span></span> model within 6" of the bearer or, if the bearer is <span class="tooltip00026" data-tooltip-content="#tooltip_content00026"><span class="tt kwbu">embarked</span></span> within a <span class="tooltip00680" data-tooltip-content="#tooltip_content00680" data-tooltip-anchor="#tooltip_content00680"><span class="kwb kwbu">TRANSPORT</span></span>, you can select that <span class="kwb">TRANSPORT</span> model. Until the end of the phase, after the selected model has shot, select one enemy unit hit by one or more of those attacks. Until the start of your next turn, that enemy unit is suppressed. While a unit is suppressed, each time a model in that unit makes an attack, subtract 1 from the <span class="tooltip00031" data-tooltip-content="#tooltip_content00031"><span class="tt kwbu">Hit</span> <span class="tt kwbu">roll</span></span>.|
WE|000010082005|Violent Demise|10|Possessed Slaughterband|000001044|Upon this daemonâs death, pent-up rage and empyric energies are released in a howling maelstrom of killing force from which there is no escape.|<span class="tooltip00688" data-tooltip-content="#tooltip_content00688" data-tooltip-anchor="#tooltip_content00688"><span class="kwb kwbu">WORLD</span> <span class="kwb kwbu">EATERS</span> <span class="kwb kwbu">DAEMON</span></span> model only. The bearerâs <span class="tooltip00511" data-tooltip-content="#tooltip_content00511"><span class="tt kwbu">Deadly</span> <span class="tt kwbu">Demise</span></span> ability inflicts <span class="tooltip00049" data-tooltip-content="#tooltip_content00049"><span class="tt kwbu">mortal</span> <span class="tt kwbu">wounds</span></span> on a D6 roll of 2+ instead of on a 6. In addition, the bearer has the Deadly Demise D3+1 ability, instead of the Deadly Demise D3 ability.|
WE|000009847005|Gateways to Glory|10|Vessels of Wrath|000001007|Like an axe swept through defenceless flesh, some patron daemons of Khorne rip portals in reality for this favoured servant to surge through.|<span class="tooltip00689" data-tooltip-content="#tooltip_content00689" data-tooltip-anchor="#tooltip_content00689"><span class="kwb kwbu">WORLD</span> <span class="kwb kwbu">EATERS</span> <span class="kwb kwbu">DAEMON</span> <span class="kwb kwbu">PRINCE</span></span> or <span class="tooltip00356" data-tooltip-content="#tooltip_content00356" data-tooltip-anchor="#tooltip_content00356"><span class="kwb kwbu">WORLD</span> <span class="kwb kwbu">EATERS</span> <span class="kwb kwbu">MOUNTED</span></span> model only. Each time the bearer makes a <span class="tooltip00221" data-tooltip-content="#tooltip_content00221"><span class="tt kwbu">Normal</span></span>, <span class="tooltip00230" data-tooltip-content="#tooltip_content00230"><span class="tt kwbu">Advance</span></span> or <span class="tooltip00033" data-tooltip-content="#tooltip_content00033"><span class="tt kwbu">Charge</span> <span class="tt kwbu">move</span></span>, it can move horizontally through models and <a href="/wh40k10ed/the-rules/core-rules/#Terrain-Features-1">terrain features</a>. When doing so, it can move within <span class="tooltip00023" data-tooltip-content="#tooltip_content00023"><span class="tt kwbu">Engagement</span> <span class="tt kwbu">Range</span></span> of such models but cannot end a Normal or Advance move within Engagement Range of them.|
WE|000010086005|Infernal Infusion|25|Goretrack Onslaught|000001045|Provided to veteran World Eaters by the Berzerker-surgeons, these combat stimulants grant the user shocking speed.|<span class="tooltip00473" data-tooltip-content="#tooltip_content00473" data-tooltip-anchor="#tooltip_content00473"><span class="kwb kwbu">WORLD</span> <span class="kwb kwbu">EATERS</span></span> model only. Once per battle, at the start of the <a href="/wh40k10ed/the-rules/core-rules/#FIGHT-PHASE">Fight phase</a>, the bearer can use this Enhancement. If it does, until the end of the phase, the bearerâs unit has the <span class="tooltip00512" data-tooltip-content="#tooltip_content00512"><span class="tt kwbu">Fights</span> <span class="tt kwbu">First</span></span> ability.|
WE|000010074005|Strategic Slaughter|20|Cult of Blood|000001042|Despite the frenzied battle-lust that consumes his soul, this warrior still retains a sliver of the tactical insight instilled in him by his training.|<span class="tooltip00473" data-tooltip-content="#tooltip_content00473" data-tooltip-anchor="#tooltip_content00473"><span class="kwb kwbu">WORLD</span> <span class="kwb kwbu">EATERS</span></span> model only. After both players have deployed their armies, select up to three <a class="kwbOne" href="/wh40k10ed/factions/world-eaters/Jakhals"><span class="kwb kwbo">JAKHALS</span></a> and/or <a class="kwbOne" href="/wh40k10ed/factions/world-eaters/Goremongers"><span class="kwb kwbo">GOREMONGERS</span></a> units from your army and redeploy them. When doing so, you can set those units up in <a href="/wh40k10ed/the-rules/core-rules/#Strategic-Reserves">Strategic Reserves</a>, regardless of how many units are already in Strategic Reserves.|
WE|000010078005|Blade of Endless Bloodshed|30|Khorne Daemonkin|000001043|This possessed weapon is ever stained with gore and eternally thirsts to taste the blood of fresh victims, empowering the bearer with its endless hunger.|<span class="tooltip00473" data-tooltip-content="#tooltip_content00473" data-tooltip-anchor="#tooltip_content00473"><span class="kwb kwbu">WORLD</span> <span class="kwb kwbu">EATERS</span></span> model only. Add 1 to the Attacks, Strength and Damage characteristics of the bearers melee weapons. Each time the bearerâs unit destroys an enemy unit with a melee attack, do not roll to gain a <span class="tooltip00682" data-tooltip-content="#tooltip_content00682"><span class="tt kwbu">Blood</span> <span class="tt kwbu">Tithe</span> <span class="tt kwbu">point</span></span>, you automatically gain 1 Blood Tithe point instead.|
WE|000008432005|Battle-lust|10|Berzerker Warband|000000777|This veteran killer cannot resist the urge to kill. His endless thirst for slaughter drives him forward into the thickest of fighting.|<span class="kwb">WORLD</span> <span class="kwb">EATERS</span> model only. You can re-roll <span class="tooltip00033" data-tooltip-content="#tooltip_content00033"><span class="tt kwbu">Charge</span> <span class="tt kwbu">rolls</span></span> made for the bearerâs unit. In addition, while the <span class="tooltip00690" data-tooltip-content="#tooltip_content00690"><span class="tt kwbu">Unbridled</span> <span class="tt kwbu">Bloodlust</span></span> Blessing of Khorne is active for your army, add 1 to Charge rolls made for the bearerâs unit.|
