ï»¿faction_id|name|id|type|cp_cost|legend|turn|phase|detachment|detachment_id|description|
|EXPLOSIVE CLEARANCE|000009218006|Boarding Actions â Battle Tactic Stratagem|1|A well-placed explosive munition in confined shipboard spaces can cause bloody carnage.|Your turn|Shooting phase|||<b>WHEN:</b> Your Shooting phase.<br><br><b>TARGET:</b> One unit from your army that has not been selected to shoot this phase.<br><br><b>EFFECT:</b> Select one model in your unit that is equipped with a weapon with the [BLAST] ability. Until the end of the phase, when determining how many models are in the target unit for the purpose of that ability, include models that are not visible to the attacking model. In addition, attacks made with that weapon can be allocated to models that are not visible to the attacking model.|
|INSANE BRAVERY|000009218005|Boarding Actions â Epic Deed Stratagem|1|Indifferent to their own survival, these warriors hold their ground against seemingly impossible odds.|Your turn|Command phase|||<b>WHEN:</b> Battle-shock step of your Command phase, just after you have failed a Battle-shock test taken for a unit from your army.<br><br><b>TARGET:</b> The unit from your army that Battle-shock test was just taken for (even though your Battle-shocked units cannot normally be affected by your Stratagems).<br><br><b>EFFECT:</b> Your unit is treated as having passed that test instead, and is not Battle-shocked as a result.|
|COMMAND RE-ROLL|000009218002|Boarding Actions â Epic Deed Stratagem|1|A great commander can bend even the vagaries of fate and fortune to their will, the better to ensure victory.|Either playerâs turn|Any phase|||<b>WHEN:</b> Any phase, just after you have made a Hit roll, a Wound roll, a Damage roll, a saving throw, an Advance roll, a Charge roll, a Desperate Escape test, a Hazardous test, or just after you have rolled the dice to determine the number of attacks made with a weapon, for an attack, model or unit from your army.<br><br><b>TARGET:</b> That unit or model from your army.<br><br><b>EFFECT:</b> You re-roll that roll, test or saving throw.|
|BATTLEFIELD COMMAND|000009218003|Boarding Actions â Strategic Ploy Stratagem|1|The commander's authoritative tone cuts through the din of battle, guiding the actions of nearby troops.|Either playerâs turn|Any phase|||<b>WHEN:</b> Start or end of any phase.<br><br><b>TARGET:</b> One Leader unit from your army and one friendly Bodyguard unit within 6" of it that it could normally be attached to.<br><br><b>EFFECT:</b> Select one of your Leader unitâs Leader abilities. Until the start of your next Command phase, that Bodyguard unit is treated as being led by that Leader unit for the purposes of that Leader ability.<br><br><b>RESTRICTIONS:</b> Once you target a unit with this Stratagem, that unit cannot be targeted with it again until your next Command phase.|
|COUNTER-OFFENSIVE|000009218004|Boarding Actions â Strategic Ploy Stratagem|2|In close-quarters combat, the slightest hesitation can leave an opening for a swift foe to exploit.|Either playerâs turn|Fight phase|||<b>WHEN:</b> Fight phase, just after an enemy unit has fought.<br><br><b>TARGET:</b> One unit from your army that is within Engagement Range of one or more enemy units and that has not already been selected to fight this phase.<br><br><b>EFFECT:</b> Your unit fights next.|
|RENEWED FOCUS|000010252002|Challenger â Battle Tactic Stratagem|0|Shutting out the din of battle, these warriors focus only on their foes, unleashing an inescapable fusillade of death and destruction.|Your turn|Shooting or Fight phase|||<b>WHEN:</b> Your Shooting phase or your Fight phase.<br><br><b>TARGET:</b> One unit from your army that has not been selected to shoot or fight this phase.<br><br><b>EFFECT:</b> Until the end of the phase, each time a model in your unit makes an attack, re-roll a Hit roll of 1 and re-roll a Wound roll of 1.|
|GREAT HASTE|000010250002|Challenger â Strategic Ploy Stratagem|0|Speed is often the key to victory, and this unit is blessed with exceptional celerity.|Your turn|Movement phase|||<b>WHEN:</b> Your Movement phase.<br><br><b>TARGET:</b> One unit from your army that has not been selected to move this phase.<br><br><b>EFFECT:</b> Until the end of the phase, add D6" to the Move characteristic of models in your unit.|
|OPPORTUNISTIC STRIKE|000010248002|Challenger â Strategic Ploy Stratagem|0|Taking advantage of the foeâs exposed position, these warriors launch a well-timed attack.|Your turn|Shooting phase|||<b>WHEN:</b> Your Shooting phase.<br><br><b>TARGET:</b> One unit from your army that is not within Engagement Range of one or more enemy units.<br><br><b>EFFECT:</b> Select one enemy unit that is not within Engagement Range of one or more units from your army and is within 6" of and visible to your unit. Roll six D6: for each 4+, that enemy unit suffers 1 mortal wound.|
|FORCE A BREACH|000010249002|Challenger â Strategic Ploy Stratagem|0|Break through their defences, smash down their walls and barricades and breach their lines. Let no obstacle halt your progress.|Your turn|Movement phase|||<b>WHEN:</b> Your Movement phase.<br><br><b>TARGET:</b> One unit from your army that has not been selected to move this phase.<br><br><b>EFFECT:</b> Until the end of the phase, each time your unit makes a Normal or Advance move, it can move horizontally through models and terrain features.|
|PIVOTAL MOMENT|000010251002|Challenger â Strategic Ploy Stratagem|0|The outcome of the battle hangs in the balance. This is the time to strike hard and without mercy.|Your turn|Movement phase|||<b>WHEN:</b> Your Movement phase.<br><br><b>TARGET:</b> One unit from your army.<br><br><b>EFFECT:</b> Until the end of the turn, your unit is eligible to shoot and declare a charge in a turn in which it Advanced or Fell Back.|
|ALL IN|000010254002|Challenger â Strategic Ploy Stratagem|0|The time has come to commit your forces. Order your soldiers forward, pursue the foe and cut them down without mercy. Victory or death!|Your turn|Fight phase|||<b>WHEN:</b> Your Fight phase.<br><br><b>TARGET:</b> One unit from your army that has not been selected to fight this phase.<br><br><b>EFFECT:</b> Until the end of the phase, each time a model in your unit makes a Pile-in or Consolidation move, it can move up to 6" instead of up to 3". In addition, it does not need to end that move closer to the closest enemy model, provided it ends it as close as possible to the closest enemy unit.|
|STRATEGIC RETREAT|000010255002|Challenger â Strategic Ploy Stratagem|0|The soundest military minds find no shame in signalling a retreat. Strength preserved may prove pivotal at a later juncture.|Your turn|Shooting phase|||<b>WHEN:</b> Start of your Shooting phase.<br><br><b>TARGET:</b> One unit from your army (excluding <span class="kwb">MONSTERS</span> and <span class="kwb">VEHICLES</span>) that is not within Engagement Range of one or more enemy units.<br><br><b>EFFECT:</b> Remove your unit from the battlefield and place it into Strategic Reserves.|
|BURST OF SPEED|000010247002|Challenger â Strategic Ploy Stratagem|0|Having unleashed hell upon their target, this unit presses forward, lent fresh speed and impetus by the invigorating thrill of battle.|Your turn|Shooting phase|||<b>WHEN:</b> End of your Shooting phase.<br><br><b>TARGET:</b> One unit from your army (excluding units that made a move this phase).<br><br><b>EFFECT:</b> Your unit can make a Normal move of up to D6", and then cannot move again this phase.|
|HARBOURED POWER|000010253002|Challenger â Wargear Stratagem|0|Overcharged power packs, experimental ammunition, potent combat stimms or sorcerous might: these assets may be expended in the pursuit of victory.|Your turn|Shooting or Fight phase|||<b>WHEN:</b> Your Shooting phase or your Fight phase.<br><br><b>TARGET:</b> One unit from your army that has not been selected to shoot or fight this phase.<br><br><b>EFFECT:</b> Until the end of the phase, weapons equipped by models in your unit have the [HAZARDOUS] ability and your choice of the [LETHAL HITS] or [SUSTAINED HITS 1] ability.|
|GO TO GROUND|000008335010|Core â Battle Tactic Stratagem|1|Seeking salvation from incoming fire, warriors hurl themselves into whatever cover they can find.|Opponentâs turn|Shooting phase|||<b>WHEN:</b> Your opponentâs Shooting phase, just after an enemy unit has selected its targets.<br><br><b>TARGET:</b> One <span class="kwb">INFANTRY</span> unit from your army that was selected as the target of one or more of the attacking unitâs attacks.<br><br><b>EFFECT:</b> Until the end of the phase, all models in your unit have a 6+ invulnerable save and have the Benefit of Cover.|
|COMMAND RE-ROLL|000008335002|Core â Battle Tactic Stratagem|1|A great commander can bend even the vagaries of fate and fortune to their will, the better to ensure victory.|Either playerâs turn|Any phase|||<b>WHEN:</b> Any phase, just after you make an Advance roll, a Charge roll, a Desperate Escape test or a Hazardous test for a unit from your army, or a Hit roll, a Wound roll, a Damage roll or a saving throw for a model in that unit, or a roll to determine the number of attacks made with a weapon equipped by a model in that unit. If you are using fast dice rolling, this Stratagem can still be used after rolling multiple rolls or saving throws at once.<br><br><b>TARGET:</b> That unit or model from your army.<br><br><b>EFFECT:</b> You re-roll that roll, test or saving throw. If you are using fast dice rolling, select one of those rolls or saving throws to re-roll.|
|INSANE BRAVERY|000008335005|Core â Epic Deed Stratagem|1|Indifferent to their own survival, these warriors hold their ground against seemingly impossible odds.|Your turn|Command phase|||<b>WHEN:</b> Battle-shock step of your Command phase, just before you take a Battle-shock test for a unit from your army.<br><br><b>TARGET:</b> That unit from your army.<br><br><b>EFFECT:</b> Your unit automatically passes that Battle-shock test.<br><br><b>RESTRICTIONS:</b> You cannot use this Stratagem more than once per battle.|
|EPIC CHALLENGE|000008335004|Core â Epic Deed Stratagem|1|The legends of the 41st Millennium are replete with deadly duels between mighty champions.|Either playerâs turn|Fight phase|||<b>WHEN:</b> Fight phase, when a <span class="kwb">CHARACTER</span> unit from your army that is within Engagement Range of one or more Attached units is selected to fight.<br><br><b>TARGET:</b> One <span class="kwb">CHARACTER</span> model in your unit.<br><br><b>EFFECT:</b> Until the end of the phase, all melee attacks made by that model have the [PRECISION] ability.|
|TANK SHOCK|000008335007|Core â Strategic Ploy Stratagem|1|Ramming the foe with a speeding vehicle may be an unsubtle tactic, but it is a murderously effective one.|Your turn|Charge phase|||<b>WHEN:</b> Your Charge phase, just after a <span class="kwb">VEHICLE</span> unit from your army ends a Charge move.<br><br><b>TARGET:</b> That <span class="kwb">VEHICLE</span> unit.<br><br><b>EFFECT:</b> Select one enemy unit within Engagement Range of your unit, and select one <span class="kwb">VEHICLE</span> model in your unit that is within Engagement Range of that enemy unit. Roll a number of D6 equal to the Toughness characteristic of the selected <span class="kwb">VEHICLE</span> model. For each 5+, that enemy unit suffers 1 mortal wound (to a maximum of 6 mortal wounds).|
|HEROIC INTERVENTION|000008335012|Core â Strategic Ploy Stratagem|1|Voices raised in furious war cries, your warriors surge forth to meet the enemyâs onslaught head-on.|Opponentâs turn|Charge phase|||<b>WHEN:</b> Your opponentâs Charge phase, just after an enemy unit ends a Charge move.<br><br><b>TARGET:</b> One unit from your army that is within 6" of that enemy unit and would be eligible to declare a charge against that enemy unit if it were your Charge phase.<br><br><b>EFFECT:</b> Your unit now declares a charge that targets only that enemy unit, and you resolve that charge as if it were your Charge phase.<br><br><b>RESTRICTIONS:</b> You can only select a <span class="kwb">VEHICLE</span> unit from your army if it is a <span class="kwb">WALKER</span>. Note that even if this charge is successful, your unit does not receive any Charge bonus this turn.|
|FIRE OVERWATCH|000008335009|Core â Strategic Ploy Stratagem|1|A hail of wildfire can drive back advancing foes.|Opponentâs turn|Movement or Charge phase|||<b>WHEN:</b> Your opponentâs Movement or Charge phase, just after an enemy unit is set up or when an enemy unit starts or ends a Normal, Advance or Fall Back move, or declares a charge.<br><br><b>TARGET:</b> One unit from your army that is within 24" of that enemy unit and that would be eligible to shoot if it were your Shooting phase.<br><br><b>EFFECT:</b> If that enemy unit is visible to your unit, your unit can shoot that enemy unit as if it were your Shooting phase.<br><br><b>RESTRICTIONS:</b> You cannot target a <span class="kwb">TITANIC</span> unit with this Stratagem. Until the end of the phase, each time a model in your unit makes a ranged attack, an unmodified Hit roll of 6 is required to score a hit, irrespective of the attacking weaponâs Ballistic Skill or any modifiers. You can only use this Stratagem once per turn.|
|RAPID INGRESS|000008335008|Core â Strategic Ploy Stratagem|1|Be it cunning strategy, potent technology or supernatural ritual, there are many means by which a commander may hasten their warriorsâ onset.|Opponentâs turn|Movement phase|||<b>WHEN:</b> End of your opponentâs Movement phase.<br><br><b>TARGET:</b> One unit from your army that is in Reserves.<br><br><b>EFFECT:</b> Your unit can arrive on the battlefield as if it were the Reinforcements step of your Movement phase, and if every model in that unit has the Deep Strike ability, you can set that unit up as described in the Deep Strike ability (even though it is not your Movement phase).<br><br><b>RESTRICTIONS:</b> You cannot use this Stratagem to enable a unit to arrive on the battlefield during a battle round it would not normally be able to do so in.|
|COUNTER-OFFENSIVE|000008335003|Core â Strategic Ploy Stratagem|2|In close-quarters combat, the slightest hesitation can leave an opening for a swift foe to exploit.|Either playerâs turn|Fight phase|||<b>WHEN:</b> Fight phase, just after an enemy unit has fought.<br><br><b>TARGET:</b> One unit from your army that is within Engagement Range of one or more enemy units and that has not already been selected to fight this phase.<br><br><b>EFFECT:</b> Your unit fights next.|
|SMOKESCREEN|000008335011|Core â Wargear Stratagem|1|Even the most skilled marksmen struggle to hit targets veiled by billowing screens of smoke.|Opponentâs turn|Shooting phase|||<b>WHEN:</b> Your opponentâs Shooting phase, just after an enemy unit has selected its targets.<br><br><b>TARGET:</b> One <span class="kwb">SMOKE</span> unit from your army that was selected as the target of one or more of the attacking unitâs attacks.<br><br><b>EFFECT:</b> Until the end of the phase, all models in your unit have the Benefit of Cover and the Stealth ability.|
|GRENADE|000008335006|Core â Wargear Stratagem|1|Priming their hand-held projectiles, these warriors draw back and hurl death into the enemyâs midst.|Your turn|Shooting phase|||<b>WHEN:</b> Your Shooting phase.<br><br><b>TARGET:</b> One <span class="kwb">GRENADES</span> unit from your army (excluding units that Advanced, Fell Back or have shot this turn) that is not within Engagement Range of one or more enemy units.<br><br><b>EFFECT:</b> Select one <span class="kwb">GRENADES</span> model in your unit and one enemy unit that is not within Engagement Range of any units from your army and is within 8" of and visible to your <span class="kwb">GRENADES</span> model. Roll six D6: for each 4+, that enemy unit suffers 1 mortal wound.|
|NEW ORDERS|000009063002|Core Stratagem â Strategic Ploy Stratagem|1|High command has received new intelligence.|Your turn|Command phase|||<b>WHEN:</b> End of your Command phase.<br><br><b>TARGET:</b> One of your active Secondary Mission cards.<br><br><b>EFFECT:</b> Discard it and draw one new Secondary Mission card.<br>|
|NEW ORDERS|000010245002|Core Stratagem â Strategic Ploy Stratagem|1|High command has received new intelligence.|Your turn|Command phase|||<b>WHEN:</b> End of your Command phase.<br><br><b>TARGET:</b> One of your active Secondary Mission cards.<br><br><b>EFFECT:</b> Discard it and draw one new Secondary Mission card.<br>|
|NEW ORDERS|000008539002|Core Stratagem â Strategic Ploy Stratagem|1|High command has received new intelligence.|Your turn|Command phase|||<b>WHEN:</b> End of your Command phase.<br><br><b>TARGET:</b> One of your active Secondary Mission cards.<br><br><b>EFFECT:</b> Discard it and draw one new Secondary Mission card.<br><br><b>RESTRICTIONS:</b> You can only use this Stratagem once per battle.<br>|
AC|THE EMPERORâS AUSPICE|000008931004|Auric Champions â Epic Deed Stratagem|1|In an age plagued by monsters, when primordial horrors from the darkest void circle Humanity's dying light, still the Adeptus Custodes stand strong.|Either playerâs turn|Shooting or Fight phase|Auric Champions|000000863|<b>WHEN:</b> Your opponentâs Shooting phase or the Fight phase, just after an enemy unit has selected its targets.<br><br><b>TARGET:</b> One Adeptus Custodes Character unit from your army that was selected as the target of one or more of the attacking unitâs attacks.<br><br><b>EFFECT:</b> Until the end of the phase, <span class="kwb">CHARACTER</span> models in your unit have the Feel No Pain 4+ ability.|
AC|VIGIL UNENDING|000008931006|Auric Champions â Epic Deed Stratagem|2|The Custodes do not yield while their duty remains unfulfilled.|Either playerâs turn|Fight phase|Auric Champions|000000863|<b>WHEN:</b> Fight phase.<br><br><b>TARGET:</b> One Adeptus Custodes Character model from your army that was just destroyed and has not fought this phase. You can use this Stratagem on that unit even though it was just destroyed.<br><br><b>EFFECT:</b> Do not remove your destroyed model from play. The destroyed model can fight after the attacking unit has finished making attacks, and is then removed from play.|
AC|EARNING OF A NAME|000008931005|Auric Champions â Epic Deed Stratagem|1|To lay low the greatest and most terrible monsters and heretics is to earn new names for a Custodian's mighty tally.|Either playerâs turn|Fight phase|Auric Champions|000000863|<b>WHEN:</b> Fight phase.<br><br><b>TARGET:</b> Up to two Adeptus Custodes Character units from your army that have not been selected to fight this phase.<br><br><b>EFFECT:</b> Until the end of the phase, each time a <span class="kwb">CHARACTER</span> model in either of your units makes an attack that targets a <span class="kwb">MONSTER</span> or <span class="kwb">VEHICLE</span> unit, you can re-roll the Hit roll and you can re-roll the Wound roll.|
AC|SLAYER OF CHAMPIONS|000008931002|Auric Champions â Epic Deed Stratagem|1|Whatfoe can withstand a warrior who has so tested the defences of the Throneworld itself?|Either playerâs turn|Any phase|Auric Champions|000000863|<b>WHEN:</b> Any phase.<br><br><b>TARGET:</b> One Adeptus Custodes Character unit from your army that has just destroyed the unit you selected at the start of your Command phase as the target of your Assemblage of Might ability.<br><br><b>EFFECT:</b> Select one enemy unit on the battlefield Until the start of your next Command phase, each time an <span class="kwb">ADEPTUS</span> <span class="kwb">CUSTODES</span> <span class="kwb">CHARACTER</span> model from your army makes an attack that target that enemy unit, add 1 to the Wound roll In addition, if the destroyed unit was a <span class="kwb">CHARACTER</span> unit, gain 1CP.|
AC|SUPERHUMAN RESERVES|000008931003|Auric Champions â Epic Deed Stratagem|2|With practiced ease, the Talons of the Emperor establish vicious crossfires to cut the foe apart.|Either playerâs turn|Any phase|Auric Champions|000000863|<b>WHEN:</b> Any phase, just after an Adeptus Custodes Warlord model from your army has used an ability on its datasheet or from an Enhancement that says it can only be used Once per battle.<br><br><b>TARGET:</b> That Adeptus Custodes Warlord model.<br><br><b>EFFECT:</b> Your model can use its Once per battleâ ability one additional time during this battle (but not in the same phase).<br><br><b>RESTRICTIONS:</b> You cannot use this Stratagem more than once per battle.|
AC|SHOULDER THE MANTLE|000008931007|Auric Champions â Epic Deed Stratagem|1|The greatest Custodians know when it is both their duty and their right to command their comrades.|Your turn|Movement phase|Auric Champions|000000863|<b>WHEN:</b> Your Movement phase, before the Reinforcements step.<br><br><b>TARGET:</b> One Adeptus Custodes Character model from your army that is not leading a unit.<br><br><b>EFFECT:</b> Select one friendly unit (excluding Battle-shocked and Attached units) within 2" horizontally and 5" vertically of your model that it could lead (as described in the Leader section of its datasheet). Your model attaches to that unit as a Leader. Change that unitâs Starting Strength accordingly.|
AC|BLADES OF THE VIGILATORS|000009274002|Black Ship Guardians â Battle Tactic Stratagem|1|Though intended for lopping the heads from witches, the Vigilators' long blades also allow for skilful parrying of incoming attacks.|Either playerâs turn|Fight phase|Black Ship Guardians|000000910|<b>WHEN:</b> Fight phase, just after an enemy unit has selected its targets.<br><br><b>TARGET:</b> One VIgiLATORS, ALEYA or KNIGHT-CENTURA equipped with an executioner greatblade unit from your army that was selected as the target of one or more of the attacking unitâs attacks.<br><br><b>EFFECT:</b> Until the end of the phase, each time an attack targets your unit, subtract 1 from the Wound roll.|
AC|PUNISHMENT OF THE PROSECUTORS|000009274005|Black Ship Guardians â Battle Tactic Stratagem|1|The Prosecutors cut down without mercy all who dare stand between the Silent Sisters and their prey.|Your turn|Shooting phase|Black Ship Guardians|000000910|<b>WHEN:</b> Your Shooting phase.<br><br><b>TARGET:</b> One PROSEcUTORS unit from your army that has not been selected to shoot this phase.<br><br><b>EFFECT:</b> Until the end of the phase, improve the Armour Penetration characteristic of ranged weapons equipped by models in your unit by 1. In addition, each time a model in your unit makes a ranged attack, on a Critical Wound, improve the Armour Penetration characteristic of that attack by an additional 1.|
AC|FOCUSED FEAR|000009274003|Black Ship Guardians â Battle Tactic Stratagem|1|Fighting in the confines of a voidship heightens the fearful aura of the Sisters of Silence, fouling their foes'aim and weakening their sword arms.|Either playerâs turn|Shooting or Fight phase|Black Ship Guardians|000000910|<b>WHEN:</b> Your opponentâs Shooting phase or the Fight phase, just after an enemy unit has selected its targets.<br><br><b>TARGET:</b> One ANATHEMA PSYKANA unit from your army that was selected as the target of one or more of the attacking unitâs attacks.<br><br><b>EFFECT:</b> Until the attacking unit has finished making its attacks, each time an attack targets your unit, worsen the Armour Penetration characteristic of that attack by 1.|
AC|CORNERED PREY|000009274004|Black Ship Guardians â Strategic Ploy Stratagem|1|Once they have their quarry trapped within a section of the voidship, the Silent Sisters relentlessly run them to ground.|Your turn|Movement phase|Black Ship Guardians|000000910|<b>WHEN:</b> Your Movement phase, just after an ANATHEMA PSYKANA unit from your army Falls Back.<br><br><b>TARGET:</b> That <span class="kwb">ANATHEMA</span> <span class="kwb">PSYKANA</span> unit.<br><br><b>EFFECT:</b> Until the end of the turn, your unit is eligible to shoot and declare a charge in a turn in which it Fell Back.|
AC|PEERLESS WARRIOR|000009988004|Lions of the Emperor â Battle Tactic Stratagem|1|With every strike, the Lions of the Emperor prove themselves the masters of single combat, even when engaging the mightiest foes.|Either playerâs turn|Fight phase|Lions of the Emperor|000001029|<b>WHEN:</b> Fight phase.<br><br><b>TARGET:</b> One <span class="kwb">ADEPTUS</span> <span class="kwb">CUSTODES</span> unit from your army that has not been selected to fight this phase.<br><br><b>EFFECT:</b> Until the end of the phase, melee weapons equipped by models in your unit have the [PRECISION] ability.|
AC|SWIFT AS THE EAGLE|000009988007|Lions of the Emperor â Strategic Ploy Stratagem|1|Although every Custodian is devastatingly fast on the battlefield, with preternatural reactions to match, the Lions of the Emperor are outstanding even among their peers.|Opponentâs turn|Shooting phase|Lions of the Emperor|000001029|<b>WHEN:</b> Your opponentâs Shooting phase, just after an enemy unit has shot.<br><br><b>TARGET:</b> One <span class="kwb">ADEPTUS</span> <span class="kwb">CUSTODES</span> unit from your army (excluding <span class="kwb">VEHICLE</span> units) that was selected as the target of one or more of the attacking unitâs attacks.<br><br><b>EFFECT:</b> Your unit can make a Normal move of up to D6".|
AC|MANOEUVRE AND FIRE|000009988006|Lions of the Emperor â Strategic Ploy Stratagem|1|The Adeptus Custodes are unrelenting in their advance, laying down punishing fire even as they manoeuvre to new positions.|Your turn|Movement phase|Lions of the Emperor|000001029|<b>WHEN:</b> Your Movement phase, just after an <span class="kwb">ADEPTUS</span> <span class="kwb">CUSTODES</span> unit from your army Falls Back.<br><br><b>TARGET:</b> That <span class="kwb">ADEPTUS</span> <span class="kwb">CUSTODES</span> unit.<br><br><b>EFFECT:</b> Until the end of the turn, your unit is eligible to shoot and declare a charge in a turn in which it Fell Back.|
AC|UNLEASH THE LIONS|000009988005|Lions of the Emperor â Strategic Ploy Stratagem|1|Heroic bands of Terminator-armoured Custodians engage entire armies in unrelenting battle.|Your turn|Command phase|Lions of the Emperor|000001029|<b>WHEN:</b> Your Command phase.<br><br><b>TARGET:</b> One Allarus Custodians or Aquilon Custodians unit from your army that is on the battlefield.<br><br><b>EFFECT:</b> That unit is split into separate units, each containing one model. These new units each have a Starting Strength of 1.|
AC|DEFIANT TO THE LAST|000009988003|Lions of the Emperor â Strategic Ploy Stratagem|1|The harder the battle, and the heavier their losses, the more resolute the Lions of the Emperor become.|Either playerâs turn|Fight phase|Lions of the Emperor|000001029|<b>WHEN:</b> Fight phase, just after an enemy unit has selected its targets.<br><br><b>TARGET:</b> One <span class="kwb">ADEPTUS</span> <span class="kwb">CUSTODES</span> unit from your army that was selected as the target of one or more of the attacking unitâs attacks.<br><br><b>EFFECT:</b> Until the end of the phase, each time a model in your unit is destroyed, if that model has not fought this phase, roll one D6, adding 2 to the result if that model has the <span class="kwb">CHARACTER</span> keyword. On a 4+, do not remove it from play; the destroyed model can fight after the attacking unit has finished making its attacks (when doing so, it is treated as having 1 wound remaining), and is then removed from play.|
AC|GILDED CHAMPION|000009988002|Lions of the Emperor â Strategic Ploy Stratagem|1|The shining champions of the Adeptus Custodes are looked upon in awe by all who witness their grim arts. Their judgement is without flaw, and their tactical acumen utterly impeccable.|Either playerâs turn|Any phase|Lions of the Emperor|000001029|<b>WHEN:</b> Any phase, just after an Adeptus Custodes Character model from your army has used an ability on its datasheet that states it can only be used âonce per battleâ.<br><br><b>TARGET:</b> That <span class="kwb">ADEPTUS</span> <span class="kwb">CUSTODES</span> <span class="kwb">CHARACTER</span> model.<br><br><b>EFFECT:</b> Your model can use that âonce per battleâ ability one additional time during the battle (but not in the same phase).<br><br><b>RESTRICTIONS:</b> You cannot use this Stratagem on the same <span class="kwb">ADEPTUS</span> <span class="kwb">CUSTODES</span> <span class="kwb">CHARACTER</span> model more than once per battle.|
AC|ANATHEMA BLADEMASTERY|000008927004|Null Maiden Vigil â Battle Tactic Stratagem|1|The Vigilators train tirelessly in the art of the swift, beheading strike, with a particular emphasis on the swift elimination of enemy witches.|Either playerâs turn|Fight phase|Null Maiden Vigil|000000862|<b>WHEN:</b> Fight phase.<br><br><b>TARGET:</b> One Vigilators unit from your army that has not been selected to fight this phase.<br><br><b>EFFECT:</b> Until the end of the phase, each time a model in your unit makes a melee attack, you can re-roll the Hit roll If the target of that attack is Battle-shocked or a <span class="kwb">PSYKER</span>, you can re-roll the Wound roll as well.|
AC|WITCH HUNTERS|000008927003|Null Maiden Vigil â Battle Tactic Stratagem|1|Null Maidens train to slay psykers with swift martial efficiency, for they know their prey have many weapons beyond just their powers and must not be allowed time or opportunity to employ them.|Either playerâs turn|Shooting or Fight phase|Null Maiden Vigil|000000862|<b>WHEN:</b> Your Shooting phase or the Fight phase.<br><br><b>TARGET:</b> One Anathema Psykana unit from your army that has not been selected to shoot or fight this phase.<br><br><b>EFFECT:</b> Select either the [LETHAL HITS] or [SUSTAINED HITS 1] ability. Until the end of the phase, weapons equipped by models in your unit have the selected ability, but models in your unit can only target <span class="kwb">PSYKER</span> units with their attacks.|
AC|PURGATION SWEEP|000008927006|Null Maiden Vigil â Battle Tactic Stratagem|1|Witchseekers know their role in combat is to spread indiscriminate carnage through the foeâs ranks.|Your turn|Shooting phase|Null Maiden Vigil|000000862|<b>WHEN:</b> Your Shooting phase.<br><br><b>TARGET:</b> One Witchseekers unit from your army that has not been selected to shoot this phase.<br><br><b>EFFECT:</b> Until the end of the phase, add 1 to the Attacks characteristic of Torrent weapons equipped by models in your unit. If such a weapon targets a <span class="kwb">PSYKER</span> or Battle-shocked unit this phase, add 2 to its Attacks characteristic instead.|
AC|DESPERATIONâS PRICE|000008927002|Null Maiden Vigil â Strategic Ploy Stratagem|1|To overcome the Null Maidensâ aura, enemy psykers overstretch themselves with horrible consequences.|Either playerâs turn|Any phase|Null Maiden Vigil|000000862|<b>WHEN:</b> Any phase, just after an enemy <span class="kwb">PSYKER</span> unit has either finished using a Psychic ability that targets a unit, or finished making Psychic Attacks.<br><br><b>TARGET:</b> One Anathema Psykana unit from your army within 18" of that enemy <span class="kwb">PSYKER</span> unit.<br><br><b>EFFECT:</b> That enemy <span class="kwb">PSYKER</span> unit must take a Leadership test If the test is passed, that <span class="kwb">PSYKER</span> unit is Battle-shocked; if the test is failed that <span class="kwb">PSYKER</span> unit suffers 3 mortal wounds and is Battle-shocked.|
AC|PSY-CHAFF VOLLEY|000008927005|Null Maiden Vigil â Strategic Ploy Stratagem|1|Prosecutors can fire psy-chaff bolts whose esoteric emissions weaken those targets not slain outright.|Your turn|Shooting phase|Null Maiden Vigil|000000862|<b>WHEN:</b> Your Shooting phase.<br><br><b>TARGET:</b> One Prosecutors unit from your army that has just shot.<br><br><b>EFFECT:</b> Select one enemy unit hit by one or more of those attacks. Until the start of your next turn, while your unit is on the battlefield, that enemy unit is prosecuted. While a unit is prosecuted, each time an Anathema Psykana model makes an attack against that unit, improve the Armour Penetration characteristic of that attack by 1. While a <span class="kwb">PSYKER</span> or Battle-shocked unit is prosecuted, each time a model in that unit makes an attack, subtract 1 from the Hit roll.|
AC|PSYCHIC ABOMINATIONS|000008927007|Null Maiden Vigil â Strategic Ploy Stratagem|1|Enemies must overcome disorienting waves of revulsion in order to even focus upon Null Maidens.|Opponentâs turn|Shooting phase|Null Maiden Vigil|000000862|<b>WHEN:</b> Your opponentâs Shooting phase, just after an enemy unit has selected its targets.<br><br><b>TARGET:</b> One Anathema Psykana Infantry unit from your army that was selected as the target of one or more of the attacking unitâs attacks.<br><br><b>EFFECT:</b> Until the end of the phase, your unit has the Stealth ability, and Battle-shocked and <span class="kwb">PSYKER</span> models can only select your unit as a target of a ranged attack if they are within 12".|
AC|ARCHEOTECH MUNITIONS|000008394007|Shield Host  â Wargear Stratagem|1|The Shield Hosts have access to stockpiles of ancient and incredibly rare weaponry and ammunition.|Your turn|Shooting phase|Shield Host|000000765|<b>WHEN:</b> Your Shooting phase.<br><br><b>TARGET:</b> One <span class="kwb">ADEPTUS</span> <span class="kwb">CUSTODES</span> unit from your army (excluding Anathema Psykana units) that has not been selected to shoot this phase.<br><br><b>EFFECT:</b> Select either the [LETHAL HITS] or [SUSTAINED HITS 1] ability. Until the end of the phase ranged weapons equipped by models in your unit have the selected ability.|
AC|ARCANE GENETIC ALCHEMY|000008394002|Shield Host â Battle Tactic Stratagem|1|The Adeptus Custodes are individually engineered on a molecular level using secrets of genetic alchemy that render them virtual demigods in battle.|Either playerâs turn|Any phase|Shield Host|000000765|<b>WHEN:</b> Any phase, just after a mortal wound has been allocated to an Adeptus Custodes model from your army(excluding Anathema Psykana models).<br><br><b>TARGET:</b> That <span class="kwb">ADEPTUS</span> <span class="kwb">CUSTODES</span> modelâs unit.<br><br><b>EFFECT:</b> Until the end of the phase, models in your unit have the Feel No Pain 4+ ability against mortal wounds.|
AC|VIGILANCE ETERNAL|000008394006|Shield Host â Strategic Ploy Stratagem|1|Simply because the Adeptus Custodes do not stand sentinel over a strategic location or asset, does not mean that it - or any who would threaten it - escapes their gaze.|Your turn|Movement phase|Shield Host|000000765|<b>WHEN:</b> Your Movement phase.<br><br><b>TARGET:</b> One Adeptus Custodes Battleline unit from your army (excluding Anathema Psykana units) within range of an objective marker you control.<br><br><b>EFFECT:</b> That objective marker remains under your control even if you have no models within range of it, until your opponent controls it at the start or end of any turn.|
AC|AVENGE THE FALLEN|000008394003|Shield Host â Strategic Ploy Stratagem|1|The loss of a single Talon of the Emperor is commemorated by the tolling of the Bell of Lost Souls on Terra, and by their comradesâ bloody vengeance on the battlefield.|Either playerâs turn|Fight phase|Shield Host|000000765|<b>WHEN:</b> Start of the Fight phase.<br><br><b>TARGET:</b> One <span class="kwb">ADEPTUS</span> <span class="kwb">CUSTODES</span> unit from your army (excluding Anathema Psykana units) that is below its Starting Strength.<br><br><b>EFFECT:</b> Until the end of the phase, add 1 to the Attacks characteristic of melee weapons equipped by models in that unit. If your unit is Below Half-strength, until the end of the phase, add 2 to the Attacks characteristic of those melee weapons instead.|
AC|UNWAVERING SENTINELS|000008394004|Shield Host â Strategic Ploy Stratagem|1|Once the Custodians have laid claim to a location, they defend it with incredible tenacity and skill.|Either playerâs turn|Fight phase|Shield Host|000000765|<b>WHEN:</b> Fight phase, just after an enemy unit has selected its targets.<br><br><b>TARGET:</b> One Adeptus Custodes Infantry unit from your army (excluding Anathema Psykana units) that is within range of an objective marker you control and that was selected as the target of one or more of the attacking unitâs attacks.<br><br><b>EFFECT:</b> Until the end of the phase, each time a melee attack targets your unit, subtract 1 from the Hit roll.|
AC|MULTIPOTENTIALITY|000008394005|Shield Host â Strategic Ploy Stratagem|1|So widely skilled and studied are the Custodians that, whatever situation they find themselves in, they have the martial wisdom to prevail.|Your turn|Movement phase|Shield Host|000000765|<b>WHEN:</b> Your Movement phase.<br><br><b>TARGET:</b> One Adeptus Custodes unit from your army that Fell Back this phase.<br><br><b>EFFECT:</b> Until the end of your turn, that unit is eligible to shoot and declare a charge in a turn in which it Fell Back.|
AC|EMPERORâS VENGEANCE|000009754003|Solar Spearhead â Battle Tactic Stratagem|1|Even as deathâs cold embrace falls upon them, Custodians vent the last of their wrath upon the foe.|Either playerâs turn|Fight phase|Solar Spearhead|000000986|<b>WHEN:</b> Fight phase, just after an enemy unit has selected its targets.<br><br><b>TARGET:</b> One <span class="kwb">ADEPTUS</span> <span class="kwb">CUSTODES</span> unit from your army that was selected as the target of one or more of the attacking unitâs attacks.<br><br><b>EFFECT:</b> Until the end of the phase, each time a model in your unit is destroyed, if that model has not fought this phase, roll one D6, adding 1 to the result if your unit has the Walker keyword. On a 4+, do not remove it from play; The destroyed model can fight after the attacking unit has finished making its attacks (when doing so, it is assumed to have 1 wound remaining), and is then removed from play.|
AC|FLAWLESS CONSTRUCTION|000009754002|Solar Spearhead â Battle Tactic Stratagem|1|The vehicles of the Adeptus Custodes are the finest examples of their kind. Their expertly wrought armoured forms contain ancient and esoteric technology, including auto-repair subroutines and reactive field generators.|Either playerâs turn|Shooting or Fight phase|Solar Spearhead|000000986|<b>WHEN:</b> Your opponentâs Shooting phase or the Fight phase, just after an enemy unit has selected its targets.<br><br><b>TARGET:</b> One Adeptus Custodes Vehicle unit from your army that was selected as the target of one or more of the attacking unitâs attacks.<br><br><b>EFFECT:</b> Until the end of the phase, each time an attack targets a model in your unit, if the Strength characteristic of that attack is greater than the Toughness characteristic of your unit, subtract 1 from the Wound roll.|
AC|WRATHFUL ADVANCE|000009754004|Solar Spearhead â Battle Tactic Stratagem|1|The golden-armoured onslaught smashes through the enemy line, trapping the foe and preventing their escape.|Either playerâs turn|Fight phase|Solar Spearhead|000000986|<b>WHEN:</b> Fight phase, just before an <span class="kwb">ADEPTUS</span> <span class="kwb">CUSTODES</span> unit from your army Piles In.<br><br><b>TARGET:</b> That <span class="kwb">ADEPTUS</span> <span class="kwb">CUSTODES</span> unit.<br><br><b>EFFECT:</b> Until the end of the phase, each time a model in your unit makes a Pile-in move, it can move up to D3+3" instead of up to 3".|
AC|PUNISHMENT INESCAPABLE|000009754007|Solar Spearhead â Strategic Ploy Stratagem|1|The Ten Thousand are relentless in pursuing the Emperorâs foes and thorough in their annihilation. No armour, sorcery or hiding place can shield an enemy from their wrath.|Your turn|Shooting phase|Solar Spearhead|000000986|<b>WHEN:</b> Your Shooting phase.<br><br><b>TARGET:</b> One <span class="kwb">ADEPTUS</span> <span class="kwb">CUSTODES</span> unit from your army that has not been selected to shoot this phase.<br><br><b>EFFECT:</b> Until the end of the phase, ranged weapons equipped by models in your unit have the [IGNORES COVER] ability, and until the end of the phase, each time a model in your unit makes an attack, you can ignore any or all modifiers to that attackâs Ballistic Skill characteristic and/or any or all modifiers to the Hit roll.|
AC|RELENTLESS PERSECUTION|000009754006|Solar Spearhead â Strategic Ploy Stratagem|1|Custodians coax wrathful fury from their war enginesâ machine spirits to hunt down and eliminate their foes at speed.|Your turn|Movement phase|Solar Spearhead|000000986|<b>WHEN:</b> Your Movement phase, just after an <span class="kwb">ADEPTUS</span> <span class="kwb">CUSTODES</span> <span class="kwb">VEHICLE</span> unit from your army Advances.<br><br><b>TARGET:</b> That Adeptus Custodes Vehicle unit.<br><br><b>EFFECT:</b> Until the end of the turn, your unit is eligible to shoot in a turn in which it Advanced. If your unit has the Walker keyword, until the end of the turn, your unit is eligible to shoot and declare a charge in a turn in which it Advanced instead.|
AC|UNSTOPPABLE|000009754005|Solar Spearhead â Strategic Ploy Stratagem|1|Armoured in adamantine and possessed of furious machine spirits, the vehicles of the Adeptus Custodes are almost impossible to stop in their tracks.|Your turn|Movement or Charge phase|Solar Spearhead|000000986|<b>WHEN:</b> Your Movement phase or your Charge phase.<br><br><b>TARGET:</b> One Adeptus Custodes Vehicle or Adeptus Custodes Mounted unit from your army.<br><br><b>EFFECT:</b> Until the end of the phase, each time a model in your unit makes a move, it can move through terrain features.|
AC|TALONED PINCER|000008922006|Talons Of The Emperor â Battle Tactic Stratagem|1|Every move the enemy makes only sees them fall.|Opponentâs turn|Movement phase|Talons Of The Emperor|000000861|<b>WHEN:</b> Your opponentâs Movement phase, just after an enemy unit ends a Normal, Advance or Fall Back move.<br><br><b>TARGET:</b> Up to two Adeptus Custodes units from your army that are within 9" of that enemy unit.<br><br><b>EFFECT:</b> Your units can make a Normal move of up to 6".<br><br><b>RESTRICTIONS:</b> You cannot select units that are within Engagement Range of one or more enemy units. You can only select two units if one (and only one) of them is an Anathema Psykana unit and both are within 6" of each other.|
AC|EMPERORâS EXECUTIONERS|000008922005|Talons Of The Emperor â Battle Tactic Stratagem|2|The Talons of the Emperor tear apart their prey.|Either playerâs turn|Fight phase|Talons Of The Emperor|000000861|<b>WHEN:</b> Start of the Fight phase.<br><br><b>TARGET:</b> Up to two Adeptus Custodes units from your army.<br><br><b>EFFECT:</b> Until the end of the phase, each time a model in one of your units targets an enemy unit that is below its Starting Strength, add 1 to the Wound roll.<br><br><b>RESTRICTIONS:</b> You can only select two units if one (and only one) of them is an Anathema Psykana unit and both are within 6" of each other.|
AC|EMPYRIC SEVERANCE|000008922004|Talons Of The Emperor â Battle Tactic Stratagem|1|Null Maidens quash the manifestations of witches.|Either playerâs turn|Shooting or Fight phase|Talons Of The Emperor|000000861|<b>WHEN:</b> Your opponentâs Shooting phase or the Fight phase, just after an enemy unit has selected its targets.<br><br><b>TARGET:</b> One ADEPTUS CusTODES unit from your army that was selected as the target of one or more of the attacking unitâs attacks, and one friendly ANATHEMA PSYKANA unit within 6" of that <span class="kwb">ADEPTUS</span> <span class="kwb">CUSTODES</span> unit.<br><br><b>EFFECT:</b> Until the end of the phase, your unit has the Feel No Pain 4+ ability against Psychic attacks and mortal wounds.|
AC|TALONS INTERLOCKED|000008922003|Talons Of The Emperor â Battle Tactic Stratagem|1|With practiced ease, the Talons of the Emperor establish vicious crossfires to cut the foe apart.|Your turn|Shooting phase|Talons Of The Emperor|000000861|<b>WHEN:</b> Your Shooting phase.<br><br><b>TARGET:</b> Up to two ADEPTUS CUSTODES INFANTRY units from your army, and one enemy unit that is an eligible target for all of those units.<br><br><b>EFFECT:</b> Until the end of the phase, your units can only target that enemy unit, but each time a model in one of your units makes a ranged attack, improve the Strength and Armour Penetration characteristics of that attack by 1.<br><br><b>RESTRICTIONS:</b> You can only select two units if one (and only one) of them is an ANATHEMA PSYKANA unit and both are within 6" of each other.|
AC|SHIELD OF HONOUR|000008922007|Talons Of The Emperor â Epic Deed Stratagem|1|It is second nature for Custodes to place themselves between their comrades and potential peril.|Opponentâs turn|Shooting phase|Talons Of The Emperor|000000861|<b>WHEN:</b> Your opponentâs Shooting phase, just after an enemy unit has selected its targets.<br><br><b>TARGET:</b> One Anathema Psykana Infantry unit from your army that was selected as the target of one or more of the attacking unitâs attacks, and one other friendly Adeptus Custodes Infantry unit (excluding <span class="kwb">ANATHEMA</span> <span class="kwb">PSYKANA</span> units) within 6" of that <span class="kwb">ANATHEMA</span> <span class="kwb">PSYKANA</span> <span class="kwb">INFANTRY</span> unit.<br><br><b>EFFECT:</b> Until the end of the phase, any attack that targets your <span class="kwb">ANATHEMA</span> <span class="kwb">PSYKANA</span> unit must instead target your other <span class="kwb">ADEPTUS</span> <span class="kwb">CUSTODES</span> unit (unless it is not an eligible target).|
AC|HUNT AS ONE|000008922002|Talons Of The Emperor â Strategic Ploy Stratagem|1|Custodians and Null Maidens cover one another seamlessly as they manoeuvre to corner their prey.|Your turn|Movement phase|Talons Of The Emperor|000000861|<b>WHEN:</b> Start of your Movement phase.<br><br><b>TARGET:</b> Up to two ADEPTUS CUSTODES units from your army.<br><br><b>EFFECT:</b> Until the end of the turn, your units are eilgible to shoot and/or declare a charge in a turn in which they Fell Back.<br><br><b>RESTRICTIONS:</b> You can only select two units if one (and only one) of them is an ANATHEMA PSYKANA unit and both are within 6" of each other.|
AC|ARTIFICER ROUNDS|000009265004|Voyagers in Darkness â Battle Tactic Stratagem|1|These hand-crafted bolt shells are made to fragment with particular ferocity, making them ideal for boarding actions.|Your turn|Shooting phase|Voyagers in Darkness|000000909|<b>WHEN:</b> Your Shooting phase.<br><br><b>TARGET:</b> One <span class="kwb">ADEPTUS</span> <span class="kwb">CUSTODES</span> unit from your army that has not been selected to shoot this phase.<br><br><b>EFFECT:</b> Until the end of the phase, ranged weapons equipped by models in your unit (excluding ballistus grenade launchers) have the [SUSTAINED HITS 1] ability while targeting units within 6".|
AC|BREACHING BEHEMOTHS|000009265003|Voyagers in Darkness â Strategic Ploy Stratagem|1|When unleashed aboard an enemy voidship, Custodians simply smash a path through any who stand against them by their sheer armoured might.|Your turn|Movement phase|Voyagers in Darkness|000000909|<b>WHEN:</b> Your Movement phase.<br><br><b>TARGET:</b> One <span class="kwb">ADEPTUS</span> <span class="kwb">CUSTODES</span> unit from your army (excluding ANATHEMA PSYKANA units) that has not been selected to move this phase.<br><br><b>EFFECT:</b> Until the end of the phase, each time your unit makes a Normal, Advance or Fall Back move, models in your unit can move through other models as if they were not there. In addition, any Desperate Escape tests taken for models in your unit are automatically passed.|
AC|AURIC STORM|000009265005|Voyagers in Darkness â Strategic Ploy Stratagem|1|Even the boldest foes falter before the sudden and unstoppable onslaught of the Allarus Terminators.|Your turn|Charge phase|Voyagers in Darkness|000000909|<b>WHEN:</b> Your Charge phase, just after an ALLARUS CUSTODIANS unit from your army ends a Charge move.<br><br><b>TARGET:</b> That <span class="kwb">ALLARUS</span> <span class="kwb">CUSTODIANS</span> unit.<br><br><b>EFFECT:</b> Each enemy unit within Engagement Range of your unit must take a Battle-shock test, subtracting 1 from the result.|
AC|INESCAPABLE VENGEANCE|000009265002|Voyagers in Darkness â Strategic Ploy Stratagem|1|The incredible sensory acuity of the Custodians' wargear coupled with their superhuman senses means no foe can hide from them.|Your turn|Movement phase|Voyagers in Darkness|000000909|<b>WHEN:</b> Your Movement phase.<br><br><b>TARGET:</b> One <span class="kwb">ADEPTUS</span> <span class="kwb">CUSTODES</span> unit from your army (excluding ANATHEMA PSYKANA units) that has not been selected to move this phase.<br><br><b>EFFECT:</b> Until the end of the phase, each time a model in your unit makes a Pile-in or Consolidation move, it can ignore Walls and other models for the purposes of determining which enemy units are visible to its own.|
AdM|MOTIVE IMPERATIVE|000008573002|Cohort Cybernetica â Battle Tactic Stratagem|1|Intensifying the locomotive protocols of a war engine - while not dishonouring its machine spirit - is a millennia-proven method to hasten the foeâs demise.|Your turn|Command phase|Cohort Cybernetica|000000823|<b>WHEN:</b> Your Command phase.<br><br><b>TARGET:</b> One ADEPTUS MECHANICUS VEHICLE unit from your army.<br><br><b>EFFECT:</b> Until the start of your next Command phase, add 3" to the Move characteristic of models in your unit and add 1 to Advance and Charge rolls made for it.|
AdM|BENEVOLENCE OF THE OMNISSIAH|000008573007|Cohort Cybernetica â Battle Tactic Stratagem|1|A protective blessing chanted in pentakairic Novabyte moves machine spirits to defy the most esoteric of assaults.|Your turn|Command phase|Cohort Cybernetica|000000823|<b>WHEN:</b> Your Command phase.<br><br><b>TARGET:</b> One LEGIO CYBERNETICA or ADEPTUS MECHANICUS VEHICLE unit from your army.<br><br><b>EFFECT:</b> Until the start of your next Command phase, models in your unit have the Feel No Pain  6+ ability, which is improved to Feel No Pain 5+ against mortal wounds.|
AdM|AUTO-DIVINATORY TARGETING|000008573003|Cohort Cybernetica â Battle Tactic Stratagem|1|Encoded with the schemata of the enemy's fortified battle lines and auto-codified vectors of attack, the Cohort's war engines are perfectly aligned to deliver the Machine God's wrath.|Your turn|Command phase|Cohort Cybernetica|000000823|<b>WHEN:</b> Your Command phase.<br><br><b>TARGET:</b> One LEGIO CYBERNETICA or ADEPTUS MECHANICUS VEHICLE unit from your army, and one objective marker.<br><br><b>EFFECT:</b> Until the start of your next Command phase, ranged weapons equipped by models in your unit have a Ballistic Skill characteristic of 3+ and the [IGNORES COVER] ability, but they can only target units within range of the selected objective marker.|
AdM|MACHINE SUPERIORITY|000008573005|Cohort Cybernetica â Epic Deed Stratagem|1|Let the unenlightened be cast down! Let all feel the fire of the Motive Force, and may the sacred engines crunch over their weak bones without impediment!|Your turn|Command phase|Cohort Cybernetica|000000823|<b>WHEN:</b> Your Command phase.<br><br><b>TARGET:</b> One LEGIO CYBERNETICA or ADEPTUS MECHANICUS VEHICLE unit from your army.<br><br><b>EFFECT:</b> Until the end of the turn, your unit is eligible to shoot in a turn in which it Fell Back and you can ignore any or all modifiers to its characteristics and/or to any roll or test made for it (excluding modifiers to saving throws).|
AdM|MACHINE SPIRIT RESURGENT|000008573004|Cohort Cybernetica â Epic Deed Stratagem|1|To invigorate the failing machine spirit of a damaged vehicle is a sacred task, greatly aided by certain data-hymns transmitted in the correct sequence.|Your turn|Command phase|Cohort Cybernetica|000000823|<b>WHEN:</b> Your Command phase.<br><br><b>TARGET:</b> One LEGIO CYBERNETICA or ADEPTUS MECHANICUS VEHICLE unit from your army that is below its Starting Strength.<br><br><b>EFFECT:</b> Until the start of your next Command phase, each time a model in your unit makes an attack, you can re-roll the Hit roll. If your unit is Below Half-strength, you can re-roll the Wound roll as well.|
AdM|TRANSCENDENT COGITATION|000008573006|Cohort Cybernetica â Strategic Ploy Stratagem|1|Enhanced static chants can briefly raise a war engine's machine spirits to exultant heights of cogitation and multi-tactical capacity.|Your turn|Command phase|Cohort Cybernetica|000000823|<b>WHEN:</b> Your Command phase.<br><br><b>TARGET:</b> One LEGIO CYBERNETICA or ADEPTUS MECHANICUS VEHICLE unit from your army.<br><br><b>EFFECT:</b> Until the start of your next Command phase, the Conqueror Imperative and Protector Imperative are both active for your unit.|
AdM|LUMINESCENT BLESSING|000008565007|Data-Psalm Conclave â Battle Tactic Stratagem|1|As the cohorts of the Omnissiah recite their dazzling consecration, energy is redirected to infuse masterwork bionics and even the lambent glow of protective fields ignites in a halo of divine defence.|Opponentâs turn|Shooting phase|Data-Psalm Conclave|000000821|<b>WHEN:</b> Your opponentâs Shooting phase, just after an enemy unit has selected its targets.<br><br><b>TARGET:</b> One CULT MECHANICUS unit from your army that was selected as the target of one or more of the attacking unitâs attacks.<br><br><b>EFFECT:</b> Until the end of the phase, <span class="kwb">CULT</span> <span class="kwb">MECHANICUS</span> models in your unit have a 4+ invulnerable save.|
AdM|INCANTATION OF THE IRON SOUL|000008565002|Data-Psalm Conclave â Battle Tactic Stratagem|1|Raising their voices in binharic praise, the Machine God's disciples bolster their spirits - as well as those that inhabit their augmentations - with iron surety.|Either playerâs turn|Any phase|Data-Psalm Conclave|000000821|<b>WHEN:</b> Any phase, just after you allocate a mortal wound to a CULT MECHANICUS model from your army.<br><br><b>TARGET:</b> That <span class="kwb">CULT</span> <span class="kwb">MECHANICUS</span> modelâs unit.<br><br><b>EFFECT:</b> Until the end of the phase, <span class="kwb">CULT</span> <span class="kwb">MECHANICUS</span> models in your unit have the Feel No Pain 4+ ability against mortal wounds.|
AdM|CHANT OF THE REMORSELESS FIST|000008565003|Data-Psalm Conclave â Battle Tactic Stratagem|1|In spitting out a staccato chant to the Motive Force, the faithful warriors of the Cult Mechanicus are filled with merciless surety as well as intent.|Either playerâs turn|Fight phase|Data-Psalm Conclave|000000821|<b>WHEN:</b> Fight phase.<br><br><b>TARGET:</b> One CULT MECHANICUS unit from your army that has not been selected to fight this phase.<br><br><b>EFFECT:</b> Until the end of the phase, each time a <span class="kwb">CULT</span> <span class="kwb">MECHANICUS</span> model in your unit makes a melee attack, add 1 to the Wound roll.|
AdM|TRIBUTE OF EMPHATIC VENERATION|000008565005|Data-Psalm Conclave â Strategic Ploy Stratagem|1|A cacophonous chorale pours from the emitters and augmented throats of the Cult Mechanicusâ faithful, venerating the Omnissiah in deafening and disconcerting frequencies of praise.|Your turn|Movement phase|Data-Psalm Conclave|000000821|<b>WHEN:</b> Start of your Movement phase.<br><br><b>TARGET:</b> One CULT MECHANICUS unit from your army and one enemy unit within 18" of it.<br><br><b>EFFECT:</b> That enemy unit must take a Battle-shock test. If that test is failed, until the start of your next Command phase, each time a model in that enemy unit makes an attack, subtract 1 from the Hit roll.|
AdM|LITANY OF THE ELECTROMANCER|000008565006|Data-Psalm Conclave â Strategic Ploy Stratagem|1|Summoning the spark of the Machine God's divinity that burns within them, the Omnissiahâs faithful manifest blazing auras of energy that lay low the unbeliever.|Your turn|Shooting phase|Data-Psalm Conclave|000000821|<b>WHEN:</b> Your Shooting phase.<br><br><b>TARGET:</b> One CULT MECHANICUS unit from your army.<br><br><b>EFFECT:</b> Roll one D6 for each enemy unit within 6" of one or more <span class="kwb">CULT</span> <span class="kwb">MECHANICUS</span> models in your unit, adding 1 to the result if that model is an ELECTRO-PRIEST. On a 5+, that enemy unit suffers D3 mortal wounds.|
AdM|VERSE OF VENGEANCE|000008565004|Data-Psalm Conclave â Strategic Ploy Stratagem|1|Rousing code in binharic duometer incites fury for the lost fragments of technological lore. In the grip of vengeance, the devoted extend their remaining functions for one last act of retribution.|Either playerâs turn|Fight phase|Data-Psalm Conclave|000000821|<b>WHEN:</b> Fight phase, just after an enemy unit has selected its targets.<br><br><b>TARGET:</b> One CULT MECHANICUS unit from your army that was selected as the target of one or more of the attacking unitâs attacks.<br><br><b>EFFECT:</b> Until the end of the phase, each time a <span class="kwb">CULT</span> <span class="kwb">MECHANICUS</span> model in your unit is destroyed, if that model has not fought this phase, roll one D6: on a 4+, do not remove it from play. The destroyed model can fight after the attacking modelâs unit has finished making its attacks, and is then removed from play.|
AdM|BALLISTIC SYNCHRONY|000009282003|Electromartyrs â Battle Tactic Stratagem|1|Unified datachoristry sees the servants of the Omnissiah meld their firepower to perfection.|Your turn|Shooting phase|Electromartyrs|000000912|<b>WHEN:</b> Your Shooting phase.<br><br><b>TARGET:</b> One <span class="kwb">ADEPTUS</span> <span class="kwb">MECHANICUS</span> unit from your army that has not been selected to shoot this phase.<br><br><b>EFFECT:</b> Until the end of the phase, ranged weapons equipped by models in your unit have the [LETHAL HITS] ability.|
AdM|OMNI-TARGETERS|000009282004|Electromartyrs â Battle Tactic Stratagem|1|Predictive gunnery subroutines take over, allowing greater reactions and accuracy at close range than any flesh-and-blood soldier could manage.|Your turn|Shooting phase|Electromartyrs|000000912|<b>WHEN:</b> Your Shooting phase.<br><br><b>TARGET:</b> One <span class="kwb">ADEPTUS</span> <span class="kwb">MECHANICUS</span> unit from your army that has not been selected to shoot this phase.<br><br><b>EFFECT:</b> Until the end of the phase, ranged weapons equipped by models in your unit have the [PISTOL] ability. If one or more of those weapons already have this ability, then until the end of the phase, each time an attack is made with such a weapon that targets a unit within 6", add 1 to the Hit roll.|
AdM|SAVIOUR SYSTEMS|000009282005|Electromartyrs â Battle Tactic Stratagem|1|Many warriors of the Adeptus Mechanicus have defensive measures suited to close-quarters battle built into their flesh-and-metal frames.|Opponentâs turn|Shooting phase|Electromartyrs|000000912|<b>WHEN:</b> Your opponentâs Shooting phase.<br><br><b>TARGET:</b> One <span class="kwb">ADEPTUS</span> <span class="kwb">MECHANICUS</span> unit from your army (excluding KATAPHRON units) that was selected as the target of one or more of the attacking unitâs attacks.<br><br><b>EFFECT:</b> Until the end of the phase, each time an attack targets your unit, subtract 1 from the Wound roll.|
AdM|AUTO-VENGEANCE|000009282002|Electromartyrs â Strategic Ploy Stratagem|1|Inbuilt subroutines fire synapses and muscular fibre bundles, allowing dying warriors to strike out and take their killers with them.|Either playerâs turn|Fight phase|Electromartyrs|000000912|<b>WHEN:</b> Fight phase, just after an enemy unit has selected its targets.<br><br><b>TARGET:</b> One <span class="kwb">ADEPTUS</span> <span class="kwb">MECHANICUS</span> unit from your army that was selected as the target of one or more of the attacking unitâs attacks.<br><br><b>EFFECT:</b> Until the end of the phase, each time a model in your unit is destroyed, if that model has not fought this phase, roll one D6: on a 3+, do not remove it from play. That destroyed model can fight after the attacking unit has finished making its attacks, and is then removed from play.|
AdM|PRIORITY RECLAMATION|000008569003|Explorator Maniple â Battle Tactic Stratagem|1|Retrieval of the most sacred and ancient fragments of technology is embedded in loops of alpha-logic.|Either playerâs turn|Fight phase|Explorator Maniple|000000822|<b>WHEN:</b> Fight phase, just before an <span class="kwb">ADEPTUS</span> <span class="kwb">MECHANICUS</span> unit from your army Consolidates.<br><br><b>TARGET:</b> That <span class="kwb">ADEPTUS</span> <span class="kwb">MECHANICUS</span> unit.<br><br><b>EFFECT:</b> Until the end of the phase, each time a model in your unit makes a Consolidation move, it can move up to 6" instead of up to 3", provided your unit ends that Consolidation move within range of your Acquisition objective marker.<br><br><b>RESTRICTIONS:</b> You cannot target a unit with this Stratagem if it is within 3" of one or more enemy units.|
AdM|AUTO-ORACULAR RETRIEVAL|000008569005|Explorator Maniple â Battle Tactic Stratagem|2|With a surge of targeting data from the war engine as its hatches slam open, the warriors inside pour out with weapons already trained unerringly on the foe.|Your turn|Shooting phase|Explorator Maniple|000000822|<b>WHEN:</b> Your Shooting phase.<br><br><b>TARGET:</b> One <span class="kwb">ADEPTUS</span> <span class="kwb">MECHANICUS</span> unit from your army that disembarked from a TRANSPORT this turn.<br><br><b>EFFECT:</b> Until the end of the phase, each time a model in your unit makes a ranged attack that targets an enemy unit within range of your Acquisition objective marker, add 1 to the Wound roll.|
AdM|CACHED ACQUISITION|000008569002|Explorator Maniple â Epic Deed Stratagem|1|Death is irrelevant compared to the hallowed duty of securing the Omnissiah's knowledge for future retrieval.|Either playerâs turn|Any phase|Explorator Maniple|000000822|<b>WHEN:</b> Any phase.<br><br><b>TARGET:</b> One <span class="kwb">ADEPTUS</span> <span class="kwb">MECHANICUS</span> unit from your army that was just destroyed while it was within range of an objective marker you controlled. You can use this Stratagem on that unit even though it was just destroyed.<br><br><b>EFFECT:</b> That objective marker remains under your control, even if you have no models within range of it, until your opponent controls it at the start or end of any turn.|
AdM|REACTIVE SAFEGUARD|000008569007|Explorator Maniple â Strategic Ploy Stratagem|1|Holy data must be hoarded at all costs, and thickly armoured war engines offer swift and secure vaults.|Opponentâs turn|Charge phase|Explorator Maniple|000000822|<b>WHEN:</b> Your opponentâs Charge phase, just after an enemy unit has declared a charge.<br><br><b>TARGET:</b> One ADEPTUS MECHANICUS INFANTRY<br>unit from your army within range of your Acquisition objective marker that was selected as a target of that charge, and one friendly ADEPTUS MECHANICUS TRANSPORT.<br><br><b>EFFECT:</b> Your unit can embark within that <span class="kwb">TRANSPORT</span>.<br><br><b>RESTRICTIONS:</b> Every model in your unit must be within 3" of that <span class="kwb">TRANSPORT</span> and there must be sufficient transport capacity to embark the entire unit.|
AdM|INCENSE EXHAUSTS|000008569006|Explorator Maniple â Wargear Stratagem|1|The machine spirits of sanctified war engines can be entreated to release clouds of incense laced with radioactive particles, veiling the faithful from the foe.|Opponentâs turn|Shooting phase|Explorator Maniple|000000822|<b>WHEN:</b> Your opponentâs Shooting phase, just after an enemy unit has selected its targets.<br><br><b>TARGET:</b> One ADEPTUS MECHANICUS INFANTRY unit<br>from your army that was selected as the target of one or more of the attacking unitâs attacks, and one friendly ADEPTUS MECHANICUS SMOKE unit within 6" of it.<br><br><b>EFFECT:</b> Until the end of the phase, both of those units have the Stealth ability and the Benefit of Cover.|
AdM|INFOSLAVE SKULL|000008569004|Explorator Maniple â Wargear Stratagem|1|Mono-task infoslave skulls range ahead to assess potential sites that must be investigated.|Your turn|Command phase|Explorator Maniple|000000822|<b>WHEN:</b> Your Command phase.<br><br><b>TARGET:</b> One TECH-PRIEST model from your army and one objective marker within 24" of that model (excluding your Acquisition objective marker].<br><br><b>EFFECT:</b> Until the start of your next Command phase, that objective marker is also considered to be one of your Acquisition objective markers for all rules purposes.|
AdM|TARGETING OVERRIDE|000009746003|Haloscreed Battle Clade â Battle Tactic Stratagem|1|Experienced Tech-Priests rapidly analyse the foeâs weaknesses and feed the resultant data to their soldiers, who exploit these flaws to destroy their targets.|Either playerâs turn|Shooting or Fight phase|Haloscreed Battle Clade|000000984|<b>WHEN:</b> Your Shooting phase or the Fight phase.<br><br><b>TARGET:</b> One <span class="kwb">ADEPTUS</span> <span class="kwb">MECHANICUS</span> unit from your army that has not been selected to shoot or fight this phase.<br><br><b>EFFECT:</b> Until the end of the phase, each time a model in your unit makes an attack, an unmodified Hit roll of 5+ scores a Critical Hit.|
AdM|ERADICATION PROTOCOLS|000009746002|Haloscreed Battle Clade â Battle Tactic Stratagem|1|Fresh imperatives flow down from on high. The orders are simple: eliminate the foe.|Either playerâs turn|Shooting or Fight phase|Haloscreed Battle Clade|000000984|<b>WHEN:</b> Your Shooting phase or the Fight phase.<br><br><b>TARGET:</b> One <span class="kwb">ADEPTUS</span> <span class="kwb">MECHANICUS</span> unit from your army that has not been selected to shoot or fight this phase.<br><br><b>EFFECT:</b> Until the end of the phase, each time a model in your unit makes an attack, re-roll a Wound roll of 1, and, if it is a <span class="kwb">HALO</span> <span class="kwb">OVERRIDE</span> unit, re-roll a Hit roll of 1.|
AdM|ANALYTICAL DIVINATION|000009746007|Haloscreed Battle Clade â Strategic Ploy Stratagem|1|Tech-Priest commanders process an overwhelming influx of data screeds, analysing this information to read the flow of battle and coordinate the movements of their thralls.|Opponentâs turn|Movement phase|Haloscreed Battle Clade|000000984|<b>WHEN:</b> Your opponentâs Movement phase, just after an enemy unit ends a Normal, Advance or Fall Back move.<br><br><b>TARGET:</b> One Adeptus Mechanicus Infantry unit (excluding Kataphron units) from your army that is within 9" of that enemy unit and not within Engagement Range of one or more enemy units.<br><br><b>EFFECT:</b> Your unit can make a Normal move of up to D6", or up to 6" instead if it is a <span class="kwb">HALO</span> <span class="kwb">OVERRIDE</span> unit.|
AdM|GUIDED RETREAT|000009746006|Haloscreed Battle Clade â Strategic Ploy Stratagem|1|From their distant strategium pulpit, the Tech-Priest commanderâs guiding hand descends, seizing control of allied minds, steering their troops carefully away from harm whilst maintaining a hail of killing fire.|Your turn|Movement phase|Haloscreed Battle Clade|000000984|<b>WHEN:</b> Your Movement phase, just after an <span class="kwb">ADEPTUS</span> <span class="kwb">MECHANICUS</span> unit from your army makes a Fall Back move.<br><br><b>TARGET:</b> That <span class="kwb">ADEPTUS</span> <span class="kwb">MECHANICUS</span> unit.<br><br><b>EFFECT:</b> Until the end of the turn, your unit is eligible to shoot and declare a charge in a turn in which it Fell Back, and, if it is a <span class="kwb">HALO</span> <span class="kwb">OVERRIDE</span> unit, you can re-roll Desperate Escape tests taken for it.|
AdM|NEURAL OVERLOAD|000009746004|Haloscreed Battle Clade â Strategic Ploy Stratagem|1|By projecting their consciousness into the minds of tech thralls, a Tech-Priest may significantly enhance their warriorsâ lethality. However, doing so risks overloading their combat unitsâ more limited neural networks. Such hazards are seen as an opportunity to give oneâs life in the name of the Omnissiah.|Your turn|Movement phase|Haloscreed Battle Clade|000000984|<b>WHEN:</b> Your Movement phase.<br><br><b>TARGET:</b> One <span class="kwb">ADEPTUS</span> <span class="kwb">MECHANICUS</span> unit from your army.<br><br><b>EFFECT:</b> If your unit is a <span class="kwb">HALO</span> <span class="kwb">OVERRIDE</span> unit, it suffers D3 mortal wounds. Select one Override ability. Until the start of your next Command phase, that ability is active for your unit.<br><br><b>Designerâs Note:</b> <i>This means that if the targeted unit already has the <span class="kwb">HALO</span> <span class="kwb">OVERRIDE</span> keyword, it can be affected by multiple Override abilities at the same time, but suffers mortal wounds to do so. Alternatively, if your unit does not have the <span class="kwb">HALO</span> <span class="kwb">OVERRIDE</span> keyword, it instead has the chosen Override ability until the start of your next Command phase, but does not benefit from any other Override abilities that are active.</i>|
AdM|AGGRESSIVE IMPULSE|000009746005|Haloscreed Battle Clade â Strategic Ploy Stratagem|1|Urgent imperatives flood into the crew thralls of Skitarius transport units, urging them to deploy their cargo of cybernetic soldiers into the heart of the fight.|Your turn|Movement phase|Haloscreed Battle Clade|000000984|<b>WHEN:</b> Your Movement phase.<br><br><b>TARGET:</b> One Skorpius Dunerider model from your army that has not been selected to move this phase.<br><br><b>EFFECT:</b> Until the end of the turn, each time an <span class="kwb">ADEPTUS</span> <span class="kwb">MECHANICUS</span> unit disembarks from that model after it has made a Normal move, that unit is still eligible to declare a charge this turn.|
AdM|OMNISSIAHâS GUIDANCE|000009299003|Machine Cult â Battle Tactic Stratagem|1|By surrendering all control to the Omnissiah, the faithful are able to target their foes with near-omniscient accuracy.|Your turn|Shooting phase|Machine Cult|000000914|<b>WHEN:</b> Your Shooting phase.<br><br><b>TARGET:</b> One <span class="kwb">ADEPTUS</span> <span class="kwb">MECHANICUS</span> unit from your army that has not been selected to shoot this phase.<br><br><b>EFFECT:</b> Until the end of the phase, models in your unit can ignore other models in their unit for the purposes of determining visibility.|
AdM|POWER OF THE MOTIVE FORCE|000009299004|Machine Cult â Strategic Ploy Stratagem|1|Seized by overwhelming holy energies, these auto-fanatics hurl themselves into the fight with tendon-straining, inhuman haste.|Your turn|Charge phase|Machine Cult|000000914|<b>WHEN:</b> Your Charge phase.<br><br><b>TARGET:</b> One ELEcTRO-PRIESTS unit from your army.<br><br><b>EFFECT:</b> Until the end of the phase, your unit is eligible to declare a charge in a turn in which it Advanced.|
AdM|TETHER-TENDRILS|000009299005|Machine Cult â Strategic Ploy Stratagem|1|Weaponised mechadendrites burst from the rapturous faithful, ensnaring and electrocuting foes seeking to flee.|Opponentâs turn|Movement phase|Machine Cult|000000914|<b>WHEN:</b> Your opponentâs Movement phase, just after an enemy unit is selected to Fall Back.<br><br><b>TARGET:</b> One TEcH-PRIEST or ELEcTRO-PRIESTS unit from your army that is within Engagement Range of that enemy unit.<br><br><b>EFFECT:</b> Until the end of the phase, when that enemy unit Falls Back, models in it must take Desperate Escape tests as if their unit was Battle-shocked. When doing so, if that enemy unit is also Battle-shocked by other means, subtract 1 from each of those Desperate Escape tests.|
AdM|ELECTROGHEIST VISITATIONS|000009299002|Machine Cult â Wargear Stratagem|1|The faithful summon leaping electrogheists whose arcing energies interfere with enemy targeting and swat hostile projectiles from the air.|Either playerâs turn|Shooting or Fight phase|Machine Cult|000000914|<b>WHEN:</b> Your opponentâs Shooting phase or the Fight phase, just after an enemy unit has selected its targets.<br><br><b>TARGET:</b> One ELEcTRO-PRIESTS unit from your army that was selected as the target of one or more of the attacking unitâs attacks.<br><br><b>EFFECT:</b> Until the end of the phase, each time an attack targets your unit, if the attacking model is within 6â of your unit, subtract 1 from the Hit roll.|
AdM|BALEFUL HALO|000008386002|Rad-Zone Corps â Battle Tactic Stratagem|2|By briefly unshielding the most corrosive or irradiated components of their being, the warriors of a Rad-Zone Corps can exhale on isotopic fog, sapping the strength of those not inured to its effects.|Either playerâs turn|Fight phase|Rad-Zone Corps|000000762|<b>WHEN:</b> Fight phase, just after an enemy unit has selected its targets.<br><br><b>TARGET:</b> One <span class="kwb">ADEPTUS</span> <span class="kwb">MECHANICUS</span> unit from your army (excluding Vehicle units) that was selected as the target of one or more of that enemy unitâs attacks. If that unit is BATTLELINE, you can also target one friendly SKITARII unit (excluding <span class="kwb">BATTLELINE</span> units) within 6" of it.<br><br><b>EFFECT:</b> Until the end of the turn, each time an attack is made that targets your unit, subtract 1 from the Wound roll.|
AdM|AGGRESSOR IMPERATIVE|000008386004|Rad-Zone Corps â Battle Tactic Stratagem|1|The Skitarii feel the press of an invisible hand upon their minds as the Machine God drives them forward. Servos are pushed to their structural limits as fibre bundles fill with the boundless energy of the Motive Force and propel the faithful on an unstoppable crusade.|Your turn|Movement phase|Rad-Zone Corps|000000762|<b>WHEN:</b> Your Movement phase.<br><br><b>TARGET:</b> One SKITARII unit from your army that has not been selected to move this phase. If that unit is BATTLELINE, you can also target one friendly <span class="kwb">SKITARII</span> unit (excluding <span class="kwb">BATTLELINE</span> units) within 6" of it.<br><br><b>EFFECT:</b> Until the end of the phase, each time one of those units Advances, do not make an Advance roll for it. Instead, until the end of the phase, add 6" to the Move characteristic of models in that unit.|
AdM|PRE-CALIBRATED PURGE SOLUTION|000008386005|Rad-Zone Corps â Battle Tactic Stratagem|1|Employing targeting data collated by a swarm of servo-skulls released over the enemy's battle lines, the Machine Godâs faithful purge the foe stumbling amidst rad-scourged positions.|Your turn|Shooting phase|Rad-Zone Corps|000000762|<b>WHEN:</b> Your Shooting phase.<br><br><b>TARGET:</b> One <span class="kwb">ADEPTUS</span> <span class="kwb">MECHANICUS</span> unit from your army that has not been selected to shoot this phase. If that unit is BATTLELINE, you can also target one friendly SKITARII unit (excluding <span class="kwb">BATTLELINE</span> units) within 6" of it.<br><br><b>EFFECT:</b> Until the end of the phase, each time a model in one of those units makes a ranged attack, if the target of that attack is within your opponentâs deployment zone, you can re-roll the Hit roll.|
AdM|BULWARK IMPERATIVE|000008386007|Rad-Zone Corps â Battle Tactic Stratagem|2|With a pulse of force-loaded wisdom, microactuators lock into bracing positions, reserve power cells are brought online and the Omnissiah's holy crusaders are bestowed with a sensation of sacred invulnerability.|Opponentâs turn|Shooting phase|Rad-Zone Corps|000000762|<b>WHEN:</b> Your opponentâs Shooting phase, just after an enemy unit has selected its targets.<br><br><b>TARGET:</b> One SKITARII unit from your army that was selected as the target of one or more of the attacking unitâs attacks. If that unit is BATTLELINE, you can also target one friendly <span class="kwb">SKITARII</span> unit (excluding <span class="kwb">BATTLELINE</span> units) within 6" of it.<br><br><b>EFFECT:</b> Until the end of the phase, models in those units from your army have a 4+ invulnerable save.|
AdM|EXTINCTION ORDER|000008386003|Rad-Zone Corps â Strategic Ploy Stratagem|1|As Tech-Priests order the purge of an area of the battlefield, rad-bombardments are redoubled in the hopes of turning it into a wasteland.|Your turn|Command phase|Rad-Zone Corps|000000762|<b>WHEN:</b> Your Command phase.<br><br><b>TARGET:</b> One Tech-Priest model from your army and one objective marker within 24" of that model.<br><br><b>EFFECT:</b> Roll one D6 for each enemy unit within range of that objective marker. On a 4+, that unit suffers 1 mortal wound and it must take a Battle-shock test.|
AdM|LETHAL DOSAGE|000008386006|Rad-Zone Corps â Wargear Stratagem|1|Tri-fold sanctified power cells, fuel canisters and solid slugs have spent a decade in the most irradiated forge temple to certify their lethality.|Your turn|Shooting phase|Rad-Zone Corps|000000762|<b>WHEN:</b> Your Shooting phase.<br><br><b>TARGET:</b> One <span class="kwb">ADEPTUS</span> <span class="kwb">MECHANICUS</span> unit from your army that has not been selected to shoot this phase.<br><br><b>EFFECT:</b> Until the end of the phase, ranged weapons equipped by models in your unit have the [LETHAL HITS] ability.|
AdM|PRECOGNITATED FIREFIELDS|000009291004|Response Clade â Battle Tactic Stratagem|1|The Skitarii have datamapped every distance, angle and optimised fire field of their ship in advance, and can access this targeting intelligence at will.|Your turn|Shooting phase|Response Clade|000000913|<b>WHEN:</b> Your Shooting phase.<br><br><b>TARGET:</b> One SKITARII unit from your army that has not been selected to shoot this phase.<br><br><b>EFFECT:</b> Until the end of the phase, ranged weapons equipped by models in your unit have the [SUSTAINED HITS 1] ability. If your unit has the BATTLELINE keyword, those weapons have the [SUSTAINED HITS 2] ability instead.|
AdM|ACCESS OVERRIDES|000009291003|Response Clade â Strategic Ploy Stratagem|1|The machine spirits of the vesselâs hatchways open willingly to permit these defenders to pass.|Your turn|Movement phase|Response Clade|000000913|<b>WHEN:</b> Your Movement phase.<br><br><b>TARGET:</b> One <span class="kwb">ADEPTUS</span> <span class="kwb">MECHANICUS</span> unit from your army that has not been selected to move this phase and is not within Engagement Range of one or more enemy units.<br><br><b>EFFECT:</b> Select one closed Hatchway within 1" of your unit. Your unit can attempt to operate that Hatchway.<br><br><b>RESTRICTIONS:</b> Until the end of the turn, your unit cannot attempt to operate a Hatchway again.|
AdM|INTEGRATIVE WITHDRAWAL|000009291005|Response Clade â Strategic Ploy Stratagem|1|Employing their servo-symbiotic link to the machine spirits of their vessel, the Skitarii perform a fighting retreat aided by the systems of the ship itself.|Your turn|Shooting phase|Response Clade|000000913|<b>WHEN:</b> Your Shooting phase.<br><br><b>TARGET:</b> One SKITARII unit from your army that has not been selected to shoot this phase.<br><br><b>EFFECT:</b> Until the end of the phase, your unit is eligible to shoot in a turn in which it Fell Back. In addition, after your unit has shot this phase, if it is within 1" of an open Hatchway and is not within Engagement Range of one or more enemy units, you can close that Hatchway.|
AdM|RESPONSIVE SHIELDING|000009291002|Response Clade â Wargear Stratagem|1|Key shipboard power nodes detect the proximity of Skitarii defenders and activate temporary energy shields to protect them.|Either playerâs turn|Shooting or Fight phase|Response Clade|000000913|<b>WHEN:</b> Your opponent's Shooting phase or the Fight phase, just after an enemy unit has selected its targets.<br><br><b>TARGET:</b> One SKITARII unit from your army that is within range of an objective marker and was selected as the target of one or more of the attacking unitâs attacks.<br><br><b>EFFECT:</b> Until the end of the phase, models in your unit have a 4+ invulnerable save.|
AdM|BIONIC ENDURANCE|000008561002|Skitarii Hunter Cohort â Strategic Ploy Stratagem|1|Between their multi-layered bionics and their fanatical faith in the indomitability of these machine-blessings, the most augmented of Skitarii are nigh-impossible to lay low.|Either playerâs turn|Shooting or Fight phase|Skitarii Hunter Cohort|000000820|<b>WHEN:</b> Your opponentâs Shooting phase orthe Fight phase, just after an enemy unit has selected its targets. <br><br><b>TARGET:</b> One SICARIAN, PTERAXII or SYDONIAN unit from your army that was selected as the target of one or more of the attacking unitâs attacks. <br><br><b>EFFECT:</b> Until the end of the phase, models in your unit have the Feel No Pain 5+ ability.|
AdM|SHROUD PROTOCOLS|000008561006|Skitarii Hunter Cohort â Strategic Ploy Stratagem|1|When Skitarii Hunter Cohorts march to war, they do so beneath a shrouding squall of cyber-static and filament-heavy banks of sacred incense.|Opponentâs turn|Shooting phase|Skitarii Hunter Cohort|000000820|<b>WHEN:</b> Your opponentâs Shooting phase, just after an enemy unit has selected its targets.<br><br><b>TARGET:</b> One SKITARII INFANTRY unit from your army that was selected as the target of one or more of the attacking unitâs attacks.<br><br><b>EFFECT:</b> Until the end of the phase, your unit can only be selected as the target of a ranged attack if the attacking model is within 18".|
AdM|PROGRAMMED WITHDRAWAL|000008561007|Skitarii Hunter Cohort â Strategic Ploy Stratagem|1|Taking direct control of their cybernetic soldiersâ manoeuvres, the cohortâs commander sees their withdrawal carried out with such precision that they can be pressed back into service from the most efficacious of attack vectors.|Opponentâs turn|Fight phase|Skitarii Hunter Cohort|000000820|<b>WHEN:</b> End of your opponentâs Fight phase. <br><br><b>TARGET:</b> Up to two SICARIAN units from your army, or one SKITARII INFANTRY or SKITARII MOUNTED unit from your army. <br><br><b>EFFECT:</b> Remove those units from the battlefield and place them into Strategic Reserves. <br><br><b>RESTRICTIONS:</b> Each unit targeted with this Stratagem must be more than 3" away from all enemy units.|
AdM|BINHARIC OFFENCE|000008561003|Skitarii Hunter Cohort â Strategic Ploy Stratagem|2|Employing directed binharic entanglement to coordinate their motions, paired squads of Skitarii attack with eerie and lethal synchronicity.|Either playerâs turn|Shooting or Fight phase|Skitarii Hunter Cohort|000000820|<b>WHEN:</b> The start of your Shooting phase or the start of the Fight phase.<br><br><b>TARGET:</b> Two SKITARII units from your army that have not been selected to shoot or fight this phase, and one enemy unit.<br><br><b>EFFECT:</b> Until the end of the phase, improve the Armour Penetration characteristic of weapons equipped by models in both of your units by 1.<br><br><b>RESTRICTIONS:</b> Until the end of the phase, each time a model in either of your units makes an attack, it can only target that enemy unit (and only if it is an eligible target].|
AdM|EXPEDITED PURGE PROTOCOL|000008561004|Skitarii Hunter Cohort â Strategic Ploy Stratagem|1|Binharic imperatives flash through neural architecture, driving augmetic muscle-bundles and auto-actuators into overdrive to propel the Skitarii more swiftly into the fray.|Your turn|Charge phase|Skitarii Hunter Cohort|000000820|<b>WHEN:</b> Your Charge phase.<br><br><b>TARGET:</b> One SKITARII unit from your army.<br><br><b>EFFECT:</b> Until the end of the phase, your unit is eligible to declare a charge in a turn in which it Advanced.|
AdM|ISOLATE AND DESTROY|000008561005|Skitarii Hunter Cohort â Strategic Ploy Stratagem|1|The swiftest hunters seek to engage foes with the equations of war in their favour, isolating their quarry and dispatching it with ruthless efficiency.|Your turn|Shooting phase|Skitarii Hunter Cohort|000000820|<b>WHEN:</b> Your Shooting phase.<br><br><b>TARGET:</b> One SICARIAN, PTERAXII, SYDONIAN,<br>IRONSTRIDER BALLISTARII or SKITARII MOUNTED unit from your army that has not been selected to shoot this phase.<br><br><b>EFFECT:</b> Until the end of the phase, each time a model in your unit makes an attack, if there are no other enemy units within 6" of the unit targeted by that attack, add 1 to the Wound roll.|
AE|FLITTING SHADOWS|000009895003|||||Movement or Charge phase|Army Rules|000000783|<div class="redDiamondLeft"><div class="bluCircle2"><div class="aeMovement"></div></div></div><div class="redDiamondLeft"><div class="bluCircle2"><div class="aeCharge"></div></div></div><span class="aeText">TRIGGER:</span> When an eligible unit from your army is selected to make a Normal, Advance or Fall Back move, is set up on the battlefield, or declares a charge.<br><br><span class="aeText">EFFECT:</span> Until the end of the turn, enemy units cannot use the Fire Overwatch Stratagem to shoot at that unit.|
AE|SWIFT AS THE WIND|000009895002|||||Movement phase|Army Rules|000000783|<div class="redDiamondLeft"><div class="bluCircle2"><div class="aeMovement"></div></div></div><span class="aeText">TRIGGER:</span> When an eligible unit from your army is selected to make a Normal, Advance or Fall Back move. You can trigger this Agile Manoeuvre more than once per phase (provided a different unit performs it each time).<br><br><span class="aeText">EFFECT:</span> Until the end of the phase, add 2" to the Move characteristic of models in that unit.|
AE|OPPORTUNITY SEIZED|000009895006|||||Movement phase|Army Rules|000000783|<div class="redDiamondLeft"><div class="bluCircle2"><div class="aeMovement"></div></div></div><span class="aeText">TRIGGER:</span> When an enemy unit ends a Fall Back move.<br><br><span class="aeText">EFFECT:</span> One eligible unit from your army (excluding Titanic units) that started the phase within Engagement Range of that enemy unit can make a Normal move of up to D6+1".|
AE|FADE BACK|000009895007|||||Shooting phase|Army Rules|000000783|<div class="redDiamondLeft"><div class="bluCircle2"><div class="aeShooting"></div></div></div><span class="aeText">TRIGGER:</span> In your opponentâs Shooting phase, just after an enemy unit has shot.<br><br><span class="aeText">EFFECT:</span> One eligible unit from your army (excluding Titanic units) that was hit by one or more of those attacks can make a Normal move of up to D6+1".|
AE|STAR ENGINES|000009895004|||||Movement phase|Army Rules|000000783|<div class="redDiamondLeft"><div class="bluCircle2"><div class="aeMovement"></div></div></div><span class="aeText">TRIGGER:</span> When an eligible Vehicle unit from your army is selected to make an Advance move.<br><br><span class="aeText">EFFECT:</span> Until the end of the turn, Ranged weapons equipped by this unit have the [ASSAULT] ability.|
AE|SUDDEN STRIKE|000009895005|||||Charge phase|Army Rules|000000783|<div class="redDiamondLeft"><div class="bluCircle2"><div class="aeFight"></div></div></div><span class="aeText">TRIGGER:</span> When an eligible unit from your army is selected to fight.<br><br><span class="aeText">EFFECT:</span> Until the end of the phase, each time a model in that unit makes a Pile-in or Consolidation move, it can move up to 6" instead of up to 3".|
AE|VECTORED ENGINES|000009770004|Armoured Warhost â Strategic Ploy Stratagem|1|The result of exquisite and ingenious Aeldari engineering, vectored engines enable grav vehicles to evade their enemies while maintaining accurate fire.|Your turn|Movement phase|Armoured Warhost|000000990|<b>WHEN:</b> Your Movement phase, just after an <span class="kwb">AELDARI</span> <span class="kwb">VEHICLE</span> unit from your army that can <span class="kwb">FLY</span> Falls Back.<br><br><b>TARGET:</b> That Aeldari Fly Vehicle unit.<br><br><b>EFFECT:</b> Until the end of the turn, your unit is eligible to shoot in a turn in which it Fell Back.|
AE|CLOUDSTRIKE|000009770005|Armoured Warhost â Strategic Ploy Stratagem|1|The Asuryani often deploy their anti-grav vehicles in the lower atmosphere rather than on the ground. At a signal, they strike before the enemy can react.|Your turn|Movement phase|Armoured Warhost|000000990|<b>WHEN:</b> Start of the Reinforcements step of your Movement phase.<br><br><b>TARGET:</b> One Aeldari Vehicle unit from your army that can Fly and is in Strategic Reserves.<br><br><b>EFFECT:</b> Until the end of the phase, your unit has the Deep Strike ability. When your unit is set up on the battlefield using the Deep Strike ability, it can be set up anywhere on the battlefield that is more than 6" horizontally away from all enemy units, but if it does, until the end of the turn, it is not eligible to declare a charge. In addition, if your unit is a Transport, each unit that disembarks from it this turn must be set up more than 6" horizontally from all enemy units and until the end of the turn, is not eligible to declare a charge.|
AE|SOULSIGHT|000009770006|Armoured Warhost â Strategic Ploy Stratagem|1|Spirit stones containing the souls of gifted seers have been embedded into this vehicleâs targeting matrices. The essences within lend guidance even in death.|Your turn|Shooting phase|Armoured Warhost|000000990|<b>WHEN:</b> Your Shooting phase.<br><br><b>TARGET:</b> One Aeldari Vehicle unit from your army that has not been selected to shoot this phase.<br><br><b>EFFECT:</b> Until the end of the phase, each time your unit is selected to shoot, you can re-roll one Hit roll, one Wound roll and one Damage roll made for a model in your unit. If you are using fast dice rolling, you can select one of those rolls to re-roll before moving onto the next step of the attack sequence.|
AE|ANTIâGRAV REPULSION|000009770007|Armoured Warhost â Strategic Ploy Stratagem|1|Skilled Aeldari pilots angle their vehicleâs anti-grav fields to repulse the enemy.|Opponentâs turn|Charge phase|Armoured Warhost|000000990|<b>WHEN:</b> Your opponentâs Charge phase, just after an enemy unit has declared a charge.<br><br><b>TARGET:</b> One Aeldari Vehicle unit from your army that can Fly and was selected as a target of that charge.<br><br><b>EFFECT:</b> Until the end of the phase, subtract 2 from Charge rolls made for that enemy unit.|
AE|SWIFT DEPLOYMENT|000009770003|Armoured Warhost â Strategic Ploy Stratagem|1|With consummate skill, Guardian crews guide their agile armoured transports across the battlefield before swooping low to unload their cargo of warriors.|Your turn|Movement phase|Armoured Warhost|000000990|<b>WHEN:</b> Your Movement phase.<br><br><b>TARGET:</b> One Aeldari Transport unit from your army.<br><br><b>EFFECT:</b> Until the end of the phase, units can disembark from your <span class="kwb">TRANSPORT</span> after it has Advanced. Units that do so count as having made a Normal move that phase, and cannot declare a charge in the same turn, but can otherwise act normally.|
AE|LAYERED WARDS|000009770002|Armoured Warhost â Strategic Ploy Stratagem|1|The wraithbone superstructure of this vehicle has been interlaced with warding runes, enabling its hull to resist incoming fire.|Either playerâs turn|Any phase|Armoured Warhost|000000990|<b>WHEN:</b> Any phase, just after a mortal wound is allocated to an <span class="kwb">AELDARI</span> <span class="kwb">VEHICLE</span> unit from your army.<br><br><b>TARGET:</b> That Aeldari Vehicle unit.<br><br><b>EFFECT:</b> Until the end of the phase, models in your unit have the Feel No Pain 5+ ability against mortal wounds.|
AE|WARRIOR FOCUS|000009928002|Aspect Host â Battle Tactic Stratagem|1|So absolute is the focus of these warriors in battle that nothing can distract them or stay their blows.|Either playerâs turn|Shooting or Fight phase|Aspect Host|000001024|<b>WHEN:</b> Your Shooting phase or the Fight phase.<br><br><b>TARGET:</b> One Aspect Warriors or Avatar of Khaine unit from your army that has not been selected to shoot or fight this phase.<br><br><b>EFFECT:</b> Until the end of the phase, each time a model in your unit makes an attack, you can ignore any or all modifiers to that attackâs Ballistic Skill, Weapon skill, Strength, Armour Penetration and Damage characteristics and/or any or all modifiers to the Hit roll.|
AE|PRETERNATURAL PRECISION|000009928006|Aspect Host â Battle Tactic Stratagem|1|Analysing their targets' weaknesses with incredible skill, the Aeldari fire for lethal effect.|Your turn|Shooting phase|Aspect Host|000001024|<b>WHEN:</b> Your Shooting phase.<br><br><b>TARGET:</b> One Aspect Warriors unit from your army that has not been selected to shoot this phase.<br><br><b>EFFECT:</b> Each time you use this Stratagem, you can remove one Aspect Shrine token your unit has (see datasheets). Then, select one of the following abilities, or select two of the following abilities if you removed an Aspect Shrine token during this usage of this Stratagem: [IGNORES COVER], [LETHAL HITS], [SUSTAINED HITS 1]. Until the end of the phase, ranged weapons equipped by models in your unit have the selected abilities.|
AE|DOOM INESCAPABLE|000009928005|Aspect Host â Battle Tactic Stratagem|1|Cast with the force of a thunderbolt, the Avatar's weapon strikes the foe with meteoric force.|Your turn|Shooting phase|Aspect Host|000001024|<b>WHEN:</b> Your Shooting phase.<br><br><b>TARGET:</b> One Avatar of Khaine model from your army that has not been selected to shoot this phase.<br><br><b>EFFECT:</b> Until the end of the phase, your modelâs Wailing Doom ranged weapon has a Range characteristic of 18" and a Damage characteristic of 8.|
AE|TO THEIR FINAL BREATH|000009928003|Aspect Host â Strategic Ploy Stratagem|1|As champions and defenders of a dying race, these warriors fight furiously to the very end.|Either playerâs turn|Fight phase|Aspect Host|000001024|<b>WHEN:</b> Fight phase, just after an enemy unit has selected its targets.<br><br><b>TARGET:</b> One Aspect Warriors or Avatar of Khaine unit from your army that was selected as the target of one or more of the attacking unitâs attacks.<br><br><b>EFFECT:</b> Each time you use this Stratagem, you can remove one Aspect Shrine token your unit has (see datasheets). Then, until the end of the phase, each time a model in your unit is destroyed, if that model has not fought this phase, roll one D6, adding 1 to the result if you removed an Aspect Shrine token during this usage of this Stratagem. On a 4+, do not remove the destroyed model from play; it can fight after the attacking unit has finished making its attacks, and is then removed from play.|
AE|KHAINEâS VENGEANCE|000009928007|Aspect Host â Strategic Ploy Stratagem|1|Embodying the rage of Khaine himself, these warriors press home their attack and strike down those cowards who seek to flee their fury.|Opponentâs turn|Movement phase|Aspect Host|000001024|<b>WHEN:</b> Your opponentâs Movement phase, just after an enemy unit (excluding <span class="kwb">MONSTERS</span> and <span class="kwb">VEHICLES</span>) is selected to Fall Back.<br><br><b>TARGET:</b> One Aspect Warriors or Avatar of Khaine unit from your army that is within Engagement Range of that enemy unit.<br><br><b>EFFECT:</b> All models in that enemy unit must take a Desperate Escape test. When doing so, if that enemy unit is Battle-shocked, subtract 1 from each of those tests.|
AE|SKYBORNE SANCTUARY|000009928004|Aspect Host â Strategic Ploy Stratagem|1|The Aeldari excel in striking swiftly then leaping back into the safety of their skimming transports.|Either playerâs turn|Fight phase|Aspect Host|000001024|<b>WHEN:</b> End of the Fight phase.<br><br><b>TARGET:</b> One Asuryani unit from your army that was eligible to fight this phase and one friendly Transport it is able to embark within.<br><br><b>EFFECT:</b> If your <span class="kwb">ASURYANI</span> unit is not within Engagement Range of one or more enemy units and is wholly within 6" of that <span class="kwb">TRANSPORT</span>, it can embark within it.|
AE|MACABRE RESILIENCE|000009920003|Devoted of Ynnead â Battle Tactic Stratagem|1|Such is the conviction and power of the Ynnari that sometimes even mortal wounds cannot slow them.|Either playerâs turn|Shooting or Fight phase|Devoted of Ynnead|000001022|<b>WHEN:</b> Your opponentâs Shooting phase or the Fight phase, just after an enemy unit has selected its targets.<br><br><b>TARGET:</b> One Ynnari Infantry or Ynnari Mounted unit from your army (excluding Wraith Construct units) that was selected as the target of one or more of the attacking unitâs attacks.<br><br><b>EFFECT:</b> Until the end of the phase, each time an attack targets your unit, subtract 1 from the Wound roll.|
AE|SOULSIGHT|000009920006|Devoted of Ynnead â Battle Tactic Stratagem|1|Perceiving the flickering soulstuff of their foes, the Ynnari strike with ruthless precision.|Your turn|Shooting phase|Devoted of Ynnead|000001022|<b>WHEN:</b> Your Shooting phase.<br><br><b>TARGET:</b> One Ynnari unit from your army that has not been selected to shoot this phase.<br><br><b>EFFECT:</b> Until the end of the phase, ranged weapons equipped by models in your unit have the [LETHAL HITS] and [IGNORES COVER] abilities.|
AE|EMISSARIES OF YNNEAD|000009920004|Devoted of Ynnead â Battle Tactic Stratagem|1|Immersed in murder and gripped by holy purpose, these warriors bring Ynneadâs fatal message and his final gift to all who face them.|Either playerâs turn|Fight phase|Devoted of Ynnead|000001022|<b>WHEN:</b> Fight phase, just after a Ynnari Infantry unit from your army has selected its targets.<br><br><b>TARGET:</b> That <span class="kwb">YNNARI</span> <span class="kwb">INFANTRY</span> unit.<br><br><b>EFFECT:</b> Until the end of the phase, each time a model in your unit makes an attack, re-roll a Hit roll of 1. If your unit is below its Starting Strength, you can re-roll the Hit roll instead.|
AE|DEATH ANSWERS DEATH|000009920007|Devoted of Ynnead â Strategic Ploy Stratagem|1|As the foe slays their warriors, a terrible vigour grips the Ynnari and compels them to repay the slaughter in kind.|Opponentâs turn|Shooting phase|Devoted of Ynnead|000001022|<b>WHEN:</b> End of your opponentâs Shooting phase.<br><br><b>TARGET:</b> One Ynnari unit from your army (excluding Wraith Construct units), if one or more models in that unit were destroyed this phase.<br><br><b>EFFECT:</b> Your unit can shoot as if it were your Shooting phase.|
AE|PALL OF DREAD|000009920002|Devoted of Ynnead â Strategic Ploy Stratagem|1|Even after they fall, the most fervent Ynnari leave a sinister sense of watchfulness in their wake like some invisible death shroud.|Either playerâs turn|Any phase|Devoted of Ynnead|000001022|<b>WHEN:</b> Any phase.<br><br><b>TARGET:</b> One Ynnari unit from your army that was just destroyed while it was within range of one or more objective markers you controlled at the end of the previous phase. You can use this Stratagem on that unit even though it was just destroyed.<br><br><b>EFFECT:</b> Select one of those objective markers. That objective marker remains under your control until your opponentâs Level of Control over that objective marker is greater than yours at the end of a phase.|
AE|PARTING THE VEIL|000009920005|Devoted of Ynnead â Strategic Ploy Stratagem|2|In the moment of transcendent glory, before the Ynnari give their essence to their god, they fight harder than ever to take the foe with them to death.|Either playerâs turn|Fight phase|Devoted of Ynnead|000001022|<b>WHEN:</b> Fight phase, just after an enemy unit has selected its targets.<br><br><b>TARGET:</b> One Ynnari unit from your army that was selected as the target of one or more of the attacking unitâs attacks.<br><br><b>EFFECT:</b> Until the end of the phase, each time a model in your unit is destroyed, if that model has not fought this phase, do not remove it from play. The destroyed model can fight after the attacking unit has finished making its attacks, and is then removed from play.|
AE|EXIT THE STAGE|000009916007|Ghosts of the Webway â Strategic Ploy Stratagem|1|Players know when to fade back from the stage of war, ready to strike again when their moment comes.|Opponentâs turn|Fight phase|Ghosts of the Webway|000001021|<b>WHEN:</b> End of your opponentâs Fight phase.<br><br><b>TARGET:</b> One Harlequins unit from your army that is not within Engagement Range of one or more enemy units.<br><br><b>EFFECT:</b> Remove your unit from the battlefield and place it into Strategic Reserves.|
AE|BLOODY DANCE|000009916006|Ghosts of the Webway â Strategic Ploy Stratagem|1|Enemies goaded into following the steps of the saedath come unwittingly on cue to their executions.|Opponentâs turn|Charge phase|Ghosts of the Webway|000001021|<b>WHEN:</b> End of your opponentâs Charge phase.<br><br><b>TARGET:</b> One Harlequins Infantry or Harlequins Mounted unit from your army that is within 6" of one or more enemy units and would be eligible to declare a charge against one or more of those enemy units if it were your Charge phase.<br><br><b>EFFECT:</b> Your unit now declares a charge that only targets one or more of those enemy units, and you resolve that charge.<br><br><b>RESTRICTIONS:</b> Note that even if this charge is successful, your unit does not receive any Charge bonus this turn.|
AE|MOCKING FLIGHT|000009916004|Ghosts of the Webway â Strategic Ploy Stratagem|1|The Harlequins tumble away in mock terror and panic before spinning back into the fight with cruel laughter and redoubled fury.|Your turn|Movement phase|Ghosts of the Webway|000001021|<b>WHEN:</b> Your Movement phase, just after a Harlequins unit from your army Falls Back.<br><br><b>TARGET:</b> That <span class="kwb">HARLEQUINS</span> unit.<br><br><b>EFFECT:</b> Until the end of the turn, your unit is eligible to shoot and declare a charge in a turn in which it Fell Back.|
AE|HEROESâ FALL|000009916003|Ghosts of the Webway â Strategic Ploy Stratagem|1|Though they may be slain, this step of the saedath calls on the players to act out the demise of tragic heroes who take their enemies with them to death.|Either playerâs turn|Fight phase|Ghosts of the Webway|000001021|<b>WHEN:</b> Fight phase, just after an enemy unit has selected its targets.<br><br><b>TARGET:</b> One Harlequins unit from your army that was selected as the target of one or more of the attacking unitâs attacks.<br><br><b>EFFECT:</b> Until the end of the phase, each time a model in your unit is destroyed, if that model has not fought this phase, roll one D6. On a 4+, do not remove the destroyed model from play; it can fight after the attacking unit has finished making its attacks, and is then removed from play.|
AE|TRICKSTERSâ RETORT|000009916005|Ghosts of the Webway â Strategic Ploy Stratagem|1|To the Harlequins, the foe are simply unwitting dance partners, their every move matched with graceful aplomb.|Opponentâs turn|Movement phase|Ghosts of the Webway|000001021|<b>WHEN:</b> Your opponentâs Movement phase, just after an enemy unit ends a Normal, Advance or Fall Back move.<br><br><b>TARGET:</b> One Troupe unit from your army that is within 9" of that enemy unit.<br><br><b>EFFECT:</b> Your unit can make a Normal move of up to 6".|
AE|STAGED DEATH|000009916002|Ghosts of the Webway â Strategic Ploy Stratagem|1|A feigned death and sudden, shocking return are as impactful as dismaying to the foe.|Either playerâs turn|Any phase|Ghosts of the Webway|000001021|<b>WHEN:</b> Any phase.<br><br><b>TARGET:</b> One Harlequins Character model from your army that was just destroyed. You can use this Stratagem on that model even though it was just destroyed.<br><br><b>EFFECT:</b> At the end of the phase, set your model back up on the battlefield as close as possible to where it was destroyed and not within Engagement Range of any enemy units, with half of its starting number of wounds remaining.<br><br><b>RESTRICTIONS:</b> Each model can only be targeted with this Stratagem once per battle.|
AE|WARDING SALVOES|000009912002|Guardian Battlehost â Battle Tactic Stratagem|1|Woe betide the foe that seeks to claim the holdings of armed and determined Asuryani.|Either playerâs turn|Shooting or Fight phase|Guardian Battlehost|000001020|<b>WHEN:</b> Your Shooting phase or the Fight phase.<br><br><b>TARGET:</b> One Dire Avengers or Guardians unit from your army that has not been selected to shoot or fight this phase.<br><br><b>EFFECT:</b> Until the end of the phase, each time a model in your unit makes an attack that targets an enemy unit within range of one or more objective markers, you can re-roll the Wound roll.|
AE|BLADES OF ASURYAN|000009912006|Guardian Battlehost â Battle Tactic Stratagem|1|Asuryani martial teachings enable those wielding ranged weapons to employ them as close-quarter implements of death as well.|Your turn|Shooting phase|Guardian Battlehost|000001020|<b>WHEN:</b> Your Shooting phase.<br><br><b>TARGET:</b> One Dire Avengers or Guardians unit from your army that has not been selected to shoot this phase.<br><br><b>EFFECT:</b> Until the end of the phase, ranged weapons equipped by models in your unit have the [PISTOL] ability.|
AE|SHIELD NODES|000009912003|Guardian Battlehost â Battle Tactic Stratagem|1|Exploiting a spar of old Aeldari technology, these warriors engage the flickering ghosts of ancient defensive force fields.|Either playerâs turn|Shooting or Fight phase|Guardian Battlehost|000001020|<b>WHEN:</b> Your opponentâs Shooting phase or the Fight phase, just after an enemy unit has selected its targets.<br><br><b>TARGET:</b> One Dire Avengers or Guardians unit from your army that was selected as the target of one or more of the attacking unitâs attacks.<br><br><b>EFFECT:</b> If your unit is within range of one or more objective markers, until the end of the phase, each time an attack targets your unit, subtract 1 from the Wound roll.|
AE|VAULâS VENGEANCE|000009912004|Guardian Battlehost â Battle Tactic Stratagem|1|Swift and terrible vengeance comes for those who dare strike down the warriors of the Aeldari in the form of searing heavy weapons fire.|Either playerâs turn|Shooting or Fight phase|Guardian Battlehost|000001020|<b>WHEN:</b> Your opponentâs Shooting phase or the Fight phase, just after an enemy unit destroys a Dire Avengers or Guardians unit from your army.<br><br><b>TARGET:</b> One War Walkers unit from your army.<br><br><b>EFFECT:</b> After that enemy unit has finished making its attacks, your unit can shoot as if it were your Shooting phase, but when resolving those attacks, it can only target that enemy unit (and only if it is an eligible target).<br><br><b>RESTRICTIONS:</b> You can only use this Stratagem once per battle round.|
AE|TIME TO STRIKE|000009912005|Guardian Battlehost â Strategic Ploy Stratagem|1|Storm Guardians train to recognise where and when their selfless aggression can best benefit their craftworld and never to miss such opportunities.|Your turn|Movement phase|Guardian Battlehost|000001020|<b>WHEN:</b> Your Movement phase.<br><br><b>TARGET:</b> One Storm Guardians unit from your army that has not been selected to move this phase.<br><br><b>EFFECT:</b> Until the end of the phase, each time your unit Advances, do not make an Advance roll. Instead, until the end of the phase, add 6" to the Move characteristic of models in your unit. Until the end of the turn, your unit is eligible to shoot and declare a charge in a turn in which it Advanced.|
AE|COST OF VICTORY|000009912007|Guardian Battlehost â Strategic Ploy Stratagem|1|In so desperate and vital a fight, the Aeldari must accept casualties they would normally avoid and even send fresh warriors in to bolster the flagging ranks if it means victory.|Opponentâs turn|Fight phase|Guardian Battlehost|000001020|<b>WHEN:</b> End of your opponentâs Fight phase.<br><br><b>TARGET:</b> One Guardians unit from your army.<br><br><b>EFFECT:</b> If your unit is not within Engagement Range of one or more enemy units, remove it from the battlefield and place it into Strategic Reserves. When doing so, return every destroyed <span class="kwb">GUARDIANS</span> model to your unit.|
AE|VOID GHOSTS|000009326002|Khaineâs Arrow â Battle Tactic Stratagem|1|Exploiting the fluctuating gravity of voidship fighting and flowing with the nigh-imperceptible movements of the vessel around them, the Aeldari acrobatically evade the blasts and blades of their foes.|Either playerâs turn|Shooting or Fight phase|Khaineâs Arrow|000000919|<b>WHEN:</b> Your opponent's Shooting phase or the Fight phase, just after an enemy unit has selected its targets.<br><br><b>TARGET:</b> One <span class="kwb">AELDARI</span> unit from your army that was selected as the target of one or more of the attacking unitâs attacks.<br><br><b>EFFECT:</b> Until the end of the phase, each time an attack targets your unit, subtract 1 from the Hit roll.|
AE|BLADEFOCUS|000009326003|Khaineâs Arrow â Battle Tactic Stratagem|1|Those Aspect Warriors best versed in close-quarters combat fight all the harder, knowing they must act as the piercing tip of their host's strike.|Either playerâs turn|Fight phase|Khaineâs Arrow|000000919|<b>WHEN:</b> Fight phase.<br><br><b>TARGET:</b> One HOwLING BANSHEES or STRIKING ScORPIONS unit from your army that has not been selected to fight this phase.<br><br><b>EFFECT:</b> Until the end of the phase, each time a model in your unit makes an attack, if it made a Charge move this turn, you can re-roll the Hit roll.|
AE|AURIC STORM|000009326005|Khaineâs Arrow â Battle Tactic Stratagem|1|The fiery passage of Khaine's Arrow scours the enemy away, leaving them nowhere to hide.|Your turn|Shooting phase|Khaineâs Arrow|000000919|<b>WHEN:</b> Your Shooting phase.<br><br><b>TARGET:</b> One DIRE AvENGERS, FIRE DRAGONS, SwOOPING HAwKS or WARP SPIDERS unit from your army that has not been selected to shoot this phase.<br><br><b>EFFECT:</b> Until the end of the phase, each time a model in your unit makes an attack, add 1 to the Wound roll.|
AE|ARTIFICER ROUNDS|000009326004|Khaineâs Arrow â Strategic Ploy Stratagem|1|These warriors know precisely which strategic sites must be secured, and in what order.|Your turn|Command phase|Khaineâs Arrow|000000919|<b>WHEN:</b> Your Command phase.<br><br><b>TARGET:</b> One <span class="kwb">AELDARI</span> unit from your army (excluding CHARAcTER units).<br><br><b>EFFECT:</b> Until the start of your next Command phase, add 1 to the Objective Control characteristic of models in your unit. In addition, at the end of your turn, select one objective marker you control that your unit is within range of. That objective marker is Secured by your army.|
AE|VOID GHOSTS|000009335002|Protector Host â Battle Tactic Stratagem|1|Exploiting the fluctuating gravity of voidship fighting and flowing with the nigh-imperceptible movements of the vessel around them, the Aeldari acrobatically evade the blasts and blades of their foes.|Either playerâs turn|Shooting or Fight phase|Protector Host|000000920|<b>WHEN:</b> Your opponent's Shooting phase or the Fight phase, just after an enemy unit has selected its targets.<br><br><b>TARGET:</b> One <span class="kwb">AELDARI</span> unit from your army that was selected as the target of one or more of the attacking unitâs attacks.<br><br><b>EFFECT:</b> Until the end of the phase, each time an attack targets your unit, subtract 1 from the Hit roll.|
AE|SHURIKEN STORM|000009335003|Protector Host â Battle Tactic Stratagem|1|Shuriken weaponry fill corridors and chambers with inescapable hails of monomolecular discs and reduce enemy boarding parties to bloodied ruin.|Your turn|Shooting phase|Protector Host|000000920|<b>WHEN:</b> Your Shooting phase.<br><br><b>TARGET:</b> One <span class="kwb">AELDARI</span> unit from your army that has not been selected to shoot this phase.<br><br><b>EFFECT:</b> Until the end of the phase, add 1 to the Strength characteristic of Avenger shuriken catapults, shuriken catapults, shuriken pistols and shuriken cannons equipped by models in your unit.|
AE|SHIELD OF BLADES|000009335004|Protector Host â Strategic Ploy Stratagem|1|A discipline refined for shipboard battle, this feat of marksmanship sees the Aeldari overlap annihilating hails of defensive fire.|Opponentâs turn|Movement or Charge phase|Protector Host|000000920|<b>WHEN:</b> Your opponentâs Movement or Charge phase.<br><br><b>TARGET:</b> One DIRE AvENGERS or GUARDIAN DEfENDERS unit from your army that has not fired Overwatch this phase.<br><br><b>EFFECT:</b> Until the end of the phase, each time a model in your unit makes an attack while firing Overwatch, an unmodified Hit roll of 5+ is required to score a hit, instead of an unmodified 6.|
AE|RAPID AMBUSH|000009335005|Protector Host â Strategic Ploy Stratagem|1|Reacting with a speed most mortal beings could not dream of, the Aeldari engulf emerging foes in a sudden hail of gunfire.|Opponentâs turn|Movement phase|Protector Host|000000920|<b>WHEN:</b> Your opponentâs Movement phase, just after an enemy unit opens a Hatchway.<br><br><b>TARGET:</b> One DIRE AvENGERS or GUARDIANS unit from your army that has not fired Overwatch this phase and is wholly on the opposite side of that Hatchway from that enemy unit.<br><br><b>EFFECT:</b> If that enemy unit is within 9" of and visible to your unit, roll one D6: on a 2-5, that enemy unit suffers 1 mortal wound; on a 6, that enemy unit suffers 2 mortal wounds. If that enemy unit suffers one or more mortal wounds in this way, your unit can then make a Normal move of up to D6â.<br><br><b>RESTRICTIONS:</b> Until the end of the turn, your unit cannot fire Overwatch.|
AE|FATE INESCAPABLE|000009924005|Seer Council â Battle Tactic Stratagem|1|The Aeldari have already seen how best to lay low this enemy and strike in the sure knowledge the foe cannot evade their terrible fate.|Your turn|Shooting phase|Seer Council|000001023|<b>WHEN:</b> Your Shooting phase.<br><br><b>TARGET:</b> One Asuryani Infantry unit from your army (excluding Wraith Construct units) that has not been selected to shoot this phase and is within 9" of one or more friendly Asuryani Psyker models.<br><br><b>EFFECT:</b> Until the end of the phase, ranged weapons equipped by models in your unit have the [IGNORES COVER] ability and each time a model in your unit makes an attack, on a Critical Wound, improve the Armour Penetration characteristic of that attack by 1.|
AE|ISHAâS FURY|000009924006|Seer Council â Epic Deed Stratagem|1|Leaping from the seerâs outstretched hand, this blast of empyric energy is a raw expression of the sorrow and bitterness suffered by the Aeldari people.|Opponentâs turn|Movement phase|Seer Council|000001023|<b>WHEN:</b> Your opponentâs Movement phase, just after an enemy unit ends a Normal, Advance or Fall Back move.<br><br><b>TARGET:</b> One Asuryani Psyker model from your army within 9" of that enemy unit.<br><br><b>EFFECT:</b> Roll six D6: for each 3+, that enemy unit suffers 1 mortal wound.|
AE|PSYCHIC SHIELD|000009924007|Seer Council â Strategic Ploy Stratagem|1|A twist of the seer's psychic powers raises a whirling shield of empyric energy and psychokinetic debris to screen the Aeldari from enemy fire.|Opponentâs turn|Shooting phase|Seer Council|000001023|<b>WHEN:</b> Your opponentâs Shooting phase, just after an enemy unit has selected its targets.<br><br><b>TARGET:</b> One Asuryani Infantry unit from your army (excluding Wraith Construct units) that was selected as the target of one or more of the attacking unitâs attacks and is within 9" of one or more friendly Asuryani Psyker models.<br><br><b>EFFECT:</b> Until the end of the phase, your unit can only be selected as the target of a ranged attack if the attacking model is within 18".|
AE|FOREWARNED|000009924003|Seer Council â Strategic Ploy Stratagem|1|Having foreseen already how this fight will play out, the seer projects their insights and warnings into the minds of the Aeldari who must fight it.|Either playerâs turn|Fight phase|Seer Council|000001023|<b>WHEN:</b> Fight phase, just after an enemy unit has selected its targets.<br><br><b>TARGET:</b> One Asuryani Infantry unit from your army (excluding Wraith Construct units) that was selected as the target of one or more of the attacking unitâs attacks and is within 9" of one or more friendly Asuryani Psyker models.<br><br><b>EFFECT:</b> Until the end of the phase, each time an attack targets your unit, subtract 1 from the Hit roll and subtract 1 from the Wound roll.|
AE|PRESENTIMENT OF DREAD|000009924002|Seer Council â Strategic Ploy Stratagem|1|The seer plucks fate to find the foe suffering a horrible death, then projects it into their minds.|Either playerâs turn|Command phase|Seer Council|000001023|<b>WHEN:</b> Command phase.<br><br><b>TARGET:</b> One Asuryani Psyker model from your army.<br><br><b>EFFECT:</b> Select one enemy unit within 18" of and visible to your model. That enemy unit must take a Battle-shock test, subtracting 1 from that test.|
AE|UNSHROUDED TRUTH|000009924004|Seer Council â Strategic Ploy Stratagem|1|Dispelling the psychosomatic mirage that has so far beguiled and assailed the foe, the seer reveals the true location of the warriors it was masquerading as.|Your turn|Movement phase|Seer Council|000001023|<b>WHEN:</b> Your Movement phase.<br><br><b>TARGET:</b> One Asuryani Infantry unit from your army (excluding Wraith Construct units) that has not been selected to move this phase, was not set up on the battlefield this phase, and is within 9" of one or more friendly Asuryani Psyker models.<br><br><b>EFFECT:</b> Remove your unit from the battlefield and set it up again anywhere on the battlefield that is more than 9" horizontally away from all enemy models.<br><br><b>RESTRICTIONS:</b> Until the end of the phase, your unit is not eligible to be selected to move.|
AE|WEAVING STRIDE|000010650006|Serpentâs Brood â Stratagem|1|Maintaining their blistering pace, these warriors respond to their foesâ steps in the saedath with their own gravity-defying motions.|Opponentâs turn|Movement phase|Serpentâs Brood|000001124|<b>WHEN:</b> Your opponentâs Movement phase, just after an enemy unit ends a Normal, Advance or Fall Back move.<br><br><b>TARGET:</b> One Harlequins Infantry unit from your army that is within 9" of that enemy unit.<br><br><b>EFFECT:</b> Your unit can make a Normal move of up to 6".|
AE|SKYWARD LUNGE|000010650007|Serpentâs Brood â Stratagem|1|Like a serpent rearing back to strike at its prey anew, the Harlequins sweep high and appear to quit the field, ready to descend in fury a moment later.|Opponentâs turn|Fight phase|Serpentâs Brood|000001124|<b>WHEN:</b> End of your opponentâs Fight phase.<br><br><b>TARGET:</b> One Harlequins Vehicle or Harlequins Mounted unit from your army.<br><br><b>EFFECT:</b> If your unit is not within Engagement Range of one or more enemy units, you can remove it from the battlefield and place it into Strategic Reserves.|
AE|FANGS OF THE BROOD|000010650002|Serpentâs Brood â Stratagem|1|Many are the heads of the brood, and many their fangs. As they spring and tumble over their foes, the Harlequinsâ weapons echo the multiplicity of strikes unleashed by that mythic nest of snakes.|Either playerâs turn|Fight phase|Serpentâs Brood|000001124|<b>WHEN:</b> Start of the Fight phase.<br><br><b>TARGET:</b> One Troupe unit from your army.<br><br><b>EFFECT:</b> Until the end of the phase, when using your unitâs Dance of Death ability, you can select three of the abilities for your unit to gain, instead of one.|
AE|VENOMOUS WRATH|000010650003|Serpentâs Brood â Stratagem|1|Embodying the serpent that strikes with blinding swiftness, this grav-skimmer lunges suddenly into range and unleashes its full fury on the foe.|Your turn|Shooting phase|Serpentâs Brood|000001124|<b>WHEN:</b> Your Shooting phase.<br><br><b>TARGET:</b> One Harlequins Vehicle unit from your army that has not been selected to shoot this phase.<br><br><b>EFFECT:</b> After your unit has shot, if it is not within Engagement Range of one or more enemy units, it can make a Normal move of up to 6". Until the end of the turn, your unit is not eligible to declare a charge.|
AE|STRIKING STRIDE|000010650004|Serpentâs Brood â Stratagem|1|Springing between pillars and rubble, bounding forwards as though running on thin air, the Harlequins acrobatically hurl themselves into battle.|Your turn|Charge phase|Serpentâs Brood|000001124|<b>WHEN:</b> Your Charge phase.<br><br><b>TARGET:</b> One Harlequins unit from your army.<br><br><b>EFFECT:</b> Until the end of the phase, your unit is eligible to declare a charge in a turn in which it Advanced.|
AE|WEAVERSâ COILS|000010650005|Serpentâs Brood â Stratagem|1|Inescapable yet impossible to catch, this unit personifies the ever-winding and incorporeal coils of the Skyweavers of myth.|Your turn|Fight phase|Serpentâs Brood|000001124|<b>WHEN:</b> End of your Fight phase.<br><br><b>TARGET:</b> One Harlequins Mounted unit from your army that was eligible to fight this phase.<br><br><b>EFFECT:</b> If your unit is not within Engagement Range of one or more enemy units, it can make a Normal move. Otherwise, your unit can make a Fall Back move of up to 6".|
AE|WRAITHBONE ARMOUR|000009908003|Spirit Conclave â Battle Tactic Stratagem|1|The apparent fragility of wraith constructsâ lithe bodies be/ies their incredible resilience.|Either playerâs turn|Shooting or Fight phase|Spirit Conclave|000001019|<b>WHEN:</b> Your opponentâs Shooting phase or the Fight phase, just after an enemy unit has selected its targets.<br><br><b>TARGET:</b> One Wraith Construct unit from your army (excluding TiTANic units] that was selected as the target of one or more of the attacking unitâs attacks.<br><br><b>EFFECT:</b> Until the end of the phase, each time an attack is allocated to a model in your unit, subtract 1 from the Damage characteristic of that attack.|
AE|SEERâS EYE|000009908002|Spirit Conclave â Battle Tactic Stratagem|1|Seeing their prey as much through the eyes of their guiding seer as with any sense of their own, the wraith constructs strike swift and true.|Either playerâs turn|Shooting or Fight phase|Spirit Conclave|000001019|<b>WHEN:</b> Your Shooting phase or the Fight phase.<br><br><b>TARGET:</b> One Aeldari Psyker model from your army and one friendly Wraith Construct unit within 12" of it that has not been selected to shoot or fight this phase.<br><br><b>EFFECT:</b> Select one enemy unit visible to your <span class="kwb">PSYKER</span> model. Until the end of the phase, each time a model in your <span class="kwb">WRAITH</span> <span class="kwb">CONSTRUCT</span> unit makes an attack that targets that enemy unit, you can ignore any or all modifiers to the Armour Penetration and/or Damage characteristics of that attack.|
AE|CRUSHING STRIDES|000009908007|Spirit Conclave â Battle Tactic Stratagem|1|Elegant they may be, but the weight and implacable strength of wraith constructs on the charge can smash enemies to the ground bloody and broken.|Your turn|Charge phase|Spirit Conclave|000001019|<b>WHEN:</b> Your Charge phase, just after a Wraithblades, Wraithlord or Wraithknight unit from your army ends a Charge move.<br><br><b>TARGET:</b> That <span class="kwb">WRAITHBLADES</span>, <span class="kwb">WRAITHLORD</span> or <span class="kwb">WRAITHKNIGHT</span> unit.<br><br><b>EFFECT:</b> Select one enemy unit within Engagement Range of your unit and roll one D6 for each <span class="kwb">WRAITHBLADES</span> model in your unit, or roll four D6 if your unit has the <span class="kwb">WRAITHLORD</span> keyword, or roll six D6 if your unit has the <span class="kwb">WRAITHKNIGHT</span> keyword: for each 3+, that enemy unit suffers 1 mortal wound.|
AE|BLADES FROM BEYOND|000009908004|Spirit Conclave â Battle Tactic Stratagem|1|Sometimes, the twinned perceptions of ghost warriors allow them to perceive - and strike at - the souls of their foes.|Either playerâs turn|Fight phase|Spirit Conclave|000001019|<b>WHEN:</b> Fight phase.<br><br><b>TARGET:</b> One Wraithblades, Wraithlord or Wraithknight unit from your army that has not been selected to fight this phase.<br><br><b>EFFECT:</b> Until the end of the phase, melee weapons equipped by models in your unit have the [DEVASTATING WOUNDS] ability.|
AE|SPIRIT TOKEN|000009908006|Spirit Conclave â Strategic Ploy Stratagem|1|By leaving psycho-resonant wraithbone markers upon the battlefield, these warriors wreathe vital strategic locations in an aura of dread not easily overcome.|Your turn|Movement phase|Spirit Conclave|000001019|<b>WHEN:</b> Start of your Movement phase.<br><br><b>TARGET:</b> One Wraithblades or Wraithguard unit from your army.<br><br><b>EFFECT:</b> Select one objective marker you control that your unit is within range of. That objective marker remains under your control until your opponentâs Level of Control over that objective marker is greater than yours at the end of a phase.|
AE|SOUL BRIDGE|000009908005|Spirit Conclave â Strategic Ploy Stratagem|1|It is risky for a Spiritseer to cast their awareness so far, but aiding the dead is sometimes necessary.|Your turn|Command phase|Spirit Conclave|000001019|<b>WHEN:</b> Your Command phase.<br><br><b>TARGET:</b> One Wraithblades, Wraithguard or Wraithlord unit from your army and one Asuryani Psyker model from your army.<br><br><b>EFFECT:</b> Until the start of your next Command phase, your <span class="kwb">WRAITHBLADES</span>, <span class="kwb">WRAITHGUARD</span> or <span class="kwb">WRAITHLORD</span> unit is considered to be within 12" of your <span class="kwb">PSYKER</span> model for the purposes of the Psychic Guidance and Spirit Guides abilities.|
AE|VOID GHOSTS|000009352002|Star-dancer Masque â Battle Tactic Stratagem|1|Exploiting the fluctuating gravity of voidship fighting and flowing with the nigh-imperceptible movements of the vessel around them, the Aeldari acrobatically evade the blasts and blades of their foes.|Either playerâs turn|Shooting or Fight phase|Star-dancer Masque|000000922|<b>WHEN:</b> Your opponent's Shooting phase or the Fight phase, just after an enemy unit has selected its targets.<br><br><b>TARGET:</b> One <span class="kwb">AELDARI</span> unit from your army that was selected as the target of one or more of the attacking unitâs attacks.<br><br><b>EFFECT:</b> Until the end of the phase, each time an attack targets your unit, subtract 1 from the Hit roll.|
AE|DARTING STRIKES|000009352003|Star-dancer Masque â Battle Tactic Stratagem|1|Shuriken weaponry fill corridors and chambers with inescapable hails of monomolecular discs and reduce enemy boarding parties to bloodied ruin.|Either playerâs turn|Fight phase|Star-dancer Masque|000000922|<b>WHEN:</b> Fight phase.<br><br><b>TARGET:</b> One <span class="kwb">AELDARI</span> unit from your army that has not been selected to fight this phase.<br><br><b>EFFECT:</b> Until the end of the phase, each time a model in your unit makes an attack, you can re-roll the Wound roll.|
AE|ACROBATIC LEAPS|000009352005|Star-dancer Masque â Strategic Ploy Stratagem|1|Reacting with a speed most mortal beings could not dream of, the Aeldari engulf emerging foes in a sudden hail of gunfire.|Opponentâs turn|Movement phase|Star-dancer Masque|000000922|<b>WHEN:</b> Your Movement phase.<br><br><b>TARGET:</b> One <span class="kwb">AELDARI</span> unit from your army that has not been selected to move this phase.<br><br><b>EFFECT:</b> Until the end of the phase, Desperate Escape tests taken for models in your unit are automatically passed, and each time your unit makes a Normal, Advance or Fall Back move, models in your unit can move through other models as if they were not there.|
AE|SERPENT STRIKE|000009352004|Star-dancer Masque â Strategic Ploy Stratagem|1|A discipline refined for shipboard battle, this feat of marksmanship sees the Aeldari overlap annihilating hails of defensive fire.|Either playerâs turn|Fight phase|Star-dancer Masque|000000922|<b>WHEN:</b> Fight phase, just after an <span class="kwb">AELDARI</span> unit from your army destroys an enemy unit.<br><br><b>TARGET:</b> That <span class="kwb">AELDARI</span> unit.<br><br><b>EFFECT:</b> Until the end of the phase, each time your unit makes a Consolidation move, it can move up to D3+3" instead of up to 3" and, if it cannot end that move within Engagement Range of one or more enemy units that are visible to it (and in Unit Coherency), it can still make that Consolidation move, and when doing so can move in any direction.|
AE|BLITZING FIREPOWER|000009900005|Warhost â Battle Tactic Stratagem|1|When unleashed in a close-ranged storm, Aeldari weapons fire can completely eradicate all life within the target zone.|Your turn|Shooting phase|Warhost|000001017|<b>WHEN:</b> Your Shooting phase.<br><br><b>TARGET:</b> One Asuryani unit from your army that has not been selected to shoot this phase.<br><br><b>EFFECT:</b> Until the end of the phase, ranged weapons equipped by models in your unit have the [SUSTAINED HITS 1] ability while targeting an enemy unit within 12". If such a weapon already has that ability, until the end of the phase, each time an attack is made with that weapon, an unmodified Hit roll of 5+ scores a Critical Hit.|
AE|LIGHTNING-FAST REACTIONS|000009900002|Warhost â Battle Tactic Stratagem|1|Processing events at incredible speed, these warriors easily evade attacks that would have slain any less celeritous combatants.|Either playerâs turn|Shooting or Fight phase|Warhost|000001017|<b>WHEN:</b> Your opponentâs Shooting phase or the Fight phase, just after an enemy unit has selected its targets.<br><br><b>TARGET:</b> One Asuryani unit from your army (excluding Wraith Construct units) that was selected as the target of one or more of the attacking unitâs attacks.<br><br><b>EFFECT:</b> Until the end of the phase, each time an attack targets your unit, subtract 1 from the Hit roll.|
AE|FEIGNED RETREAT|000009900004|Warhost â Strategic Ploy Stratagem|1|What appears to be a full retreat one moment is revealed as the deceptive prelude to a devastating attack the next.|Your turn|Movement phase|Warhost|000001017|<b>WHEN:</b> Your Movement phase, just after an Asuryani unit from your army Falls Back.<br><br><b>TARGET:</b> That <span class="kwb">ASURYANI</span> unit.<br><br><b>EFFECT:</b> Until the end of the turn, your unit is eligible to shoot and declare a charge in a turn in which it Fell Back.|
AE|SKYBORNE SANCTUARY|000009900003|Warhost â Strategic Ploy Stratagem|1|The Aeldari excel in striking swiftly, then leaping back into the safety of their skimming transports.|Either playerâs turn|Fight phase|Warhost|000001017|<b>WHEN:</b> End of the Fight phase.<br><br><b>TARGET:</b> One Asuryani unit from your army that was eligible to fight this phase and one friendly Transport it is able to embark within.<br><br><b>EFFECT:</b> If your <span class="kwb">ASURYANI</span> unit is not within Engagement Range of one or more enemy units and is wholly within 6" of that <span class="kwb">TRANSPORT</span>, it can embark within it.|
AE|WEBWAY TUNNEL|000009900007|Warhost â Strategic Ploy Stratagem|1|By slipping away into the ethereal confines of the Webway, Aeldari warriors can circumnavigate the foe and strike from new and unexpected quarters.|Opponentâs turn|Fight phase|Warhost|000001017|<b>WHEN:</b> End of your opponentâs Fight phase.<br><br><b>TARGET:</b> One Asuryani Infantry unit from your army that is wholly within 9" of one or more battlefield edges.<br><br><b>EFFECT:</b> If your unit is not within Engagement Range of one or more enemy units, remove it from the battlefield and place it into Strategic Reserves.|
AE|FIRE AND FADE|000009900006|Warhost â Strategic Ploy Stratagem|1|The Aeldari are masters of hit-and-run tactics, engaging a target with a flurry of shots before swiftly ducking back out of harm's way.|Your turn|Shooting phase|Warhost|000001017|<b>WHEN:</b> Your Shooting phase, just after an Asuryani Infantry unit from your army (excluding Aircraft, Asurmen and Wraith Construct units) has shot.<br><br><b>TARGET:</b> That <span class="kwb">ASURYANI</span> unit.<br><br><b>EFFECT:</b> Your unit can make a Normal move of up to D6+1".<br><br><b>RESTRICTIONS:</b> Until the end of the turn, your unit is not eligible to declare a charge or embark within a Transport.|
AE|FOCUSED FIREPOWER|000009904006|Windrider Host â Battle Tactic Stratagem|1|Able to analyse and assess target data at incredible speeds, these Aeldari isolate the foe's weak spot and pour all their fire into it as they hurtle past.|Your turn|Shooting phase|Windrider Host|000001018|<b>WHEN:</b> Your Shooting phase.<br><br><b>TARGET:</b> One Asuryani Mounted or VYPER unit from your army that has not been selected to shoot this phase.<br><br><b>EFFECT:</b> Until the end of the phase, each time a model in your unit makes an attack, improve the Armour Penetration characteristic of that attack by 1.|
AE|DEATH FROM ON HIGH|000009904002|Windrider Host â Battle Tactic Stratagem|1|Streaking suddenly down from on high, the Aeldari strike like the fall of an executioner's blade.|Either playerâs turn|Shooting or Fight phase|Windrider Host|000001018|<b>WHEN:</b> Your Shooting phase or the Fight phase.<br><br><b>TARGET:</b> One Asuryani Mounted or VYPER unit from your army that was set upon the battlefield from Reserves this turn and has not been selected to shoot or fight this phase.<br><br><b>EFFECT:</b> Until the end of the phase, each time a model in your unit makes an attack, you can re-roll the Wound roll.|
AE|SPIRALLING EVASION|000009904007|Windrider Host â Battle Tactic Stratagem|1|None but the Aeldari could risk such breakneck and seemingly suicidal evasive manoeuvres to jink around incoming enemy fire.|Opponentâs turn|Shooting phase|Windrider Host|000001018|<b>WHEN:</b> Your opponentâs Shooting phase, just after an enemy unit has selected its targets.<br><br><b>TARGET:</b> One Asuryani Mounted or VYPER unit from your army that was selected as the target of one or more of the attacking unitâs attacks.<br><br><b>EFFECT:</b> Until the end of the phase, models in your unit have a 4+ invulnerable save.|
AE|WIND OF BLADES|000009904004|Windrider Host â Strategic Ploy Stratagem|1|Warriors such as these cannot be pinned down or held back. They hit and run at will, hammering the foe with constant fire and slashing blows.|Your turn|Movement phase|Windrider Host|000001018|<b>WHEN:</b> Your Movement phase.<br><br><b>TARGET:</b> One Asuryani Mounted or Vyper unit from your army that has not been selected to move this phase.<br><br><b>EFFECT:</b> Until the end of the turn, your unit is eligible to shoot and declare a charge in a turn in which it Advanced or Fell Back.|
AE|OVERFLIGHT|000009904003|Windrider Host â Strategic Ploy Stratagem|1|These airborne warriors arc up and away from the ruin of their foes, already seeking fresh prey.|Either playerâs turn|Shooting or Fight phase|Windrider Host|000001018|<b>WHEN:</b> End of your Shooting phase or the end of the Fight phase.<br><br><b>TARGET:</b> One Asuryani Mounted unit from your army that destroyed one or more enemy units this phase.<br><br><b>EFFECT:</b> Your unit can make a Normal move of up to 7".|
AE|DARING RIDERS|000009904005|Windrider Host â Strategic Ploy Stratagem|1|Some of the Windrider Hosts are especially aggressive, unable to restrain the fierce joy of racing perilously close to the foe while strafing them with fire.|Your turn|Movement phase|Windrider Host|000001018|<b>WHEN:</b> The Reinforcements step of your Movement phase.<br><br><b>TARGET:</b> One Asuryani Mounted or VYPER unit from your army in Reserves.<br><br><b>EFFECT:</b> Until the end of the phase, when setting up your unit on the battlefield from Reserves, it can be set up anywhere on the battlefield that is more than 6" horizontally away from all enemy units. When doing so, if your unit is set up within 9" horizontally of one or more enemy units, until the end of the turn, it is not eligible to declare a charge.|
AE|WRAITHSIGHT|000009343003|Wraiths of the Void â Battle Tactic Stratagem|1|There are advantages to perceiving the foe as glimmering souls without the obstruction of intervening walls and bulkheads.|Your turn|Shooting phase|Wraiths of the Void|000000921|<b>WHEN:</b> Your Shooting phase.<br><br><b>TARGET:</b> One <span class="kwb">AELDARI</span> unit from your army that has not been selected to shoot this phase.<br><br><b>EFFECT:</b> Until the end of the phase, ranged weapons equipped by models in your unit have the [IGNORES COVER] ability. In addition, each time a model in your unit makes an attack, you can ignore any or all modifiers to that attack's Ballistic Skill characteristic and/or to the Hit roll.|
AE|GUARDIAN CONSTRUCTS|000009343002|Wraiths of the Void â Battle Tactic Stratagem|1|Like graven sentinels the wraith constructs stand immovable, barring the enemy's path.|Either playerâs turn|Fight phase|Wraiths of the Void|000000921|<b>WHEN:</b> Fight phase, just after an enemy unit has selected its targets.<br><br><b>TARGET:</b> One WRAITH CONSTRUcT unit from your army that was selected as the target of one or more of the attacking unitâs attacks.<br><br><b>EFFECT:</b> Until the end of the phase, each time an attack targets your unit, if the attacking model is wholly on the opposite side of a Hatchway from your unit, subtract 1 from the Wound roll.|
AE|D-STRIKE|000009343004|Wraiths of the Void â Strategic Ploy Stratagem|1|Recognising the importance of liminal boundaries in void warfare, the ghost warriors unleash their fury upon such a space to the shock of their foes.|Your turn|Shooting phase|Wraiths of the Void|000000921|<b>WHEN:</b> Your Shooting phase.<br><br><b>TARGET:</b> One WRAITH CONSTRUcT unit from your army that has not been selected to shoot this phase.<br><br><b>EFFECT:</b> Select one closed Hatchway that is visible to and within range of one or more of the ranged weapons equipped by models in your unit. Open that Hatchway and, until the end of the battle, that Hatchway cannot be closed. For each enemy unit within 3" of that Hatchway and wholly on the opposite side of it from your unit, until the start of your next Shooting phase, that enemy unit is stunned. While a unit is stunned, each time a model in that unit makes an attack, subtract 1 from the Hit roll.<br><br><b>RESTRICTIONS:</b> Until the end of the phase, your unit is not eligible to shoot.|
AE|UNFLINCHING FIRE|000009343005|Wraiths of the Void â Strategic Ploy Stratagem|1|None can match the calm, patient precision of those who have already known death and do not fear it.|Opponentâs turn|Movement or Charge phase|Wraiths of the Void|000000921|<b>WHEN:</b> Your opponent's Movement or Charge phase.<br><br><b>TARGET:</b> One <span class="kwb">AELDARI</span> unit from your army that has not fired Overwatch this phase.<br><br><b>EFFECT:</b> Until the end of the phase, each time a model in your unit makes an attack while firing Overwatch, an unmodified Hit roll of 5+ is required to score a hit, instead of an unmodified G.|
AM|BELLICOSA DROP|000009802002|Bridgehead Strike â Battle Tactic Stratagem|1|Bellicosa drop protocols require intensive additional training but enable elite Imperial soldiery to land virtually on top of the enemyâs positions.|Your turn|Movement phase|Bridgehead Strike|000000996|<b>WHEN:</b> The Reinforcements step of your Movement phase.<br><br><b>TARGET:</b> One Astra Militarum Infantry unit from your army that is in Reserves and has the Deep Strike ability.<br><br><b>EFFECT:</b> Until the end of the phase, when your unit is set up on the battlefield using the Deep Strike ability, it can be set up anywhere on the battlefield that is more than 6" horizontally away from all enemy units.<br><br><b>RESTRICTIONS:</b> Until the end of the turn, your unit is not eligible to declare a charge.|
AM|FIRING HOT|000009802003|Bridgehead Strike â Battle Tactic Stratagem|2|At the risk of permanently burning out power packs, hot-shot weaponry can be temporarily overcharged to provide additional punch at the crucial moment.|Your turn|Shooting phase|Bridgehead Strike|000000996|<b>WHEN:</b> Your Shooting phase.<br><br><b>TARGET:</b> One Militarum Tempestus or Kasrkin unit from your army that has not been selected to shoot this phase.<br><br><b>EFFECT:</b> Until the end of the phase, when targeting an enemy unit within 12", improve the Strength and Armour Penetration characteristics of hot-shot lascarbines, hot-shot lasguns, hot-shot laspistols, hot-shot marksman rifles, hot-shot volley guns and sentry hot-shot volley guns equipped by models in your unit by 1.|
AM|AERIAL EXTRACTION|000009802006|Bridgehead Strike â Epic Deed Stratagem|1|Such swift manoeuvres are vital to retaining command of the developing tactical situation, whether gunships are peeling off to strike at the enemy from a fresh angle or infantry being extracted by dropcraft for rapid redeployment.|Opponentâs turn|Fight phase|Bridgehead Strike|000000996|<b>WHEN:</b> End of your opponentâs Fight phase.<br><br><b>TARGET:</b> One <span class="kwb">ASTRA</span> <span class="kwb">MILITARUM</span> unit from your army that is not within Engagement Range of one or more enemy units, if all of its models have the Deep Strike ability, or one Valkyrie unit from your army that is not within Engagement Range of one or more enemy units.<br><br><b>EFFECT:</b> Remove your unit from the battlefield and place it into Strategic Reserves.|
AM|ON MY POSITION|000009802007|Bridgehead Strike â Epic Deed Stratagem|1|Circling Aeronautica Imperialis strike fighters wait above to launch strafing runs should the attack falter. In extremis, these assets can be called down upon Imperial positions in danger of being overrun, affording soldiers the desperate dignity of taking their enemies with them into death.|Opponentâs turn|Fight phase|Bridgehead Strike|000000996|<b>WHEN:</b> End of your opponentâs Fight phase.<br><br><b>TARGET:</b> One Regiment Infantry unit from your army that is within Engagement Range of one or more enemy units.<br><br><b>EFFECT:</b> Roll one D6 for each enemy unit within Engagement Range of your unit: on a 2+, that enemy unit suffers D6 mortal wounds. Then, your unit suffers 3D3 mortal wounds.|
AM|SERVOâDESIGNATORS|000009802005|Bridgehead Strike â Strategic Ploy Stratagem|1|Released in a swarm from a modified Valkyrie gunship, high-altitude servo-skulls analyse targeting data from the ongoing fight and then provide updated firing solutions to the troops on the ground.|Your turn|Shooting phase|Bridgehead Strike|000000996|<b>WHEN:</b> Your Shooting phase, just after an <span class="kwb">ASTRA</span> <span class="kwb">MILITARUM</span> <span class="kwb">INFANTRY</span> unit from your army has shot.<br><br><b>TARGET:</b> That Astra Militarum Infantry unit.<br><br><b>EFFECT:</b> Select one enemy unit hit by one or more of those attacks that is visible to your unit. Until the end of the phase, that enemy unit cannot have the Benefit of Cover.|
AM|FIRE AND RELOCATE|000009802004|Bridgehead Strike â Strategic Ploy Stratagem|1|Once deployed, it is vital that the soldiers stay on the move and keep firing, avoiding becoming bogged down and maintaining the pressure on their reeling foes.|Your turn|Shooting phase|Bridgehead Strike|000000996|<b>WHEN:</b> Your Shooting phase.<br><br><b>TARGET:</b> One <span class="kwb">ASTRA</span> <span class="kwb">MILITARUM</span> unit (excluding Titanic units) from your army.<br><br><b>EFFECT:</b> Until the end of the phase, your unit is eligible to shoot in a turn in which it Advanced.|
AM|FIELDS OF FIRE|000008381005|Combined Arms â Battle Tactic Stratagem|1|Armour and infantry work in concert, forming overlapping fields of fire against which neither cover nor heavy armour can protect.|Your turn|Shooting phase|Combined Arms|000000760|<b>WHEN:</b> Your Shooting phase.<br><br><b>TARGET:</b> One Regiment unit and one Squadron unit from your army that have not been selected to shoot this phase.<br><br><b>EFFECT:</b> Select one enemy unit. Until the end of the phase, each time your selected <span class="kwb">REGIMENT</span> and <span class="kwb">SQUADRON</span> units make an attack that targets that enemy unit, improve the Armour Penetration characteristic of that attack by 1.|
AM|STALWART PROTECTOR|000008381007|Combined Arms â Battle Tactic Stratagem|1|The indefatigable tanks of the Astra Militarum serve as mobile cover for the troops marching in their shadow.|Opponentâs turn|Shooting phase|Combined Arms|000000760|<b>WHEN:</b> Your opponentâs Shooting phase, just after an enemy unit has selected its targets.<br><br><b>TARGET:</b> One Astra Militarum Vehicle unit from your army.<br><br><b>EFFECT:</b> Until the end of the phase, each time a ranged attack is allocated to an <span class="kwb">INFANTRY</span> model from your army, if that model is not fully visible to every model in the attacking unit because of your <span class="kwb">VEHICLE</span>, that model has the Benefit of Cover against that attack.|
AM|COORDINATED ACTION|000008381002|Combined Arms â Battle Tactic Stratagem|1|The potency of armour and infantry is greatly enhanced when both work in close concert.|Either playerâs turn|Any phase|Combined Arms|000000760|<b>WHEN:</b> Start of any phase.<br><br><b>TARGET:</b> One Regiment unit from your army and one Squadron unit from your army within 6" of and visible to that <span class="kwb">REGIMENT</span> unit.<br><br><b>EFFECT:</b> Until the end of the phase, Orders affecting one of your units affect the other, and vice versa.|
AM|INSPIRED COMMAND|000008381006|Combined Arms â Epic Deed Stratagem|1|The greatest officers make their voices heard at the critical moment, their orders swift and decisive.|Opponentâs turn|Command phase|Combined Arms|000000760|<b>WHEN:</b> Your opponentâs Command phase.<br><br><b>TARGET:</b> One Astra Militarum Officer unit from your army.<br><br><b>EFFECT:</b> Your <span class="kwb">OFFICER</span> can issue one Order as if it were your Command phase.|
AM|FLEXIBLE COMMAND|000008381004|Combined Arms â Strategic Ploy Stratagem|2|Some Astra Militarum officers have served with infantry and armour, and are equally adept at commanding either.|Your turn|Command phase|Combined Arms|000000760|<b>WHEN:</b> Your Command phase.<br><br><b>TARGET:</b> Any number of Astra Militarum Officer units from your army.<br><br><b>EFFECT:</b> Until the end of the phase, your Officers can issue Orders to Regiment units and Squadron units.|
AM|REINFORCEMENTS!|000008381003|Combined Arms â Strategic Ploy Stratagem|2|So numerous are the infantry of the Astra Militarum that fresh reserves can be called up at a momentâs notice.|Either playerâs turn|Any phase|Combined Arms|000000760|<b>WHEN:</b> Any phase.<br><br><b>TARGET:</b> One Infantry Regiment unit from your army that was just destroyed. You can target that unit with this Stratagem even though it was just destroyed.<br><br><b>EFFECT:</b> Add a new unit to your army identical to your destroyed unit, in Strategic Reserves, at its Starting Strength and with all of its wounds remaining.<br><br><b>RESTRICTIONS:</b> This Stratagem cannot be used to return destroyed <span class="kwb">CHARACTER</span> units to Attached units. You can only use this Stratagem once per battle.|
AM|DUCK AND COVER|000009381003|Embarked Regiment â Battle Tactic Stratagem|1|Between training and the Human instinct for self-preservation, these soldiers manage to make the most of the available cover.|Either playerâs turn|Shooting or Fight phase|Embarked Regiment|000000927|<b>WHEN:</b> Your opponent's Shooting phase or the Fight phase, just after an enemy unit has selected its targets.<br><br><b>TARGET:</b> One <span class="kwb">ASTRA</span> <span class="kwb">MILITARUM</span> unit from your army (excluding OGRYN units) that was selected as the target of one or more of the attacking unitâs attacks and has one or more models on the opposite side of an open Hatchway from one or more models in the attacking unit.<br><br><b>EFFECT:</b> Until the end of the phase, each time an attack targets your unit, subtract 1 from the Hit roll.|
AM|AGAINST THE ODDS|000009381002|Embarked Regiment â Battle Tactic Stratagem|1|Imperial Guardsmen faced by nightmarish foes in the close quarters of a boarding action may be driven to fight as never before to survive.|Either playerâs turn|Shooting or Fight phase|Embarked Regiment|000000927|<b>WHEN:</b> Your Shooting phase or the Fight phase.<br><br><b>TARGET:</b> One <span class="kwb">ASTRA</span> <span class="kwb">MILITARUM</span> unit from your army (excluding OGRYN units) that has not been selected to shoot or fight this phase.<br><br><b>EFFECT:</b> Until the end of the phase, each time a model in your unit makes an attack, on a Critical Wound, improve the Armour Penetration characteristic of that attack by 2.|
AM|BRUTAL CHOKE POINT|000009381005|Embarked Regiment â Strategic Ploy Stratagem|1|The Tactica Imperialis teaches well how to exploit choke points to slaughter the foe. Its lessons transfer well to voidship corridors and chambers.|Opponentâs turn|Movement or Charge phase|Embarked Regiment|000000927|<b>WHEN:</b> Your opponent's Movement or Charge phase.<br><br><b>TARGET:</b> One <span class="kwb">ASTRA</span> <span class="kwb">MILITARUM</span> unit from your army (excluding OGRYN units) that has not fired Overwatch this phase.<br><br><b>EFFECT:</b> Until the end of the phase, each time a model in your unit makes an attack while firing Overwatch, an unmodified Hit roll of 5+ is required to score a hit, instead of an unmodified 6.|
AM|IDLE HANDS|000009381004|Embarked Regiment â Strategic Ploy Stratagem|1|Spending a long time stuck in one section of a voidship leads bored soldiers to explore their surroundings and discover useful shortcuts in case of emergency.|Your turn|Movement phase|Embarked Regiment|000000927|<b>WHEN:</b> Your Movement phase.<br><br><b>TARGET:</b> One <span class="kwb">ASTRA</span> <span class="kwb">MILITARUM</span> unit from your army that has not been selected to move this phase and is not within Engagement Range of one or more enemy units.<br><br><b>EFFECT:</b> Select one closed Hatchway within 1" of your unit. Your unit can operate that Hatchway.<br><br><b>RESTRICTIONS:</b> Until the end of the turn, your unit cannot operate a Hatchway again.|
AM|ADDITIONAL ARMOUR|000010638007|Grizzled Company â Stratagem|1|Veteran soldiers know the value of additional protection, whether welded to vehicles or worn under flak armour.|Opponentâs turn|Shooting phase|Grizzled Company|000001121|<b>WHEN:</b> Your opponentâs Shooting phase, just after an enemy unit has selected its targets.<br><br><b>TARGET:</b> One <span class="kwb">ASTRA</span> <span class="kwb">MILITARUM</span> unit from your army that was selected as the target of one or more of the attacking unitâs attacks.<br><br><b>EFFECT:</b> Until the attacking unit has finished making its attacks, each time an attack targets your unit, worsen the Armour Penetration characteristic of that attack by 1.|
AM|MORDIAN MINUTE|000010638006|Grizzled Company â Stratagem|1|Named for the soldiers of Mordian, this rapid-fire drill requires exceptional accuracy and coordination, but renders even the humble lasgun highly lethal.|Your turn|Shooting phase|Grizzled Company|000001121|<b>WHEN:</b> Your Shooting phase.<br><br><b>TARGET:</b> One Astra Militarum Infantry unit from your army affected by the First Rank, Fire! Second Rank, Fire! Order.<br><br><b>EFFECT:</b> Until the end of the phase, each time a model in your unit makes an attack, improve the Strength characteristic of that attack by 1. |
AM|PURGING FIRE|000010638005|Grizzled Company â Stratagem|1|Clear the area and defend your objectives. Take no prisoners.|Your turn|Shooting phase|Grizzled Company|000001121|<b>WHEN:</b> Your Shooting phase.<br><br><b>TARGET:</b> One <span class="kwb">ASTRA</span> <span class="kwb">MILITARUM</span> unit from your army affected by an Order that has not been selected to shoot this phase.<br><br><b>EFFECT:</b> If your unit is within range of an objective marker, until the end of the phase, ranged weapons equipped by models in your unit have the [LETHAL HITS] ability.|
AM|VETERAN SHARPSHOOTERS|000010638004|Grizzled Company â Stratagem|1|Marksmanship is a skill that only increases with experience.|Your turn|Shooting phase|Grizzled Company|000001121|<b>WHEN:</b> Your Shooting phase.<br><br><b>TARGET:</b> One <span class="kwb">ASTRA</span> <span class="kwb">MILITARUM</span> unit from your army that has not been selected to shoot this phase.<br><br><b>EFFECT:</b> Until the end of the phase, ranged weapons equipped by models in your unit have the [IGNORES COVER] ability.|
AM|SNAP TO IT|000010638002|Grizzled Company â Stratagem|1|Reading the flow of battle and reacting in accordance, this officer expects their barked orders to be followed post-haste.|Either playerâs turn|Any phase|Grizzled Company|000001121|<b>WHEN:</b> Start of any phase.<br><br><b>TARGET:</b> One Astra Militarum Officer unit from your army.<br><br><b>EFFECT:</b> Your unitâs <span class="kwb">OFFICER</span> model can issue 1 Order as if it were your Command phase.|
AM|NO RETREAT!|000010638003|Grizzled Company â Stratagem|1|Battle-hardened and zealous, the companyâs grizzled elites will gladly give their lives to honour the Emperor.|Your turn|Command phase|Grizzled Company|000001121|<b>WHEN:</b> Your Command phase.<br><br><b>TARGET:</b> One <span class="kwb">ASTRA</span> <span class="kwb">MILITARUM</span> unit from your army affected by the Duty and Honour! Order.<br><br><b>EFFECT:</b> If your unit is within range of an objective marker you control, that objective marker remains under your control, even if you have no models within range of it, until your opponent controls it at the start or end of a phase.|
AM|BLAZING ADVANCE|000009866003|Hammer of the Emperor â Battle Tactic Stratagem|1|By petitioning the machine spirits of their vehicles, tank crews push their armoured steeds beyond conventional limits.|Your turn|Movement phase|Hammer of the Emperor|000001012|<b>WHEN:</b> Your Movement phase, just after a Squadron unit from your army Advances.<br><br><b>TARGET:</b> That <span class="kwb">SQUADRON</span> unit.<br><br><b>EFFECT:</b> Until the end of the turn, your unit is eligible to shoot in a turn in which it Advanced.|
AM|SCOUTING OUTRIDERS|000009870007|Hammer of the Emperor â Battle Tactic Stratagem|1|Sentinels and cavalry units use their speed and mobility to outflank the foe, ready to strike at the most opportune moment.|Opponentâs turn|Any phase|Recon Element|000001013|<b>WHEN:</b> End of your opponentâs turn.<br><br><b>TARGET:</b> One Astra Militarum Mounted or Astra Militarum Walker unit from your army that is wholly within 10" of one or more battlefield edges and not within Engagement Range of one or more enemy units.<br><br><b>EFFECT:</b> Remove your unit from the battlefield and place it into Strategic Reserves.|
AM|FURIOUS CANNONADE|000009866006|Hammer of the Emperor â Battle Tactic Stratagem|1|At close range, armoured vehicles open up with their full complement of weapons, dispensing the Emperorâs righteous wrath.|Your turn|Shooting phase|Hammer of the Emperor|000001012|<b>WHEN:</b> Your Shooting phase.<br><br><b>TARGET:</b> One Squadron unit from your army that has not been selected to shoot this phase.<br><br><b>EFFECT:</b> Until the end of the phase, each time a model in your unit makes an attack that targets a unit within 12", improve the Armour Penetration characteristic of that attack by 1.|
AM|FINAL HOUR|000009866002|Hammer of the Emperor â Epic Deed Stratagem|1|Even with flames licking through the interior of their vehicle, this crew refuse to abandon their positions, regardless of the risk to their lives.|Your turn|Command phase|Hammer of the Emperor|000001012|<b>WHEN:</b> Your Command phase.<br><br><b>TARGET:</b> One Squadron unit from your army that is Below Half-strength (excluding Officer units).<br><br><b>EFFECT:</b> Until the end of the battle round, ranged weapons equipped by models in your unit (excluding <span class="kwb2 bluefont">[ONE SHOT]</span> weapons) have the [HAZARDOUS] ability, and each time a model in your unit makes a ranged attack, you can ignore any or all modifiers to that attackâs Ballistic Skill characteristic and to the Hit roll.|
AM|TACTICAL WITHDRAWAL|000009866004|Hammer of the Emperor â Strategic Ploy Stratagem|1|Even in retreat, the armoured fist of the Astra Militarum keep their cannons firing.|Your turn|Movement phase|Hammer of the Emperor|000001012|<b>WHEN:</b> Your Movement phase, just after a Squadron unit from your army Falls Back.<br><br><b>TARGET:</b> That <span class="kwb">SQUADRON</span> unit.<br><br><b>EFFECT:</b> Until the end of the turn, your unit is eligible to shoot in a turn in which it Fell Back.|
AM|CRASH THROUGH|000009866005|Hammer of the Emperor â Strategic Ploy Stratagem|1|Ruins, barricades, bunkers; few such structures can impede the grinding advance of an Astra Militarum armoured corps.|Your turn|Movement or Charge phase|Hammer of the Emperor|000001012|<b>WHEN:</b> Your Movement phase or your Charge phase.<br><br><b>TARGET:</b> One Astra Militarum Vehicle unit from your army that has not been selected to move or charge this phase.<br><br><b>EFFECT:</b> Until the end of the phase, each time your unit makes a Normal, Advance or Charge move, it can move horizontally through terrain features as if they were not there.|
AM|ABLATIVE PLATING|000009866007|Hammer of the Emperor â Wargear Stratagem|2|Crews routinely reinforce their vehicle's armour, adding ablative plating, track links, sandbags and other means to protect the hull.|Opponentâs turn|Shooting phase|Hammer of the Emperor|000001012|<b>WHEN:</b> Your opponentâs Shooting phase, just after an enemy unit has selected its targets.<br><br><b>TARGET:</b> One Astra Militarum Vehicle unit from your army that was selected as the target of one or more of the attacking unitâs attacks.<br><br><b>EFFECT:</b> Until the end of the phase, each time an attack is allocated to your unit, subtract 1 from the Damage characteristic of that attack.|
AM|SWIFT INTERCEPTION|000009862005|Mechanised Assault â Battle Tactic Stratagem|1|Fast-moving armoured transports allow a commander to react quickly to enemy movements and intercept outflanking opponents.|Opponentâs turn|Movement phase|Mechanised Assault|000001011|<b>WHEN:</b> Your opponentâs Movement phase, just after an enemy unit ends a Normal, Advance or Fall Back move.<br><br><b>TARGET:</b> One Transport unit from your army (excluding AIRCRAFT and TiTANic units) that is not within Engagement Range of one or more enemy units, and is within 9" of the enemy unit that just ended that move.<br><br><b>EFFECT:</b> Your <span class="kwb">TRANSPORT</span> can make a Normal move of up to 6".|
AM|CLEAR AND SECURE|000009862004|Mechanised Assault â Battle Tactic Stratagem|1|Mechanised charges rely upon shock, awe and speed to secure ground. Any enemies that block the path must be obliterated swiftly.|Your turn|Shooting phase|Mechanised Assault|000001011|<b>WHEN:</b> Your Shooting phase.<br><br><b>TARGET:</b> One <span class="kwb">ASTRA</span> <span class="kwb">MILITARUM</span> unit from your army that disembarked from a Transport this turn and has not been selected to shoot this phase.<br><br><b>EFFECT:</b> Until the end of the phase, each time a model in your unit makes an attack that targets a unit within range of an objective marker, you can re-roll the Hit roll and you can re-roll the Wound roll.|
AM|HASTY EXTRACTION|000009862006|Mechanised Assault â Battle Tactic Stratagem|1|Should the tide turn against them, mechanised forces swiftly re-embark their transports in order to reposition.|Opponentâs turn|Charge phase|Mechanised Assault|000001011|<b>WHEN:</b> Your opponentâs Charge phase, after an enemy unit has selected targets for its charge but before it makes a Charge move.<br><br><b>TARGET:</b> One Astra Militarum Infantry unit from your army that was selected as a target of that charge.<br><br><b>EFFECT:</b> Provided your unit is not within Engagement Range of one or more enemy units and every model in your unit is within 3" of an AsTRA Militarum Transport from your army, it can embark within that <span class="kwb">TRANSPORT</span>.|
AM|MOVE OUT|000009862007|Mechanised Assault â Strategic Ploy Stratagem|1|High commandâs priorities have shifted. Swift embarkation and redeployment is required.|Opponentâs turn|Any phase|Mechanised Assault|000001011|<b>WHEN:</b> End of your opponentâs turn.<br><br><b>TARGET:</b> One <span class="kwb">ASTRA</span> <span class="kwb">MILITARUM</span> unit from your army.<br><br><b>EFFECT:</b> Provided your unit is not within Engagement Range of one or more enemy units and every model in your unit is within 3" of an Astra Militarum Transport from your army, it can embark within that <span class="kwb">TRANSPORT</span>.|
AM|RAPID DISPERSAL|000009862003|Mechanised Assault â Strategic Ploy Stratagem|1|Troops trained in mechanised combat disembark swiftly from their transportâs hatches, avoiding incoming fire and advancing on their objectives.|Your turn|Movement phase|Mechanised Assault|000001011|<b>WHEN:</b> Your Movement phase.<br><br><b>TARGET:</b> One Astra Militarum Infantry unit from your army that disembarked from a Transport this phase. <br><br><b>EFFECT:</b> Your <span class="kwb">INFANTRY</span> unit can make a Normal move of up to D6".|
AM|VOX-RELAY|000009862002|Mechanised Assault â Wargear Stratagem|1|This armoured transport has been modified to house a tactical command suite and vox-relay, enabling embarked officers to give orders from relative safety.|Your turn|Command phase|Mechanised Assault|000001011|<b>WHEN:</b> Your Command phase.<br><br><b>TARGET:</b> One Infantry Officer unit from your army embarked within a Transport. You can use this Stratagem on that unit even though it is embarked within a <span class="kwb">TRANSPORT</span>.<br><br><b>EFFECT:</b> Until the end of the phase, your unit can issue Orders even though it is not on the battlefield, and it can issue Orders to Astra Militarum Transport units from your army [excluding TiTANic units) regardless of the distance to and from your unitâs <span class="kwb">TRANSPORT</span>.|
AM|CRACK SHOTS|000009870002|Recon Element â Battle Tactic Stratagem|1|Reconnaissance units are often comprised of experienced survivalists and hunters, many of whom are expert marksmen.|Your turn|Shooting phase|Recon Element|000001013|<b>WHEN:</b> Your Shooting phase.<br><br><b>TARGET:</b> One Platoon unit from your army that has not been selected to shoot this phase.<br><br><b>EFFECT:</b> Until the end of the phase, ranged weapons equipped by models in your unit have the [PRECISION] ability.|
AM|DRAW THEM OUT|000009870003|Recon Element â Strategic Ploy Stratagem|1|Light infantry utilise harassing fire to draw their enemies into position for an ambush.|Opponentâs turn|Movement phase|Recon Element|000001013|<b>WHEN:</b> Your opponentâs Movement phase, just after an enemy unit ends a Normal, Advance or Fall Back move.<br><br><b>TARGET:</b> One Platoon unit from your army that is within 9" of that enemy unit, and is not within Engagement Range of one or more enemy units.<br><br><b>EFFECT:</b> Your unit can make a Normal move of up to 6".|
AM|COURAGEOUS DIVERSION|000009870005|Recon Element â Strategic Ploy Stratagem|1|These soldiers scream blood-curdling battle cries as they rush forwards, emboldening their squadmates and causing the enemy to waver.|Opponentâs turn|Shooting phase|Recon Element|000001013|<b>WHEN:</b> Start of your opponentâs Shooting phase.<br><br><b>TARGET:</b> One Astra Militarum Infantry or Astra Militarum Mounted unit from your army.<br><br><b>EFFECT:</b> Until the end of the phase, your unit has the Feel No Pain 6+ ability, and each time an enemy model makes an attack, if your unit is the closest eligible target, subtract 1 from the Hit roll.|
AM|SCRAMBLE FIELD|000009870004|Recon Element â Wargear Stratagem|1|This unit is equipped with a scramble field generator, a device capable of disrupting teleportation beacons and other homing technology.|Opponentâs turn|Movement phase|Recon Element|000001013|<b>WHEN:</b> Start of your opponentâs Reinforcements step.<br><br><b>TARGET:</b> One Astra Militarum Infantry unit from your army.<br><br><b>EFFECT:</b> Until the end of the phase, enemy units that are set up on the battlefield as Reinforcements cannot be set up within 12" of your unit.|
AM|TANGLEFOOT GRENADES|000009870006|Recon Element â Wargear Stratagem|1|Employed by skirmishers and recon troops, tanglefoot grenades ensnare advancing infantry, slowing their advance.|Opponentâs turn|Charge phase|Recon Element|000001013|<b>WHEN:</b> Start of your opponentâs Charge phase.<br><br><b>TARGET:</b> One Astra Militarum Grenades unit from your army.<br><br><b>EFFECT:</b> Until the end of the phase, each time an enemy unit selects your unit as the target of a charge, subtract 2 from the Charge roll (this is not cumulative with any other negative modifiers to that Charge roll).|
AM|CALLOUS SACRIFICE|000009858005|Siege Regiment â Battle Tactic Stratagem|1|All victory requires sacrifice. The destruction of the enemy must always take priority over the preservation of lives.|Your turn|Shooting phase|Siege Regiment|000001010|<b>WHEN:</b> Your Shooting phase.<br><br><b>TARGET:</b> One Platoon unit from your army that is within Engagement Range of one or more enemy units.<br><br><b>EFFECT:</b> Until the end of the phase, enemy units are not considered to be within Engagement Range of your unit for the purposes of selecting targets of ranged weapons. Until the end of the phase, each time an enemy model loses a wound, while that modelâs unit is within Engagement Range of your unit, roll one D6: on a 4+, one model from your unit is destroyed after the attacking unit has finished making its attacks.|
AM|TRENCH FIGHTERS|000009858002|Siege Regiment â Battle Tactic Stratagem|1|Inured to the savage horrors of trench warfare, these warriors will fight until their last breath.|Either playerâs turn|Fight phase|Siege Regiment|000001010|<b>WHEN:</b> Fight phase, just after an enemy unit has selected its targets.<br><br><b>TARGET:</b> One Astra Militarum Infantry unit from your army that was selected as the target of one or more of the attacking unitâs attacks.<br><br><b>EFFECT:</b> Until the end of the phase, each time a model in your unit is destroyed, if that model has not fought this phase, roll one D6, adding 2 to the result if it is a Regiment model. On a 4+, do not remove the destroyed model from play; it can fight after the attacking unit has finished making its attacks, and is then removed from play.|
AM|FURIOUS FUSILLADE|000009858006|Siege Regiment â Strategic Ploy Stratagem|1|Whilst accuracy has its benefits, sheer weight of fire is no less effective at bringing down the foe.|Your turn|Shooting phase|Siege Regiment|000001010|<b>WHEN:</b> Your Shooting phase.<br><br><b>TARGET:</b> One Platoon unit from your army that has not been selected to shoot this phase.<br><br><b>EFFECT:</b> Until the end of the phase, add 1 to the Attacks characteristic of ranged weapons equipped by models in your unit while targeting an enemy unit within half range.|
AM|OVER THE TOP|000009858003|Siege Regiment â Strategic Ploy Stratagem|2|The whistle blows to signal the attack. Waves of infantry emerge from cover to advance upon the foe.|Your turn|Command phase|Siege Regiment|000001010|<b>WHEN:</b> Start of your Command phase.<br><br><b>TARGET:</b> One Infantry Officer model from your army.<br><br><b>EFFECT:</b> Until the end of the phase, when your model issues the Move! Move! Move! Order, it can issue that Order to any number of eligible friendly Infantry Regiment units, regardless of range to your model.|
AM|FLARE BURST|000009858004|Siege Regiment â Wargear Stratagem|1|As the infantry assault proceeds, flares are fired into the skies, illuminating opponents below.|Your turn|Shooting phase|Siege Regiment|000001010|<b>WHEN:</b> Your Shooting phase.<br><br><b>TARGET:</b> One Astra Militarum Character unit from your army that has not been selected to shoot this phase.<br><br><b>EFFECT:</b> Until the end of the phase, each time your unit makes an attack that targets a visible enemy unit within 12", you can re-roll the Hit roll.|
AM|MINEFIELD|000009858007|Siege Regiment â Wargear Stratagem|1|Sappers have laid down a network of mines across the battlefield. Should the enemy attempt an ill-advised assault, they will surely suffer for it.|Opponentâs turn|Charge phase|Siege Regiment|000001010|<b>WHEN:</b> Start of your opponentâs Charge phase.<br><br><b>TARGET:</b> One Platoon unit from your army.<br><br><b>EFFECT:</b> Until the end of the phase, each time an enemy unit ends a Charge move within Engagement Range of your unit, roll one D6 for each model in that enemy unit: for each 5+, that enemy unit suffers 1 mortal wound (to a maximum of 6 mortal wounds).|
AM|AGAINST THE ODDS|000009390002|Tempestus Boarding Regiment â Battle Tactic Stratagem|1|Tempestus Scions are trained in a range of specialist hand-to-hand combat techniques. Coupled with combat stimms, these make them bruising foes.|Either playerâs turn|Fight phase|Tempestus Boarding Regiment|000000928|<b>WHEN:</b> Fight phase.<br><br><b>TARGET:</b> One MILITARUM TEMPESTUS unit from your army that has not been selected to fight this phase.<br><br><b>EFFECT:</b> Until the end of the phase, add 1 to the Attacks and Strength characteristics of melee weapons equipped by models in your unit.|
AM|BRUTAL CHOKE POINT|000009390005|Tempestus Boarding Regiment â Battle Tactic Stratagem|1|Emptying the magazines of their weapons in an indiscriminate hail of fire, the Scions create a zone of lethality that foes will struggle to advance into.|Your turn|Shooting phase|Tempestus Boarding Regiment|000000928|<b>WHEN:</b> Your Shooting phase, just after a MILITARUM TEMPESTUS unit from your army has shot.<br><br><b>TARGET:</b> That <span class="kwb">MILITARUM</span> <span class="kwb">TEMPESTUS</span> unit.<br><br><b>EFFECT:</b> Select one enemy unit hit by one or more of those attacks. Until the start of your next Shooting phase, subtract 2 from the Move characteristic of models in that enemy unit, and subtract 2 from Advance and Charge rolls made for it.|
AM|DUCK AND COVER|000009390003|Tempestus Boarding Regiment â Strategic Ploy Stratagem|1|Employing coordinated helm chronos, the Scions execute a pre-arranged simultaneous tactical manoeuvre.|Your turn|Command phase|Tempestus Boarding Regiment|000000928|<b>WHEN:</b> Start of your Command phase.<br><br><b>TARGET:</b> One OffIcER model from your army.<br><br><b>EFFECT:</b> Select one Order your model can issue. Every <span class="kwb">ASTRA</span> <span class="kwb">MILITARUM</span> unit from your army is issued that Order (regardless of any keywords those units are normally required to have).<br><br><b>RESTRICTIONS:</b> Until the end of the turn, <span class="kwb">OFFICER</span> models from your army cannot issue Orders. You can only use this Stratagem once.|
AM|IDLE HANDS|000009390004|Tempestus Boarding Regiment â Strategic Ploy Stratagem|1|Voidborne Scions are trained to swiftly goad the machine spirits of bulkheads and hatches, slamming them shut in their wake to trap the foe.|Your turn|Movement phase|Tempestus Boarding Regiment|000000928|<b>WHEN:</b> Your Movement phase.<br><br><b>TARGET:</b> One <span class="kwb">ASTRA</span> <span class="kwb">MILITARUM</span> unit from your army that has not been selected to move this phase.<br><br><b>EFFECT:</b> Until the end of the phase, after your unit ends a move, you can select one open Hatchway it moved through during that move; close that Hatchway.|
AoI|ARMOUR OF CONTEMPT|000009127002|Alien Hunters â Battle Tactic Stratagem|1|The belligerence and transhuman physiologies of the Deathwatch make them unyielding foes.|Either playerâs turn|Shooting or Fight phase|Ordo Xenos Alien Hunters|000000892|<b>WHEN:</b> Your opponentâs Shooting phase or the Fight phase, just after an enemy unit has selected its targets.<br><br><b>TARGET:</b> One DEATHwATCH unit from your army that was selected as the target of one or more of the attacking unitâs attacks.<br><br><b>EFFECT:</b> Until the attacking unit has finished making its attacks, each time an attack targets your unit, worsen the Armour Penetration characteristic of that attack by 1.|
AoI|RAPID TACTICAL RELOCATION|000009127007|Alien Hunters â Strategic Ploy Stratagem|1|The Ordo Xenos and Deathwatch alike have access to swift gunships and landers that allow for hasty repositioning in the midst of battle.|Opponentâs turn|Fight phase|Ordo Xenos Alien Hunters|000000892|<b>WHEN:</b> End of your opponentâs Fight phase.<br><br><b>TARGET:</b> One INQUISITOR or DEATHwATCH INFANTRy unit from your army.<br><br><b>EFFECT:</b> Remove your unit from the battlefield. In the Reinforcements step of your next Movement phase, set your unit up anywhere on the battlefield that is more than 9â horizontally away from all enemy models.<br><br><b>RESTRICTIONS:</b> You cannot select a unit that is within Engagement Range of one or more enemy units.|
AoI|ADAPTIVE TACTICS|000009127003|Alien Hunters â Strategic Ploy Stratagem|1|Only a truly versatile approach to warfare allows the Deathwatch to focus their tactical genius and best the myriad xenos foes they face.|Your turn|Command phase|Ordo Xenos Alien Hunters|000000892|<b>WHEN:</b> Your Command phase.<br><br><b>TARGET:</b> One DEATHwATCH unit from your army.<br><br><b>EFFECT:</b> Select the Furor Tactics, Malleus Tactics or Purgatus Tactics. Until the start of your next Command phase, that Deathwatch Mission Tactic is active for your unit instead of any other Deathwatch Mission Tactic that is active for your army, even if you have already selected that Deathwatch Mission Tactic this battle.|
AoI|DRAGONFIRE ROUNDS|000009127005|Alien Hunters â Wargear Stratagem|1|Dragonf ire rounds explode just before contact, saturating foes in cover with searing gas and flames.|Your turn|Shooting phase|Ordo Xenos Alien Hunters|000000892|<b>WHEN:</b> Your Shooting phase.<br><br><b>TARGET:</b> One DEATHwATCH INFANTRy unit from your army that has not been selected to shoot this phase.<br><br><b>EFFECT:</b> Until the end of the phase, ranged weapons equipped by models in your unit have the [ASSAULT] and [IGNORES COVER] abilities.<br><br><b>RESTRICTIONS:</b> You cannot select any units that have already been targeted with either the Kraken Rounds or Hellfire Rounds Stratagems this phase.|
AoI|KRAKEN ROUNDS|000009127006|Alien Hunters â Wargear Stratagem|1|Kraken rounds utilise adamantine cores and improved propellants to penetrate the thickest hide.|Your turn|Shooting phase|Ordo Xenos Alien Hunters|000000892|<b>WHEN:</b> Your Shooting phase.<br><br><b>TARGET:</b> One DEATHwATCH INFANTRy unit from your army that has not been selected to shoot this phase.<br><br><b>EFFECT:</b> Until the end of the phase, improve the Armour Penetration characteristic of ranged weapons equipped by models in your unit by 1 and improve the Range characteristic of those weapons by 6".<br><br><b>RESTRICTIONS:</b> You cannot select any units that have already been targeted with either the Dragonfire Rounds or Hellfire Rounds Stratagems this phase.|
AoI|HELLFIRE ROUNDS|000009127004|Alien Hunters â Wargear Stratagem|1|Hellfire rounds contain reservoirs of virulent bioacids that eat away the flesh of their victims in seconds and leave nothing but bubbling gruel.|Your turn|Shooting phase|Ordo Xenos Alien Hunters|000000892|<b>WHEN:</b> Your Shooting phase.<br><br><b>TARGET:</b> One DEATHwATCH INFANTRy unit from your army that has not been selected to shoot this phase.<br><br><b>EFFECT:</b> Until the end of the phase, ranged weapons (excluding Devastating Wounds weapons) equipped by models in your unit have the [ANTI-INFANTRY 2+] and [ANTI-MONSTER 5+] abilities.<br><br><b>RESTRICTIONS:</b> You cannot select any units that have already been targeted with either the Kraken Rounds or Dragonfire Rounds Stratagems this phase.|
AoI|RITUAL OF WARDING|000009135002|Daemon Hunters â Strategic Ploy Stratagem|1|Whether sanctifying the battlefield against heresy or binding sinister guardian entities to keep watch, this ritual extends its practitionerâs strategic influence.|Either playerâs turn|Command phase|Ordo Malleus Daemon Hunters|000000894|<b>WHEN:</b> Start of any Command phase.<br><br><b>TARGET:</b> One INQUISITOR, INQUISITORIAl AGENTS or ORDO MAllEUS unit from your army that is within range of an objective marker you control.<br><br><b>EFFECT:</b> That objective marker is said to be Warded and remains under your control, even if you have no models within range of it, until your opponent controls it at the start or end of any turn. While an objective marker is Warded and under your control, enemy <span class="kwb">DAEMON</span> units cannot be set up on the battlefield within 6" of it.|
AoI|STEEL HEART|000009135004|Daemon Hunters â Strategic Ploy Stratagem|1|The battle-brothers of the Grey Knights never flee from their daemonic foes, instead merely withdrawing momentarily before striking anew.|Your turn|Movement phase|Ordo Malleus Daemon Hunters|000000894|<b>WHEN:</b> Your Movement phase, just after a GREy KNIGHTS TERMINATOR SQUAD unit from your army Falls Back.<br><br><b>TARGET:</b> That <span class="kwb">GREY</span> <span class="kwb">KNIGHTS</span> <span class="kwb">TERMINATOR</span> <span class="kwb">SQUAD</span> unit.<br><br><b>EFFECT:</b> Until the end of the turn, your unit is eligible to shoot and declare a charge in a turn in which it Fell Back.|
AoI|RITES OF EXORCISM|000009135003|Daemon Hunters â Strategic Ploy Stratagem|1|With the correct words of abjuration and banishment, daemons can be driven out of realspace and back into the warp.|Either playerâs turn|Shooting or Fight phase|Ordo Malleus Daemon Hunters|000000894|<b>WHEN:</b> Your Shooting phase or the Fight phase.<br><br><b>TARGET:</b> One INQUISITOR, INQUISITORIAl AGENTS or ORDO MAllEUS unit from your army.<br><br><b>EFFECT:</b> Select one enemy <span class="kwb">DAEMON</span> unit within 12" and visible to your unit. That unit must take a Battle-shock test. If that test is failed, then until the end of the phase, each time a friendly AGENTS OF THE IMpERIUM unit makes an attack that targets that <span class="kwb">DAEMON</span> unit, that attack has the [DEVASTATING WOUNDS] ability.|
AoI|PSYBOLT AMMUNITION|000009135007|Daemon Hunters â Wargear Stratagem|1|Specially consecrated and silver-tipped, these bolt shells channel the firerâs innate psychic fury and detonate spectacularly on impact.|Your turn|Shooting phase|Ordo Malleus Daemon Hunters|000000894|<b>WHEN:</b> Your Shooting phase.<br><br><b>TARGET:</b> One GREy KNIGHTS TERMINATOR SQUAD unit from your army that has not been selected to shoot this phase.<br><br><b>EFFECT:</b> Until the end of the phase, ranged weapons equipped by models in your unit have the [LETHAL HITS] and [PSYCHIC] abilities.|
AoI|TRUESILVER ARMOUR|000009135005|Daemon Hunters â Wargear Stratagem|1|Grey Knights battle plate incorporates litanies of purity, strands of sanctified silver and other sacred wards, whose defences can be further empowered by ritual mantras.|Either playerâs turn|Shooting or Fight phase|Ordo Malleus Daemon Hunters|000000894|<b>WHEN:</b> Your opponentâs Shooting phase orthe Fight phase, just after an enemy unit has selected its targets.<br><br><b>TARGET:</b> One GREy KNIGHTS TERMINATOR SQUAD unit from your army that was selected as the target of one or more of the attacking unitâs attacks.<br><br><b>EFFECT:</b> Until the attacking unit has finished making its attacks, each time an attack targets your unit, worsen the Armour Penetration characteristic of that attack by 1.|
AoI|HEXAGRAMMIC WARDS|000009135006|Daemon Hunters â Wargear Stratagem|1|Ancient warding sigils inscribed in shimmering silver, these strange runic designs ward away the hostile energies of the warp.|Either playerâs turn|Shooting or Fight phase|Ordo Malleus Daemon Hunters|000000894|<b>WHEN:</b> Your opponentâs Shooting phase or the Fight phase, just after an enemy unit has selected its targets.<br><br><b>TARGET:</b> One ORDO MAllEUS unit from your army that was selected as the target of one or more of the attacking unitâs attacks.<br><br><b>EFFECT:</b> Until the end of the phase, all Psychic weapons equipped by models in the attacking unit have the [HAZARDOUS] ability.|
AoI|CLOSE-QUARTERS BARRAGE|000009139004|Imperialis Fleet â Battle Tactic Stratagem|1|Soldiers trained in shipboard warfare and chamber-by-chamber clearance know how best to focus theirfirepower during close-range firefights.|Your turn|Shooting phase|Imperialis Fleet|000000895|<b>WHEN:</b> Your Shooting phase.<br><br><b>TARGET:</b> One VOIDFARERS unit from your army.<br><br><b>EFFECT:</b> Until the end of the phase, each time a model in your unit makes a ranged attack that targets a unit within 12", improve the Strength and Armour Penetration characteristics of that attack by 1.|
AoI|SELFLESS BODYGUARD|000009139007|Imperialis Fleet â Epic Deed Stratagem|1|Loyal Imperial warriors will martyr themselves gladly to protect high-ranking Imperial agents.|Opponentâs turn|Shooting or Fight phase|Imperialis Fleet|000000895|<b>WHEN:</b> Your opponentâs Shooting phase or the Fight phase, just after an enemy unit has selected its targets.<br><br><b>TARGET:</b> One AGENTS OF THE IMpERIUM Attached unit that was selected as the target of one or more of the attacking unitâs attacks.<br><br><b>EFFECT:</b> Until the end of the phase, each time an attack with the [PRECISION] ability is allocated to a <span class="kwb">CHARACTER</span> model in your unit, if there are one or more Bodyguard models in your unit, roll one D6: on a 2+, that attack is allocated to a Bodyguard model of your choice in your unit instead.|
AoI|MASTERS OF THE VOID|000009139003|Imperialis Fleet â Epic Deed Stratagem|1|With command of the orbital engagement zone comes the ability to strike at the enemy from unexpected angles.|Your turn|Movement phase|Imperialis Fleet|000000895|WHEN: Your Movement phase.<br><br>TARGET: One VOIDFARERS CHARACTER unit from your army.<br><br>EFFECT: Until the end of the phase, each AGENTS OF THE IMpERIUM unit from your army that is arriving from Strategic Reserves this turn can be set up within your opponentâs deployment zone (all other restrictions still apply).|
AoI|VIOLENT ACQUISITION|000009139002|Imperialis Fleet â Strategic Ploy Stratagem|2|If a high-ranking Imperial agent locates something they wish to acquire, nothing will stop them from unleashing all the forces at their command to seize it.|Either playerâs turn|Shooting or Fight phase|Imperialis Fleet|000000895|<b>WHEN:</b> Your Shooting phase or the Fight phase.<br><br><b>TARGET:</b> One AGENTS OF THE IMpERIUM unit from your army.<br><br><b>EFFECT:</b> Until the end of the phase, each time a model in your unit makes an attack that targets an enemy unit within range of an objective marker, that attack has the [SUSTAINED HITS 1], [LANCE] and [IGNORES COVER] abilities.|
AoI|EMPERORâS WILL|000009139005|Imperialis Fleet â Strategic Ploy Stratagem|1|Believing theyfightforthe safety of the Golden Throne motivates warriors to exceptional deeds.|Your turn|Movement phase|Imperialis Fleet|000000895|<b>WHEN:</b> Your Movement phase.<br><br><b>TARGET:</b> One AGENTS OF THE IMpERIUM unit from your army.<br><br><b>EFFECT:</b> Until the end of the phase, your unit is eligible to shoot in a turn in which it Advanced or Fell Back.|
AoI|DISPLACER FIELD|000009139006|Imperialis Fleet â Wargear Stratagem|1|These rare protective fields perform microteleport displacements to remove their bearers from harm.|Opponentâs turn|Shooting phase|Imperialis Fleet|000000895|<b>WHEN:</b> Your opponent's Shooting phase, just after an enemy unit has selected its targets.<br><br><b>TARGET:</b> One AGENTS OF THE IMpERIUM CHARACTER unit from your army (excluding OFFICIO ASSASSINORUM units) that was selected as the target of one or more of the attacking unit's attacks.<br><br><b>EFFECT:</b> Until the end of the phase, models in your unit have a 4+ invulnerable save and, after the attacking unit has resolved its attacks, unless your unit is within Engagement Range of one or more enemy units, it can make a Normal move of up to 6" (when doing so, models in this unit move as if they have the Fly keyword).|
AoI|DUTY AND DEATH|000009370003|Interdiction Team â Battle Tactic Stratagem|1|So important are the targets of Adeptus Arbites voidship raids that the Arbitrators will not let themselves fall until they know their duty is done.|Either playerâs turn|Shooting or Fight phase|Interdiction Team|000000925|<b>WHEN:</b> Your opponentâs Shooting phase or the Fight phase, just after an enemy unit has selected its targets.<br><br><b>TARGET:</b> One ADEPTUS ARBITES unit from your army that was selected as the target of one or more of the attacking unit's attacks.<br><br><b>EFFECT:</b> Until the end of the phase, models in your unit have the Feel No Pain 4+ ability.|
AoI|CRACKDOWN|000009370002|Interdiction Team â Battle Tactic Stratagem|1|Veterans of close-quarters brutality, these warriors know how to swiftly incapacitate enemies in the close-quarters confines of voidships and the like.|Either playerâs turn|Fight phase|Interdiction Team|000000925|<b>WHEN:</b> Fight phase.<br><br><b>TARGET:</b> One ADEPTUS ARBITES unit from your army.<br><br><b>EFFECT:</b> Until the end of the phase, each time a model in your unit makes an attack, you can re-roll the Hit roll and you can re-roll the Wound roll.|
AoI|ARBITRARY EXECUTION|000009370004|Interdiction Team â Strategic Ploy Stratagem|1|Well practised in bringing down their targets with effective head shots, the Arbitrators wield their sidearms to deadly effect.|Your turn|Shooting phase|Interdiction Team|000000925|<b>WHEN:</b> Your Shooting phase.<br><br><b>TARGET:</b> One ADEPTUS ARBITES unit from your army that has not been selected to shoot this phase.<br><br><b>EFFECT:</b> Until the end of the phase, Arbites shotpistols equipped by models in your unit have an Attacks characteristic of 2 and the [LETHAL HITS] ability, and models in your unit can target enemy units that are not within Engagement Range of them (provided they are otherwise eligible targets).|
AoI|INESCAPABLE JUDGEMENT|000009370005|Interdiction Team â Strategic Ploy Stratagem|1|Attempting to flee from the implacable Arbitrators and their ferocious cybercanids only exposes the foe to a swift and brutal end.|Opponentâs turn|Movement phase|Interdiction Team|000000925|<b>WHEN:</b> Your opponent's Movement phase, just after an enemy unit is selected to Fall Back.<br><br><b>TARGET:</b> One ADEPTUS ARBITES unit from your army within Engagement Range of that enemy unit.<br><br><b>EFFECT:</b> Until the end of the phase, when that enemy unit Falls Back, models in it must take Desperate Escape tests as if their unit was Battle-shocked. When doing so, if that enemy unit is also Battle-shocked by other means, subtract 1 from each of those Desperate Escape tests.|
AoI|DISPENSE JUSTICE|000009131003|Purgation Force â Battle Tactic Stratagem|1|Agents of the Ordo Hereticus are unmerciful in meting out what they see as the Emperor's justice.|Either playerâs turn|Shooting or Fight phase|Ordo Hereticus Purgation Force|000000893|<b>WHEN:</b> Your Shooting phase or the Fight phase.<br><br><b>TARGET:</b> One ADEpTUS ARbITES, INQUISITORIAl AGENTS or ORDO HERETICUS unit from your army that has not been selected to shoot or fight this phase.<br><br><b>EFFECT:</b> Until the end of the phase, weapons equipped by models in your unit have the [LETHAL HITS] ability.|
AoI|EXECUTION ORDER|000009131005|Purgation Force â Epic Deed Stratagem|2|There can be no mercy for heretic leaders.|Your turn|Command phase|Ordo Hereticus Purgation Force|000000893|<b>WHEN:</b> Your Command phase.<br><br><b>TARGET:</b> One ADEpTUS ARbITES, INQUISITORIAl AGENTS or ORDO HERETICUS INFANTRy unit from your army.<br><br><b>EFFECT:</b> Select one enemy <span class="kwb">CHARACTER</span> unit on the battlefield. Until the start of your next Command phase, each time a model in your unit targets that <span class="kwb">CHARACTER</span> unit, its weapons have the [PRECISION] ability.|
AoI|LINE OF FIRE|000009131006|Purgation Force â Strategic Ploy Stratagem|1|These ruthless warriors will risk firing into their own ranks if it ensures the deaths of heretics.|Your turn|Shooting phase|Ordo Hereticus Purgation Force|000000893|<b>WHEN:</b> Your Shooting phase.<br><br><b>TARGET:</b> One ADEpTUS ARbITES, INQUISITORIAl AGENTS or ORDO HERETICUS unit from your army that has not been selected to shoot this phase.<br><br><b>EFFECT:</b> Until the end of the phase, models in your unit can target enemy units that are within Engagement Range of one or more friendly units with ranged weapons (excluding Blast weapons), provided the target is within 12".|
AoI|EXACT PUNISHMENT|000009131007|Purgation Force â Strategic Ploy Stratagem|1|Vengeance is swift and unforgiving for those who attack the servants of the Emperor.|Opponentâs turn|Shooting phase|Ordo Hereticus Purgation Force|000000893|<b>WHEN:</b> Your opponentâs Shooting phase, just after an AGENTS OF THE IMpERIUM unit from your army is destroyed as the result of an enemy unit's attacks.<br><br><b>TARGET:</b> One ADEpTUS ARbITES, INQUISITORIAl AGENTS or ORDO HERETICUS unit from your army that was within 6" of the destroyed unit (you cannot target the destroyed unit with the Stratagem).<br><br><b>EFFECT:</b> After the attacking unit has shot, your unit can shoot as if it were your Shooting phase, but when resolving those attacks it can only target that enemy unit (and only if it is an eligible target).|
AoI|INVIOLATE JURISDICTION|000009131004|Purgation Force â Strategic Ploy Stratagem|1|These warriors defend the sanctity of the Emperor's realm with unwavering determination, no matter the odds stacked against them.|Either playerâs turn|Shooting or Fight phase|Ordo Hereticus Purgation Force|000000893|<b>WHEN:</b> Your opponentâs Shooting phase or the Fight phase, just after an enemy unit has selected its targets.<br><br><b>TARGET:</b> One ADEpTUS ARbITES, INQUISITORIAl AGENTS or ORDO HERETICUS INFANTRy unit from your army within range of an objective marker and that was selected as the target of one or more of the attacking unitâs attacks.<br><br><b>EFFECT:</b> Until the end of the phase, models in your unit have the Feel No Pain 5+ ability.|
AoI|STUN GRENADES|000009131002|Purgation Force â Wargear Stratagem|1|Emitting blasts of light, sound and blinding smoke, these devices disorient the foe.|Either playerâs turn|Any phase|Ordo Hereticus Purgation Force|000000893|<b>WHEN:</b> Start of any phase (excluding the Command phase).<br><br><b>TARGET:</b> One ADEpTUS ARbITES, INQUISITORIAl AGENTS or ORDO HERETICUS GRENADES unit from your army that is not within Engagement Range of one or more enemy units.<br><br><b>EFFECT:</b> Select one enemy unit (excluding <span class="kwb">MONSTERS</span> or <span class="kwb">VEHICLES</span>) within 8" of and visible to your unit. That enemy unit must take a Battle-shock test and, until the end of the phase, each time a model in that unit makes an attack, subtract 1 from the Hit roll.|
AoI|HYPERSTIMMS|000009758003|Veiled Blade Elimination Force â Battle Tactic Stratagem|2|Unenhanced mortal bodies are routinely â and unknowingly â dosed with experimental stimulant cocktails that serve to reinforce their resilience, at least in the short term.|Either playerâs turn|Shooting or Fight phase|Veiled Blade Elimination Force|000000987|<b>WHEN:</b> Your opponentâs Shooting phase or the Fight phase, just after an enemy unit has selected its targets.<br><br><b>TARGET:</b> One Agents of the Imperium Character unit from your army that was selected as the target of one or more of the attacking unitâs attacks.<br><br><b>EFFECT:</b> Until the end of the phase, add 1 to the Toughness characteristic of models in your unit. In addition, if it is an Eversor Assassin unit, until the end of the phase, it has the Feel No Pain 4+ ability.|
AoI|PRIME TARGET|000009758002|Veiled Blade Elimination Force â Battle Tactic Stratagem|1|A primary target has been revealed. All efforts must be made to ensure the kill.|Either playerâs turn|Shooting or Fight phase|Veiled Blade Elimination Force|000000987|<b>WHEN:</b> Your Shooting phase or the Fight phase.<br><br><b>TARGET:</b> One Agents of the Imperium unit from your army that has not been selected to shoot or fight this phase.<br><br><b>EFFECT:</b> Until the end of the phase, each time a model in your unit makes an attack that targets a <span class="kwb">CHARACTER</span> unit, re-roll a Wound roll of 1. If that attack is made by an Officio Assassinorum model and it targets the enemy <span class="kwb">WARLORD</span>, you can re-roll the Wound roll instead.|
AoI|BLIND GRENADES|000009758006|Veiled Blade Elimination Force â Strategic Ploy Stratagem|1|These grenades release thick black smoke and broad-spectrum electromagnetic chaff that disrupt vision and foul augury equipment upon detonating.|Opponentâs turn|Charge phase|Veiled Blade Elimination Force|000000987|<b>WHEN:</b> Your opponentâs Charge phase, just after an enemy unit has declared a charge.<br><br><b>TARGET:</b> One Agents of the Imperium Grenades or Vindicare Assassin unit from your army that was selected as one of the targets of that charge and is not within Engagement Range of one or more enemy units.<br><br><b>EFFECT:</b> Until the end of the phase, subtract 1 from Charge rolls made for that enemy unit, or, if your unit is a <span class="kwb">VINDICARE</span> <span class="kwb">ASSASSIN</span>, subtract 2 from Charge rolls made for that enemy unit instead.|
AoI|ORBITAL OVERSIGHT|000009758005|Veiled Blade Elimination Force â Strategic Ploy Stratagem|1|Aided by orbiting assets, when the assault begins, voidships flood communication networks with jamming frequencies, fire screening bombardments and otherwise mask the agentsâ approach.|Opponentâs turn|Shooting phase|Veiled Blade Elimination Force|000000987|<b>WHEN:</b> Your opponentâs Shooting phase, just after an enemy unit has selected its targets.<br><br><b>TARGET:</b> One Agents of the Imperium Infantry unit from your army that was selected as the target of one or more of the attacking unitâs attacks.<br><br><b>EFFECT:</b> Until the end of the phase, your unit can only be selected as the target of a ranged attack if the attacking model is within 18", or, if your unit has the Lone Operative ability, if the attacking model is within 6".|
AoI|WILLâSAPPING SALVO|000009758004|Veiled Blade Elimination Force â Strategic Ploy Stratagem|1|Aiming concentrated volleys of fire toward an exceptionally resilient foe, these agents erode the will of their target, increasing their vulnerability to the concentrated psychic onslaughts of the Culexus Assassinâs animus speculum.|Your turn|Shooting phase|Veiled Blade Elimination Force|000000987|<b>WHEN:</b> Your Shooting phase.<br><br><b>TARGET:</b> One Agents of the Imperium Infantry unit from your army that has not been selected to shoot this phase.<br><br><b>EFFECT:</b> Until the end of the phase, ranged weapons equipped by models in your unit have the [SUSTAINED HITS 1] ability. In addition, if it is a Culexus Assassin unit, until the end of the phase, change the Damage characteristic of ranged weapons equipped by models in your unit to 3.|
AoI|ENSNARING TRAP|000009758007|Veiled Blade Elimination Force â Strategic Ploy Stratagem|1|The eyes of the Officio Assassinorum are everywhere. As the foe turns to flee, the noose tightens, agents already forewarned of enemy movements and moving swiftly to cut off all avenues of retreat.|Opponentâs turn|Charge phase|Veiled Blade Elimination Force|000000987|<b>WHEN:</b> End of your opponentâs Charge phase.<br><br><b>TARGET:</b> One Agents of the Imperium Infantry unit from your army that is within 6" of one or more enemy units and would be eligible to declare a charge against one or more of those enemy units.<br><br><b>EFFECT:</b> Your unit can declare a charge. When doing so, you must select one or more of those enemy units as the targets of that charge, and your unit does not receive a Charge bonus this turn. In addition, if it is a Callidus Assassin unit and it makes a Charge move as a result of this Stratagem, until the end of the turn, each time a model in your unit makes a melee attack, add 1 to the Wound roll.|
AoI|BREACH AND CLEAR|000009361002|Voidshipâs Company â Battle Tactic Stratagem|1|Naval armsmen of every stripe train extensively in the tactics of chamber-by-chamber combat, clearing one space of foes before pressing on to the next.|Your turn|Movement phase|Voidshipâs Company|000000924|<b>WHEN:</b> Your Movement phase, just after an IMPERIAL NAvY BREAcHERS unit from yourarmy opens a Hatchway.<br><br><b>TARGET:</b> That <span class="kwb">IMPERIAL</span> <span class="kwb">NAVY</span> <span class="kwb">BREACHERS</span> unit.<br><br><b>EFFECT:</b> Until the end of the turn, each time a model in your unit makes an attack, if that model is on the opposite side of the Hatchway from the side it started the turn on, add 1 to the Hit roll and add 1 to the Wound roll.|
AoI|AMMO RATIONS|000009361003|Voidshipâs Company â Battle Tactic Stratagem|1|Many Navis officers carry limited quantities of specialist ammunition such as hellfire or manstopper rounds, to be issued to their squads in the face of especially formidable opposition.|Your turn|Shooting phase|Voidshipâs Company|000000924|<b>WHEN:</b> Start of your Shooting phase.<br><br><b>TARGET:</b> One or more VOIDfARERS units from your army.<br><br><b>EFFECT:</b> Select one enemy unit. Until the end of the phase, each time a model in one of your units makes an attack that targets that enemy unit, improve the Armour Penetration characteristic of that attack by 1.|
AoI|BOARDING DRILL|000009361004|Voidshipâs Company â Strategic Ploy Stratagem|1|Exhaustively trained in the strategy and tactics of shipboard warfare, these warriors never miss an opportunity to seize the advantage over their foes.|Your turn|Shooting phase|Voidshipâs Company|000000924|<b>WHEN:</b> Start of your Shooting phase.<br><br><b>TARGET:</b> One VOIDfARERS unit from your army.<br><br><b>EFFECT:</b> Until the end of the phase, your unit is eligible to shoot or perform a Tactical Manoeuvre in a turn in which it Fell Back.|
AoI|SHIPâS WATCH|000009361005|Voidshipâs Company â Strategic Ploy Stratagem|1|The Navis Imperialis prides itself on the ironclad discipline and keen watchfulness of its warriors.|Opponentâs turn|Movement or Charge phase|Voidshipâs Company|000000924|<b>WHEN:</b> Your opponent's Movement or Charge phase.<br><br><b>TARGET:</b> Up to two VOIDSMEN-AT-ARMS units from your army that have not fired Overwatch this phase.<br><br><b>EFFECT:</b> Until the end of the phase, each time a model in one of your units makes an attack while firing Overwatch, an unmodified Hit roll of 5+ is required to score a hit, instead of an unmodified 6. When doing so, models in your units can ignore other models in their unit for the purposes of visibility, and each time a model in one of your units makes an attack, if that unit contains a Canid model, a successful unmodified Hit roll of 5+ scores a Critical Hit.|
AS|SHIELD OF FAITH|000009038002|Army of Faith â Battle Tactic Stratagem|1|There is no armour as resilient as conviction itself.|Either playerâs turn|Any phase|Army of Faith|000000880|<b>WHEN:</b> Any phase, just after an <span class="kwb">ADEPTA</span> <span class="kwb">SORORITAS</span> unit from your army suffers a mortal wound.<br><br><b>TARGET:</b> That <span class="kwb">ADEPTA</span> <span class="kwb">SORORITAS</span> unit, or one friendly ADEPTA SORORITAS JUMP PACK unit within 3" of it.<br><br><b>EFFECT:</b> Until the end of the phase, models in your unit have the Feel No Pain 5+ ability against mortal wounds. If you targeted an <span class="kwb">ADEPTA</span> <span class="kwb">SORORITAS</span> <span class="kwb">JUMP</span> <span class="kwb">PACK</span> unit from your army with this Stratagem, then until the end of the phase, while a friendly <span class="kwb">ADEPTA</span> <span class="kwb">SORORITAS</span> unit is unit is within 3" of your unit, models in that unit have the Feel No Pain 5+ ability against mortal wounds.|
AS|DIVINE GUIDANCE|000009038006|Army of Faith â Battle Tactic Stratagem|1|With miraculous precision, the blows of the Sisters of Battle strike the weak points of enemy armour.|Either playerâs turn|Shooting or Fight phase|Army of Faith|000000880|<b>WHEN:</b> Your Shooting phase or the Fight phase.<br><br><b>TARGET:</b> That <span class="kwb">ADEPTA</span> <span class="kwb">SORORITAS</span> unit from your army that has not been selected to shoot or fight this phase.<br><br><b>EFFECT:</b> Until the end of the phase, each time a model in your unit makes an attack, improve the Armour Penetration characteristic of that attack by 1. If one or more enemy models are destroyed as the result of any of those attacks, you gain 1 Miracle dice.|
AS|FAITH AND FURY|000009038004|Army of Faith â Battle Tactic Stratagem|1|The righteous zeal of the Sisters of Battle burns bright as they charge towards their foes.|Either playerâs turn|Fight phase|Army of Faith|000000880|<b>WHEN:</b> Fight phase.<br><br><b>TARGET:</b> One <span class="kwb">ADEPTA</span> <span class="kwb">SORORITAS</span> unit from your army that has not been selected to fight this phase.<br><br><b>EFFECT:</b> Until the end of the phase, melee weapons equipped by models in your unit have the [LANCE] ability. If one or more enemy models are destroyed as the result of your unit's attacks this phase, you gain 1 Miracle dice.|
AS|LIGHT OF THE EMPEROR|000009038003|Army of Faith â Battle Tactic Stratagem|1|The Emperorâs radiance shines upon his warriors, magnifying their purity in their darkest hour.|Either playerâs turn|Command phase|Army of Faith|000000880|<b>WHEN:</b> Command phase.<br><br><b>TARGET:</b> One <span class="kwb">ADEPTA</span> <span class="kwb">SORORITAS</span> unit from your army.<br><br><b>EFFECT:</b> Until the end of the turn, your unit is blessed. While a unit is blessed, it can ignore any or all modifiers to the following: the profile characteristics of its models; the Weapon Skill or Ballistic Skill characteristics of weapons equipped by its models; any roll or test made for it (excluding modifiers to saving throws). If your unit has the JUMP PACK keyword, until the end of the turn, while a friendly <span class="kwb">ADEPTA</span> <span class="kwb">SORORITAS</span> unit is within 3" of your unit, that friendly unit is also blessed.|
AS|BLINDING RADIANCE|000009038005|Army of Faith â Strategic Ploy Stratagem|1|The Emperor's divinity manifests in golden halos, blinding the enemy with radiant light.|Either playerâs turn|Shooting or Fight phase|Army of Faith|000000880|<b>WHEN:</b> Your opponent's Shooting phase or the Fight phase, just after an enemy unit has selected its targets.<br><br><b>TARGET:</b> One <span class="kwb">ADEPTA</span> <span class="kwb">SORORITAS</span> unit from your army that was selected as the target of one or more of the attacking unit's attacks, or one friendly ADEPTA SORORITAS JUMP PACK unit within 3" of such a unit.<br><br><b>EFFECT:</b> Until the end of the phase, each time an attack targets your unit, subtract 1 from the Hit roll. If you targeted an <span class="kwb">ADEPTA</span> <span class="kwb">SORORITAS</span> <span class="kwb">JUMP</span> <span class="kwb">PACK</span> unit from your army with this Stratagem, then until the end of the phase, while a friendly <span class="kwb">ADEPTA</span> <span class="kwb">SORORITAS</span> unit is unit is within 3" of your unit, each time an attack targets that unit, subtract 1 from the Hit roll.|
AS|ANGELIC DESCENT|000009038007|Army of Faith â Strategic Ploy Stratagem|1|On wings of fire do the angelic warriors of the Orders Militant descent to battle.|Opponentâs turn|Fight phase|Army of Faith|000000880|<b>WHEN:</b> End of your opponentâs Fight phase.<br><br><b>TARGET:</b> One ADEPTA SORORITAS JUMP PACK unit from your army.<br><br><b>EFFECT:</b> Remove your unit from the battlefield and place it into Strategic Reserves.<br><br><b>RESTRICTIONS:</b> You cannot select a unit that is within Engagement Range of one or more enemy units.|
AS|BLAZING IRE|000009034007|Bringers of Flame â Battle Tactic Stratagem|2|The transpans of the Adepta Sororitas are mobile shrines. The Sisters within this vehicle recite psalms of righteous hatred and destruction before emerging to obliterate their foes|Opponentâs turn|Shooting phase|Bringers of Flame|000000879|<b>WHEN:</b> Your opponentâs Shooting phase, just after an enemy unit has shot.<br><br><b>TARGET:</b> One ADEPTA SORORITAS TRANSPORT unit from your army that was selected as the target of one or more of the attacking unit's attacks.<br><br><b>EFFECT:</b> One unit embarked within your <span class="kwb">TRANSPORT</span> can disembark as if it were your Movement phase, and can then shoot as if it were your Shooting phase, but must target only that enemy unit when doing so, and can only do so if that enemy unit is an eligible target.|
AS|CLEANSING FLAMES|000009034005|Bringers of Flame â Battle Tactic Stratagem|2|Burn the mutant. Burn the heretic. Burn the witch.|Your turn|Shooting phase|Bringers of Flame|000000879|<b>WHEN:</b> Your Shooting phase.<br><br><b>TARGET:</b> One <span class="kwb">ADEPTA</span> <span class="kwb">SORORITAS</span> unit from your army that has not been selected to shoot this phase.<br><br><b>EFFECT:</b> Until the end of the phase, Torrent weapons equipped by models in your unit have the [DEVASTATING WOUNDS] ability|
AS|RIGHTEOUS BLOWS|000009034003|Bringers of Flame â Battle Tactic Stratagem|1|As the faithful strike their foes in righteous anger, they feel the Emperor's hand adding strength to their blows.|Either playerâs turn|Fight phase|Bringers of Flame|000000879|<b>WHEN:</b> Fight phase.<br><br><b>TARGET:</b> One <span class="kwb">ADEPTA</span> <span class="kwb">SORORITAS</span> unit from your army that has not been selected to fight this phase.<br><br><b>EFFECT:</b> Until the end of the phase, melee weapons equipped by models in your unit have the [LETHAL HITS] ability. If one or more enemy models are destroyed as the result of attacks made by those weapons this phase, select one of those destroyed models; that destroyed modelâs unit must take a Battle-shock test.|
AS|SHIELD OF AVERSION|000009034002|Bringers of Flame â Battle Tactic Stratagem|1|The Sisters of Battle gird themselves with the strength of their faith. It is a shield of repulsion that rejects the heretical cunning of their enemies.|Either playerâs turn|Shooting or Fight phase|Bringers of Flame|000000879|<b>WHEN:</b> Your opponentâs Shooting phase or the Fight phase, just after an enemy unit has selected its targets.<br><br><b>TARGET:</b> One <span class="kwb">ADEPTA</span> <span class="kwb">SORORITAS</span> unit from your army that was selected as the target of one or more of the attacking unitâs attacks.<br><br><b>EFFECT:</b> Until the attacking unit has finished making its attacks, each time an attack targets your unit, worsen the Armour Penetration characteristic of that attack by 1.|
AS|RITES OF FIRE|000009034006|Bringers of Flame â Battle Tactic Stratagem|1|At close range, the Adepta Sororitas unleash the full devastating potential of their blessed weapons.|Your turn|Shooting phase|Bringers of Flame|000000879|<b>WHEN:</b> Your Shooting phase.<br><br><b>TARGET:</b> One <span class="kwb">ADEPTA</span> <span class="kwb">SORORITAS</span> unit from your army that disembarked from a TRANSPORT this turn and has not been selected to shoot this phase.<br><br><b>EFFECT:</b> Until the end of the phase, each time a model in your unit makes a ranged attack that targets an enemy unit within 6" that is also within range of an objective marker, add 1 to the Wound roll. If one or more enemy models are destroyed as the result of those attacks, select one of those destroyed models; that destroyed modelâs unit must take a Battle-shock test.|
AS|CARRY FORTH THE FAITHFUL|000009034004|Bringers of Flame â Strategic Ploy Stratagem|1|Congregated within a transport, the Battle Sisters recite bellowing prayers so that the whole vehicle echoes to furious piety.|Your turn|Movement phase|Bringers of Flame|000000879|<b>WHEN:</b> Your Movement phase, just before an ADEPTA SORORITAS TRANSPORT model from your army Advances.<br><br><b>TARGET:</b> That <span class="kwb">ADEPTA</span> <span class="kwb">SORORITAS</span> <span class="kwb">TRANSPORT</span> model.<br><br><b>EFFECT:</b> Until the end of the turn, you can re-roll Advance rolls made for your <span class="kwb">TRANSPORT</span>, and units can disembark from your <span class="kwb">TRANSPORT</span> even though it Advanced. Units that do so count as having made a Normal move, and cannot declare a charge this turn|
AS|TO THE HEART OF HERESY|000009832004|Champions of Faith â Battle Tactic Stratagem|1|Seizing their moment to drive like a burning blade through the enemy lines and complete their holy mission, these faithful strike with unstoppable might.|Either playerâs turn|Fight phase|Champions of Faith|000001003|<b>WHEN:</b> Fight phase.<br><br><b>TARGET:</b> One <span class="kwb">ADEPTA</span> <span class="kwb">SORORITAS</span> unit from your army that has not been selected to fight this phase.<br><br><b>EFFECT:</b> Until the end of the turn, improve the Strength characteristic of melee weapons equipped by models in your unit by 1. If your unit is Righteous, until the end of the phase, improve the Armour Penetration characteristic of melee weapons equipped by models in your unit by 1 as well.|
AS|BASTION OF FAITH|000009832006|Champions of Faith â Battle Tactic Stratagem|1|Unified in their inviolate dedication to fulfil their oaths to Him on the Throne, the Orderâs elite form a rampart of ceramite and unyielding faith to throw back the desperate blows of the foe. |Either playerâs turn|Fight phase|Champions of Faith|000001003|<b>WHEN:</b> Fight phase, just after an enemy unit has selected its targets.<br><br><b>TARGET:</b> One Celestian Sacresants unit that was selected as the target of one or more of the attacking unitâs attacks.<br><br><b>EFFECT:</b> Until the end of the phase, each time an attack targets your unit, subtract 1 from the Hit roll. In addition, if your unit is Righteous, you can select one other <span class="kwb">CELESTIAN</span> <span class="kwb">SACRESANTS</span> unit from your army that is not Battle-shocked and is within 6" of your unit. Until the end of the phase, each time an attack targets that <span class="kwb">CELESTIAN</span> <span class="kwb">SACRESANTS</span> unit, subtract 1 from the Hit roll as well.|
AS|PATH OF THE RIGHTEOUS|000009832005|Champions of Faith â Battle Tactic Stratagem|1|When exemplars of the Imperial Creed stride to do the God-Emperorâs will, little can slow their sacred procession.|Either playerâs turn|Fight phase|Champions of Faith|000001003|<b>WHEN:</b> Fight phase.<br><br><b>TARGET:</b> One <span class="kwb">ADEPTA</span> <span class="kwb">SORORITAS</span> unit from your army that has not been selected to fight this phase.<br><br><b>EFFECT:</b> Until the end of the turn, each time a model in your unit makes a Pile-in or Consolidation move, it can move up to 6" instead of up to 3". When doing so, if your unit is Righteous, it does not need to end that move closer to the closest enemy model, provided it ends that move as close as possible to the closest enemy unit.|
AS|SHIELD OF DENIAL|000009832002|Champions of Faith â Battle Tactic Stratagem|1|With so singular and fanatical a purpose, the Adepta Sororitas can will their injuries away, at least until the fight is done.|Either playerâs turn|Any phase|Champions of Faith|000001003|<b>WHEN:</b> Any phase, just after a mortal wound is allocated to an <span class="kwb">ADEPTA</span> <span class="kwb">SORORITAS</span> unit from your army.<br><br><b>TARGET:</b> That <span class="kwb">ADEPTA</span> <span class="kwb">SORORITAS</span> unit.<br><br><b>EFFECT:</b> Until the end of the phase, models in your unit have the Feel No Pain 6+ ability against mortal wounds. If your unit is Righteous, until the end of the phase, models in your unit have the Feel No Pain 5+ ability against mortal wounds instead.|
AS|SUFFER NOT THE UNFAITHFUL|000009832003|Champions of Faith â Strategic Ploy Stratagem|1|No unclean foe can be permitted to stand between the God-Emperorâs sworn champions and their oathed duty. They must be struck down with unmerciful fury.|Either playerâs turn|Shooting or Fight phase|Champions of Faith|000001003|<b>WHEN:</b> Your Shooting phase or the Fight phase.<br><br><b>TARGET:</b> One <span class="kwb">ADEPTA</span> <span class="kwb">SORORITAS</span> unit from your army that is Righteous and that has not been selected to shoot or fight this phase.<br><br><b>EFFECT:</b> Select either the [LETHAL HITS] or [SUSTAINED HITS 1] ability. Until the end of the phase, weapons equipped by models in your unit have the selected ability.|
AS|INDEFATIGABLE DEDICATION|000009832007|Champions of Faith â Strategic Ploy Stratagem|1|Such champions of the God-Emperor never stop fighting or striving for victory, transforming momentary retreats into another opportunity to purge the unclean and press on to their objective.|Your turn|Movement phase|Champions of Faith|000001003|<b>WHEN:</b> Your Movement phase, just after an <span class="kwb">ADEPTA</span> <span class="kwb">SORORITAS</span> unit from your army Falls Back.<br><br><b>TARGET:</b> That <span class="kwb">ADEPTA</span> <span class="kwb">SORORITAS</span> unit.<br><br><b>EFFECT:</b> Until the end of the turn, your unit is eligible to shoot in a turn in which it Fell Back. If your unit is Righteous, until the end of the turn, your unit is eligible to shoot and declare a charge in a turn in which it Fell Back instead.|
AS|RIGHTEOUS VENGEANCE|000008469004|Hallowed Martyrs â Battle Tactic Stratagem|1|With the Emperor's light upon them, the righteous vengeance of the Sisters af Battle burns brighter.|Either playerâs turn|Fight phase|Hallowed Martyrs|000000791|<b>WHEN:</b> Fight phase.<br><br><b>TARGET:</b> One <span class="kwb">ADEPTA</span> <span class="kwb">SORORITAS</span> unit from your army that has not been selected to fight this phase.<br><br><b>EFFECT:</b> Until the end of the phase, each time a model in your unit makes a melee attack, you can re-roll the Hit roll and, if your unit is Below Half-strength, you can re-roll the Wound roll as well.|
AS|DIVINE INTERVENTION|000008469002|Hallowed Martyrs â Epic Deed Stratagem|1|The pious believe that, in their moment of greatest need, the Emperor protects.|Either playerâs turn|Any phase|Hallowed Martyrs|000000791|<b>WHEN:</b> Any phase.<br><br><b>TARGET:</b> One Adepta Sororitas Character unit from your army that was just destroyed. You can use this Stratagem on that unit even though it was just destroyed.<br><br><b>EFFECT:</b> You can discard 1-3 Miracle dice. At the end of the phase, set the last destroyed model from your unit back up on the battlefield, as close as possible to where it was destroyed and not within Engagement Range of any enemy models. Roll one D3, adding 1 to the result for each Miracle dice you discarded. That model is set back up with that number of wounds remaining (up to its starting number of wounds).<br><br><b>RESTRICTIONS:</b> You cannot select Saint Celestine as the target of this Stratagem. You cannot select the same <span class="kwb">CHARACTER</span> as the target of this Stratagem more than once per battle. |
AS|SUFFERING AND SACRIFICE|000008469003|Hallowed Martyrs â Strategic Ploy Stratagem|1|Suffering is a staple prayer for the Adepta Sororitas, and a martyrâs fate only brings greater glory to the God-Emperor.|Either playerâs turn|Fight phase|Hallowed Martyrs|000000791|<b>WHEN:</b> Start of the Fight phase.<br><br><b>TARGET:</b> One Adepta Sororitas Infantry or Adepta Sororitas Walker unit from your army.<br><br><b>EFFECT:</b> Until the end of the phase, each time an enemy model within Engagement Range of your unit selects its targets, it must select your unit as the target of its attacks.|
AS|PRAISE THE FALLEN|000008469007|Hallowed Martyrs â Strategic Ploy Stratagem|1|The death of a Battle Sister only stirs the survivors to fight harder to exact swift vengeance.|Opponentâs turn|Shooting phase|Hallowed Martyrs|000000791|<b>WHEN:</b> Your opponentâs Shooting phase, just after an enemy unit has shot.<br><br><b>TARGET:</b> One <span class="kwb">ADEPTA</span> <span class="kwb">SORORITAS</span> unit from your army that had one or more of its models destroyed as a result of the attacking unitâs attacks.<br><br><b>EFFECT:</b> Your unit can shoot as if it were your Shooting phase, but it must target only that enemy unit when doing so, and can only do so if that enemy unit is an eligible target.|
AS|SPIRIT OF THE MARTYR|000008469006|Hallowed Martyrs â Strategic Ploy Stratagem|2|Even with their dying act, the Sororitas mete out the Emperorâs judgement.|Either playerâs turn|Fight phase|Hallowed Martyrs|000000791|<b>WHEN:</b> Fight phase, just after an enemy unit has selected its targets.<br><br><b>TARGET:</b> One <span class="kwb">ADEPTA</span> <span class="kwb">SORORITAS</span> unit from your army that was selected as the target of one or more of the attacking unitâs attacks.<br><br><b>EFFECT:</b> Until the end of the phase, each time a model in your unit is destroyed, if that model has not fought this phase, do not remove it from play. The destroyed model can fight after the attacking unit has finished making its attacks, and is then removed from play.|
AS|SANCTIFIED IMMOLATION|000008469005|Hallowed Martyrs â Strategic Ploy Stratagem|1|The enemy must perish, even if we perish with them. The enemy must burn, even if we burn with them.|Either playerâs turn|Any phase|Hallowed Martyrs|000000791|<b>WHEN:</b> Any phase.<br><br><b>TARGET:</b> One ADEPTA SORORITAS VEHICLE model from your army with the Deadly Demise ability that was just destroyed. You can use this Stratagem on that model even though It was just destroyed.<br><br><b>EFFECT:</b> Do not roll one D6 to determine whether mortal wounds are inflicted by your model's Deadly Demise ability. Instead, mortal wounds are automatically inflicted.|
AS|PURITY OF SUFFERING|000009030003|Penitent Host â Battle Tactic Stratagem|1|Suffering is the penance by which the faithful affirm their devotions. To shore in the agonies suffered by the God-Emperor and his saints without embracing death is the mark of fidelity to the Imperial Creed.|Either playerâs turn|Shooting or Fight phase|Penitent Host|000000878|<b>WHEN:</b> Your opponent's Shooting phase or the Fight phase, just after an enemy unit has selected its targets.<br><br><b>TARGET:</b> One PENITENT unit from your army that was selected as the target of one or more of the attacking unit's attacks.<br><br><b>EFFECT:</b> Until the end of the phase, PENITENT models in your unit have the Feel No Pain 4+ ability.|
AS|PASSION OF THE PENITENT|000009030004|Penitent Host â Battle Tactic Stratagem|1|The penitent are full of a burning passion to inflict suffering upon the faithless.|Either playerâs turn|Fight phase|Penitent Host|000000878|<b>WHEN:</b> Fight phase.<br><br><b>TARGET:</b> One PENITENT unit from your army that has not been selected to fight this phase.<br><br><b>EFFECT:</b> Until the end of the phase, each time a <span class="kwb">PENITENT</span> model in your unit makes a melee attack, a successful unmodified Hit roll of 5+ scores a Critical Hit.|
AS|LASH OF GUILT|000009030005|Penitent Host â Battle Tactic Stratagem|1|Agony and guilt drive these sinners forward. Only by meeting the enemy in combat may they find repentance or, Jailing that, the comfort of death.|Your turn|Movement phase|Penitent Host|000000878|<b>WHEN:</b> Your Movement phase, just before a PENITENT unit from your army Advances.<br><br><b>TARGET:</b> That <span class="kwb">PENITENT</span> unit.<br><br><b>EFFECT:</b> Until the end of the turn, your unit is eligible to declare a charge in a turn in which it Advanced. If your unit has the PENITENT ENGINES keyword, do not make an Advance roll for it; instead, until the end of the phase, add 6" to the Move characteristic of models in your unit.|
AS|FINAL REDEMPTION|000009030002|Penitent Host â Epic Deed Stratagem|1|Those seeking absolution in the eyes of the Emperor will gladly give their last drop of blood to defy his enemies.|Either playerâs turn|Any phase|Penitent Host|000000878|<b>WHEN:</b> Any phase.<br><br><b>TARGET:</b> One PENITENT unit from your army that was just destroyed while it was within range of an objective marker you controlled. You can use this Stratagem on that unit even though it was just destroyed.<br><br><b>EFFECT:</b> That objective marker remains under your control, even if you have no models within range of it, until your opponent controls it at the start or end of any turn.|
AS|DEVOUT FANATICISM|000009030007|Penitent Host â Strategic Ploy Stratagem|1|The God-Emperor's faithful followers, heedless of incoming fire, leap forth to deliver his furious judgement in the press of melee|Opponentâs turn|Shooting phase|Penitent Host|000000878|<b>WHEN:</b> Your opponentâs Shooting phase, just after an enemy unit has shot.<br><br><b>TARGET:</b> One PENITENT unit from your army that was selected as the target as one or more of the attacking unitâs attacks.<br><br><b>EFFECT:</b> Roll one D6: your unit can be moved a distance in inches up to the result, but it must end that move as close as possible to the closest enemy unit (excluding <span class="kwb">AIRCRAFT</span>). When doing so, models in your unit can be moved within Engagement Range of enemy units.|
AS|BOUNDLESS ZEAL|000009030006|Penitent Host â Strategic Ploy Stratagem|1|The urge to absolve their sins and destroy the enemy drives the penitents to push their tortured bodies beyond their mortal limits.|Your turn|Movement phase|Penitent Host|000000878|<b>WHEN:</b> Your Movement phase, just after an <span class="kwb">ADEPTA</span> <span class="kwb">SORORITAS</span> unit from your army Falls Back.<br><br><b>TARGET:</b> That <span class="kwb">ADEPTA</span> <span class="kwb">SORORITAS</span> unit.<br><br><b>EFFECT:</b> Until the end of the turn, your unit is eligible to shoot or declare a charge in a turn in which it Fell Back. If your unit has the PENITENT keyword, it is eligible to shoot and declare a charge in a turn in which it Fell Back instead.|
AS|SLICK WITH GORE|000009317002|Penitents and Pilgrims â Battle Tactic Stratagem|1|With chainsword and fist these warriors cut through the enemy until their bodies are coated in viscera and the foe quail before their bloody advance.|Either playerâs turn|Fight phase|Penitents and Pilgrims|000000917|<b>WHEN:</b> Fight phase, just after an <span class="kwb">ADEPTA</span> <span class="kwb">SORORITAS</span> unit from your army destroys an enemy unit.<br><br><b>TARGET:</b> That <span class="kwb">ADEPTA</span> <span class="kwb">SORORITAS</span> unit.<br><br><b>EFFECT:</b> Until the end of the battle, your unit is slick with gore. In the Battle-shock step of your opponent's Command phase, if an enemy unit that is below its Starting Strength is within 6" of and visible to a unit from your army that is slick with gore, that enemy unit must take a Battle-shock test. If that enemy unit is also Below Half-strength, subtract 1 from that test. This cannot cause a unit to take two Battle-shock tests in the same phase.<br><br><b>RESTRICTIONS:</b> You cannot use this Stratagem while a unit from your army that is slick with gore is on the battlefield.|
AS|CONTEMPT FOR DEATH|000009317003|Penitents and Pilgrims â Battle Tactic Stratagem|1|The desire for absolution lends the penitent hosts unnatural resilience in the face of superior foes.|Either playerâs turn|Shooting or Fight phase|Penitents and Pilgrims|000000917|<b>WHEN:</b> Your opponentâs Shooting phase or the Fight phase, just after an enemy unit has selected its targets.<br><br><b>TARGET:</b> One <span class="kwb">ADEPTA</span> <span class="kwb">SORORITAS</span> unit from your army that was selected as the target of one or more of the attacking unitâs attacks.<br><br><b>EFFECT:</b> Until the end of the phase, each time an attack targets your unit, if the Strength characteristic of that attack is greater than the Toughness characteristic of your unit, subtract 1 from the Wound roll.|
AS|SAVAGE FRENZY|000009317005|Penitents and Pilgrims â Strategic Ploy Stratagem|1|A tide of screaming zealots swarms over the enemy, flailing wildly with deadly weapons and slaughtering any who attempt to flee.|Opponentâs turn|Movement phase|Penitents and Pilgrims|000000917|<b>WHEN:</b> Your opponentâs Movement phase, just after an enemy unit is selected to Fall Back.<br><br><b>TARGET:</b> One ARcO-fLAGELLANTS or REPENTIA SqUAD unit from your army within Engagement Range of that enemy unit.<br><br><b>EFFECT:</b> Until the end of the phase, when that enemy unit Falls Back, models in it must take Desperate Escape tests as if their unit was Battle-shocked. When doing so, if that enemy unit is also Battle-shocked by other means, subtract 1 from each of those Desperate Escape tests.|
AS|FEVERED ZEALOTS|000009317004|Penitents and Pilgrims â Strategic Ploy Stratagem|1|Driven on by the depths of their own zeal, these warriors pile through hatchways and bulkheads, desperate to slaughter the blasphemers.|Your turn|Movement phase|Penitents and Pilgrims|000000917|<b>WHEN:</b> Your Movement phase, just after an <span class="kwb">ADEPTA</span> <span class="kwb">SORORITAS</span> unit from your army opens a Hatchway.<br><br><b>TARGET:</b> That <span class="kwb">ADEPTA</span> <span class="kwb">SORORITAS</span> unit.<br><br><b>EFFECT:</b> Until the end of the turn, your unit has the Fights First ability.|
AS|PRAYER OF PRECISION|000009309003|Pious Protectors â Battle Tactic Stratagem|1|A whispered prayer prior to aiming steadies the hand and ensures each round strikes its mark.|Your turn|Shooting phase|Pious Protectors|000000916|<b>WHEN:</b> Your Shooting phase.<br><br><b>TARGET:</b> One <span class="kwb">ADEPTA</span> <span class="kwb">SORORITAS</span> unit from your army that has not been selected to shoot this phase.<br><br><b>EFFECT:</b> You can discard 1 Miracle dice. Until the end of the phase, each time a model in your unit makes an attack, re-roll a Hit roll of 1. If you discarded a Miracle dice, you can re-roll the Hit roll instead.|
AS|FINAL TESTAMENT|000009309002|Pious Protectors â Battle Tactic Stratagem|1|The Sisters of Battle expect to die in battle. They strive to take as many blasphemers as possible with them to the grave.|Either playerâs turn|Fight phase|Pious Protectors|000000916|<b>WHEN:</b> Fight phase, just after an enemy unit has selected its targets.<br><br><b>TARGET:</b> One <span class="kwb">ADEPTA</span> <span class="kwb">SORORITAS</span> unit from your army that was selected as the target of one or more of the attacking unitâs attacks.<br><br><b>EFFECT:</b> You can discard 1 Miracle dice. Until the end of the phase, each time a model in your unit is destroyed, if that model has not fought this phase, roll one D6, adding 1 to the result if you discarded a Miracle dice: on a 4+, do not remove the destroyed model from play; it can fight after the attacking unit has finished making its attacks, and is then removed from play.|
AS|REPEL BOARDERS|000009309004|Pious Protectors â Strategic Ploy Stratagem|1|Adepta Sororitas purgation teams excel at repelling boarding parties, repelling wave after wave of boarders with stoic defiance.|Opponentâs turn|Movement or Charge phase|Pious Protectors|000000916|<b>WHEN:</b> Your opponentâs Movement or Charge phase.<br><br><b>TARGET:</b> One <span class="kwb">ADEPTA</span> <span class="kwb">SORORITAS</span> unit from your army that has not fired Overwatch this phase.<br><br><b>EFFECT:</b> Until the end of the phase, each time a model in your unit makes an attack while firing Overwatch, an unmodified Hit roll of 5+ is required to score a hit, instead of an unmodified 6. In addition, until the end of the phase, each time you roll to determine the number of attacks made with a weapon equipped by a model in your unit, you can re-roll the result.|
AS|RADIANT ILLUMINATION|000009309005|Pious Protectors â Strategic Ploy Stratagem|1|As the enemy hurl themselves forth, the Emperor's divine light shines upon his faithful, blinding the unbelievers with its radiant glare.|Opponentâs turn|Charge phase|Pious Protectors|000000916|<b>WHEN:</b> Your opponentâs Charge phase, just after an enemy unit has declared a charge.<br><br><b>TARGET:</b> One <span class="kwb">ADEPTA</span> <span class="kwb">SORORITAS</span> unit from your army (excluding ARcO-fLAGELLANTS and REPENTIA SqUAD units) that was selected as a target of that charge.<br><br><b>EFFECT:</b> You can discard 1 Miracle dice. Until the end of the phase, subtract 1 from Charge rolls made for that enemy unit. If you discarded a Miracle dice, subtract 2 from Charge rolls made forthat enemy unit instead.|
CD|SHEATHED IN BRASS|000009816007|Blood Legion â Battle Tactic Stratagem|1|The scorn of these daemons for the blasts and blades of the weakling foe manifests as flowing brass armour that enfolds their corporeal forms and denies all but the most dolorous blows.|Opponentâs turn|Shooting phase|Blood Legion|000000999|<b>WHEN:</b> Your opponentâs Shooting phase, just after an enemy unit has selected its targets.<br><br><b>TARGET:</b> One Legiones Daemonica Khorne unit from your army that was selected as the target of one or more of the attacking unitâs attacks.<br><br><b>EFFECT:</b> Until the end of the phase, models in your unit have a Save characteristic of 3+.|
CD|WRATH UNDENIABLE|000009816002|Blood Legion â Strategic Ploy Stratagem|1|Even the banishing blow is often not enough to prevent the daemons of Khorne from lashing out to take bloody vengeance as they discorporate.|Either playerâs turn|Fight phase|Blood Legion|000000999|<b>WHEN:</b> Fight phase, just after an enemy unit has selected its targets.<br><br><b>TARGET:</b> One Legiones Daemonica Khorne unit from your army that was selected as the target of one or more of the attacking unitâs attacks.<br><br><b>EFFECT:</b> Until the end of the phase, each time a model in your unit is destroyed by a melee attack, if that model has not fought this phase, roll one D6: on a 4+, do not remove the destroyed model from play; it can fight after the attacking unit has finished making its attacks, and is then removed from play.|
CD|GOREâHUNGRY ONSLAUGHT|000009816003|Blood Legion â Strategic Ploy Stratagem|1|The manifest will to run down and slaughter their prey allows the daemons of Khorne to surge through physical barriers as though they did not exist, falling upon their victims like bloody phantasms.|Your turn|Movement or Charge phase|Blood Legion|000000999|<b>WHEN:</b> Your Movement phase or your Charge phase.<br><br><b>TARGET:</b> One Legiones Daemonica Khorne unit from your army.<br><br><b>EFFECT:</b> Until the end of the phase, each time a model in your unit makes a move, it can move through terrain features.|
CD|SKULLS BEGET BLOOD|000009816004|Blood Legion â Strategic Ploy Stratagem|1|Torn from the wet and ragged necks of worthy mortal champions, these skulls blaze with balefire as the daemons of Khorne heft and hurl them. They explode amongst the foe to shed more blood for the Blood God.|Your turn|Shooting phase|Blood Legion|000000999|<b>WHEN:</b> Your Shooting phase.<br><br><b>TARGET:</b> One Legiones Daemonica Khorne Infantry or Legiones Daemonica Khorne Mounted unit from your army (excluding units that Fell Back this turn) that is not within Engagement Range of one or more enemy units.<br><br><b>EFFECT:</b> Select one enemy unit that is not within Engagement Range of one or more units from your army and is within 8" of and visible to your unit. Roll six D6: for each 4+, that enemy unit suffers 1 mortal wound.|
CD|BLOOD BEGETS SKULLS|000009816005|Blood Legion â Strategic Ploy Stratagem|1|The iron reek of mortal blood pulsing through living veins fires the unnatural senses of Khorneâs daemons, drawing them on all the swifter to tear, slay, and hack skulls from necks for mighty Khorne.|Your turn|Charge phase|Blood Legion|000000999|<b>WHEN:</b> Your Charge phase.<br><br><b>TARGET:</b> One Legiones Daemonica Khorne unit from your army that has not been selected to charge this phase.<br><br><b>EFFECT:</b> Until the end of the phase, your unit is eligible to declare a charge in a turn in which it Advanced.|
CD|FOOLSâ FLIGHT|000009816006|Blood Legion â Strategic Ploy Stratagem|2|Khorneâs daemons know only hatred and contempt for those who flee from combat and will distort reality itself to keep such cowards trapped in the endless battle they sought to escape.|Opponentâs turn|Movement phase|Blood Legion|000000999|<b>WHEN:</b> Your opponentâs Movement phase, just after an enemy unit Falls Back.<br><br><b>TARGET:</b> One Legiones Daemonica Khorne unit from your army that is within 6" of that enemy unit and would be eligible to declare a charge against that enemy unit.<br><br><b>EFFECT:</b> Your unit now declares a charge that targets only that enemy unit, and you resolve that charge. Note that even if that charge is successful, your unit does not receive any Charge bonus this turn.|
CD|INCORPOREAL TERRORS|000009548005|Daemonic Incursion â Battle Tactic Stratagem|1|Even as enemy fire whips towards them, the daemons simply cease to inhabit corporeal space for a flickerbeat before solidifying once more.|Opponentâs turn|Shooting phase|Daemonic Incursion|000000953|<b>WHEN:</b> Your opponentâs Shooting phase, just after an enemy unit has selected its targets.<br><br><b>TARGET:</b> One <span class="kwb">LEGIONES</span> <span class="kwb">DAEMONICA</span> unit from your army that was selected as the target of one or more of the attacking unit's attacks.<br><br><b>EFFECT:</b> Until the end of the phase, each time an attack targets your unit, subtract 1 from the Hit roll.|
CD|PARTING BLOWS|000009548002|Daemonic Incursion â Strategic Ploy Stratagem|1|Able to manifest with particular vehemence within these warp-cursed corridors, the daemons hold their corporeal forms together long enough to strike at those who banish them.|Either playerâs turn|Fight phase|Daemonic Incursion|000000953|<b>WHEN:</b> Fight phase, just after an enemy unit has selected its targets.<br><br><b>TARGET:</b> One LEGIONES DAEMONIcA unit from your army that was selected as the target of one or more of the attacking unit's attacks.<br><br><b>EFFECT:</b> Until the end of the phase, each time a model in your unit is destroyed, if that model has not fought this phase, roll one D6: on a 4+, do not remove it from play. That destroyed model can fight after the attacking unit has finished making its attacks, and is then removed from play.|
CD|UNREAL SPEED|000009548003|Daemonic Incursion â Strategic Ploy Stratagem|1|Flickering in and out of reality like the image on a faulty vid-reel, the daemons advance with terrifying supernatural swiftness.|Your turn|Charge phase|Daemonic Incursion|000000953|<b>WHEN:</b> Your Charge phase.<br><br><b>TARGET:</b> One INfANTRY LEGIONES DAEMONIcA unit from your army.<br><br><b>EFFECT:</b> Until the end of the phase, your unit is eligible to declare a charge in a turn in which it Advanced or Fell Back.|
CD|INSUBSTANTIAL ENTITIES|000009548004|Daemonic Incursion â Strategic Ploy Stratagem|1|Physical barriers are no obstacle to creatures that can will their desires into being with but a twist of their supernatural powers.|Your turn|Movement phase|Daemonic Incursion|000000953|<b>WHEN:</b> Your Movement phase.<br><br><b>TARGET:</b> One <span class="kwb">LEGIONES</span> <span class="kwb">DAEMONICA</span> unit from your army that has not been selected to move this phase.<br><br><b>EFFECT:</b> The next time your unit is selected to move this phase, models in that unit can move through Walls and closed Hatchways as if they were not there, but when doing so, no model can move more than 6".<br><br><b>RESTRICTIONS:</b> You can only use this Stratagem once.|
CD|DAEMONIC INVULNERABILITY|000008437007|Demonic Incursion â Battle Tactic Stratagem|1|Daemons are madness given form. Their very bodies are fashioned from the stuff of the warp, and are difficult to destroy through conventional means.|Opponentâs turn|Shooting phase|Daemonic Incursion|000000779|<b>WHEN:</b> Your opponentâs Shooting phase, just after an enemy unit has selected its targets.<br><br><b>TARGET:</b> One <span class="kwb">LEGIONES</span> <span class="kwb">DAEMONICA</span> unit from your army that was selected as the target of one or more of that enemy unitâs attacks.<br><br><b>EFFECT:</b> Until the end of the phase, each time an invulnerable saving throw is made for a model in your unit, re-roll a saving throw of 1.|
CD|DRAUGHT OF TERROR|000008437004|Demonic Incursion â Battle Tactic Stratagem|1|The swelling fear of their mortal prey serves as an intoxicating elixir to the daemonic followers, each draught invigorating their forms with deadly power.|Either playerâs turn|Shooting or Fight phase|Daemonic Incursion|000000779|<b>WHEN:</b> Your Shooting phase or the Fight phase.<br><br><b>TARGET:</b> One <span class="kwb">LEGIONES</span> <span class="kwb">DAEMONICA</span> unit from your army that has not been selected to shoot or fight this phase.<br><br><b>EFFECT:</b> Until the end of the phase, improve the Armour Penetration characteristic of weapons equipped by models in that unit by 1. In addition, until the end of the phase, each time such a weapon targets a unit that is Battle-shocked, you can re-roll the Wound roll.|
CD|THE REALM OF CHAOS|000008437006|Demonic Incursion â Battle Tactic Stratagem|1|When the energies of the warp bleed into realspace, the Legiones Daemonica can rip open portals in seeming thin-air, returning to their hellscapes only to rematerialise amidst their foes a heartbeat later.|Opponentâs turn|Any phase|Daemonic Incursion|000000779|<b>WHEN:</b> End of your opponentâs turn.<br><br><b>TARGET:</b> Up to two <span class="kwb">LEGIONES</span> <span class="kwb">DAEMONICA</span> units from your army that are within your armyâs Shadow of Chaos, or one other <span class="kwb">LEGIONES</span> <span class="kwb">DAEMONICA</span> unit from your army.<br><br><b>EFFECT:</b> Remove the targeted units from the battlefield and place them into Strategic Reserves. They will arrive back on the battlefield in the Reinforcements step of your next Movement phase using the Deep Strike ability.<br><br><b>RESTRICTIONS:</b> You cannot target units that are within Engagement Range of one or more enemy units with this Stratagem.|
CD|CORRUPT REALSPACE|000008437002|Demonic Incursion â Strategic Ploy Stratagem|1|Daemons instinctively feel the need to despoil and corrupt every corner of realspace, the better to sustain their otherworldly forms.|Either playerâs turn|Command phase|Daemonic Incursion|000000779|<b>WHEN:</b> Start of any Command phase.<br><br><b>TARGET:</b> One <span class="kwb">LEGIONES</span> <span class="kwb">DAEMONICA</span> unit from your army that is within range of an objective marker you control.<br><br><b>EFFECT:</b> That objective marker is said to be Corrupted and remains under your control, even if you have no models within range of it, until your opponent controls it at the start or end of any turn. In addition, while an objective marker is Corrupted and under your control, the area of the battlefield within 6" of that objective marker is considered to be within your armyâs Shadow of Chaos. |
CD|DENIZENS OF THE WARP|000008437005|Demonic Incursion â Strategic Ploy Stratagem|1|Ever lurking in the warp, daemons will wait until the barriers between realms thin before tearing their way into realspace.|Either playerâs turn|Any phase|Daemonic Incursion|000000779|<b>WHEN:</b> Your Movement phase.<br><br><b>TARGET:</b> One <span class="kwb">LEGIONES</span> <span class="kwb">DAEMONICA</span> unit from your army that is arriving using the Deep Strike ability this phase.<br><br><b>EFFECT:</b> Your unit can be set up anywhere on the battlefield that is more than 6" horizontally away from all enemy models.|
CD|WARP SURGE|000008437003|Demonic Incursion â Strategic Ploy Stratagem|1|The winds of the warp blow strong, invigorating daemonkind and lending them supernatural speed and ferocity.|Your turn|Charge phase|Daemonic Incursion|000000779|<b>WHEN:</b> Your Charge phase.<br><br><b>TARGET:</b> One <span class="kwb">LEGIONES</span> <span class="kwb">DAEMONICA</span> unit from your army that is within your armyâs Shadow of Chaos.<br><br><b>EFFECT:</b> Until the end of the phase, your unit is eligible to declare a charge in a turn in which it Advanced.|
CD|SEDUCTIVE WHISPERS|000009573002|Dread Carnival â Battle Tactic Stratagem|1|In the press of combat, these daemons utter beguiling susurrations that cloud the minds of their mortal foes.|Either playerâs turn|Fight phase|Dread Carnival|000000956|<b>WHEN:</b> Fight phase, just after an enemy unit has selected its targets.<br><br><b>TARGET:</b> One SLAANESH LEGIONES DAEMONIcA unit from your army that was selected as the target of one or more of the attacking unitâs attacks.<br><br><b>EFFECT:</b> Until the end of the phase, each time an attack targets your unit, subtract 1 from the Hit roll.|
CD|SOPORIFIC SCENT|000009573003|Dread Carnival â Battle Tactic Stratagem|1|A cloud of sickly-sweet perfume surrounds these daemons, dulling the senses of the foe and preventing them from striking back.|Your turn|Movement phase|Dread Carnival|000000956|<b>WHEN:</b> Your Movement phase.<br><br><b>TARGET:</b> One SLAANESH LEGIONES DAEMONIcA unit from your army that has not been selected to move this phase.<br><br><b>EFFECT:</b> Until the end of the phase, Desperate Escape tests taken for models in your unit are automatically passed and your unit does not suffer mortal wounds from the Lithe Killers Detachment rule.|
CD|DANCE OF DEATH|000009573004|Dread Carnival â Strategic Ploy Stratagem|1|Coiling like wind-rippled streamers between the blades of their foes, these daemons flicker momentarily out of the fray before slashing back in.|Your turn|Movement phase|Dread Carnival|000000956|<b>WHEN:</b> Your Movement phase, just after a SLAANESH LEGIONES DAEMONIcA unit from your army<br>Falls Back.<br><br><b>TARGET:</b> That <span class="kwb">SLAANESH</span> unit.<br><br><b>EFFECT:</b> Until the end of the turn, your unit is eligible to shoot and declare a charge in a turn in which it Fell Back.|
CD|INSUBSTANTIAL ENTITIES|000009573005|Dread Carnival â Strategic Ploy Stratagem|1|Physical barriers are no obstacle to creatures that can will their desires into being with but a twist of their supernatural powers.|Your turn|Movement phase|Dread Carnival|000000956|<b>WHEN:</b> Your Movement phase.<br><br><b>TARGET:</b> One SLAANESH LEGIONES DAEMONIcA unit from your army that has not been selected to move this phase.<br><br><b>EFFECT:</b> The next time your unit is selected to move this phase, models in that unit can move through Walls and closed Hatchways as if they were not there, but when doing so, no model can move more than 6".<br><br><b>RESTRICTIONS:</b> You can only use this Stratagem once.|
CD|SWIFT AS MURDER|000009556005|Infernal Onslaught â Strategic Ploy Stratagem|1|The very eagerness of these daemons to shed blood and reap skulls propels them all the quicker towards their foes.|Your turn|Movement phase|Infernal Onslaught|000000954|<b>WHEN:</b> Your Movement phase.<br><br><b>TARGET:</b> One KHORNE LEGIONES DAEMONIcA unit from your army that has not been selected to move this phase.<br><br><b>EFFECT:</b> Until the end of the phase, add 2" to the Move characteristic of models in your unit.|
CD|INSUBSTANTIAL ENTITIES|000009556004|Infernal Onslaught â Strategic Ploy Stratagem|1|Physical barriers are no obstacle to creatures that can will their desires into being with but a twist of their supernatural powers.|Your turn|Movement phase|Infernal Onslaught|000000954|<b>WHEN:</b> Your Movement phase.<br><br><b>TARGET:</b> One KHORNE LEGIONES DAEMONIcA unit from your army that has not been selected to move this phase.<br><br><b>EFFECT:</b> The next time your unit is selected to move this phase, models in that unit can move through Walls and closed Hatchways as if they were not there, but when doing so, no model can move more than 6".<br><br><b>RESTRICTIONS:</b> You can only use this Stratagem once.|
CD|ABJECT HORROR|000009556003|Infernal Onslaught â Strategic Ploy Stratagem|1|Fighting for one's life against ferocious daemons of murder, tom straight from the pages of nightmare scripture, is a terrifying experience.|Either playerâs turn|Fight phase|Infernal Onslaught|000000954|<b>WHEN:</b> Start of the Fight phase.<br><br><b>TARGET:</b> One KHORNE LEGIONES DAEMONIcA unit from your army.<br><br><b>EFFECT:</b> Each enemy unit within Engagement Range of your unit must take a Battle-shock test, subtracting 1 from the result.|
CD|UNSTOPPABLE SLAUGHTERERS|000009556002|Infernal Onslaught â Strategic Ploy Stratagem|1|Too furious to be halted by mortal barriers, these daemons manifest in a crimson haze beyond the hatchway, their vicious blows all too solid and real.|Either playerâs turn|Fight phase|Infernal Onslaught|000000954|<b>WHEN:</b> Fight phase.<br><br><b>TARGET:</b> One KHORNE LEGIONES DAEMONIcA unit from your army that has not been selected to fight this phase.<br><br><b>EFFECT:</b> Select one closed Hatchway within 1" of your unit. Until the end of the phase, your unit is eligible to be selected to fight as if that Hatchway was open. When doing so, that unit can select targets as if that Hatchway was open (that Hatchway is only considered to be open for your unit, not for any other units).|
CD|CAVALCADE OF BLADES|000009807006|Legion of Excess â Battle Tactic Stratagem|1|The cavorting approach of Slaaneshi daemons is hypnotic and enthralling. It is a whirling carousel of eye-searing colours and flashing blades that tempt mortals to reach out with trembling eagerness until they can just reach.|Your turn|Charge phase|Legion of Excess|000000997|<b>WHEN:</b> Your Charge phase, just after a Legiones Daemonica Slaanesh unit from your army ends a Charge move.<br><br><b>TARGET:</b> That <span class="kwb">LEGIONES</span> <span class="kwb">DAEMONICA</span> <span class="kwb">SLAANESH</span> unit.<br><br><b>EFFECT:</b> Select one enemy unit within Engagement Range of your unit, then roll one D6 for each model in your unit that is within Engagement Range of that enemy unit, or roll six D6 instead if your unit is a <span class="kwb">MONSTER</span> unit: for each 4+, that enemy unit suffers 1 mortal wound.|
CD|ARCHAGONISTS|000009807003|Legion of Excess â Battle Tactic Stratagem|2|These daemons perceive with absolute clarity whereabouts on their victimsâ bodies they must strike to inflict the greatest possible excess of suffering.|Either playerâs turn|Fight phase|Legion of Excess|000000997|<b>WHEN:</b> Fight phase.<br><br><b>TARGET:</b> One Legiones Daemonica Slaanesh Monster unit or up to two Legiones Daemonica Slaanesh units (excluding Monsters) from your army that have not been selected to fight this phase.<br><br><b>EFFECT:</b> Until the end of the phase, each time a model in one of those units makes an attack, add 1 to the Wound roll.|
CD|OVERWHELMING EXCESS|000009807007|Legion of Excess â Battle Tactic Stratagem|1|Sensation gushes relentlessly into the overstimulated minds of the enemy until their souls strain fit to burst. Barely able to think or function, they recoil in their desperate need to stem the unstoppable tide.|Opponentâs turn|Shooting or Fight phase|Legion of Excess|000000997|<b>WHEN:</b> Your opponentâs Shooting phase or the Fight phase, just after an enemy unit has selected its targets.<br><br><b>TARGET:</b> One Legiones Daemonica Slaanesh unit from your army that was selected as the target of one or more of the attacking unitâs attacks.<br><br><b>EFFECT:</b> Until the end of the phase, each time an attack targets your unit, subtract 1 from the Hit roll.|
CD|THIEVES OF PAIN|000009807002|Legion of Excess â Strategic Ploy Stratagem|1|To exist, however fleetingly, in realspace is an opportunity to indulge in every physical sensation. So enraptured do the daemons of Slaanesh become that they even steal one anotherâs agonies to enjoy.|Either playerâs turn|Any phase|Legion of Excess|000000997|<b>WHEN:</b> Any phase, just after an attack or mortal wound is allocated to a model in a Legiones Daemonica Slaanesh unit from your army (excluding Monsters and Vehicles).<br><br><b>TARGET:</b> That <span class="kwb">LEGIONES</span> <span class="kwb">DAEMONICA</span> <span class="kwb">SLAANESH</span> unit.<br><br><b>EFFECT:</b> Select one other friendly <span class="kwb">LEGIONES</span> <span class="kwb">DAEMONICA</span> <span class="kwb">SLAANESH</span> unit that is within 9" of and visible to your unit. Until the end of the phase, while the selected unit is on the battlefield, each time a model in your unit would lose a wound, inflict 1 mortal wound on the selected unit instead.|
CD|SENSORY EXCRUCIATION|000009807004|Legion of Excess â Strategic Ploy Stratagem|1|This entity causes the battlefield to flicker wildly between the debauched Slaaneshi Warp interstice and the most brutally mundane reality, faster than even supernatural senses can perceive. The result is a psychically devastating barrage of excess and deprivation.|Your turn|Command phase|Legion of Excess|000000997|<b>WHEN:</b> Your Command phase.<br><br><b>TARGET:</b> One Legiones Daemonica Slaanesh Monster unit from your army that is on the battlefield.<br><br><b>EFFECT:</b> Each unit on the battlefield that is within your armyâs Shadow of Chaos must take a Battle-shock test, subtracting 1 from that test if they are Below Half-strength.<br><br><b>Designerâs Note:</b> <i>This Stratagem forces all friendly and enemy units alike within your armyâs Shadow of Chaos to take a Battle-shock test. This can allow a Chaos Daemons player to heal units from their army through the Daemonic Terror army rule, at the risk of causing some of their own units to become Battle-shocked.</i>|
CD|PHANTASMAL LONGING|000009807005|Legion of Excess â Strategic Ploy Stratagem|1|Against their wills, enemy combatants find themselves wishing for the daemons of Slaanesh to draw closer. It is childâs play for the daemons of Slaanesh to harness such strong emotions and transform them into manifest reality.|Your turn|Movement or Charge phase|Legion of Excess|000000997|<b>WHEN:</b> Your Movement phase or your Charge phase.<br><br><b>TARGET:</b> One Legiones Daemonica Slaanesh unit from your army.<br><br><b>EFFECT:</b> Until the end of the phase, each time a model in your unit makes a move, it can move through terrain features.|
CD|FATE SYPHONING|000009581002|Pandaemoniac Inferno â Battle Tactic Stratagem|1|The daemons feed upon the raw potentiality that dances around strategically pivotal locations in order to sustain their corporeal manifestations.|Either playerâs turn|Shooting or Fight phase|Pandaemoniac Inferno|000000957|<b>WHEN:</b> Your opponentâs Shooting phase or the Fight phase, just after an enemy unit has selected its targets.<br><br><b>TARGET:</b> One TzEENTcH LEGIONES DAEMONIcA unit from your army that is within range of an objective marker and was selected as the target of one or more of the attacking unitâs attacks.<br><br><b>EFFECT:</b> Until the end of the phase, you can re-roll saving throws of 1 made for models in your unit.|
CD|FICKLE BLESSINGS|000009581003|Pandaemoniac Inferno â Strategic Ploy Stratagem|1|Even the daemons of Tzeentch are not immune to the fundamentally unstable nature of their own magicks, which may twist and rupture their bodies as often as they lend terrible power.|Your turn|Shooting phase|Pandaemoniac Inferno|000000957|<b>WHEN:</b> Your Shooting phase.<br><br><b>TARGET:</b> One HORRORS unit from your army.<br><br><b>EFFECT:</b> Until the end of the phase, ranged weapons equipped by models in your unit have the [PISTOL] and [HAZARDOUS] abilities.|
CD|ILLUSORY PRESENCE|000009581004|Pandaemoniac Inferno â Strategic Ploy Stratagem|1|Enemies can never truly be sure that where the y daemons of Tzeentch are is where they really are.|Your turn|Shooting phase|Pandaemoniac Inferno|000000957|<b>WHEN:</b> Your Shooting phase, just after a TzEENTcH LEGIONES DAEMONIcA unit from your army has shot.<br><br><b>TARGET:</b> That <span class="kwb">TZEENTCH</span> unit.<br><br><b>EFFECT:</b> Your unit can make a Normal move of up to D6".<br><br><b>RESTRICTIONS:</b> Until the end of the turn, your unit is not eligible to declare a charge.|
CD|INSUBSTANTIAL ENTITIES|000009581005|Pandaemoniac Inferno â Strategic Ploy Stratagem|1|Physical barriers are no obstacle to creatures that can will their desires into being with but a twist of their supernatural powers.|Your turn|Movement phase|Pandaemoniac Inferno|000000957|<b>WHEN:</b> Your Movement phase.<br><br><b>TARGET:</b> One TzEENTcH LEGIONES DAEMONIcA unit from your army that has not been selected to move this phase.<br><br><b>EFFECT:</b> The next time your unit is selected to move this phase, models in that unit can move through Walls and closed Hatchways as if they were not there, but when doing so, no model can move more than 6".<br><br><b>RESTRICTIONS:</b> You can only use this Stratagem once.|
CD|SEEPING VIRULENCE|000009820002|Plague Legion â Battle Tactic Stratagem|1|Repugnant filth wells from the weapons, gaping maws and open wounds of these daemons, slopping across the foe and causing swift and virulent rot wherever it finds the slightest way in.|Either playerâs turn|Fight phase|Plague Legion|000001000|<b>WHEN:</b> Fight phase.<br><br><b>TARGET:</b> One Legiones Daemonica Nurgle unit from your army that has not been selected to fight this phase.<br><br><b>EFFECT:</b> Until the end of the phase, each time a model in that unit makes an attack, an unmodified Hit roll of 5+ scores a Critical Hit.|
CD|FEVER VISIONS|000009820003|Plague Legion â Battle Tactic Stratagem|1|A plague of waking nightmares races through the enemy ranks, leaving foes reeling in the grip of nauseating visions that curdle into soul-destroying reality.|Either playerâs turn|Shooting or Fight phase|Plague Legion|000001000|<b>WHEN:</b> Your Shooting phase or the Fight phase.<br><br><b>TARGET:</b> One Legiones Daemonica Nurgle unit from your army that has not been selected to shoot or fight this phase.<br><br><b>EFFECT:</b> Until the end of the phase, each time a model in your unit makes an attack, add 1 to the Hit roll. After your unit has finished making its attacks, select one enemy unit hit by one or more of those attacks; that enemy unit must take a Battle-shock test.|
CD|MURKSHADOWS|000009820006|Plague Legion â Battle Tactic Stratagem|1|With the battlefield swathed in an occluding miasma of unreality, Nurgleâs daemons may loom out of the haze, solidify from amidst thrumming fly clouds or even rise out of the filth without warning|Your turn|Movement phase|Plague Legion|000001000|<b>WHEN:</b> Your Movement phase.<br><br><b>TARGET:</b> One Legiones Daemonica Nurgle Infantry unit from your army.<br><br><b>EFFECT:</b> Until the end of the phase, each time your unit makes a Normal move, add 5" to the Move characteristic of models in your unit.|
CD|FOETID RESURGENCE|000009820004|Plague Legion â Strategic Ploy Stratagem|2|As the power of the Plague God saturates the battlefield, fresh daemonic life blooms from the septic corpse mulch that bubbles underfoot.|Your turn|Command phase|Plague Legion|000001000|<b>WHEN:</b> Your Command phase.<br><br><b>TARGET:</b> One Legiones Daemonica Nurgle unit from your army that is on the battlefield.<br><br><b>EFFECT:</b> Return up to 1 destroyed model to your unit, or up to D3 destroyed models instead if your unit is a Battleline unit, with their full wounds remaining. If it is a Monster unit, one model in your unit regains up to D3+1 lost wounds instead.|
CD|ROT AND RENEWAL|000009820005|Plague Legion â Strategic Ploy Stratagem|1|Rather than lumber across the battlefield, these daemons rot away to nothing before hatching anew from canker blooms wherever they wish to be.|Your turn|Movement or Charge phase|Plague Legion|000001000|<b>WHEN:</b> Your Movement phase or your Charge phase.<br><br><b>TARGET:</b> One Legiones Daemonica Nurgle unit from your army.<br><br><b>EFFECT:</b> Until the end of the phase, each time a model in your unit makes a move, it can move through terrain features.|
CD|PLAGUE OF WOES|000009820007|Plague Legion â Strategic Ploy Stratagem|1|Even as one band of foes gives in to despair, their sorrows spread like a virus to the minds and souls of others, the enemyâs woes multiplying by the moment.|Opponentâs turn|Command phase|Plague Legion|000001000|<b>WHEN:</b> Your opponentâs Command phase, before selecting any targets for the Melancholic Miasma Detachment rule.<br><br><b>TARGET:</b> One Legiones Daemonica Nurgle unit from your army.<br><br><b>EFFECT:</b> Until the end of the phase, after an enemy unit takes a Battle-shock test as a result of the Melancholic Miasma Detachment rule, select one other enemy unit within 9" of your unit; that enemy unit must take a Battle-shock test.|
CD|FOUL RESILIENCE|000009565002|Rotten and Rusted â Battle Tactic Stratagem|1|So full of repulsive vitality are these daemons that their corporeal forms must be absolutely destroyed before they halt their advance.|Either playerâs turn|Shooting or Fight phase|Rotten and Rusted|000000955|<b>WHEN:</b> Your opponentâs Shooting phase or the Fight phase, just after an enemy unit has selected its targets.<br><br><b>TARGET:</b> One NURGLE LEGIONES DAEMONIcA unit from your army (excluding NURGLINGS units) that was selected as the target of one or more of the attacking unitâs attacks.<br><br><b>EFFECT:</b> Until the end of the phase, models in your unit have the Feel No Pain 5+ ability.|
CD|INSUBSTANTIAL ENTITIES|000009565005|Rotten and Rusted â Strategic Ploy Stratagem|1|Physical barriers are no obstacle to creatures that can will their desires into being with but a twist of their supernatural powers.|Your turn|Movement phase|Rotten and Rusted|000000955|<b>WHEN:</b> Your Movement phase.<br><br><b>TARGET:</b> One NURGLE LEGIONES DAEMONIcA unit from your army that has not been selected to move this phase.<br><br><b>EFFECT:</b> The next time your unit is selected to move this phase, models in that unit can move through Walls and closed Hatchways as if they were not there, but when doing so, no model can move more than 6".<br><br><b>RESTRICTIONS:</b> You can only use this Stratagem once.|
CD|GLEEFUL INVASION|000009565004|Rotten and Rusted â Strategic Ploy Stratagem|1|Infesting every corridor and duct, Nurglings move in giggling, farting swarms whose capering peregrinations are impossible to predict.|Either playerâs turn|Shooting or Fight phase|Rotten and Rusted|000000955|<b>WHEN:</b> Your opponentâs Shooting phase or the Fight phase, just after an enemy unit has shot or fought.<br><br><b>TARGET:</b> One NURGLINGS unit from your army that was selected as the target of one of more of the attacking unitâs attacks.<br><br><b>EFFECT:</b> Your unit can make a Normal or Fall Back move of up to D6".|
CD|SICKLY CONTAMINANTS|000009565003|Rotten and Rusted â Strategic Ploy Stratagem|1|The filth that slops from these entities' wounds taints strategic locations in the Plague God's name.|Either playerâs turn|Shooting or Fight phase|Rotten and Rusted|000000955|<b>WHEN:</b> End of the Fight phase, or your opponentâs Shooting phase, just after an enemy unit has selected its targets.<br><br><b>TARGET:</b> One NURGLE LEGIONES DAEMONIcA unit from your army. If this Stratagem is used in your opponentâs Shooting phase, it must target a unit that was selected as the target of one or more of the attacking unitâs attacks.<br><br><b>EFFECT:</b> Select one objective marker your unit is within range of. Your unit suffers D3 mortal wounds and that objective marker is Secured by your army. If your unit is a PLAGUEBEARERS unit, it only suffers 1 mortal wound, instead of D3.|
CD|PYROGENESIS|000009811003|Scintillating Legion â Battle Tactic Stratagem|1|Warpflame is as changeable as the monsters who wield it, capable of easily burning through ceramite plates or reinforced hulls when desired.|Either playerâs turn|Shooting or Fight phase|Scintillating Legion|000000998|<b>WHEN:</b> Your Shooting phase or the Fight phase.<br><br><b>TARGET:</b> One Legiones Daemonica Tzeentch unit from your army that has not been selected to shoot or fight that phase.<br><br><b>EFFECT:</b> Until the end of the phase, add 2 to the Strength characteristic of weapons equipped by models in your unit, or spend one Flux token and add 3 to the Strength characteristic of those weapons and improve the Armour Penetration characteristic of those weapons by 1 instead.|
CD|FICKLEFIRE|000009811006|Scintillating Legion â Strategic Ploy Stratagem|1|These daemons care little for who they engulf in their infernal fires, only that destruction and chaos are wrought.|Your turn|Shooting phase|Scintillating Legion|000000998|<b>WHEN:</b> Your Shooting phase.<br><br><b>TARGET:</b> One Legiones Daemonica Tzeentch unit from your army that is within Engagement Range of one or more enemy units.<br><br><b>EFFECT:</b> Until the end of the phase, enemy units are not considered to be within Engagement Range of your unit for the purposes of selecting targets for, and resolving attacks with, ranged weapons. Until the end of the phase, each time an enemy model is destroyed while its unit is within Engagement Range of your unit, roll one D6: on a 5+, your unit suffers 1 mortal wound after the attacking unit has finished making its attacks.|
CD|DELIRIUM UNMADE|000009811007|Scintillating Legion â Strategic Ploy Stratagem|1|Between one heartbeat and the next, the daemons of Tzeentch vanish as though they were never there. Yet this jarring respite will last only long enough for their victims to question their sanity before the onslaught begins anew.|Opponentâs turn|Fight phase|Scintillating Legion|000000998|<b>WHEN:</b> End of your opponentâs Fight phase.<br><br><b>TARGET:</b> One Legiones Daemonica Tzeentch unit from your army that is not within Engagement Range of one or more enemy units. Alternatively, you can spend one Flux token when you use this Stratagem and target up to two <span class="kwb">LEGIONES</span> <span class="kwb">DAEMONICA</span> <span class="kwb">TZEENTCH</span> units from your army instead (including those within Engagement Range of one or more enemy units).<br><br><b>EFFECT:</b> Remove your units from the battlefield and place them into Strategic Reserves.|
CD|FATEBORNE NIGHTMARES|000009811005|Scintillating Legion â Strategic Ploy Stratagem|1|Barred doors, reinforced windows, or walls are no barriers to the children of the Warp. They cannot be outrun; they cannot be hidden from; they cannot be stopped.|Your turn|Movement or Charge phase|Scintillating Legion|000000998|<b>WHEN:</b> Your Movement phase or your Charge phase.<br><br><b>TARGET:</b> One Legiones Daemonica Tzeentch unit from your army.<br><br><b>EFFECT:</b> Until the end of the phase, each time a model in your unit makes a move, it can move through terrain features.|
CD|FLICKERING REALITY|000009811004|Scintillating Legion â Strategic Ploy Stratagem|1|The very stuff of reality flickers like a candle flame in a gale, frustrating even the most skilful sworders as they strike at rippling illusions.|Either playerâs turn|Charge phase|Scintillating Legion|000000998|<b>WHEN:</b> Fight phase, just after an enemy unit has selected its targets.<br><br><b>TARGET:</b> One Legiones Daemonica Tzeentch unit from your army that was selected as the target of one or more of the attacking unitâs attacks.<br><br><b>EFFECT:</b> Roll one D6, then you can spend one Flux token to re-roll the result: until the end of the phase, each time an attack targets your unit, on an unmodified Hit roll (after any re-roll) of that result, the attack sequence ends, even if the original Hit roll would have been a Critical Hit.<br><br><b>Example:</b> If you roll a 2 and choose to spend one Flux token to re-roll the result, and the re-roll is a 6, then until the end of the phase, each time an attack targets your unit, on an unmodified Hit roll of 6 the attack sequence ends, that attack fails to hit and no Critical Hit effects (e.g. Lethal Hits) are resolved.|
CD|IMPOSSIBLE ECLIPSE|000009811002|Scintillating Legion â Strategic Ploy Stratagem|1|At the call of this malevolent entity, invisible stellar bodies slide into alignment, plunging the battlefield into momentary twilight, dancing with strange and sorcerous will-oâ-the-wisps.|Either playerâs turn|Any phase|Scintillating Legion|000000998|<b>WHEN:</b> Any phase.<br><br><b>TARGET:</b> One Legiones Daemonica Tzeentch Monster unit from your army that is on the battlefield.<br><br><b>EFFECT:</b> Select No Manâs Land or your opponentâs deployment zone, or spend one Flux token and select both. Until the end of the phase, the selected areas of the battlefield are within your armyâs Shadow of Chaos.|
CD|DEATH DENIED|000009979004|Shadow Legion â Battle Tactic Stratagem|1|Even death does not free one from Beâlakorâs grasp. Those who disappoint him may be dragged back through the veil, granted one last chance to impress their master or face the full extent of his wrath.|Your turn|Command phase|Shadow Legion|000001027|<b>WHEN:</b> Your Command phase.<br><br><b>TARGET:</b> One Shadow Legion unit from your army.<br><br><b>EFFECT:</b> One model in your unit regains up to 3 lost wounds. In addition, If your unit has the Tzeentch keyword, return up to one destroyed model (excluding Character models) to your unit with its full wounds remaining.|
CD|ENCROACHING DARKNESS|000009979005|Shadow Legion â Battle Tactic Stratagem|1|Beâlakorâs aura falls across the field of battle, bearing servants both mortal and daemonic to war. Attuned to the gloom, these new arrivals combine their fire to unleash death upon the cowering foe.|Your turn|Shooting phase|Shadow Legion|000001027|<b>WHEN:</b> Your Shooting phase.<br><br><b>TARGET:</b> Up to one Shadow Legion Heretic Astartes unit from your army and up to one Shadow Legion Legiones Daemonica unit from your army. You can only select units that arrived from Reserves this turn.<br><br><b>EFFECT:</b> Until the end of the phase, weapons equipped by models in your selected units have the [IGNORES COVER] ability.|
CD|SHADE PATH|000009979006|Shadow Legion â Battle Tactic Stratagem|2|A chill penumbra settles over the oncoming foe. Those that manage to cut their way through the blanket of twilight find themselves seized with terror as the darkness parts and the horrific nature of their enemy is revealed.|Opponentâs turn|Charge phase|Shadow Legion|000001027|<b>WHEN:</b> Your opponentâs Charge phase, just after an enemy unit declares a charge.<br><br><b>TARGET:</b> One Shadow Legion unit from your army that was selected as a target of that charge.<br><br><b>EFFECT:</b> Until the end of the phase, subtract 2 from Charge rolls made for that enemy unit. In addition, if your unit has the Nurgle keyword, that enemy unit must take a Battle-shock test.|
CD|BINDING SHADOW|000009979007|Shadow Legion â Strategic Ploy Stratagem|1|Bound by coils of umbral energy, mortal and daemonic followers are swept up in Beâlakorâs cloak of shadows as pawns returned to their masterâs hand.|Opponentâs turn|Fight phase|Shadow Legion|000001027|<b>WHEN:</b> End of your opponentâs Fight phase.<br><br><b>TARGET:</b> Up to one Shadow Legion Heretic Astartes unit from your army and up to one Shadow Legion Legiones Daemonica unit from your army. You can only select units that are not within Engagement Range of one or more enemy units.<br><br><b>EFFECT:</b> Remove those selected units from the battlefield and place them into Strategic Reserves.|
CD|SPITEFUL DEMISE|000009979002|Shadow Legion â Strategic Ploy Stratagem|1|Malevolent to the last, Beâlakorâs thralls expend their final reserves of mortal strength and empyric might in an act of vengeance, unleashing torrents of killing energy in all directions.|Either playerâs turn|Any phase|Shadow Legion|000001027|<b>WHEN:</b> Any phase, just after a Shadow Legion unit from your army is destroyed, before removing the last model in that unit from the battlefield and before rolling any dice for the Deadly Demise ability.<br><br><b>TARGET:</b> That <span class="kwb">SHADOW</span> <span class="kwb">LEGION</span> unit. You can use this Stratagem on that unit even though it was just destroyed.<br><br><b>EFFECT:</b> Roll one D6 for each enemy unit that is within Engagement Range of the last model in your unit, adding 2 to the result if your unit has the Slaanesh keyword: on a 4-5, that enemy unit suffers D3 mortal wounds; on a 6+, that enemy unit suffers 3 mortal wounds.|
CD|CHANNELLED WRATH|000009979003|Shadow Legion â Strategic Ploy Stratagem|1|Khorne may not care whence the blood flows, but Beâlakor is more discerning. He directs his slaughter-crazed followers to strike the most pressing targets with all their infernal fury.|Either playerâs turn|Fight phase|Shadow Legion|000001027|<b>WHEN:</b> Fight phase.<br><br><b>TARGET:</b> One Shadow Legion unit from your army that has not been selected to fight this phase.<br><br><b>EFFECT:</b> Until the end of the phase, melee weapons equipped by models in your unit have the [LANCE] ability. If your unit has the Khorne keyword, until the end of the phase, improve the Armour Penetration characteristic of those weapons by 1 as well.|
CSM|SHROUD OF CHAOS|000010152007|Cabal of Chaos â Battle Tactic Stratagem|1|A conjured shroud of whirling shadows and supernatural mists veils the servants of the Dark Gods.|Opponentâs turn|Shooting phase|Cabal of Chaos|000001058|<b>WHEN:</b> Start of your opponentâs Shooting phase.<br><br><b>TARGET:</b> One Heretic Astartes Psyker, Heretic Astartes Daemon Prince or Heretic Astartes Daemon Prince with Wings unit from your army.<br><br><b>EFFECT:</b> Until the end of the phase, your unit has the following ability:<br><br><b>Shroud of Chaos (Aura):</b> Models in friendly <span class="kwb">HERETIC</span> <span class="kwb">ASTARTES</span> units within 6" of this unit have the Stealth ability.|
CSM|BALEFUL BLESSING|000010152002|Cabal of Chaos â Epic Deed Stratagem|1|The powers of the cabal render these warriors semicorporeal for a short time, causing the most powerful attacks of their foes to simply pass through them as though they were smoke.|Either playerâs turn|Any phase|Cabal of Chaos|000001058|<b>WHEN:</b> Any phase, just after a Heretic Astartes unit from your army has a mortal wound allocated to it.<br><br><b>TARGET:</b> That <span class="kwb">HERETIC</span> <span class="kwb">ASTARTES</span> unit.<br><br><b>EFFECT:</b> Until the end of the phase, models in your unit have the Feel No Pain 5+ ability against mortal wounds.|
CSM|UNHOLY HASTE|000010152006|Cabal of Chaos â Epic Deed Stratagem|1|Hastened through the weave of time by sorcerous magicks, these warriors spring suddenly upon their foes.|Your turn|Charge phase|Cabal of Chaos|000001058|<b>WHEN:</b> Your Charge phase.<br><br><b>TARGET:</b> One Heretic Astartes Infantry unit from your army that has not been selected to charge that phase.<br><br><b>EFFECT:</b> Until the end of the phase, your unit is eligible to declare a charge in a turn in which it Advanced.|
CSM|NO REST IN DEATH|000010152003|Cabal of Chaos â Strategic Ploy Stratagem|1|With an imperious gesture, one of the armyâs sorcerous masters conjures the wounded and dead back to their feet to fight on for their amusement.|Your turn|Movement phase|Cabal of Chaos|000001058|<b>WHEN:</b> Your Movement phase.<br><br><b>TARGET:</b> One Heretic Astartes unit from your army within 9" of a Heretic Astartes Psyker, Heretic Astartes Daemon Prince or Heretic Astartes Daemon Prince with Wings unit from your army.<br><br><b>EFFECT:</b> One model in your unit regains up to D3+1 lost wounds. If your unit has the Battleline keyword, you can return up to D3 destroyed models (excluding Character models) to your unit with their full wounds remaining, instead.|
CSM|MUTATIONâS CURSE|000010152004|Cabal of Chaos â Strategic Ploy Stratagem|1|Surging warp energies coil around the foe and rapidly mutate them until their physical forms are rent asunder. |Your turn|Shooting phase|Cabal of Chaos|000001058|<b>WHEN:</b> Your Shooting phase.<br><br><b>TARGET:</b> One Heretic Astartes Psyker unit from your army.<br><br><b>EFFECT:</b> Select one visible enemy unit within 12" of your unit. Roll one D6: on a 1, that enemy unit suffers 1 mortal wound; on a 2-4, that enemy unit suffers D3 mortal wounds; on a 5-6, that enemy unit suffers 2D3 mortal wounds.|
CSM|SOULSEEKERS|000010152005|Cabal of Chaos â Strategic Ploy Stratagem|1|These warriors have been gifted with hex-marked rounds that seek the living essence of their targets, leaving them nowhere to hide.|Your turn|Shooting phase|Cabal of Chaos|000001058|<b>WHEN:</b> Your Shooting phase.<br><br><b>TARGET:</b> One Heretic Astartes unit from your army that has not been selected to shoot that phase.<br><br><b>EFFECT:</b> Until the end of the phase, ranged weapons equipped by models in your unit have the [IGNORES COVER] ability. |
CSM|IMPERIOUS ADVANCE|000009521002|Champions of Chaos â Battle Tactic Stratagem|1|Attempting to bar the path of these chosen warriors only fills them with a cruel and arrogant desire to crush those who stand in their way.|Either playerâs turn|Fight phase|Champions of Chaos|000000948|<b>WHEN:</b> Fight phase.<br><br><b>TARGET:</b> One HERETIc ASTARTES TERMINATOR unit from your army that has not been selected to fight this phase.<br><br><b>EFFECT:</b> Select any number of models in your unit. Until the end of the phase, add 1 to the Attacks characteristic of melee weapons equipped by the selected models, and each time you select targets for attacks made by those models, they must target an enemy unit that is wholly on the opposite side of a Hatchway from them.|
CSM|MALIGN WILL|000009521003|Champions of Chaos â Strategic Ploy Stratagem|1|These warriors' will to conquer and despoil is so great that it manifests through the dark power of the warp into a corporeal blight upon realspace.|Either playerâs turn|Shooting or Fight phase|Champions of Chaos|000000948|<b>WHEN:</b> Your Shooting phase or the Fight phase.<br><br><b>TARGET:</b> One <span class="kwb">HERETIC</span> <span class="kwb">ASTARTES</span> unit from your army that has not been selected to shoot or fight this phase.<br><br><b>EFFECT:</b> Until the end of the phase, each time your unit takes a Leadership test for the Dark Pacts ability, subtract 1 from the result and, if passed, select one objective marker within 6" of your unit. If there are no enemy units within range of that objective marker (excluding Battle-shocked units], that objective marker is Secured by your army.|
CSM|INFERNAL PATRONS|000009521004|Champions of Chaos â Strategic Ploy Stratagem|1|Many chosen warriors of the Dark Gods have forged pacts with minor daemonic entities, gaining their insidious aid to terrify and disorient the foe in battle.|Either playerâs turn|Any phase|Champions of Chaos|000000948|<b>WHEN:</b> Any phase, just after your opponent targets a unit from their army with a Stratagem.<br><br><b>TARGET:</b> One <span class="kwb">HERETIC</span> <span class="kwb">ASTARTES</span> unit from your army within 3" of and visible to that enemy unit.<br><br><b>EFFECT:</b> That enemy unit must take a Leadership test; if failed, that usage of that Stratagem has no effect (your opponent cannot use that Stratagem again this phase).|
CSM|AGGRESSIVE STRIKE|000009521005|Champions of Chaos â Strategic Ploy Stratagem|1|Veterans of countless teleport assaults, these warriors burst from the warp already striding, firing and bellowing praise to the Dark Gods|Your turn|Movement phase|Champions of Chaos|000000948|<b>WHEN:</b> End of your Movement phase.<br><br><b>TARGET:</b> One <span class="kwb">HERETIC</span> <span class="kwb">ASTARTES</span> unit from your army that arrived using the Deep Strike ability this turn.<br><br><b>EFFECT:</b> Your unit can make a Normal move of up to 6".<br><br><b>RESTRICTIONS:</b> Until the end of the turn, your unit is not eligible to declare a charge.|
CSM|CRAZED FOCUS|000008982005|Chaos Cult â Battle Tactic Stratagem|1|Sven in the grip of frothing madness, these heretics are murderous in the extreme|Your turn|Shooting phase|Chaos Cult|000000872|<b>WHEN:</b> Your Shooting phase.<br><br><b>TARGET:</b> One DAMNED unit from your army that has not been selected to shoot this phase.<br><br><b>EFFECT:</b> Your unit can make a Desperate Pact. If it does, until the end of the phase, each time a model in your unit makes an attack, improve the Armour Penetration characteristic of that attack by 1, and if your unit did not fail the resulting Leadership test when making that Desperate Pact, improve the Strength characteristic of that attack by 1 as well.|
CSM|INFERNAL SACRIFICE|000008982004|Chaos Cult â Battle Tactic Stratagem|1|Those in thrall to the Dark Gods will gladly sacrifice their lives to draw the eye of their darkling patrons.|Either playerâs turn|Fight phase|Chaos Cult|000000872|<b>WHEN:</b> Fight phase.<br><br><b>TARGET:</b> One DAMNED unit from your army that has not been selected to fight this phase.<br><br><b>EFFECT:</b> Your unit can make a Desperate Pact. If it does, your unit suffers D3 mortal wounds (in  addition to any suffered for failing the resulting Leadership test), and until the end of the phase, add 1 to the Attacks characteristic of the melee weapons equipped by models in your unit, and if your unit did not fail the resulting Leadership test when making that Desperate Pact, until the end of the  phase, improve the Strength characteristic of those  weapons by 1 as well.|
CSM|CHOSEN FOR GLORY|000008982002|Chaos Cult â Battle Tactic Stratagem|1|Within the massed ranks of a heretic cult, only a few are marked for greatness.|Either playerâs turn|Shooting or Fight phase|Chaos Cult|000000872|<b>WHEN:</b> Your Shooting phase or the Fight phase.<br><br><b>TARGET:</b> One DAMNED unit from your army that has not been selected to shoot or fight this phase.<br><br><b>EFFECT:</b> Your unit can make a Desperate Pact. If it does, until the end of the phase, each time a model in your unit makes an attack, you can re-roll the Hit roll, and if your unit did not fail the resulting Leadership test when making that Desperate Pact, you can re-roll the Wound roll as well.|
CSM|SELFLESS DEMISE|000008982003|Chaos Cult â Strategic Ploy Stratagem|1|The zealous followers of the Dark Gods are devoted to the last. As death comes they strike a desperate final blow in hope of reward.|Either playerâs turn|Fight phase|Chaos Cult|000000872|<b>WHEN:</b> Fight phase, just after an enemy unit has selected its targets.<br><br><b>TARGET:</b> One DAMNED unit from your army that was selected as the target of one or more of the attacking unitâs attacks.<br><br><b>EFFECT:</b> Until the attacking unit has resolved all of its attacks, each time a model in your unit is destroyed, roll one D6 on a 6, the attacking unit suffers 1 mortal wound after all of its attacks have been resolved.|
CSM|MORTAL THRALLS|000008982007|Chaos Cult â Strategic Ploy Stratagem|1|Disciples of the Chaos Gods think nothing of sacrificing their lesser thralls to protect those of greater worth.|Opponentâs turn|Shooting phase|Chaos Cult|000000872|<b>WHEN:</b> Your opponentâs Shooting phase, just after an enemy unit has selected ts targets.<br><br><b>TARGET:</b> One <span class="kwb">HERETIC</span> <span class="kwb">ASTARTES</span> unit from your army that was selected as the target of one or more of the attacking units attacks, and one friendly DAMNED unit within 3" of your unit and visible to both your unit and the attacking unit.<br><br><b>EFFECT:</b> Until the end of the phase, while your <span class="kwb">DAMNED</span> unit is on the battlefield, each time your opponent would make a Wound roll for an attack that targets your <span class="kwb">HERETIC</span> <span class="kwb">ASTARTES</span> unit, if your <span class="kwb">DAMNED</span> unit is visible to the attacking model and is an eligible target for that attack, no roll is made; instead, your <span class="kwb">DAMNED</span> unit suffers a number of mortal wounds equal to the Damage characteristic of that attack.|
CSM|RECKLESS HASTE|000008982006|Chaos Cult â Strategic Ploy Stratagem|1|Consumed by a desire to spill blood, these fanatical heretics hurl themselves towards the foe.|Your turn|Charge phase|Chaos Cult|000000872|<b>WHEN:</b> Your Charge phase <br><br><b>TARGET:</b> One DAMNED unit from your army.<br><br><b>EFFECT:</b> Until the end of the turn, your unit is eligible to declare a charge in a turn in which it Advanced.|
CSM|DELAYED MUTATIONS|000009774005|Creations of Bile â Strategic Ploy Stratagem|2|Fabius Bileâs experiments are notoriously unstable. In the heat of battle, new mutations may burst forth in explosions of gristle and oozing gore, many of which are as lethal to the subject as they are to the enemy.|Your turn|Command phase|Creations of Bile|000000991|<b>WHEN:</b> Your Command phase.<br><br><b>TARGET:</b> One Heretic Astartes Infantry unit (excluding Damned units) from your army.<br><br><b>EFFECT:</b> Your unit suffers D3 mortal wounds. Then select one augmentation (see Experimental Augmentations). Until the start of your next Command phase, models in your unit have the selected augmentation in addition to any other augmentations they have.|
CSM|SPECIMENS FOR THE SPIDER|000009774004|Creations of Bile â Strategic Ploy Stratagem|2|The Clonefatherâs agents are always searching for new test subjects. They strive to harvest the bodies of great leaders and champions, dragging them from battle and leaving the remaining foes utterly demoralised.|Either playerâs turn|Fight phase|Creations of Bile|000000991|<b>WHEN:</b> Fight phase.<br><br><b>TARGET:</b> One Heretic Astartes Infantry unit from your army that has not been selected to fight this phase.<br><br><b>EFFECT:</b> Until the end of the phase, each time a model in your unit makes a melee attack that targets a <span class="kwb">CHARACTER</span> unit, you can re-roll the Wound roll. After your unit has fought, if one or more enemy <span class="kwb">CHARACTER</span> models were destroyed as a result of those attacks, select one enemy unit within 6" of your unit. That enemy unit must take a Battle-shock test. If the enemy <span class="kwb">WARLORD</span> was destroyed as a result of those attacks, each enemy unit within 6" of your unit must take a Battle-shock test instead.|
CSM|MASTERS ARE WATCHING|000009774003|Creations of Bile â Strategic Ploy Stratagem|1|Feeling the expectant gaze of Bileâs greatest creations from across the battlefield, transhuman and mortal warriors strive slavishly to impress.|Either playerâs turn|Fight phase|Creations of Bile|000000991|<b>WHEN:</b> Fight phase, just after an enemy unit has selected its targets.<br><br><b>TARGET:</b> One Heretic Astartes Infantry unit from your army that was selected as the target of one or more of the attacking unitâs attacks.<br><br><b>EFFECT:</b> Until the end of the phase, each time a model in your unit is destroyed, if that model has not fought this phase, roll one D6, subtracting 1 from the result if it is a Damned unit: on a 4+, do not remove it from play. That destroyed model can fight after the attacking unit has finished making its attacks, and is then removed from play.|
CSM|MONSTROUS VISAGES|000009774002|Creations of Bile â Strategic Ploy Stratagem|1|Bileâs experimental ministrations have left these warriors as freakish monsters. Cursed with clusters of compound eyes, distended, fang-stuffed jaws or myriad other grotesqueries, they are hideous to behold.|Either playerâs turn|Shooting or Fight phase|Creations of Bile|000000991|<b>WHEN:</b> Your opponentâs Shooting phase or the Fight phase, just after an enemy unit has selected its targets.<br><br><b>TARGET:</b> One Heretic Astartes Infantry unit from your army that was selected as the target of one or more of the attacking unitâs attacks.<br><br><b>EFFECT:</b> Until the end of the phase, each time an attack targets your unit, subtract 1 from the Hit roll.|
CSM|AUTOSTIMULANTS|000009774007|Creations of Bile â Strategic Ploy Stratagem|1|Arrays of subdermal vials inject autostimulants and biocatalysts into the warriorsâ enhanced muscles, invigorating them for incredible feats of exertion.|Your turn|Charge phase|Creations of Bile|000000991|<b>WHEN:</b> Start of your Charge phase.<br><br><b>TARGET:</b> One Heretic Astartes Infantry unit from your army.<br><br><b>EFFECT:</b> Until the end of the turn, your unit is eligible to declare a charge in a turn in which it Advanced.|
CSM|DIABOLIC REGENERATION|000009774006|Creations of Bile â Strategic Ploy Stratagem|1|Not even death can lay the most vile of Bileâs creations low.|Your turn|Command phase|Creations of Bile|000000991|<b>WHEN:</b> Your Command phase.<br><br><b>TARGET:</b> One Heretic Astartes Infantry unit (excluding Damned units) from your army.<br><br><b>EFFECT:</b> One destroyed model (excluding Character models) is returned to your unit. If your unit is a Battleline unit, D3 destroyed models (excluding <span class="kwb">CHARACTER</span> models) are returned to your unit instead.|
CSM|PICK THEM OFF|000008965004|Deceptors â Battle Tactic Stratagem|1|The Heretic Astartes are pitiless reavers, targeting weak points in the enemy line with ruthless efficiency.|Your turn|Shooting phase|Deceptors|000000868|<b>WHEN:</b> Your Shooting phase.<br><br><b>TARGET:</b> One <span class="kwb">HERETIC</span> <span class="kwb">ASTARTES</span> unit from your army that has not been selected to shoot this phase.<br><br><b>EFFECT:</b> Until the end of the phase, each time a model in your unit makes an attack that targets a unit that is below its Starting Strength, you can re-roll the Hit roll. If the target is Below Half-strength, you can re-roll the Wound roll as well.|
CSM|FROM ALL SIDES|000008965003|Deceptors â Battle Tactic Stratagem|1|When the assault comes, it does so swiftly and without warning.|Your turn|Charge phase|Deceptors|000000868|<b>WHEN:</b> Start of your Charge phase.<br><br><b>TARGET:</b> One <span class="kwb">HERETIC</span> <span class="kwb">ASTARTES</span> unit from your army.<br><br><b>EFFECT:</b> Until the end of the phase, add 1 to Charge rolls made for your unit for each other <span class="kwb">HERETIC</span> <span class="kwb">ASTARTES</span> unit from your army that made a Charge move this phase (to a maximum of +3)|
CSM|SCRAMBLED COORDINATES|000008965007|Deceptors â Strategic Ploy Stratagem|1|Employing fell techno-sorcery, the Heretic Astartes disroot enemy navigational cogitators and scramble teleporter beacons.|Opponentâs turn|Movement phase|Deceptors|000000868|<b>WHEN:</b> Start of the Reinforcements step of your opponentâs Movement phase.<br><br><b>TARGET:</b> One <span class="kwb">HERETIC</span> <span class="kwb">ASTARTES</span> unit from your army.<br><br><b>EFFECT:</b> Until the end of the phase, enemy units that are set up on the battlefield from Reserves cannot be set up within 12" horizontally of your unit.|
CSM|RELENTLESS PURSUIT|000008965006|Deceptors â Strategic Ploy Stratagem|1|These warriors stalk their assigned target with dogged determination, reacting to their every move|Opponentâs turn|Movement phase|Deceptors|000000868|<b>WHEN:</b> Your opponentâs Movement phase, just after an enemy unit ends a Normal, Advance or Fall Back move.<br><br><b>TARGET:</b> One HERETIC ASTARTES INFANTRY or HERETIC ASTARTES MOUNTED unit from your army that is within 9" of that enemy unit and not within Engagement Range of one or more enemy units.<br><br><b>EFFECT:</b> Your unit can make a Normal move of up to 6".|
CSM|COILS OF DECEPTION|000008965005|Deceptors â Strategic Ploy Stratagem|1|Some Heretic Astartes are masters of deceit, often feigning retreat only to open fire from close range.|Your turn|Movement phase|Deceptors|000000868|<b>WHEN:</b> Your Movement phase, just after a <span class="kwb">HERETIC</span> <span class="kwb">ASTARTES</span> unit from your army Falls Back.<br><br><b>TARGET:</b> That <span class="kwb">HERETIC</span> <span class="kwb">ASTARTES</span> unit.<br><br><b>EFFECT:</b> Until the end of the turn, your unit is eligible to shoot in a turn in which it Fell Back|
CSM|DETONATOR|000008965002|Deceptors â Wargear Stratagem|1|These warriors employ expert saboteurs who utilise melta charges and improvised explosives to sow destruction.|Either playerâs turn|Any phase|Deceptors|000000868|<b>WHEN:</b> Any phase, just after an enemy model with the Deadly Demise ability (excluding <span class="kwb">TITANIC</span> models) is destroyed<br><br><b>TARGET:</b> One HERETIC ASTARTES CHARACTER unit from your army that was within 18" of that enemy model when it was destroyed.<br><br><b>EFFECT:</b> Your opponent does not roll to determine whether mortal wounds are inflicted by their modelâs Deadly Demise ability. Instead, mortal wounds are automatically inflicted (if that ability inflicts a random number of mortal wounds, your opponent rolls to determine that number as normal).|
CSM|DEPTHLESS CRUELTY|000008973002|Dread Talons â Battle Tactic Stratagem|1|Terror troops such as these inflict agonies upon their victims with malicious relish, targeting the weakened and wounded without pity|Either playerâs turn|Fight phase|Dread Talons|000000870|<b>WHEN:</b> Fight phase<br><br><b>TARGET:</b> One HERETIC ASTARTES INFANTRY unit from your army that has not been selected to fight this phase.<br><br><b>EFFECT:</b> Until the end of the phase, each time a model in your unit makes an attack that targets a unit that is Battle-shocked and/or Below Half-strength, improve the Armour Penetration characteristic of that attack by 1.|
CSM|PITILESS HUNTERS|000008973004|Dread Talons â Battle Tactic Stratagem|1|These predatory warriors sense weakness as the hydra shark smells blood, sating their bloodlust upon the fearful and wounded.|Your turn|Shooting phase|Dread Talons|000000870|<b>WHEN:</b> Your Shooting phase.<br><br><b>TARGET:</b> One HERETIC ASTARTES INFANTRY unit from  your army that has not been selected to shoot this phase.<br><br><b>EFFECT:</b> Until the end of the phase, each time a model in your unit makes an attack that targets a unit that is Battle-shocked and/or Below Half-strength, you can re-roll the Hit roll and you can re-roll the Wound roll.|
CSM|BLOODY EXAMPLE|000008973003|Dread Talons â Epic Deed Stratagem|1|The violent and bloody slaughter of the enemyâs leadership hurls their followers into abject panic.|Either playerâs turn|Fight phase|Dread Talons|000000870|<b>WHEN:</b> Fight phase, just after a <span class="kwb">HERETIC</span> <span class="kwb">ASTARTES</span> unit from your army destroys a <span class="kwb">CHARACTER</span> unit.<br><br><b>TARGET:</b> That <span class="kwb">HERETIC</span> <span class="kwb">ASTARTES</span> unit.<br><br><b>EFFECT:</b> Each enemy unit within 12" of and visible to your unit must take a Battle-shock test.|
CSM|RELENTLESS TERROR|000008973005|Dread Talons â Strategic Ploy Stratagem|1|These warriors strike in screaming waves, each charge as brutal as the last.|Your turn|Movement phase|Dread Talons|000000870|<b>WHEN:</b> Your Movement phase, just after a HERETIC ASTARTES INFANTRY unit from your army Falls Back.<br><br><b>TARGET:</b> That <span class="kwb">HERETIC</span> <span class="kwb">ASTARTES</span> <span class="kwb">INFANTRY</span> unit. <br><br><b>EFFECT:</b> Until the end of the turn, your unit is eligible to declare a charge in a turn in which it Fell Back.|
CSM|MERCILESS PURSUIT|000008973007|Dread Talons â Strategic Ploy Stratagem|1|The Heretic Astartes allow none to flee the battle, pursuing their broken foes with relentless savagery.|Opponentâs turn|Movement phase|Dread Talons|000000870|<b>WHEN:</b> End of your opponentâs Movement phase.<br><br><b>TARGET:</b> One HERETIC ASTARTES INFANTRY unit from your army that is not within Engagement range of one or more enemy units.<br><br><b>EFFECT:</b> Select one enemy unit that Fell Back this turn and is within 6" of your unit. Your unit can  declare a charge as if it were your Charge phase. When doing so, you can only select that enemy  unit as the target of that charge (and only if it is an eligible target). Note that even if this charge is successful, your unit does not receive any Charge bonus this turn.|
CSM|SCREAMING DESCENT|000008973006|Dread Talons â Strategic Ploy Stratagem|1|Jump pack borne warriors descend from the skies, terrifying screams emanating from their vox-grilles as they plummet towards their prey.|Your turn|Movement phase|Dread Talons|000000870|<b>WHEN:</b> Reinforcements step of your Movement phase, from the second battle round onwards.<br><br><b>TARGET:</b> One HERETIC ASTARTES JUMP PACK unit from your army that is in Reserves.<br><br><b>EFFECT:</b> Set your unit up anywhere on the battlefield that is more than 6" horizontally away from all  enemy units, but until the end of the turn, it is not eligible to declare a charge. Then select one enemy <span class="kwb">INFANTRY</span> or <span class="kwb">MOUNTED</span> unit within 9" of and visible to your unit: that unit must take a Battle-shock test.|
CSM|PERSISTENT ASSAILANTS|000008977002|Fellhammer Siege-Host â Battle Tactic Stratagem|1|These iron-willed warriors refuse to retreat, even i the face of overwhelming odds. Mounting losses serve only to drive them forward|Either playerâs turn|Fight phase|Fellhammer Siege-host|000000871|<b>WHEN:</b> Fight phase.<br><br><b>TARGET:</b> One <span class="kwb">HERETIC</span> <span class="kwb">ASTARTES</span> unit from your army that was selected as the target of one or more attacks this phase and has not been selected to fight this phase.<br><br><b>EFFECT:</b> Until the end of the phase, each time a model in your unit makes an attack, you can re-roll the Hit roll, and if your unit is Below Half-strength you can re-roll the Wound roll as well.|
CSM|PITILESS CANNONADE|000008977004|Fellhammer Siege-Host â Battle Tactic Stratagem|1|These warriors focus their ire upon a wounded foe, combining fire to fell their target in a cavalcade of destructive force.|Your turn|Shooting phase|Fellhammer Siege-host|000000871|<b>WHEN:</b> Your Shooting phase.<br><br><b>TARGET:</b> One <span class="kwb">HERETIC</span> <span class="kwb">ASTARTES</span> unit from your army that has not been selected to shoot this phase.<br><br><b>EFFECT:</b> Until the end of the phase, each time a model in your unit makes an attack that targets a unit  that is Below Half-strength, a successful unmodified Hit roll of 5+ scores a Critical Hit|
CSM|POINT-BLANK DESTRUCTION|000008977005|Fellhammer Siege-Host â Battle Tactic Stratagem|1|Even in the press of combat, the Heretic Astartes bring heavy weapons to bear, shattering fortifications and obliterating enemy infantry.|Your turn|Shooting phase|Fellhammer Siege-host|000000871|<b>WHEN:</b> Your Shooting phase<br><br><b>TARGET:</b> One <span class="kwb">HERETIC</span> <span class="kwb">ASTARTES</span> unit from your army that is within Engagement Range of one or more enemy units and has not been selected to shoot this phase.<br><br><b>EFFECT:</b> Until the end of the phase, your unitâs ranged weapons (excluding Blast weapons) have the  [PISTOL] ability.|
CSM|BRUTAL ATTRITION|000008977003|Fellhammer Siege-Host â Epic Deed Stratagem|1|These implacable soldiers weather the enemy's fury before striking back in kind, to devastating effect.|Either playerâs turn|Fight phase|Fellhammer Siege-host|000000871|<b>WHEN:</b> Fight phase, just after an enemy unit has selected its targets.<br><br><b>TARGET:</b> One HERETIC ASTARTES INFANTRY unit from your army (excluding DAMNED units) that was selected as the target of one or more of the attacking unitâs attacks.<br><br><b>EFFECT:</b> Until the end of the phase, each time a melee attack is allocated to your unit, after the attacking unit has finished making its attacks, roll one D6 (to maximum of six D6 per attacking unit): for each 4+, the attacking unit suffers 1 mortal wound.|
CSM|SIEGECRAFT|000008977007|Fellhammer Siege-Host â Strategic Ploy Stratagem|1|Veterans of countless grinding sieges, these Heretic Astartes repel and pin down wave after wave of foes with rapid boltgun fire and accurate artillery.|Opponentâs turn|Charge phase|Fellhammer Siege-host|000000871|<b>WHEN:</b> Start of your opponents Charge phase.<br><br><b>TARGET:</b> One <span class="kwb">HERETIC</span> <span class="kwb">ASTARTES</span> unit from your army.<br><br><b>EFFECT:</b> Until the end of the phase, each time an enemy unit selects your unit as a target of a charge,  subtract 2 from the Charge roll (this is not cumulative with any other negative modifiers to that Charge roll).|
CSM|STEADFAST DETERMINATION|000008977006|Fellhammer Siege-Host â Strategic Ploy Stratagem|1|These warriors possess endless endurance and are capable of weathering untold hardships in order to destroy their foes.|Opponentâs turn|Shooting phase|Fellhammer Siege-host|000000871|<b>WHEN:</b> Your opponentâs Shooting phase, just after an enemy unit has selected its targets.<br><br><b>TARGET:</b> One <span class="kwb">HERETIC</span> <span class="kwb">ASTARTES</span> unit from your army (excluding DAMNED units) that was selected as the target of one or more of the attacking unitâs attacks.<br><br><b>EFFECT:</b> Until the end of the phase, models in your unit have the Feel No Pain 5+ ability.|
CSM|LOW CUNNING|000009504003|Infernal Reavers â Battle Tactic Stratagem|1|Disabused of such notions as honour or self-sacrifice, Chaos Space Marines use every trick and cunning ruse to ensure their own survival.|Either playerâs turn|Shooting or Fight phase|Infernal Reavers|000000946|<b>WHEN:</b> Your opponent's Shooting phase or the Fight phase, just after an enemy unit has selected its targets.<br><br><b>TARGET:</b> One <span class="kwb">HERETIC</span> <span class="kwb">ASTARTES</span> unit from your army (excluding DAMNED units) that was selected as the target of one or more of the attacking unit's attacks.<br><br><b>EFFECT:</b> Until the end of the phase, each time an attack targets your unit, if the Strength characteristic of that attack is greater than the Toughness characteristic of your unit, subtract 1 from the Wound roll.|
CSM|INVETERATE MURDERERS|000009504002|Infernal Reavers â Battle Tactic Stratagem|1|So long have these warriors fought and killed their way across the galaxy that they have become experts in finding the weak spots of even the hardiest foes.|Either playerâs turn|Fight phase|Infernal Reavers|000000946|<b>WHEN:</b> Fight phase.<br><br><b>TARGET:</b> One <span class="kwb">HERETIC</span> <span class="kwb">ASTARTES</span> unit from your army (excluding DAMNED units) that has not been selected to fight this phase.<br><br><b>EFFECT:</b> Until the end of the phase, each time a model in your unit makes an attack, if the Strength characteristic of that attack is less than or equal to the Toughness characteristic of the target, add 1 to the Wound roll.|
CSM|CRUEL EXECUTION|000009504005|Infernal Reavers â Strategic Ploy Stratagem|1|Veteran killers all, these warriors will exploit the slightest enemy misstep to simply move back and gun their victims down in cold blood.|Your turn|Shooting phase|Infernal Reavers|000000946|<b>WHEN:</b> Your Shooting phase.<br><br><b>TARGET:</b> One <span class="kwb">HERETIC</span> <span class="kwb">ASTARTES</span> unit from your army (excluding DAMNED units).<br><br><b>EFFECT:</b> Until the end of the phase, your unit is eligible to shoot in a turn in which it Fell Back.|
CSM|NEXT PRIZE|000009504004|Infernal Reavers â Strategic Ploy Stratagem|1|The Long Waris gruelling and requires endless captured materiel to wage. Thus this warband are forever searching for the next cache of arms or riches to loot with rapacious eagerness.|Your turn|Command phase|Infernal Reavers|000000946|<b>WHEN:</b> Your Command phase, just after a <span class="kwb">HERETIC</span> <span class="kwb">ASTARTES</span> unit from your army has Secured an objective marker, or your Movement phase, just after a <span class="kwb">HERETIC</span> <span class="kwb">ASTARTES</span> unit from your army has opened a Hatchway.<br><br><b>TARGET:</b> That <span class="kwb">HERETIC</span> <span class="kwb">ASTARTES</span> unit.<br><br><b>EFFECT:</b> Your unit can make a Normal move of up to 3". If this Stratagem is used in your Movement phase, at least one model from your unit must end that move on the opposite side of the Hatchway from the one it started the phase on.|
CSM|HORRIFIC INCURSION|000010642007|Nightmare Hunt â Stratagem|1|Accompanied by a burst of sensory torment, a sudden deployment can shatter the preyâs discipline.|Your turn|Movement phase|Nightmare Hunt|000001122|<b>WHEN:</b> Your Movement phase.<br><br><b>TARGET:</b> One <span class="kwb">HERETIC</span> <span class="kwb">ASTARTES</span> unit from your army that arrived from Reserves this turn.<br><br><b>EFFECT:</b> Select one enemy unit (excluding <span class="kwb">MONSTER</span> and <span class="kwb">VEHICLE</span> units) within 12" of and visible to your unit: that unit must take a Battle-shock test, subtracting 1 from the result.|
CSM|RELENTLESS TERROR|000010642006|Nightmare Hunt â Stratagem|1|These warriors strike in screaming waves, each charge as brutal as the last.|Your turn|Movement phase|Nightmare Hunt|000001122|<b>WHEN:</b> Your Movement phase, just after a Heretic Astartes Infantry unit from your army Falls Back.<br><br><b>TARGET:</b> That <span class="kwb">HERETIC</span> <span class="kwb">ASTARTES</span> unit.<br><br><b>EFFECT:</b> Until the end of the turn, your unit is eligible to shoot and declare a charge in a turn in which it Fell Back.|
CSM|PREY ON THE WEAK|000010642003|Nightmare Hunt â Stratagem|1|Suitably wounded, or with the corpses of their comrades around them, the enemyâs faltering cohesion marks them as doomed.|Either playerâs turn|Shooting or Fight phase|Nightmare Hunt|000001122|<b>WHEN:</b> Your Shooting phase or the Fight phase.<br><br><b>TARGET:</b> One Heretic Astartes Infantry unit from your army that has not been selected to shoot or fight this phase.<br><br><b>EFFECT:</b> Until the end of the phase, each time a model in your unit makes an attack that targets a unit that is Battle-shocked and/or Below Half-strength, you can re-roll the Hit roll. |
CSM|SADISTIC DISPLAY|000010642004|Nightmare Hunt â Stratagem|1|It is not enough to slay. The foeâs allies must understand exactly what horrors await them.|Either playerâs turn|Fight phase|Nightmare Hunt|000001122|<b>WHEN:</b> Fight phase, just after a <span class="kwb">HERETIC</span> <span class="kwb">ASTARTES</span> unit from your army destroys an enemy unit.<br><br><b>TARGET:</b> That <span class="kwb">HERETIC</span> <span class="kwb">ASTARTES</span> unit.<br><br><b>EFFECT:</b> Each enemy unit within 6" of and visible to your unit (excluding <span class="kwb">MONSTER</span> and <span class="kwb">VEHICLE</span> units) must take a Battle-shock test.|
CSM|TALONS SUNK DEEP|000010642002|Nightmare Hunt â Stratagem|1|When indecision and terror grip the foe, their frailties are exposed to the cruelest of lunges.|Either playerâs turn|Shooting or Fight phase|Nightmare Hunt|000001122|<b>WHEN:</b> Your Shooting phase or the Fight phase.<br><br><b>TARGET:</b> One Heretic Astartes Infantry unit from your army that has not been selected to shoot or fight this phase.<br><br><b>EFFECT:</b> Until the end of the phase, each time a model in your unit makes an attack that targets a unit that is Battle-shocked and/or Below Half-strength, improve the Armour Penetration characteristic of that attack by 1.|
CSM|MALICIOUS SURGE|000010642005|Nightmare Hunt â Stratagem|1|Pairing unholy power with blistering speed, the full horror of these warriorsâ strength is brought crashing into their foes.|Your turn|Charge phase|Nightmare Hunt|000001122|<b>WHEN:</b> Your Charge phase.<br><br><b>TARGET:</b> One Heretic Astartes Infantry unit from your army.<br><br><b>EFFECT:</b> Until the end of the phase, your unit is eligible to declare a charge in a turn in which it Advanced.|
CSM|PROFANE ZEAL|000008358004|Pactbound Zealots â Battle Tactic Stratagem|1|Those Heretic Astartes sworn to the service of the Dark Gods display zeal through violence.|Either playerâs turn|Shooting or Fight phase|Pactbound Zealots|000000751|<b>WHEN:</b> Your Shooting phase or the Fight phase.<br><br><b>TARGET:</b> One Heretic Astartes Chaos Undivided unit from your army that has not been selected to shoot or fight this phase.<br><br><b>EFFECT:</b> Until the end of the phase, each time a model in your unit makes an attack, you can re-roll the Wound roll.|
CSM|SKINSHIFT|000008358005|Pactbound Zealots â Epic Deed Stratagem|1|Those who offer praise to the God of Change may gam the benefits of his mutagenic powers.|Your turn|Command phase|Pactbound Zealots|000000751|<b>WHEN:</b> Your Command phase.<br><br><b>TARGET:</b> One <span class="kwb">HERETIC</span> <span class="kwb">ASTARTES</span> unit from your army.<br><br><b>EFFECT:</b> One model in your unit regains up to 3 lost wounds. In addition, if your unit is a Tzeentch unit below its Starting Strength, one destroyed model (excluding Character models) is returned to your unit with its full wounds remaining.|
CSM|EYE OF THE GODS|000008358002|Pactbound Zealots â Epic Deed Stratagem|1|The eyes of the Dark Gods fall upon those who slaughter in their name.|Either playerâs turn|Fight phase|Pactbound Zealots|000000751|<b>WHEN:</b> Fight phase, just after a HERETIC ASTARTES CHARACTER unit from your army (excluding  DAMNED, DAEMON and EPIC HERO units) destroys a enemy unit.<br><br><b>TARGET:</b> One <span class="kwb">HERETIC</span> <span class="kwb">ASTARTES</span> <span class="kwb">CHARACTER</span> model in that unit. <br><br><b>EFFECT:</b> Until the end of the battle, add 1 to the Move, Toughness and Wounds characteristics of that  <span class="kwb">CHARACTER</span> model, and add 1 to the Attacks. Strength and Damage characteristics of that <span class="kwb">CHARACTER</span> modelâs melee weapons.|
CSM|ETERNAL HATE|000008358003|Pactbound Zealots â Strategic Ploy Stratagem|1|The Blood Godâs thirst can never be slaked.|Either playerâs turn|Fight phase|Pactbound Zealots|000000751|<b>WHEN:</b> Fight phase, just after an enemy unit has selected its targets.<br><br><b>TARGET:</b> One <span class="kwb">HERETIC</span> <span class="kwb">ASTARTES</span> unit from your army that was selected as the target of one or more of the attacking unitâs attacks.<br><br><b>EFFECT:</b> Until the end of the phase, each time a model in your unit is destroyed, if that model has not fought this phase, roll one D6, adding 1 to the result if it is a Khorne unit: on a 4+, do not remove it from play. That destroyed model can fight after the attacking modelâs unit has finished making its attacks, and is then removed from play.|
CSM|TORPEFYING REFRAIN|000008358006|Pactbound Zealots â Strategic Ploy Stratagem|1|As these warriors traverse the battlefield, an unnatural symphony of hypnotic music accompanies their every move, stupefying their enemies.|Your turn|Movement phase|Pactbound Zealots|000000751|<b>WHEN:</b> Your Movement phase.<br><br><b>TARGET:</b> One <span class="kwb">HERETIC</span> <span class="kwb">ASTARTES</span> unit from your army.<br><br><b>EFFECT:</b> Until the end of the turn, your unit is eligible to declare a charge in a turn in which it Fell Back. If your unit is a Slaanesh unit, until the end of the turn, your unit is eligible to shoot and declare a charge in a turn in which it Advanced or Fell Back.|
CSM|FESTERING MIASMA|000008358007|Pactbound Zealots â Strategic Ploy Stratagem|1|A roiling storm of warp energy obscures the Heretic Astartes, leaving their foes shooting at indistinct shadows.|Opponentâs turn|Shooting phase|Pactbound Zealots|000000751|<b>WHEN:</b> Your opponentâs Shooting phase, just after an enemy unit has selected its targets.<br><br><b>TARGET:</b> One <span class="kwb">HERETIC</span> <span class="kwb">ASTARTES</span> unit from your army that was selected as the target of one or more of the attacking unitâs attacks.<br><br><b>EFFECT:</b> Until the end of the phase, your unit has the Stealth ability. In addition, if your unit is a Nurgle unit, it can only be selected as the target of a ranged attack if the attacking model is within 18".|
CSM|UNFAILINGLY OBDURATE|000008969002|Renegade Raiders â Battle Tactic Stratagem|1|Such is their determination to claim their due that these warriors will gladly weather a storm of fire.|Either playerâs turn|Shooting or Fight phase|Renegade Raiders|000000869|<b>WHEN:</b> Your opponentâs Shooting phase or the Fight phase, just after an enemy unit has selected its targets.<br><br><b>TARGET:</b> One <span class="kwb">HERETIC</span> <span class="kwb">ASTARTES</span> unit from your army (excluding DAMNED units) that was selected as the target of one or more of the attacking unitâs attacks.<br><br><b>EFFECT:</b> Until the attacking unit has finished making its attacks, each time an attack targets your unit, worsen the Armour Penetration characteristic of that attack by 1.|
CSM|RUINOUS RAID|000008969006|Renegade Raiders â Battle Tactic Stratagem|1|Utilising their swift transports, these ravagers plunge through the enemy lines to assault key positions.|Your turn|Shooting or Fight phase|Renegade Raiders|000000869|<b>WHEN:</b> Your Shooting phase or your Fight phase <br><br><b>TARGET:</b> One <span class="kwb">HERETIC</span> <span class="kwb">ASTARTES</span> unit from your army that disembarked from a TRANSPORT this turn and has not been selected to shoot or fight this phase. <br><br><b>EFFECT:</b> Until the end of the phase, each time a  model in your unit makes an attack, if the target of that attack is within range of an objective marker, you can re-roll the Hit roll and you can re-roll the Wound roll.|
CSM|SCOUR AND SEIZE|000008969003|Renegade Raiders â Battle Tactic Stratagem|1|If the bounty is to be claimed, the foe must first be purged.|Either playerâs turn|Fight phase|Renegade Raiders|000000869|<b>WHEN:</b> Fight phase.<br><br><b>TARGET:</b> One <span class="kwb">HERETIC</span> <span class="kwb">ASTARTES</span> unit from your army that has not been selected to fight this phase.<br><br><b>EFFECT:</b> Until the end of the phase, each time a model in your unit makes an attack that targets a unit within range of an objective marker, that attack has the [PRECISION] ability.|
CSM|REAVERSâ HASTE|000008969007|Renegade Raiders â Strategic Ploy Stratagem|1|The prospect of riches spurs these renegade warriors forwards. Woe betide any in their path.|Your turn|Charge phase|Renegade Raiders|000000869|<b>WHEN:</b> Your Charge phase.<br><br><b>TARGET:</b> One HERETIC ASTARTES INFANTRY or HERETIC ASTARTES MOUNTED unit from your army.<br><br><b>EFFECT:</b> Until the end of the phase, your unit is eligible to declare a charge in a turn in which it  Advanced. If you select one or more units within range of an objective marker as a target of that charge, add 1 to the Charge roll.|
CSM|OPPORTUNISTIC RAIDERS|000008969004|Renegade Raiders â Strategic Ploy Stratagem|1|Mobility is the key to victory These Heretic Astartes raiders outmanoeuvre and outflank the foe in order to achieve victory.|Either playerâs turn|Fight phase|Renegade Raiders|000000869|<b>WHEN:</b> End of the Fight phase<br><br><b>TARGET:</b> One <span class="kwb">HERETIC</span> <span class="kwb">ASTARTES</span> unit from your army that was eligible to fight this phase.<br><br><b>EFFECT:</b> If your unit is not within Engagement Range of one or more enemy units, it can make a Normal move of up to 6", or up to 12" if it is a MOUNTED unit. Otherwise, your unit can make a Fall Back move. It cannot embark within a TRANSPORT at the end of this move if it disembarked from a <span class="kwb">TRANSPORT</span> this turn.|
CSM|WARPCHARGED ENGINES|000008969005|Renegade Raiders â Wargear Stratagem|1|The engines of this vehicle or construct crackle with the raw energies of the immaterium, propelling it forward or incredible speed.|Your turn|Movement phase|Renegade Raiders|000000869|<b>WHEN:</b> Your Movement phase.<br><br><b>TARGET:</b> One HERETIC ASTARTES TRANSPORT or HERETIC ASTARTES MOUNTED unit from your army that has not been selected to move this phase.<br><br><b>EFFECT:</b> Until the end of the phase, if your unit  Advances, do not make an Advance roll for it. Instead, until the end of the phase, add 6" to the Move characteristic of models in your unit.|
CSM|DESPERATE PLEDGE|000008986002|Soulforged Warpack â Battle Tactic Stratagem|1|A daemon construct may beseech the Arkifane for further aid, adding to its soul debt in return for greater might.|Either playerâs turn|Shooting or Fight phase|Soulforged Warpack|000000873|<b>WHEN:</b> Your Shooting phase or the Fight phase.<br><br><b>TARGET:</b> One HERETIC ASTARTES DAEMON VEHICLE unit from your army that has not been selected to shoot or fight this phase.<br><br><b>EFFECT:</b> Until the end of the phase, if your unit invokes its contract, each time it makes an attack, improve the Armour Penetration characteristic of that attack by 1.|
CSM|DAEMONIC POSSESION|000008986004|Soulforged Warpack â Epic Deed Stratagem|1|Those steeped in techno-sorcery may trammel daemonic entities within mechanical constructs.|Your turn|Command phase|Soulforged Warpack|000000873|<b>WHEN:</b> Your Command phase.<br><br><b>TARGET:</b> One HERETIC ASTARTES VEHICLE unit from your army (excluding Daemon units).<br><br><b>EFFECT:</b> Until the end of the battle, your unit has the <span class="kwb">DAEMON</span> keyword.|
CSM|UNSTOPPABLE RAMPAGE|000008986005|Soulforged Warpack â Strategic Ploy Stratagem|1|The tortured machine spirits of Heretic Astartes vehicles are driven forward by their anguish.|Your turn|Movement or Charge phase|Soulforged Warpack|000000873|<b>WHEN:</b> Your Movement phase or Charge phase.<br><br><b>TARGET:</b> One Heretic Astartes Vehicle or Vashtorr the Arkifane unit from your army that has not been selected to move or charge this phase.<br><br><b>EFFECT:</b> Until the end of the phase, each time your unit makes Normal, Advance or charge move, it can move horizontally through terrain features as if they were not there.|
CSM|PREDATORY PURSUIT|000008986006|Soulforged Warpack â Strategic Ploy Stratagem|1|Corrupted Heretic Astartes Vehicles Pursue their prey with an animalistic determination.|Opponentâs turn|Movement phase|Soulforged Warpack|000000873|<b>WHEN:</b> Your opponentâs Movement phase, just after an enemy unit ends a Normal, Advance or Fall back move.<br><br><b>TARGET:</b> One HERETIC ASTARTES VEHICLE or Vashtorr the Arkifane unit from your army that is within 9" of that enemy unit and not within Engagement Range of one or more enemy units.<br><br><b>EFFECT:</b> Your unit can make a Normal move of up to 6", but must end that move as close as possible to that enemy unit.|
CSM|FEEDING FRENZY|000008986007|Soulforged Warpack â Strategic Ploy Stratagem|1|The daemonic entities at the heart of possessed vehicles hunger for the life force of their enemies.|Opponentâs turn|Movement phase|Soulforged Warpack|000000873|<b>WHEN:</b> Your opponentâs Movement phase, when an enemy unit (excluding <span class="kwb">MONSTER</span> and <span class="kwb">VEHICLES</span>) is selected to Fall Back.<br><br><b>TARGET:</b> One HERETIC ASTARTES DAEMON VEHICLE or Vashtorr the Arkifane unit from your army that is within Engagement Range of that enemy unit.<br><br><b>EFFECT:</b> Until the end of the phase, each time an enemy unit (excluding <span class="kwb">MONSTERS</span> and <span class="kwb">VEHICLES</span>) that is within Engagement Range of your units Falls Back, all models in that enemy unit must take a Desperate Escape test. When doing so, of that enemy unit is Battle-shocked, substract 1 from each of those tests.|
CSM|GLUT OF SOULS|000008986003|Soulforged Warpack â Strategic Ploy Stratagem|1|Wrh each soul harvested the bound daemon comes closer to settling its contract and earning freedom.|Either playerâs turn|Fight phase|Soulforged Warpack|000000873|<b>WHEN:</b> Fight phase.<br><br><b>TARGET:</b> One HERETIC ASTARTES DAEMON VEHICLE unit from your army (excluding Titanic units) that has not been selected to fight this phase.<br><br><b>EFFECT:</b> Until the end of the phase, if your unit invokes its contract, each time it makes an attack that destroys an enemy model, roll one D6: on 5+, your unit regains 1 lost wound after all of its attacks have been resolved (to a maximum of 6 wound).|
CSM|FLEETING MIGHT|000009513003|Underdeck Uprising â Battle Tactic Stratagem|1|For one tantalising instant, the dark prayers of these fanatics are answered by some infernal warp patron, placing the power to slay champions in their hands.|Either playerâs turn|Shooting or Fight phase|Underdeck Uprising|000000947|<b>WHEN:</b> Your Shooting phase or the Fight phase, just after a DAMNED unit from your army makes a Dark Pact.<br><br><b>TARGET:</b> That <span class="kwb">DAMNED</span> unit.<br><br><b>EFFECT:</b> Until the end of the phase, weapons equipped by models in your unit have the [DEVASTATING WOUNDS] ability.|
CSM|INFERNAL ALTARS|000009513002|Underdeck Uprising â Battle Tactic Stratagem|1|Whether heretical fanes unveiled amidst the rebellion or heaped corpses and votive offerings, these ritual foci lend the faithful supernatural protection.|Either playerâs turn|Shooting or Fight phase|Underdeck Uprising|000000947|<b>WHEN:</b> Your opponentâs Shooting phase or the Fight phase, just after an enemy unit has selected its targets.<br><br><b>TARGET:</b> One DAMNED unit from your army that was selected as the target of one or more of the attacking unit's attacks.<br><br><b>EFFECT:</b> Until the end of the phase, each time an attack targets your unit, if your unit is within range of an objective marker, models in your unit have the Feel No Pain 5+ ability against that attack. If your unit has the CULTIST MOB keyword, models in it have the Feel No Pain 4+ ability against that attack instead.|
CSM|STORM THE BRIDGE!|000009513005|Underdeck Uprising â Strategic Ploy Stratagem|1|Seizing their opportunity to strike a fatal blow against those who have oppressed them for so long - and please the Dark Gods in the process - these heretics surge forwards with zealous ferocity.|Your turn|Charge phase|Underdeck Uprising|000000947|<b>WHEN:</b> Your Charge phase.<br><br><b>TARGET:</b> One DAMNED or CHAOS SPAwN unit from your army.<br><br><b>EFFECT:</b> Until the end of the phase, your unit is eligible to declare a charge in a turn in which it Advanced.|
CSM|CRUDE SABOTAGE|000009513004|Underdeck Uprising â Strategic Ploy Stratagem|1|Using charged rigged from scavenged junk and pollutant runoff, the fanatical masses blast open the hatchways that bar their paths to ascension.|Your turn|Movement phase|Underdeck Uprising|000000947|<b>WHEN:</b> Your Movement phase.<br><br><b>TARGET:</b> One CULTIST MOB or DAMNED CHARAcTER unit from your army that has not been selected to move this phase and is not within Engagement Range of one or more enemy units.<br><br><b>EFFECT:</b> Select one closed Hatchway within 1â of your unit. Your unit can attempt to operate that Hatchway.<br><br><b>RESTRICTIONS:</b> Until the end of the turn, your unit cannot attempt to operate a Hatchway again.|
CSM|LET THE GALAXY BURN|000008961006|Veterans of the Long War â Battle Tactic Stratagem|1|No barricade or fortification is proof against the vengeful fury of these hate-fuelled murderers.|Your turn|Shooting phase|Veterans of the Long War|000000867|<b>WHEN:</b> Your Shooting phase.<br><br><b>TARGET:</b> One <span class="kwb">HERETIC</span> <span class="kwb">ASTARTES</span> unit from your army (excluding TZEENTCH units) that has not been selected to shoot this phase<br><br><b>EFFECT:</b> Until the end of the phase, ranged weapons equipped by models in your unit have the [IGNORES COVER] ability, and change the Attacks characteristic of Torrent weapons equipped by models in your unit to 6.|
CSM|CONTEMPTUOUS DISREGARD|000008961003|Veterans of the Long War â Battle Tactic Stratagem|1|Such embittered warriors as these shrug off hails of enemy fire with arrogant disdain.|Either playerâs turn|Shooting or Fight phase|Veterans of the Long War|000000867|<b>WHEN:</b> Your opponents Shooting phase or the Fight phase, just after an enemy unit has selected its targets.<br><br><b>TARGET:</b> One <span class="kwb">HERETIC</span> <span class="kwb">ASTARTES</span> unit from your army (excluding DAMNED units) that was selected as the target of one or more of the attacking unitâs attacks.<br><br><b>EFFECT:</b> Until the attacking unit has finished making its attacks, each time an attack targets your unit, worsen the Armour Penetration characteristic of that attack by 1.|
CSM|BRINGERS OF DESPAIR|000008961004|Veterans of the Long War â Epic Deed Stratagem|2|Fearful of countenance, these ancient warriors are redolent with warp power and radiate a horrifying aura of might.|Either playerâs turn|Fight phase|Veterans of the Long War|000000867|<b>WHEN:</b> Start of the Fight phase.<br><br><b>TARGET:</b> One <span class="kwb">HERETIC</span> <span class="kwb">ASTARTES</span> unit from your army (excluding DAMNED units) that is within Engagement Range of your focus of hatred.<br><br><b>EFFECT:</b> Until the end of the phase, your unit has the Fights First ability.|
CSM|ENDLESS IRE|000008961002|Veterans of the Long War â Epic Deed Stratagem|2|No amount of bloodshed can truly satisfy this bitter champion's desire for vengeance.|Either playerâs turn|Any phase|Veterans of the Long War|000000867|<b>WHEN:</b> Any phase, just after your focus of hatred is destroyed.<br><br><b>TARGET:</b> One HERETIC ASTARTES CHARACTER unit from  your army (excluding DAMNED units) <br><br><b>EFFECT:</b> Select one enemy unit within 12" of and visible to your unit. Until the start of your next Command phase, that enemy unit is considered to be your focus of hatred.|
CSM|BLACK CRUSADE|000008961005|Veterans of the Long War â Strategic Ploy Stratagem|1|The Warmaster s Black Crusade grinds ever onwards without restraint or remorse.|Your turn|Movement phase|Veterans of the Long War|000000867|<b>WHEN:</b> Your Movement phase<br><br><b>TARGET:</b> One HERETIC ASTARTES INFANTRY unit or HERETIC ASTARTES MOUNTED unit from your army  (excluding DAMNED units).<br><br><b>EFFECT:</b> Until the end of the turn, your unit is  eligible to shoot in a turn in which it Advanced  or Fell Back, and bolt pistols, boltguns and combi-bolters equipped by models in your unit have  the [DEVASTATING WOUNDS] ability while your unit has not already inflicted 6 wounds this turn using that ability.|
CSM|MILLENNIA OF EXPERIENCE|000008961007|Veterans of the Long War â Strategic Ploy Stratagem|1|Thousands of years of ceaseless conflict have forged these warriors into skilled and merciless killers.|Opponentâs turn|Movement phase|Veterans of the Long War|000000867|<b>WHEN:</b> Your opponentâs Movement phase, just after an enemy unit ends a Normal, Advance or Fall Back move.<br><br><b>TARGET:</b> One HERETIC ASTARTES INFANTRY or HERETIC ASTARTES MOUNTED unit from your army (excluding  DAMNED units) that is within 9" of that enemy unit and not within Engagement Range of one or more enemy units.<br><br><b>EFFECT:</b> Your unit can make a Normal move of up to 6".|
DG|CLOUD OF FLIES|000009417005|Arch-Contaminators â Battle Tactic Stratagem|1|Plague flies engulf these warriors in a storm of buzzing wings and pustulent bodies, soaking up incoming enemy fire and obscuring the Death Guard elite from the foe.|Opponentâs turn|Shooting phase|Arch-Contaminators|000000932|<b>WHEN:</b> Your opponentâs Shooting phase, just after an enemy unit has selected its targets.<br><br><b>TARGET:</b> One <span class="kwb">DEATH</span> <span class="kwb">GUARD</span> unit from your army that was selected as the target of one or more of the attacking unit's attacks.<br><br><b>EFFECT:</b> Until the end of the turn, each time an attack targets your unit, subtract 1 from the Hit roll.|
DG|ALLIES OF ENTROPY|000009417002|Arch-Contaminators â Strategic Ploy Stratagem|1|The foul vitality that flows through these warriors is slow to depart, even in extremis.|Either playerâs turn|Shooting phase|Arch-Contaminators|000000932|<b>WHEN:</b> Fight phase, just after an enemy unit has selected its targets.<br><br><b>TARGET:</b> One <span class="kwb">DEATH</span> <span class="kwb">GUARD</span> unit from your army that was selected as the target of one or more of the attacking unitâs attacks.<br><br><b>EFFECT:</b> Until the end of the phase, each time a model in your unit is destroyed, if that model has not fought this phase, roll one D6: on a 4+, do not remove the destroyed model from play; it can fight after the attacking unit has finished making its attacks, and is then removed from play.|
DG|CORROSIVE CURSE|000009417004|Arch-Contaminators â Strategic Ploy Stratagem|1|Mere proximity to these repulsive plague champions is enough to see vital systems rust and crumble as the taint of Chaos consumes them.|Your turn|Shooting phase|Arch-Contaminators|000000932|<b>WHEN:</b> Start of your Shooting phase.<br><br><b>TARGET:</b> One DEATH GUARD TERMINATOR unit from your army that is not within Engagement Range of one or more enemy units.<br><br><b>EFFECT:</b> Select one objective marker within Contagion Range of and visible to your unit. That objective marker is Secured by your army.<br><br><b>RESTRICTIONS:</b> You can only use this Stratagem once and, until the end of the turn, your unit is not eligible to shoot or declare a charge.|
DG|SEED OF CORRUPTION|000009417003|Arch-Contaminators â Strategic Ploy Stratagem|1|Like infectious spores contaminating their victim, the warriors of the Death Guard teleport into battle then dig in as their foulness slowly spreads around them.|Your turn|Shooting phase|Arch-Contaminators|000000932|<b>WHEN:</b> Your Shooting phase.<br><br><b>TARGET:</b> One DEATH GUARD TERMINATOR unit from your army that has not been selected to shoot this phase.<br><br><b>EFFECT:</b> If your unit was set up on the battlefield this turn, it can perform a Tactical Manoeuvre this phase as if it was not set up on the battlefield this turn.|
DG|BLESSINGS OF FILTH|000010132002|Champions of Contagion â Battle Tactic Stratagem|1|Employing their unique gifts, this champion enhances the weapons of their comrades with even greater levels of infectious malevolence.|Either playerâs turn|Shooting or Fight phase|Champions of Contagion|000001051|<b>WHEN:</b> Your Shooting phase or the Fight phase.<br><br><b>TARGET:</b> One Death Guard Attached unit from your army that has not been selected to shoot or fight this phase.<br><br><b>EFFECT:</b> Until the end of the phase, each time a model in your unit makes an attack, an unmodified Hit roll of 5+ scores a Critical Hit.|
DG|MALIGNANCE MAGNIFIED|000010132003|Champions of Contagion â Battle Tactic Stratagem|2|The vile talents of such plague specialists act like a filth-smeared lens, focusing and intensifying the infectious gifts of Nurgle.|Either playerâs turn|Shooting or Fight phase|Champions of Contagion|000001051|<b>WHEN:</b> Your Shooting phase or the Fight phase.<br><br><b>TARGET:</b> One Death Guard Attached unit from your army that has not been selected to shoot or fight this phase.<br><br><b>EFFECT:</b> Until the end of the phase, each time a model in your unit makes an attack that targets a unit that is below its Starting Strength, you can re-roll the Hit roll and you can re-roll the Wound roll.|
DG|GROTESQUE FORTITUDE|000010132004|Champions of Contagion â Battle Tactic Stratagem|1|After their champion calls down the blessings of Nurgle, these warriors can fight on no matter the catastrophic, often gruesome, damage done to them by the foe.|Either playerâs turn|Shooting or Fight phase|Champions of Contagion|000001051|<b>WHEN:</b> Your opponentâs Shooting phase or the Fight phase, just after an enemy unit has selected its targets.<br><br><b>TARGET:</b> One Death Guard Attached unit from your army that was selected as the target of one or more of the attacking unitâs attacks.<br><br><b>EFFECT:</b> Until the end of the phase, add 2 to the Toughness characteristic of models in your unit.|
DG|MOBILE VECTOR|000010132006|Champions of Contagion â Strategic Ploy Stratagem|1|Nurgle's champions move through the Death Guard ranks like squirming parasites.|Your turn|Movement phase|Champions of Contagion|000001051|<b>WHEN:</b> Your Movement phase, before the Reinforcements step.<br><br><b>TARGET:</b> One Death Guard Character unit from your army that is not leading a unit.<br><br><b>EFFECT:</b> Select one other friendly Death Guard unit (excluding Battle-shocked units and Attached units that already have two Leader units or one of your <span class="kwb">CHARACTER</span> units leading it] within 2" horizontally and 5" vertically of your unit that your unit can lead (as described in the Leader section of its datasheet]. Your unit attaches to that unit as a Leader. Change that unitâs Starting Strength accordingly.|
DG|RABID INFUSION|000010132005|Champions of Contagion â Strategic Ploy Stratagem|1|The combined talents of these Death Guard champions drive their followers into a foam-jawed fury, be it through injection with a curdled cocktail of stimms or immersion in a fug of infectious agents.|Either playerâs turn|Fight phase|Champions of Contagion|000001051|<b>WHEN:</b> Start of the Fight phase.<br><br><b>TARGET:</b> One Death Guard unit from your army that includes two Character models.<br><br><b>EFFECT:</b> Until the end of the phase, your unit has the Fights First ability.|
DG|DEATHâS HEADS|000010132007|Champions of Contagion â Wargear Stratagem|1|It takes much effort and sacrifice to fashion the disgusting explosives known as death's heads, but the results are spectacularly horrible.|Your turn|Shooting phase|Champions of Contagion|000001051|<b>WHEN:</b> Your Shooting phase.<br><br><b>TARGET:</b> One Biologus Putrifier unit from your army that is not within Engagement Range of one or more enemy units and has not been selected to shoot this phase.<br><br><b>EFFECT:</b> Select one enemy unit (excluding <span class="kwb">VEHICLES</span>) that is within 8" of and visible to your unit. Until the start of your next turn, that unit has the effect of all Plagues (see Nurgleâs Gift).|
DG|GRIM REAPERS|000010144003|Death Lordâs Chosen â Battle Tactic Stratagem|1|Swollen with bitter arrogance, these warriors carve a path through their perceived lessers and leave them as worm food.|Either playerâs turn|Fight phase|Death Lordâs Chosen|000001054|<b>WHEN:</b> Fight phase.<br><br><b>TARGET:</b> One Terminator unit from your army that has not been selected to fight this phase.<br><br><b>EFFECT:</b> Until the end of the phase, each time a model in your unit makes an attack that targets an enemy unit (excluding <span class="kwb">MONSTERS</span> and <span class="kwb">VEHICLES</span>) you can re-roll the Hit roll.|
DG|SIGNAL POX|000010144005|Death Lordâs Chosen â Epic Deed Stratagem|1|Guided in by rasping jets of fumes sent up by this Lord of Virulence, plague-ridden artillery fire and airbursting spore-shells saturate the target zone.|Your turn|Command phase|Death Lordâs Chosen|000001054|<b>WHEN:</b> Your Command phase.<br><br><b>TARGET:</b> One Lord of Virulence model from your army.<br><br><b>EFFECT:</b> Select one objective marker within 30" of and visible to your model. Until the start of your next turn, while an enemy unit is within range of that objective marker, that unit is Afflicted.|
DG|BLOOMING PESTILENCE|000010144002|Death Lordâs Chosen â Epic Deed Stratagem|1|Death Guard warriors know to chant the sevenfold prayers to unleash Nurgle's bounty on the foe.|Either playerâs turn|Any phase|Death Lordâs Chosen|000001054|<b>WHEN:</b> Start of any phase.<br><br><b>TARGET:</b> One Terminator unit from your army.<br><br><b>EFFECT:</b> Until the end of the phase, add 3" to the Contagion Range of models in your unit.|
DG|UNDYING SPITE|000010144004|Death Lordâs Chosen â Strategic Ploy Stratagem|1|Driven by bitterness and the putrid vitality of Nurgle's gifts, these warriors fight on for several moments, even after death.|Either playerâs turn|Fight phase|Death Lordâs Chosen|000001054|<b>WHEN:</b> Fight phase, just after an enemy unit has selected its targets.<br><br><b>TARGET:</b> One Terminator unit from your army that was selected as the target of one or more of the attacking unitâs attacks.<br><br><b>EFFECT:</b> Until the end of the phase, each time a model in your unit is destroyed, if that model has not fought this phase, roll one D6. On a 4+, do not remove the destroyed model from play; it can fight after the attacking unit has finished making its attacks, and is then removed from play.|
DG|MORTARION'S TEACHINGS|000010144006|Death Lordâs Chosen â Strategic Ploy Stratagem|1|Exemplifying the Daemon Primarch's doctrines on versatile heavy infantry tactics, these warriors position themselves and let fly.|Your turn|Shooting phase|Death Lordâs Chosen|000001054|<b>WHEN:</b> Your Shooting phase.<br><br><b>TARGET:</b> One Terminator unit from your army that has not been selected to shoot this phase.<br><br><b>EFFECT:</b> Until the end of the phase, ranged weapons equipped by models in your unit have the [ASSAULT] and [HEAVY] abilities.|
DG|SICKENING IMPACT|000010144007|Death Lordâs Chosen â Strategic Ploy Stratagem|1|Employing their crushing bulk and contagious gifts, these Terminators slam into their victims and grind them into putrefying mulch.|Your turn|Charge phase|Death Lordâs Chosen|000001054|<b>WHEN:</b> Your Charge phase, just after a Terminator unit from your army ends a Charge move.<br><br><b>TARGET:</b> That <span class="kwb">TERMINATOR</span> unit.<br><br><b>EFFECT:</b> Select one enemy unit within Engagement Range of your unit, then roll one D6 for each model in your unit that is within Engagement Range of that enemy unit: for each 2+, that enemy unit suffers 1 mortal wound (to a maximum of 6 mortal wounds).|
DG|INFESTATION|000009399004|Embarked Regiment â Strategic Ploy Stratagem|1|The taint left by the servants of Nurgle is not easily scoured from the stuff of realspace.|Either playerâs turn|Any phase|Vectors of Decay|000000930|<b>WHEN:</b> Start or end of any turn, when an enemy unit attempts to Seize an objective marker you have Secured.<br><br><b>TARGET:</b> One <span class="kwb">DEATH</span> <span class="kwb">GUARD</span> unit from your army (excluding CULTISTS and POXwALKERS units) within Contagion Range of that objective marker.<br><br><b>EFFECT:</b> Roll one D6: on a 5+, until the end of your next turn, that objective marker remains Secured by your army and you are considered to control it, regardless of how many enemy models are within range of it.<br><br><b>RESTRICTIONS:</b> You can only use this Stratagem once per battle round.|
DG|MYPHITIC INVIGORATION|000009730007|Flyblown Host â Battle Tactic Stratagem|1|Daemon flies are drawn to and invigorated by the foul miasmas surrounding Myphitic Blightâhaulers. In the vicinity of these malodorous constructs, the swarms gather in densities great enough to form a living barrier to the foeâs attacks.|Opponentâs turn|Shooting phase|Flyblown Host|000000980|<b>WHEN:</b> Your opponentâs Shooting phase, just after an enemy unit has selected its targets.<br><br><b>TARGET:</b> One Death Guard Infantry unit from your army that is within 6" of one or more friendly Myphitic Blight-hauler units and that was selected as the target of one or more of the attacking unitâs attacks.<br><br><b>EFFECT:</b> Until the end of the phase, each time an attack targets your unit, if the Strength characteristic of that attack is greater than the Toughness characteristic of this unit, subtract 1 from the Wound roll.|
DG|VERMIN CLOUD|000009730003|Flyblown Host â Battle Tactic Stratagem|1|The storm of insectile contagion sweeps forward, dragging the Death Guard in its wake. None will escape the Plague Godâs embrace.|Either playerâs turn|Fight phase|Flyblown Host|000000980|<b>WHEN:</b> Fight phase.<br><br><b>TARGET:</b> One Death Guard Infantry unit from your army that has not been selected to fight this phase.<br><br><b>EFFECT:</b> Until the end of the phase, each time a model in this unit makes a Pile-in or Consolidation move, it can move up to 6" instead of up to 3".|
DG|DRONING HORROR|000009730005|Flyblown Host â Battle Tactic Stratagem|1|Clouds of droning daemon flies sweep across the battlefield to envelop the enemies of the Death Guard. As their victims claw and scratch at the seething swarms, Mortarionâs sons pick off their targets at leisure.|Your turn|Shooting phase|Flyblown Host|000000980|<b>WHEN:</b> Your Shooting phase.<br><br><b>TARGET:</b> One Death Guard Infantry unit from your army that has not been selected to shoot this phase.<br><br><b>EFFECT:</b> Until the end of the phase, each time a model in your unit makes a ranged attack, re-roll a Hit roll of 1. If that attack targets a unit within half range, you can re-roll the Hit roll instead.|
DG|ENERVATING ONSLAUGHT|000009730006|Flyblown Host â Strategic Ploy Stratagem|1|Swathed in a buzzing cloak of pathogenic decay, Nurgleâs chosen crash into the foe, disease dealing death as surely as fist, maul and blade.|Your turn|Charge phase|Flyblown Host|000000980|<b>WHEN:</b> Your Charge phase, just after a <span class="kwb">DEATH</span> <span class="kwb">GUARD</span> <span class="kwb">INFANTRY</span> unit from your army makes a Charge move.<br><br><b>TARGET:</b> That Death Guard Infantry unit.<br><br><b>EFFECT:</b> Select one enemy unit within Engagement Range of your unit (excluding <span class="kwb">MONSTERS</span> and <span class="kwb">VEHICLES</span>). Roll one D6 for each model in your unit that is within Engagement Range of that unit, adding 1 to the result if that model is not a Cultist or Poxwalker model: for each 5+, the selected enemy unit suffers 1 mortal wound (to a maximum of 6 mortal wounds).|
DG|EYE OF THE SWARM|000009730004|Flyblown Host â Strategic Ploy Stratagem|1|The vermin swarms intensify as the Death Guard close in upon the enemy. As their foes clutch and tear their crawling skin, pitiless Plague Marines unleash volleys of pointâblank fire into their tormented foes.|Your turn|Shooting phase|Flyblown Host|000000980|<b>WHEN:</b> Your Shooting phase.<br><br><b>TARGET:</b> One Death Guard Infantry unit from your army that has not been selected to shoot this phase.<br><br><b>EFFECT:</b> Until the end of the phase, ranged weapons equipped by models in your unit (excluding Blast weapons) have the [PISTOL] ability.|
DG|NAUSEATING PAROXYSMS|000009730002|Flyblown Host â Strategic Ploy Stratagem|1|The contagion borne by the Death Guard and their attendant swarms of winged vermin triggers bouts of sickness and convulsion in those they encounter.|Either playerâs turn|Fight phase|Flyblown Host|000000980|<b>WHEN:</b> Start of the Fight phase.<br><br><b>TARGET:</b> One Death Guard Infantry unit from your army that is within Engagement Range of one or more enemy units.<br><br><b>EFFECT:</b> Select one enemy unit within Engagement Range of your unit. That unit must take a Battle-shock test, subtracting 1 from the result.|
DG|DRAWN TO DESPAIR|000010128004|Mortarionâs Hammer â Battle Tactic Stratagem|1|Those who languish in misery or cower in terror make themselves easy targets for the Death Guard.|Your turn|Shooting phase|Mortarionâs Hammer|000001050|<b>WHEN:</b> Your Shooting phase.<br><br><b>TARGET:</b> One Death Guard unit from your army that has not been selected to shoot this phase.<br><br><b>EFFECT:</b> Until the end of the phase, each time a model in your unit makes an attack that targets a visible enemy unit (excluding <span class="kwb">AIRCRAFT</span>) within your opponentâs deployment zone, you can re-roll the Hit roll.|
DG|RELENTLESS GRIND|000010128003|Mortarionâs Hammer â Strategic Ploy Stratagem|1|When the armoured vehicles of the Death Guard advance, they plough through - or straight over- anything that stands in their way.|Your turn|Movement or Charge phase|Mortarionâs Hammer|000001050|<b>WHEN:</b> Your Movement phase or your Charge phase.<br><br><b>TARGET:</b> One Death Guard Vehicle unit from your army that has not been selected to move or charge this phase.<br><br><b>EFFECT:</b> Until the end of the phase, each time your unit makes a Normal, Advance or Charge move, it can move horizontally through terrain features.|
DG|FONT OF FILTH|000010128005|Mortarionâs Hammer â Strategic Ploy Stratagem|1|As though afflicted with some awful vomiting sickness, this vehicle's weapons retch an endless stream of fire at the enemy, heaving themselves empty even as it storms into the enemy lines.|Your turn|Shooting phase|Mortarionâs Hammer|000001050|<b>WHEN:</b> Your Shooting phase.<br><br><b>TARGET:</b> One Death Guard Vehicle unit from your army that has not been selected to shoot this phase.<br><br><b>EFFECT:</b> Until the end of the phase, ranged weapons equipped by models in your unit have the [ASSAULT] ability.|
DG|EYESTINGER STORM|000010128006|Mortarionâs Hammer â Strategic Ploy Stratagem|1|Swarms of these revolting insects burrow hives into the hulls of Death Guard vehicles. Drawn to sickened prey, they boil forth in buzzing masses and descend on the foe, spreading panic and horror.|Opponentâs turn|Command phase|Mortarionâs Hammer|000001050|<b>WHEN:</b> Your opponentâs Command phase.<br><br><b>TARGET:</b> One Death Guard Vehicle unit from your army.<br><br><b>EFFECT:</b> Select one objective marker visible to one or more models in your unit. Each Afflicted enemy unit within range of that objective marker must take a Battle-shock test. Enemy units affected by this Stratagem do not need to take any other Battle-shock tests in the same phase.|
DG|STINKING MIRE|000010128007|Mortarionâs Hammer â Strategic Ploy Stratagem|1|Attempting to counterattack Death Guard can leave foes floundering amidst bubbling filth.|Opponentâs turn|Charge phase|Mortarionâs Hammer|000001050|<b>WHEN:</b> Start of your opponentâs Charge phase.<br><br><b>TARGET:</b> One Death Guard Vehicle unit from your army.<br><br><b>EFFECT:</b> Until the end of the phase, each time an enemy unit selects your unit as the target of a charge, subtract 2 from the Charge roll (this is not cumulative with any other negative modifiers to that Charge roll).|
DG|BLIGHTED LAND|000010128002|Mortarionâs Hammer â Strategic Ploy Stratagem|2|Firing diseased submunitions or belching swarms of daemonic parasites from its hull, this war engine befouls the battlefield as it advances.|Your turn|Movement phase|Mortarionâs Hammer|000001050|<b>WHEN:</b> End of your Movement phase.<br><br><b>TARGET:</b> One Death Guard Vehicle unit from your army.<br><br><b>EFFECT:</b> Select one terrain feature within 24" of and visible to your unit. Until the start of your next turn, enemy units are Afflicted while they are within 3" of that terrain feature.|
DG|GNAWING HUNGER|000010140004|Shamblerot Vectorium â Battle Tactic Stratagem|1|Gripped by a sudden, monstrous hunger, the Poxwalkers surge forward in a ravenous mass.|Your turn|Command phase|Shamblerot Vectorium|000001053|<b>WHEN:</b> Your Command phase.<br><br><b>TARGET:</b> One Poxwalkers unit from your army.<br><br><b>EFFECT:</b> Until the end of the turn, add 1 to the Move characteristic of models in your unit, and add 1 to the Attacks and Strength characteristics of melee weapons equipped by models in your unit.|
DG|GRIP OF THE WALKING POX|000010140002|Shamblerot Vectorium â Strategic Ploy Stratagem|1|Those infected by walking pox may fall as though fatally wounded, but they soon rise again.|Either playerâs turn|Fight phase|Shamblerot Vectorium|000001053|<b>WHEN:</b> Fight phase, just after an enemy unit has selected its targets.<br><br><b>TARGET:</b> One Poxwalkers unit from your army that was selected as the target of one or more of the attacking unitâs attacks.<br><br><b>EFFECT:</b> After the attacking unit has fought, roll one D6 for each model from your unit that was destroyed as a result of those attacks: on a 6, the attacking unit suffers 1 mortal wound. If your unit is not destroyed after the attacking unit has fought, enemy models destroyed as a result of this Stratagem count as enemy models destroyed by an attack made by a model in your unit for the purposes of the Curse of the Walking Pox ability.|
DG|HIDDEN AMONGST THE DEAD|000010140005|Shamblerot Vectorium â Strategic Ploy Stratagem|1|Another wave of Poxwalkers rises from the battlefieldâs carrion heaps.|Your turn|Movement phase|Shamblerot Vectorium|000001053|<b>WHEN:</b> The Reinforcements step of your Movement phase.<br><br><b>TARGET:</b> One Poxwalkers unit from your army that is in Strategic Reserves and that is not an Attached unit.<br><br><b>EFFECT:</b> Until the end of the phase, models in that unit have the Deep Strike ability.|
DG|SHAMBLING WALL|000010140007|Shamblerot Vectorium â Strategic Ploy Stratagem|1|Lacking even basic self-preservation instincts, Poxwalkers make excellent walking shields.|Opponentâs turn|Shooting phase|Shamblerot Vectorium|000001053|<b>WHEN:</b> Your opponentâs Shooting phase, just after an enemy unit has selected its targets.<br><br><b>TARGET:</b> One Death Guard unit from your army that was selected as the target of one or more of the attacking unitâs attacks, and one friendly Poxwalkers unit within 3" of your unit and visible to both your unit and the attacking unit.<br><br><b>EFFECT:</b> Until the end of the phase, each time you would allocate an attack to a model in your <span class="kwb">DEATH</span> <span class="kwb">GUARD</span> unit, if your <span class="kwb">POXWALKERS</span> unit is visible to the attacking model and is an eligible target for that attack, no saving throw is made for that attack; instead a number of <span class="kwb">POXWALKERS</span> from your <span class="kwb">POXWALKERS</span> unit equal to the Damage characteristic of that attack are destroyed.|
DG|SMEARED WITH FILTH|000010140003|Shamblerot Vectorium â Strategic Ploy Stratagem|1|Hacking a path through a horde of Poxwalkers leaves aggressors coated in infectious matter.|Either playerâs turn|Fight phase|Shamblerot Vectorium|000001053|<b>WHEN:</b> Fight phase.<br><br><b>TARGET:</b> One Poxwalkers unit from your army that was just destroyed. You can target that unit with this Stratagem even though it was just destroyed.<br><br><b>EFFECT:</b> Select one enemy unit that made one or more attacks that targeted your unit this phase. Until the end of the battle, that enemy unit is Afflicted.|
DG|SHOCK AND HORROR|000010140006|Shamblerot Vectorium â Strategic Ploy Stratagem|1|Already dismayed by this living nightmare, the enemy falters before another sudden onslaught.|Your turn|Charge phase|Shamblerot Vectorium|000001053|<b>WHEN:</b> Your Charge phase, just after a Death Guard unit from your army ends a Charge move.<br><br><b>TARGET:</b> That <span class="kwb">DEATH</span> <span class="kwb">GUARD</span> unit.<br><br><b>EFFECT:</b> Each enemy unit within Engagement Range of your unit must take a Battle-shock test, subtracting 1 from that test.|
DG|CLUTCHING CORRUPTION|000010136003|Tallyband Summoners â Battle Tactic Stratagem|1|The daemons of Nurgle grasp their victims tightly with rotting talons and coiling tentacles, their clutch as inescapable as entropy itself.|Either playerâs turn|Fight phase|Tallyband Summoners|000001052|<b>WHEN:</b> Fight phase.<br><br><b>TARGET:</b> One Death Guard unit from your army that has not been selected to fight this phase.<br><br><b>EFFECT:</b> Until the end of the phase, each time a model in your unit makes an attack that targets an enemy unit that is within Engagement Range of one or more Plague Legions units from your army, you can re-roll the Hit roll.|
DG|FLESHY AVALANCHE|000010136005|Tallyband Summoners â Strategic Ploy Stratagem|1|The ephemeral structures of realspace have no power to halt the onset of Nurgle's Great Unclean Ones; they crumble, rot and burst apart before their unholy bulk.|Your turn|Movement or Charge phase|Tallyband Summoners|000001052|<b>WHEN:</b> Your Movement phase or your Charge phase.<br><br><b>TARGET:</b> One Plague Legions Monster unit from your army that has not been selected to move or charge this phase.<br><br><b>EFFECT:</b> Until the end of the phase, each time your unit makes a Normal, Advance or Charge move, it can move horizontally through terrain features.|
DG|AVATARS OF DECAY|000010136006|Tallyband Summoners â Strategic Ploy Stratagem|1|Countless diseases blossom in the unreal flesh of Nurgle's daemon childer, manifestations of his blessings to be spread to all.|Your turn|Shooting phase|Tallyband Summoners|000001052|<b>WHEN:</b> Your Shooting phase.<br><br><b>TARGET:</b> One Plague Legions unit from your army.<br><br><b>EFFECT:</b> Until the end of the phase, while an enemy unit is within 6" of your unit, that enemy unit is Afflicted.|
DG|MIRESLICK|000010136007|Tallyband Summoners â Strategic Ploy Stratagem|1|Beneath the tread of Nurgleâs daemons, even ferrocrete or plasteel soon turns to a quagmire of rotting matter, in which their unlucky enemies begin to sink and become trapped.|Opponentâs turn|Movement phase|Tallyband Summoners|000001052|<b>WHEN:</b> Your opponentâs Movement phase, when an enemy unit (excluding <span class="kwb">MONSTERS</span> and <span class="kwb">VEHICLES</span>) is selected to Fall Back.<br><br><b>TARGET:</b> One Plague Legions unit from your army that is within Engagement Range of that enemy unit.<br><br><b>EFFECT:</b> Until the end of the phase, while an enemy unit is within Engagement Range of your unit, each time that unit is selected to Fall Back, it must take a Leadership test. If that test is failed, that unit must Remain Stationary this phase instead.|
DG|PERSISTENT PESTS|000010136002|Tallyband Summoners â Strategic Ploy Stratagem|1|There is no simple way to wholly cleanse a Nurgling infestation once it has taken root.|Either playerâs turn|Any phase|Tallyband Summoners|000001052|<b>WHEN:</b> Any phase.<br><br><b>TARGET:</b> One Nurglings unit from your army that was just destroyed. You can target that unit with this Stratagem even though it was just destroyed.<br><br><b>EFFECT:</b> Add a new unit to your army identical to your destroyed unit, in Strategic Reserves, at its Starting Strength and with its full wounds remaining.<br><br><b>RESTRICTIONS:</b> You can only use this Stratagem once per battle.|
DG|ALL IS ROT|000010136004|Tallyband Summoners â Strategic Ploy Stratagem|1|Death Guard warriors open fire into foes already embattled by Nurgleâs daemons, knowing that no matter who they hit, all will wither and rot.|Your turn|Shooting phase|Tallyband Summoners|000001052|<b>WHEN:</b> Your Shooting phase.<br><br><b>TARGET:</b> One Plague Legions unit from your army that is within Engagement Range of one or more enemy units.<br><br><b>EFFECT:</b> Until the end of the phase, enemy units are not considered to be within Engagement Range of your unit for the purposes of selecting targets of ranged weapons. Until the end of the phase, each time an enemy model loses a wound, while that modelâs unit is within Engagement Range of your unit, roll one D6: on a 5+, your unit suffers 1 mortal wound after the attacking unit has finished making its attacks.|
DG|POX FLARE|000009409002|Unclean Uprising â Battle Tactic Stratagem|1|Like fever heat bursting into unclean flame, the diseases infesting these Poxwalkers flare with sudden infectious vitality.|Either playerâs turn|Fight phase|Unclean Uprising|000000931|<b>WHEN:</b> Fight phase.<br><br><b>TARGET:</b> One POXwALKERS unit from your army that has not been selected to fight this phase.<br><br><b>EFFECT:</b> Until the end of the phase, improve the Armour Penetration characteristic of melee weapons equipped by models in your unit by 1.|
DG|SHAMBLING ONSLAUGHT|000009409005|Unclean Uprising â Strategic Ploy Stratagem|1|Relentless, untiring, the plague-rotted hordes press forward in a tide of grasping hands, stinking bodies and gnashing, splintered teeth.|Opponentâs turn|Movement phase|Unclean Uprising|000000931|<b>WHEN:</b> Your opponent's Movement phase, just after an enemy unit is selected to Fall Back.<br><br><b>TARGET:</b> One POXwALKERS unit from your army within Engagement Range of that enemy unit.<br><br><b>EFFECT:</b> After that enemy unit ends that Fall Back move, if your unit is not within Engagement Range of one or more enemy units, your unit can make a Normal move.|
DG|PATH OF PESTILENCE|000009409003|Unclean Uprising â Strategic Ploy Stratagem|1|Long have lurking cultists planned the uprising and prepared the route for their plague-blessed masters to process to victory.|Your turn|Movement phase|Unclean Uprising|000000931|<b>WHEN:</b> Your Movement phase.<br><br><b>TARGET:</b> One DEATH GUARD CULTISTS unit from your army that has not been selected to move this phase and is not within Engagement Range of one or more enemy units.<br><br><b>EFFECT:</b> Select one closed Hatchway within 1â of your unit. Your unit can attempt to operate that Hatchway.<br><br><b>RESTRICTIONS:</b> Until the end of the turn, your unit cannot attempt to operate a Hatchway again.|
DG|CHINKS IN THE ARMOUR|000009399002|Vectors of Decay â Battle Tactic Stratagem|1|Even the slightest weakness is enough for the foulness of the Death Guard to find a way in.|Either playerâs turn|Shooting or Fight phase|Vectors of Decay|000000930|<b>WHEN:</b> Your Shooting phase or the Fight phase.<br><br><b>TARGET:</b> One <span class="kwb">DEATH</span> <span class="kwb">GUARD</span> unit from your army that has not been selected to shoot or fight this phase.<br><br><b>EFFECT:</b> Until the end of the phase, each time a model in your unit makes an attack that targets a unit within Contagion Range of one or more units from your army, a Critical Hit is scored on an unmodified Hit roll of 5+, instead of only a 6.|
DG|THE DEAD RISE|000009409004|Vectors of Decay â Strategic Ploy Stratagem|1|What appeared moments before to be a mere carrion heap suddenly lurches into foul and grinning unlife.|Your turn|Movement phase|Unclean Uprising|000000931|<b>WHEN:</b> Your Movement phase, at the start of the Reinforcements step.<br><br><b>TARGET:</b> One POXwALKERS unit from your army that is in Reserves.<br><br><b>EFFECT:</b> Until the end of the phase, your unit has the Deep Strike ability.<br><br><b>RESTRICTIONS:</b> You can only use this Stratagem once.|
DG|SEEPING CORROSION|000009399005|Vectors of Decay â Strategic Ploy Stratagem|1|Crawling tendrils of foulness spread through the voidship at the touch of the Death Guard, poisoning and rotting luckless foes.|Your turn|Movement phase|Vectors of Decay|000000930|<b>WHEN:</b> Your Movement phase, when a DEATH GUARD unit from your army (excluding CULTISTS and POXwALKERS units) attempts to open a Hatchway.<br><br><b>TARGET:</b> That <span class="kwb">DEATH</span> <span class="kwb">GUARD</span> unit.<br><br><b>EFFECT:</b> Select one enemy unit within 1" of your unit and on the opposite side of that Hatchway from your unit, and roll one D6: on a 2-4, that enemy unit suffers 1 mortal wound; on a 5+, that enemy unit suffers 2 mortal wounds. Until the end of the phase, if an enemy unit attempts to prevent that Hatchway from being opened, when rolling off, you can re-roll your result.|
DG|GROTESQUE DEMISE|000009399003|Vectors of Decay â Strategic Ploy Stratagem|1|Many of the plague weapons and revolting diseases unleashed by the Death Guard inflict endings so hideous that the mere sight of them is enough to send unharmed enemies fleeing in horror.|Either playerâs turn|Shooting or Fight phase|Vectors of Decay|000000930|<b>WHEN:</b> Your Shooting phase or the Fight phase, just after a <span class="kwb">DEATH</span> <span class="kwb">GUARD</span> unit from your army (excluding CULTISTS and POXwALKERS units) has shot or fought.<br><br><b>TARGET:</b> That <span class="kwb">DEATH</span> <span class="kwb">GUARD</span> unit.<br><br><b>EFFECT:</b> Select one enemy unit that had one or more models destroyed as a result of those attacks. That enemy unit must take a Battle-shock test.|
DG|DISGUSTINGLY RESILIENT|000010124003|Virulent Vectorium â Battle Tactic Stratagem|2|Those favoured by Nurgle are inured to pain, their rotting bodies shrugging off all but the most traumatic damage with ease.|Either playerâs turn|Shooting or Fight phase|Virulent Vectorium|000001049|<b>WHEN:</b> Your opponentâs Shooting phase or the Fight phase, just after an enemy unit has selected its targets.<br><br><b>TARGET:</b> One Death Guard unit from your army that was selected as the target of one or more of the attacking unitâs attacks.<br><br><b>EFFECT:</b> Until the end of the phase, each time an attack is allocated to a model in your unit, subtract 1 from the Damage characteristic of that attack.|
DG|PLAGUESURGE|000010124004|Virulent Vectorium â Epic Deed Stratagem|2|The foul miasma around the Death Guard swells and thickens, boiling outward like putrid smog.|Your turn|Command phase|Virulent Vectorium|000001049|<b>WHEN:</b> Your Command phase.<br><br><b>TARGET:</b> Your Death Guard <span class="kwb">WARLORD</span> that is on the battlefield.<br><br><b>EFFECT:</b> Until the start of your next Command phase, add 3" to the Contagion Range of models from your army.|
DG|LEECHSPORE ERUPTION|000010124005|Virulent Vectorium â Epic Deed Stratagem|1|Billowing from this warrior's wounds come clouds of parasitic spores that settle on the foe and drain their vitality, stealing it for the one who spawned them.|Your turn|Command phase|Virulent Vectorium|000001049|<b>WHEN:</b> Your Command phase.<br><br><b>TARGET:</b> One Death Guard model your army that has lost one or more wounds.<br><br><b>EFFECT:</b> Select one enemy unit within 3" of your model. Roll a number of D6 equal to the number of wounds your model has lost: for each 5+, that enemy unit suffers one mortal wound (to a maximum of 6 mortal wounds) and your model regains 1 lost wound (to a maximum of 6 lost wounds).|
DG|PUTRID DETONATION|000010124002|Virulent Vectorium â Strategic Ploy Stratagem|1|Bloated with putrefaction and swilling with infectious poisons, the demise of this hulking entity is as revolting as it is explosively hazardous.|Either playerâs turn|Any phase|Virulent Vectorium|000001049|<b>WHEN:</b> Any phase.<br><br><b>TARGET:</b> One Death Guard Vehicle or Death Guard Monster model from your army with the Deadly Demise ability that was just destroyed. You can use this Stratagem on that model even though it was just destroyed.<br><br><b>EFFECT:</b> Do not roll one D6 to determine whether mortal wounds are inflicted by your modelâs Deadly Demise ability. Instead, mortal wounds are automatically inflicted. In addition, any enemy units that suffer mortal wounds as a result of this Stratagem are Afflicted until the start of your next turn.|
DG|OVERWHELMING GENEROSITY|000010124006|Virulent Vectorium â Wargear Stratagem|1|Unholy filth gushes from Nurgle's faithful into their guns until the armaments threaten to burst like bloated corpses.|Your turn|Shooting phase|Virulent Vectorium|000001049|<b>WHEN:</b> Start of your Shooting phase.<br><br><b>TARGET:</b> One Death Guard Character unit from your army.<br><br><b>EFFECT:</b> Select one enemy unit visible to your unit. Until the end of the phase, each time a <span class="kwb">DEATH</span> <span class="kwb">GUARD</span> unit from your army selects that enemy unit as the target of any ranged attacks, you can re-roll the dice to determine how many attacks a weapon equipped by a model in that unit makes.|
DG|CREEPING BLIGHT|000010124007|Virulent Vectorium â Wargear Stratagem|1|Those in the grip of Nurgle's unholy plagues become weaker by the moment, barely able to lift their weapons, let alone defend themselves from the attacking Death Guard.|Your turn|Shooting phase|Virulent Vectorium|000001049|<b>WHEN:</b> Your Shooting phase.<br><br><b>TARGET:</b> One Death Guard Infantry unit from your army that has not been selected to shoot this phase.<br><br><b>EFFECT:</b> Until the end of the phase, each time a model in your unit makes a ranged attack that targets an Afflicted unit, you can re-roll the Hit roll and you can re-roll the Wound roll.|
DRU|CONNOISSEURS OF PAIN|000010585006|Covenite Coterie â Battle Tactic Stratagem|1|These epicureans of extreme sensation revel in their agonies as much as those of the foe.|Either playerâs turn|Shooting or Fight phase|Covenite Coterie|000001114|<b>WHEN:</b> Your opponentâs Shooting phase or the Fight phase, just after an enemy unit has selected its targets.<br><br><b>TARGET:</b> One Drukhari unit from your army that was selected as the target of one or more of the attacking unitâs attacks.<br><br><b>EFFECT:</b> Spend 1 Pain token. Until the attacking unit has finished making its attacks, each time an attack targets your unit, worsen the Armour Penetration characteristic of that attack by 1. At the end of the phase, if your unit is still on the battlefield and it is a Haemonculus Covens unit, you gain 1 Pain token.|
DRU|POISONERâS ART|000010585004|Covenite Coterie â Epic Deed Stratagem|1|The venoms wielded by these warriors are potent enough to impress Shaimesh himself.|Either playerâs turn|Fight phase|Covenite Coterie|000001114|<b>WHEN:</b> Fight phase, just after a Haemonculus Covens unit from your army has fought.<br><br><b>TARGET:</b> That <span class="kwb">HAEMONCULUS</span> <span class="kwb">COVENS</span> unit.<br><br><b>EFFECT:</b> Select one enemy unit (excluding <span class="kwb">VEHICLES</span>) hit by one or more of your unitâs attacks this phase. Until the end of the battle, that enemy unit is poisoned. At the start of each Command phase, roll one D6 for each poisoned unit on the battlefield: on a 4+, that unit suffers D3 mortal wounds.|
DRU|SYMPHONY OF SUFFERING|000010585003|Covenite Coterie â Epic Deed Stratagem|1|So extreme are the foe's agonies that they spread a shock wave of terror through their comrades.|Either playerâs turn|Fight phase|Covenite Coterie|000001114|<b>WHEN:</b> Fight phase, just after a Drukhari unit from your army destroys an enemy unit.<br><br><b>TARGET:</b> That <span class="kwb">DRUKHARI</span> unit.<br><br><b>EFFECT:</b> Each enemy unit within 9" of and visible to your unit must take a Battle-shock test, subtracting 1 from that test if your unit is a Haemonculus Covens unit.|
DRU|POSTMORTALITY|000010585002|Covenite Coterie â Epic Deed Stratagem|1|To the greatest Haemonculi, death is but an intriguing and temporary state to be experienced.|Either playerâs turn|Any phase|Covenite Coterie|000001114|<b>WHEN:</b> Any phase.<br><br><b>TARGET:</b> One Haemonculus model from your army that was just destroyed. You can use this Stratagem on that model even though it was just destroyed.<br><br><b>EFFECT:</b> Spend 1-3 Pain tokens. At the end of the phase, set the destroyed model back up on the battlefield, as close as possible to where it was destroyed and not within Engagement Range of any enemy units, with a number of wounds remaining equal to the number of Pain tokens you just spent.<br><br><b>RESTRICTIONS:</b> You cannot use this Stratagem if you have 0 Pain tokens, and you cannot target the same <span class="kwb">HAEMONCULUS</span> model with this Stratagem more than once per battle.|
DRU|ENFOLDING NIGHTMARE|000010585007|Covenite Coterie â Strategic Ploy Stratagem|1|Even as the prey seek to drive the covenites back with hails of firepower, the horrors lurch closer.|Opponentâs turn|Shooting phase|Covenite Coterie|000001114|<b>WHEN:</b> Your opponentâs Shooting phase, just after an enemy unit has shot.<br><br><b>TARGET:</b> One Haemonculus Covens unit from your army that was selected as the target of one or more of the attacking unitâs attacks.<br><br><b>EFFECT:</b> Roll one D6: your unit can be moved a number of inches up to the result, but it must end that move as close as possible to the closest enemy unit (excluding <span class="kwb">AIRCRAFT</span>). When doing so, those models can be moved within Engagement Range of that enemy unit.|
DRU|DISTILLERS OF FEAR|000010585005|Covenite Coterie â Strategic Ploy Stratagem|2|By arcane syringe and unholy invocation, the enemy's terror is syphoned out of their bodies, leaving them as little more than contorted husks.|Either playerâs turn|Fight phase|Covenite Coterie|000001114|<b>WHEN:</b> Fight phase.<br><br><b>TARGET:</b> One Haemonculus Covens unit from your army that has not been selected to fight this phase.<br><br><b>EFFECT:</b> Until the end of the phase, each time a model in your unit makes an attack that targets an enemy unit that is Battle-shocked, that attack has the [DEVASTATING WOUNDS] ability.|
DRU|MAKING A POINT|000010589006|Kabalite Cartel â Battle Tactic Stratagem|1|Whether seeking to impress a watching Archon, show up rivals or revel in their supremacy, these marksmen fire for spiteful effect.|Your turn|Shooting phase|Kabalite Cartel|000001115|<b>WHEN:</b> Your Shooting phase.<br><br><b>TARGET:</b> One Kabalite Warriors or Hand of the Archon unit from your army that has not been selected to shoot this phase.<br><br><b>EFFECT:</b> Until the end of the phase, improve the Ballistic Skill and Armour Penetration characteristics of ranged weapons equipped by models in your unit by 1.|
DRU|TAKEN ALIVE|000010589003|Kabalite Cartel â Battle Tactic Stratagem|1|Borne away screaming into the shadows, everyone knows these unfortunates face a dreadful fate.|Either playerâs turn|Fight phase|Kabalite Cartel|000001115|<b>WHEN:</b> Fight phase.<br><br><b>TARGET:</b> One Drukhari unit from your army that has not been selected to fight this phase.<br><br><b>EFFECT:</b> Until the end of the phase, each time a model in your unit makes an attack, add 1 to the Hit roll. If your Contract unit is destroyed as a result of those attacks, every unit in your opponentâs army must take a Battle-shock test. You cannot gain more than 3 Pain tokens as a result of failed Battle-shock tests caused by this Stratagem.|
DRU|ENEMIES WITHOUT NUMBER|000010589005|Kabalite Cartel â Epic Deed Stratagem|1|This Archonâs personal kill list of rivals, nemeses and victims is virtually never-ending.|Your turn|Command phase|Kabalite Cartel|000001115|<b>WHEN:</b> Your Command phase, just after you complete a Contract.<br><br><b>TARGET:</b> One Archon <span class="kwb">WARLORD</span> from your army.<br><br><b>EFFECT:</b> Select one new Contract (this can be one you have already completed), then select one unit from your opponentâs army that is on the battlefield and matches the âContractâ description in that Contract. Until that Contract is completed, that unit is your Contract unit and the Murderous Agenda Detachment rule applies as normal.|
DRU|TAILORED TOXINS|000010589004|Kabalite Cartel â Epic Deed Stratagem|1|Specially prepared for their chosen prey, these malignant poisons are the anathema of their targets.|Either playerâs turn|Shooting or Fight phase|Kabalite Cartel|000001115|<b>WHEN:</b> Your Shooting phase or the Fight phase.<br><br><b>TARGET:</b> One Kabal or Blades for Hire unit from your army that has not been selected to shoot or fight this phase.<br><br><b>EFFECT:</b> Until the end of the phase, each time a model in your unit makes an attack that targets your Contract unit, an unmodified Hit roll of 5+ scores a Critical Hit.|
DRU|DEADLY DECEIVERS|000010589007|Kabalite Cartel â Strategic Ploy Stratagem|1|A life lived amidst the shadowed spires of Commorragh teaches many ways to creep up on your enemies, unseen and unsuspected.|Opponentâs turn|Shooting phase|Kabalite Cartel|000001115|<b>WHEN:</b> Your opponentâs Shooting phase, just after an enemy unit has selected its targets.<br><br><b>TARGET:</b> One Kabal or Blades for Hire unit from your army that was selected as the target of one or more of the attacking unitâs attacks.<br><br><b>EFFECT:</b> Until the end of the phase, your unit can only be selected as the target of a ranged attack if the attacking model is within 18".|
DRU|DOUBLE-CROSS|000010589002|Kabalite Cartel â Strategic Ploy Stratagem|1|What better way to eliminate rivals than tricking them into taking the blade meant for your ribs?|Either playerâs turn|Fight phase|Kabalite Cartel|000001115|<b>WHEN:</b> Fight phase, just after an enemy unit has selected its targets.<br><br><b>TARGET:</b> One Kabal or Blades for Hire unit from your army that was selected as the target of one or more of the attacking unitâs attacks, and one friendly Drukhari unit (excluding Vehicles).<br><br><b>EFFECT:</b> Until the end of the phase, each time you would allocate an attack to a model in your <span class="kwb">KABAL</span> or <span class="kwb">BLADES</span> <span class="kwb2">FOR</span> <span class="kwb">HIRE</span> unit, if your <span class="kwb">DRUKHARI</span> unit is within Engagement Range of the attacking model, no saving throw is made for that attack; instead, your <span class="kwb">DRUKHARI</span> unit suffers a number of mortal wounds equal to the Damage characteristic of that attack.|
DRU|ELUSIVE DUELLISTS|000009434002|Kabalite Corsairs â Battle Tactic Stratagem|1|These warriors delight in the close-quarters blade-duels of boarding actions, weaving around their enemies' blows and cutting them down in droves.|Either playerâs turn|Fight phase|Kabalite Corsairs|000000935|<b>WHEN:</b> Fight phase, just after an enemy unit has selected its targets.<br><br><b>TARGET:</b> One <span class="kwb">DRUKHARI</span> unit from your army that was selected as the target of one or more of the attacking unitâs attacks.<br><br><b>EFFECT:</b> Until the end of the phase, each time an attack targets your unit, subtract 1 from the Hit roll and, if your unit has the INcUBI keyword, models in your unit have a 4+ invulnerable save.|
DRU|DECKPLATE SWEEPERS|000009434003|Kabalite Corsairs â Battle Tactic Stratagem|1|Indiscriminate hails of splinter fire fill chambers and corridors, leaving nowhere to hide in the enclosed space.|Your turn|Shooting phase|Kabalite Corsairs|000000935|<b>WHEN:</b> Your Shooting phase.<br><br><b>TARGET:</b> One KABAL unit from your army that has not been selected to shoot this phase.<br><br><b>EFFECT:</b> Until the end of the phase, improve the Armour Penetration characteristic of splinter cannons, splinter rifles and splinter pistols equipped by models in your unit by 1.|
DRU|OPPORTUNISTIC THIEVES|000009434005|Kabalite Corsairs â Strategic Ploy Stratagem|1|Any undefended source of riches or power is fair game to these fast-moving raiders.|Your turn|Fight phase|Kabalite Corsairs|000000935|<b>WHEN:</b> End of your Fight phase.<br><br><b>TARGET:</b> One KABAL unit from your army that is not within Engagement Range of one or more enemy units.<br><br><b>EFFECT:</b> Select one objective marker you do not control that is visible to your unit. Your unit can make a Normal move of up to D6", but if it does, every model in that unit must end that move as close as possible to that objective marker.|
DRU|TAKE THEM ALIVE|000009434004|Kabalite Corsairs â Strategic Ploy Stratagem|1|Aiming to maim rather than slag, and employing psychotropic or paralysing venoms, the Kabalites seek to incapacitate their victims so that they too may be taken as plunder.|Your turn|Shooting phase|Kabalite Corsairs|000000935|<b>WHEN:</b> Your Shooting phase, just after a KABAL unit from your army has shot.<br><br><b>TARGET:</b> That <span class="kwb">KABAL</span> unit.<br><br><b>EFFECT:</b> Select one enemy unit hit by one or more of your unitâs attacks this phase (excluding those made with Pistols). That enemy unit must take a Battle-shock test, subtracting 1 from the result if your unit is within 6â of it.|
DRU|MOULDED MUSCULATURE|000009451004|Painbringers â Battle Tactic Stratagem|1|The muscular fleshcraft monstrosities fielded by the Haemonculi can punch through hatchways and bulkheads to reach their cowering victims.|Either playerâs turn|Fight phase|Painbringers|000000937|<b>WHEN:</b> Fight phase.<br><br><b>TARGET:</b> One HAEMONcULUS COvENS unit from your army that has not been selected to fight this phase.<br><br><b>EFFECT:</b> Select any number of models in your unit. Until the end of the phase, improve the Strength and Armour Penetration characteristics of melee weapons equipped by the selected models by 1, and each time you select targets for attacks made by those models, they must target an enemy unit that is wholly on the opposite side of a Hatchway from them.|
DRU|UNFEELING ABOMINATIONS|000009451003|Painbringers â Battle Tactic Stratagem|1|The creations of the Haemonculi are capable of enduring terrible wounds and continuing to fight.|Either playerâs turn|Fight phase|Painbringers|000000937|<b>WHEN:</b> Fight phase, just after an enemy unit has selected its targets.<br><br><b>TARGET:</b> One HAEMONcULUS COvENS unit from your army that was selected as the target of one or more of the attacking unit's attacks.<br><br><b>EFFECT:</b> Until the end of the phase, each time a model in your unit is destroyed, if that model has not fought this phase, roll one D6, adding 1 if your unit has the GROTESqUES keyword: on a 4+, do not remove the destroyed model from play; it can fight after the attacking unit has finished making its attacks, and is then removed from play.<br><br><b>RESTRICTIONS:</b> If your unit has the <span class="kwb">GROTESQUES</span> keyword, until the end of the phase, it loses the Mindless Killing Machines ability.|
DRU|TERRIFYING AURA|000009451005|Painbringers â Strategic Ploy Stratagem|1|The disturbing nature of these creatures causes weapons to quiver, even in the hands of veteran soldiers.|Opponentâs turn|Shooting phase|Painbringers|000000937|<b>WHEN:</b> Your opponent's Shooting phase, just after an enemy unit has selected its targets.<br><br><b>TARGET:</b> One HAEMONcULUS COvENS unit from your army that was selected as the target of one or more of the attacking unit's attacks and is within 6" of the attacking unit.<br><br><b>EFFECT:</b> That enemy unit must take a Leadership test, subtracting 1 if it is within 3" of your unit: if failed, until the end of the phase, each time a model in that enemy unit makes an attack that targets your unit, an unmodified Hit roll of 6 is required to score a hit, irrespective of the attacking weaponâs Ballistic Skill or any modifiers.|
DRU|HORRIFYING FORM|000009451002|Painbringers â Strategic Ploy Stratagem|1|The hulking monsters of the Haemonculus Covens are terrifying indeed, cowing enemy warriors with their grotesque and intimidating forms.|Either playerâs turn|Any phase|Painbringers|000000937|<b>WHEN:</b> End of any phase, when an objective marker Secured by your army would be Seized by an enemy unit.<br><br><b>TARGET:</b> One HAEMONcULUS COvENS unit from your army within range of that objective marker.<br><br><b>EFFECT:</b> Until the end of your next turn, while you have one or more <span class="kwb">DRUKHARI</span> units within range of that objective marker (excluding Battle-shocked units), that objective marker remains Secured by your army and cannot be Seized by enemy units.<br><br><b>RESTRICTIONS:</b> You can only use this Stratagem once per battle round.|
DRU|INSENSIBLE TO PAIN|000010575002|Realspace Raiders â Battle Tactic Stratagem|2|The twisted creations of the haemonculus covens are uncaring of all but the most mortal injuries.|Either playerâs turn|Shooting or Fight phase|Realspace Raiders|000000804|<b>WHEN:</b> Your opponentâs Shooting phase or the Fight phase, just after an enemy unit has selected its targets.<br><br><b>TARGET:</b> One Haemonculus Covens unit from your army that was selected as the target of one or more of the attacking unitâs attacks.<br><br><b>EFFECT:</b> Until the end of the phase, each time an attack is allocated to a model in your unit, subtract 1 from the Damage characteristic of that attack.|
DRU|FIGHTING SHADOWS|000010575003|Realspace Raiders â Battle Tactic Stratagem|1|Even attempting to strike the Drukhari is like trying to lay a blade to smoke, so sly and swift are they.|Either playerâs turn|Shooting or Fight phase|Realspace Raiders|000000804|<b>WHEN:</b> Your opponentâs Shooting phase or the Fight phase, just after an enemy unit has selected its targets.<br><br><b>TARGET:</b> One Drukhari unit from your army (excluding Haemonculus Covens units) that was selected as the target of one or more of the attacking unitâs attacks.<br><br><b>EFFECT:</b> Until the end of the phase, each time an attack targets your unit, subtract 1 from the Hit roll.|
DRU|EAGER FOR THE KILL|000010575006|Realspace Raiders â Battle Tactic Stratagem|1|The exhilarating promise of bloodshed goads these warriors into battle with preternatural haste.|Your turn|Movement phase|Realspace Raiders|000000804|<b>WHEN:</b> Start of your Movement phase.<br><br><b>TARGET:</b> Up to two Wyches units from your army, or one other Drukhari unit from your army, that have not been selected to move this phase.<br><br><b>EFFECT:</b> Until the end of the phase, each time one of those units Advances, do not make an Advance roll for it. Instead, until the end of the phase, add 6" to the Move characteristic of models in that unit (this is not cumulative with the Reaversâ Matchless Swiftness ability).|
DRU|INSTINCTIVE SPITE|000010575004|Realspace Raiders â Battle Tactic Stratagem|1|It is hardwired into the Drukhari psyche to prey upon weakened and suffering victims.|Either playerâs turn|Shooting or Fight phase|Realspace Raiders|000000804|<b>WHEN:</b> Start of your Shooting phase or the start of the Fight phase.<br><br><b>TARGET:</b> Up to two Drukhari Battleline units from your army, or one other Drukhari unit from your army.<br><br><b>EFFECT:</b> You can spend 1 Pain token. Until the end of the phase, each time a model in each of those units makes an attack that targets an enemy unit that is Below Half-strength, add 1 to the Hit roll. If you spent 1 Pain token, add 1 to the Wound roll as well.|
DRU|RAID AND FADE|000010575007|Realspace Raiders â Strategic Ploy Stratagem|2|The Drukhari are masters at using hit-and-run tactics, engaging a target with a flurry of shots before quickly manoeuvring into cover or out of sight.|Your turn|Shooting phase|Realspace Raiders|000000804|<b>WHEN:</b> End of your Shooting phase.<br><br><b>TARGET:</b> Up to two Kabalite Warriors units from your army, or one other Drukhari unit from your army (excluding ScouRGES and Aircraft).<br><br><b>EFFECT:</b> Each of those units can make a Normal move of up to 6".<br><br><b>RESTRICTIONS:</b> You cannot select units that are within Engagement Range of one or more enemy units. Until the end of the turn, those units are not eligible to declare a charge.|
DRU|DARK HARVEST|000010575005|Realspace Raiders â Strategic Ploy Stratagem|1|Wicked sickles and serrated blades hack through writhing flesh as the Drukhari harvest agony and suffering.|Either playerâs turn|Fight phase|Realspace Raiders|000000804|<b>WHEN:</b> Start of the Fight phase.<br><br><b>TARGET:</b> Up to two Wracks units from your army, or one other Drukhari unit from your army.<br><br><b>EFFECT:</b> Until the end of the phase, melee weapons equipped by models in each of those units have the [LETHAL HITS] ability.|
DRU|MALICIOUS FRENZY|000009782002|Reaperâs Wager â Battle Tactic Stratagem|1|Jealous competition descends into frenzied carnage as the kill count climbs higher and the intoxicating screams of the dying fill the air.|Either playerâs turn|Shooting or Fight phase|Reaperâs Wager|000000993|<b>WHEN:</b> Your Shooting phase or the Fight phase.<br><br><b>TARGET:</b> One Drukhari or Harlequins unit from your army that has not been selected to shoot or fight this phase.<br><br><b>EFFECT:</b> Select [LETHAL HITS] or [SUSTAINED HITS 1]. Until the end of the phase, weapons equipped by models in your unit have the selected ability.|
DRU|MURDERERâS CIRCUS|000009782004|Reaperâs Wager â Battle Tactic Stratagem|1|In bounding leaps and graceful pirouettes, the cavalcade of capricious killers bounds through hails of fire, cackling gleefully as they come.|Either playerâs turn|Fight phase|Reaperâs Wager|000000993|<b>WHEN:</b> Fight phase, just after an enemy unit has selected its targets.<br><br><b>TARGET:</b> One Drukhari or Harlequins unit from your army that was selected as the target of one or more of the attacking unitâs attacks.<br><br><b>EFFECT:</b> Until the end of the phase, each time an attack targets your unit, subtract 1 from the Hit roll.|
DRU|SHORTEN THE ODDS|000009782005|Reaperâs Wager â Strategic Ploy Stratagem|1|Having selected their victims, these killers strive to complete the kill with speed and brutality whilst moving ever closer to winning their macabre wager.|Your turn|Movement phase|Reaperâs Wager|000000993|<b>WHEN:</b> Your Movement phase, just after a Drukhari or Harlequins unit from your army has Advanced.<br><br><b>TARGET:</b> That unit.<br><br><b>EFFECT:</b> Until the end of the turn, your unit is eligible to shoot and declare a charge in a turn in which it Advanced.|
DRU|FATEFUL ROLE|000009782003|Reaperâs Wager â Strategic Ploy Stratagem|1|These warriors are so absorbed by their desire to win the wager that they risk death to land their killing blows.|Either playerâs turn|Fight phase|Reaperâs Wager|000000993|<b>WHEN:</b> Fight phase, just after an enemy unit has selected its targets.<br><br><b>TARGET:</b> One Drukhari or Harlequins unit from your army that was selected as the target of one or more of the attacking unitâs attacks.<br><br><b>EFFECT:</b> Until the end of the phase, each time a model in your unit is destroyed, if that model has not fought this phase, roll one D6, adding 1 to the result if that unit is losing the wager: on a 4+, do not remove it from play. That destroyed model can fight after the attacking modelâs unit has finished making its attacks, and is then removed from play.|
DRU|DANCE MACABRE|000009782007|Reaperâs Wager â Strategic Ploy Stratagem|2|The saedathâs victims become unwitting partners in a frantic dance of ghastly slaughter.|Opponentâs turn|Movement phase|Reaperâs Wager|000000993|<b>WHEN:</b> Your opponentâs Movement phase, just after an enemy unit ends a Normal, Advance or Fall Back move.<br><br><b>TARGET:</b> One Drukhari Infantry or Harlequins Infantry unit from your army that is within 9" of that enemy unit.<br><br><b>EFFECT:</b> Your unit can make a Normal move of up to D6". If your unit is currently losing the wager, it can make a Normal move of up to 6" instead.|
DRU|SCINTILLATING TEMPO|000009782006|Reaperâs Wager â Strategic Ploy Stratagem|1|Commorrite or Harlequin, these lithe combatants move with stunning speed, darting in and out of firing lines before their foes can raise their weapons.|Your turn|Movement or Charge phase|Reaperâs Wager|000000993|<b>WHEN:</b> Your Movement phase or your Charge phase, just after a Drukhari or Harlequins unit from your army is selected to make a Normal, Advance or Fall Back move, is set up on the battlefield, or declares a charge.<br><br><b>TARGET:</b> That unit.<br><br><b>EFFECT:</b> Until the end of the turn, enemy units cannot use the Fire Overwatch Stratagem to shoot at your unit.|
DRU|HYPERAGILITY|000009442002|Ship-killer Cult â Battle Tactic Stratagem|1|Driven by combat drugs and the elation of their victims'fear and pain, the Wyches weave around their enemies' blades with easy scorn.|Either playerâs turn|Shooting or Fight phase|Ship-killer Cult|000000936|<b>WHEN:</b> Your opponent's Shooting phase or the Fight phase, just after an enemy unit has selected its targets.<br><br><b>TARGET:</b> One WYcH CULT unit from your army that was selected as the target of one or more of the attacking unitâs attacks.<br><br><b>EFFECT:</b> Until the end of the phase, each time an attack targets your unit, subtract 1 from the Hit roll and subtract 1 from the Wound roll.|
DRU|TOYING WITH THE PREY|000009442003|Ship-killer Cult â Strategic Ploy Stratagem|1|More than simply besting their victims in combat, the Wyches slowly take them apart, one perfectly placed cut and slice at a time, making a terrifying example to shatter enemy morale.|Either playerâs turn|Fight phase|Ship-killer Cult|000000936|<b>WHEN:</b> Fight phase, just after a WYcH CULT unit from your army has fought.<br><br><b>TARGET:</b> That <span class="kwb">WYCH</span> <span class="kwb">CULT</span> unit.<br><br><b>EFFECT:</b> If your unit destroyed one or more enemy models this phase, select one of those enemy models. Until the end of your opponentâs next turn, subtract 1 from the Objective Control characteristic of models in that enemy model's unit (to a minimum of l).|
DRU|NO OBSTACLE|000009442004|Ship-killer Cult â Strategic Ploy Stratagem|1|Scenting their prey's fear sweat, tracking their fluttering heartbeats, the Wyches beardown unerringly on their victims through corridors and chambers.|Your turn|Charge phase|Ship-killer Cult|000000936|<b>WHEN:</b> Your Charge phase.<br><br><b>TARGET:</b> One WYCH CULT unit from your army that opened a Hatchway this turn.<br><br><b>EFFECT:</b> Until the end of the phase, your unit can declare a charge that includes one or more targets that are not visible to it, provided each of those units that are not visible to it are wholly on the opposite side of that Hatchway from your unit.|
DRU|PHANTASM GRENADES|000009442005|Ship-killer Cult â Wargear Stratagem|1|These hallucinogenic atomisers spew clouds of nightmare-inducing gasses that leave the foe glassy-eyed and reeling.|Your turn|Movement phase|Ship-killer Cult|000000936|<b>WHEN:</b> Your Movement phase, just after a WYcH CULT unit from your army ends a Normal move, before any enemy units fire Overwatch.<br><br><b>TARGET:</b> That <span class="kwb">WYCH</span> <span class="kwb">CULT</span> unit.<br><br><b>EFFECT:</b> Select one enemy unit within 9" of and visible to your unit. That enemy unit must take a Battle-shock test, subtracting 1 from the result: if failed, until the end of the turn, that enemy unit cannot fire Overwatch.|
DRU|SKYBORNE ANNIHILATION|000010577005|Skysplinter Assault â Battle Tactic Stratagem|1|These warriors are well versed in raining suppressing fire on the foe even as they close with them from on high, shredding defences and leaving the survivors easy prey for the raid.|Your turn|Shooting phase|Skysplinter Assault|000000831|<b>WHEN:</b> Your Shooting phase.<br><br><b>TARGET:</b> One Drukhari unit from your army that has not been selected to shoot this phase and that disembarked from a Transport this turn.<br><br><b>EFFECT:</b> Until the end of the phase, ranged weapons equipped by models in your unit have the [SUSTAINED HITS 1] ability, or the [SUSTAINED HITS 2] ability if your unit is a Kabalite Warriors or Hand of the Archon unit.|
DRU|VICIOUS BLADES|000010577002|Skysplinter Assault â Strategic Ploy Stratagem|1|Wielding a horrifying array of hooked boarding blades, barbed lariats and other specialised tools of agony, these warriors hack and slash at their foes even as their transport skims low overhead.|Either playerâs turn|Fight phase|Skysplinter Assault|000000831|<b>WHEN:</b> Fight phase, just after a Drukhari Transport from your army has selected its targets.<br><br><b>TARGET:</b> That <span class="kwb">TRANSPORT</span>.<br><br><b>EFFECT:</b> After your <span class="kwb">TRANSPORT</span> has fought, select one enemy unit that was the target of one or more of those attacks and roll one D6 for each model embarked within your <span class="kwb">TRANSPORT</span>, adding 1 to the result if that embarked model is a Wracks model: for each 5+, that enemy unit suffers 1 mortal wound (to a maximum of 6 mortal wounds).|
DRU|SWOOPING MOCKERY|000010577006|Skysplinter Assault â Strategic Ploy Stratagem|1|The crew of this skimmer delight in evading and taunting their enemies with mocking ease.|Opponentâs turn|Movement phase|Skysplinter Assault|000000831|<b>WHEN:</b> Your opponentâs Movement phase, just after an enemy unit ends a Normal, Advance or Fall Back move.<br><br><b>TARGET:</b> One Drukhari Transport from your army that is within 9" of that enemy unit.<br><br><b>EFFECT:</b> Your <span class="kwb">TRANSPORT</span> can make a Normal move of up to 6".|
DRU|POUNCE ON THE PREY|000010577004|Skysplinter Assault â Strategic Ploy Stratagem|1|Incredible alien agility and a delight in taking wild risks help these warriors to leap acrobatically from their skimming transports directly into battle.|Your turn|Movement phase|Skysplinter Assault|000000831|<b>WHEN:</b> Your Movement phase, just after a Drukhari Infantry unit from your army disembarks from a Transport that made a Normal move this phase.<br><br><b>TARGET:</b> That <span class="kwb">INFANTRY</span> unit.<br><br><b>EFFECT:</b> Until the end of the turn, your unit is eligible to declare a charge.|
DRU|WRAITHLIKE RETREAT|000010577003|Skysplinter Assault â Strategic Ploy Stratagem|1|Employing smoke grenades, paralysing mists or simple cunning and agility, these warriors slip away like spectres.|Either playerâs turn|Fight phase|Skysplinter Assault|000000831|<b>WHEN:</b> End of the Fight phase.<br><br><b>TARGET:</b> One Drukhari Infantry unit from your army that fought this phase.<br><br><b>EFFECT:</b> Your unit can make a Normal or Fall Back move, but unless it is a Wyches unit, it must end that move wholly within 3" horizontally and 5" vertically of a friendly Drukhari Transport and must embark within that <span class="kwb">TRANSPORT</span> at the end of that move (otherwise, it cannot make that move).|
DRU|NIGHT SHIELD|000010577007|Skysplinter Assault â Wargear Stratagem|1|These powerful Drukhari devices occlude their raiding vehicles from physical sight, targeting sensors, and even psychic senses.|Opponentâs turn|Shooting phase|Skysplinter Assault|000000831|<b>WHEN:</b> Your opponentâs Shooting phase, just after an enemy unit has selected its targets.<br><br><b>TARGET:</b> One Drukhari Vehicle unit from your army that was selected as the target of one or more of the attacking unitâs attacks.<br><br><b>EFFECT:</b> Until the end of the phase, models in your unit have a 4+ invulnerable save.|
DRU|CREW-THIEVES|000009426003|Space Lane Raiders â Battle Tactic Stratagem|1|The fast-acting incapacitation toxins on the blades of these Wracks allow them to lay low the defenders, before dragging them away, alive but powerless, to a far more horrible fate than death.|Either playerâs turn|Fight phase|Space Lane Raiders|000000934|<b>WHEN:</b> Fight phase.<br><br><b>TARGET:</b> One WRAcKS unit from your army that has not been selected to fight this phase.<br><br><b>EFFECT:</b> Until the end of the phase, melee weapons equipped by models in your unit have the [ANTI-INFANTRY 3+] ability.|
DRU|SHIPBOARD SHADES|000009426002|Space Lane Raiders â Battle Tactic Stratagem|1|Amidst the strobing lumens and gouting steam of voidship combat, the Drukhari flicker and flit like malevolent, half-seen shadows.|Either playerâs turn|Shooting or Fight phase|Space Lane Raiders|000000934|<b>WHEN:</b> Your opponentâs Shooting phase or the Fight phase, just after an enemy unit has selected its targets.<br><br><b>TARGET:</b> One <span class="kwb">DRUKHARI</span> unit from your army that was selected as the target of one or more of the attacking unitâs attacks.<br><br><b>EFFECT:</b> Until the end of the phase, each time an attack targets your unit, subtract 1 from the Hit roll.|
DRU|VETERAN PIRATES|000009426005|Space Lane Raiders â Strategic Ploy Stratagem|1|No strangers to shipboard warfare, these warriors are skilled in loosing volleys then vanishing swiftly back behind corners and bulkheads to avoid reprisals.|Your turn|Shooting phase|Space Lane Raiders|000000934|<b>WHEN:</b> Your Shooting phase, just after a KABALITE WARRIORS unit from your army has shot.<br><br><b>TARGET:</b> That <span class="kwb">KABALITE</span> <span class="kwb">WARRIORS</span> unit.<br><br><b>EFFECT:</b> Your unit can make a Normal move of up to 3".|
DRU|VOIDSHIP GLADIATORS|000009426004|Space Lane Raiders â Strategic Ploy Stratagem|1|Treating the vessel they have boarded as just another arena to perform in, these Wyches turn every iota of their skill and agility to the task.|Your turn|Movement phase|Space Lane Raiders|000000934|<b>WHEN:</b> Your Movement phase.<br><br><b>TARGET:</b> One WYcHES unit from your army that has not been selected to move this phase.<br><br><b>EFFECT:</b> Roll one D6: on a 2+, until the end of the turn, enemy units cannot fire Overwatch at your unit.|
DRU|A CHALLENGE MET|000010581006|Spectacle of Spite â Battle Tactic Stratagem|2|The foe's advance is not something to be wary of but rather an opportunity to be seized.|Opponentâs turn|Movement phase|Spectacle of Spite|000001113|<b>WHEN:</b> End of your opponentâs Movement phase.<br><br><b>TARGET:</b> One WYCH CULT unit from your army that would be able to declare a charge if it were your Charge phase.<br><br><b>EFFECT:</b> Select one enemy unit within 9" of your unit that was set up on the battlefield this phase or that ended a Normal or Advance move this phase. Your unit now declares a charge that targets only that enemy unit, and you resolve that charge.<br><br><b>RESTRICTIONS:</b> Even if that charge is successful, your unit does not receive any Charge bonus this turn.|
DRU|ACROBATIC DISPLAY|000010581007|Spectacle of Spite â Battle Tactic Stratagem|1|Moving so quickly they seem to blur, the Wyches evade incoming fire with contemptuous elegance.|Opponentâs turn|Shooting phase|Spectacle of Spite|000001113|<b>WHEN:</b> Your opponentâs Shooting phase, just after an enemy unit has selected its targets.<br><br><b>TARGET:</b> One Wych Cult unit from your army that was selected as the target of one or more of the attacking unitâs attacks.<br><br><b>EFFECT:</b> Until the end of the phase, models in your unit have a 5+ invulnerable save.|
DRU|DEADLY DEBUT|000010581003|Spectacle of Spite â Battle Tactic Stratagem|1|Imitating Lelith Hesperax, these warriors begin their gladiatorial bout with an opening so spectacularly violent that none can fail to be impressed.|Either playerâs turn|Fight phase|Spectacle of Spite|000001113|<b>WHEN:</b> Fight phase.<br><br><b>TARGET:</b> One DRUKHARI unit from your army that made a Charge move this turn and has not been selected to fight this phase.<br><br><b>EFFECT:</b> Until the end of the phase, melee weapons equipped by models in your unit have the [LETHAL HITS] ability. If your unit is a Wyches unit, until the end of the phase, improve the Armour Penetration characteristic of melee weapons equipped by models in your unit by 1 as well.|
DRU|BERSERK FUGUE|000010581002|Spectacle of Spite â Strategic Ploy Stratagem|2|The cult's gladiators enter a killing trance when combat is joined, allowing them to fight on through the most grievous hurts with undimmed ferocity.|Either playerâs turn|Fight phase|Spectacle of Spite|000001113|<b>WHEN:</b> Fight phase, just after an enemy unit has selected its targets.<br><br><b>TARGET:</b> One Wych Cult unit from your army that was selected as the target of one or more of the attacking unitâs attacks.<br><br><b>EFFECT:</b> Until the end of the phase, each time a model in your unit is destroyed, if that model has not fought this phase, do not remove it from play. The destroyed model can fight after the attacking unit has finished making its attacks, and is then removed from play.|
DRU|PRETERNATURAL AGILITY|000010581005|Spectacle of Spite â Strategic Ploy Stratagem|1|Bounding and weaving, the Wyches cross the battlefield with unmatched acrobatic agility.|Your turn|Movement or Charge phase|Spectacle of Spite|000001113|<b>WHEN:</b> Start of your Movement or Charge phase.<br><br><b>TARGET:</b> One Wych Cult unit from your army.<br><br><b>EFFECT:</b> Until the end of the phase, each time your unit makes a Normal, Advance or Charge move, you can ignore any or all modifiers to its Move characteristic and to Advance and Charge rolls made for it and, until the end of the turn, each time a model in your unit makes such a move, it can move horizontally through models (when doing so, such a model can move within Engagement Range of such models but cannot end a Normal or Advance move within Engagement Range of them).|
DRU|FEIGNED WEAKNESS|000010581004|Spectacle of Spite â Strategic Ploy Stratagem|1|Employing a common ruse from the arenas, the Drukhari appear to cower, wounded and exhausted, before surging back at their overconfident opponents with blades and fangs bared.|Your turn|Movement phase|Spectacle of Spite|000001113|<b>WHEN:</b> Your Movement phase, just after a Drukhari unit from your army Falls Back.<br><br><b>TARGET:</b> That <span class="kwb">DRUKHARI</span> unit.<br><br><b>EFFECT:</b> Until the end of the turn, your unit is eligible to shoot and declare a charge in turn in which it Fell Back.|
EC|SUSTAINED BY AGONY|000010011002|Carnival of Excess â Battle Tactic Stratagem|1|Slaaneshi daemons feed upon the emotions of others, with agony a particular delicacy.|Either playerâs turn|Fight phase|Carnival of Excess|000001036|<b>WHEN:</b> Fight phase, just after an Emperorâs Children unit from your army destroys an enemy unit.<br><br><b>TARGET:</b> That <span class="kwb">EMPERORâS</span> <span class="kwb">CHILDREN</span> unit.<br><br><b>EFFECT:</b> Select one friendly Legions of Excess unit within 6" of your unit. One model in that <span class="kwb">LEGIONS</span> <span class="kwb2">OF</span> <span class="kwb">EXCESS</span> unit recovers up to 3 lost wounds or, if it is a Daemonettes unit, return upto D3+3 destroyed models to it instead.|
EC|SYCOPHANTIC SURGE|000010011005|Carnival of Excess â Battle Tactic Stratagem|1|The daemons of Slaanesh care naught for mortals but strive to earn the approval of their Dark Prince.|Your turn|Charge phase|Carnival of Excess|000001036|<b>WHEN:</b> Your Charge phase.<br><br><b>TARGET:</b> One LEGIONS OF EXCESS unit from your army.<br><br><b>EFFECT:</b> Until the end of the phase, your unit is eligible to declare a charge in a turn in which it Advanced or Fell Back, provided at least one of the targets of that charge is within Engagement Range of one or more Emperorâs Children units from your army.|
EC|UNCANNY REACTIONS|000010011006|Carnival of Excess â Battle Tactic Stratagem|1|Those who have earned the favour of their Dark Prince may be granted a sliver of his grace.|Opponentâs turn|Shooting phase|Carnival of Excess|000001036|<b>WHEN:</b> Your opponentâs Shooting phase, just after an enemy unit has selected its targets.<br><br><b>TARGET:</b> One Slaanesh unit from your army that was selected as the target of one or more of the attacking unitâs attacks.<br><br><b>EFFECT:</b> Until the end of the phase, each time an attack targets your unit, subtract 1 from the Hit roll.|
EC|ECSTATIC SLAUGHTER|000010011003|Carnival of Excess â Strategic Ploy Stratagem|1|As the violence intensifies, so does the ecstasy of battle empower daemon and mortal alike.|Either playerâs turn|Fight phase|Carnival of Excess|000001036|<b>WHEN:</b> Fight phase, just after a <span class="kwb">LEGIONS</span> <span class="kwb2">OF</span> <span class="kwb">EXCESS</span> unit from your army destroys an enemy unit.<br><br><b>TARGET:</b> That Legions OF Excess unit and one friendly Emperorâs Children unit within 6" of it that is not within Engagement Range of one or more enemy units.<br><br><b>EFFECT:</b> Your <span class="kwb">EMPERORâS</span> <span class="kwb">CHILDREN</span> unit can declare a charge. If it does so and it has already been selected to fight this phase, it cannot fight again this phase.|
EC|VIOLENT CRESCENDO|000010011004|Carnival of Excess â Strategic Ploy Stratagem|2|In the final act of the battle, the followers of Slaanesh descend to slaughter the remaining foes.|Either playerâs turn|Fight phase|Carnival of Excess|000001036|<b>WHEN:</b> Fight phase.<br><br><b>TARGET:</b> One Slaanesh Beasts, Slaanesh Infantry or SLAANESH Mounted unit from your army that has not been selected to fight this phase.<br><br><b>EFFECT:</b> Until the end of the phase, each time a model in your unit makes a Pile-in or Consolidation move, it can move up to 6" instead of up to 3". When doing so, it does not need to end that move closer to the closest enemy model, provided it ends that move as close as possible to the closest enemy unit.|
EC|DARK APPARITIONS|000010011007|Carnival of Excess â Strategic Ploy Stratagem|2|The daemons of Slaanesh are not bound by the laws of reality, fading in and out of existence at will.|Opponentâs turn|Fight phase|Carnival of Excess|000001036|<b>WHEN:</b> End of your opponentâs Fight phase.<br><br><b>TARGET:</b> One Daemonettes unit from your army that is not within Engagement Range of one or more enemy units.<br><br><b>EFFECT:</b> Remove your unit from the battlefield and place it into Strategic Reserves. If it arrives back on the battlefield in the Reinforcements step of your next Movement phase using the Deep Strike ability, it can be set up anywhere that is more than 6" horizontally away from all enemy units (instead of more than 9"), provided it is also set up wholly within 9" of one or more friendly Emperorâs Children units.|
EC|MARTIAL PERFECTION|000010015005|Coterie of the Conceited â Battle Tactic Stratagem|1|The Emperorâs Children find stimulation in excess, be it brutally shocking acts of violence or gratuitous displays of martial prowess.|Either playerâs turn|Fight phase|Coterie of the Conceited|000001037|<b>WHEN:</b> Fight phase.<br><br><b>TARGET:</b> One Emperorâs Children unit from your army that has not been selected to fight this phase.<br><br><b>EFFECT:</b> Until the end of the phase, each time a model in your unit makes an attack, you can re-roll the Hit roll.|
EC|UNBOUND ARROGANCE|000010015006|Coterie of the Conceited â Epic Deed Stratagem|1|The hubris of the Emperorâs Children is both their greatest strength and their biggest weakness.|Either playerâs turn|Shooting or Fight phase|Coterie of the Conceited|000001037|<b>WHEN:</b> Your Shooting phase or the Fight phase, just after an Emperorâs Children unit from your army destroys an enemy unit.<br><br><b>TARGET:</b> That <span class="kwb">EMPERORâS</span> <span class="kwb">CHILDREN</span> unit.<br><br><b>EFFECT:</b> Increase your pledge to Slaanesh by 1.<br><br><b>RESTRICTIONS:</b> You can only use this Stratagem once per battle round.|
EC|UNSHAKEABLE OPPONENTS|000010015003|Coterie of the Conceited â Epic Deed Stratagem|1|Inured to ordinary sensations by several lifetimes of indulgence, there is little that can deter or faze the warriors of the Emperor's Children.|Either playerâs turn|Command phase|Coterie of the Conceited|000001037|<b>WHEN:</b> Command phase.<br><br><b>TARGET:</b> One Emperorâs Children unit from your army.<br><br><b>EFFECT:</b> Until the end of the turn, each time a model in your unit makes an attack, you can ignore any or all modifiers to the following: that attackâs Ballistic Skill or Weapon Skill characteristic; the Hit roll; the Wound roll.|
EC|PROTECTION OF THE DARK PRINCE|000010015002|Coterie of the Conceited â Strategic Ploy Stratagem|1|On occasion, the Dark Prince may grant a boon of protection to his favoured followers in the heat of battle. Such a boon incurs a debt, one that will be paid in the fullness of time.|Either playerâs turn|Any phase|Coterie of the Conceited|000001037|<b>WHEN:</b> Any phase, just after a mortal wound or attack is allocated to a model in an Emperorâs Children unit from your army.<br><br><b>TARGET:</b> That <span class="kwb">EMPERORâS</span> <span class="kwb">CHILDREN</span> unit.<br><br><b>EFFECT:</b> Until the end of the phase, models in your unit have the Feel No Pain 6+ ability, and the Feel No Pain 4+ ability against mortal wounds.|
EC|EMBRACE THE PAIN|000010015004|Coterie of the Conceited â Strategic Ploy Stratagem|1|The Emperorâs Children revel in every sensation - even ones that would slay lesser mortals outright.|Either playerâs turn|Fight phase|Coterie of the Conceited|000001037|<b>WHEN:</b> Start of the Fight phase.<br><br><b>TARGET:</b> One Emperorâs Children Infantry unit from your army.<br><br><b>EFFECT:</b> Until the end of the phase, each time an enemy model within Engagement Range of your unit selects targets, it must select your unit as the target of its attacks.|
EC|ARMOUR OF ABHORRENCE|000010015007|Coterie of the Conceited â Wargear Stratagem|1|The abhorrent contempt that the Emperorâs Children possess, combined with their combat-stimmed physiologies, makes them unyielding foes to face.|Either playerâs turn|Shooting or Fight phase|Coterie of the Conceited|000001037|<b>WHEN:</b> Your opponentâs Shooting phase or the Fight phase, just after an enemy unit has selected its targets.<br><br><b>TARGET:</b> One Emperorâs Children unit from your army that was selected as the target of one or more of the attacking unitâs attacks.<br><br><b>EFFECT:</b> Until the attacking unit has finished making its attacks, each time an attack targets a model in your unit, worsen the Armour Penetration characteristic of that attack by 1.|
EC|EUPHORIC INSPIRATION|000010655006|Court of the Phoenician â Stratagem|1|Those with the Dark Princeâs blessings inspire euphoric floods of battle-lust in the Emperorâs Children, who power towards the foe with screams of murderous ecstasy.|Your turn|Charge phase|Court of the Phoenician|000001125|<b>WHEN:</b> Your Charge phase.<br><br><b>TARGET:</b> One Emperorâs Children Daemon unit from your army.<br><br><b>EFFECT:</b> Until the end of the phase, you can re-roll Charge rolls for friendly Emperorâs Children units within 6" of your unit.|
EC|CATALYTIC STIMULUS|000010655007|Court of the Phoenician â Stratagem|1|Invigorated by pain, the Emperorâs Children will embrace an enemyâs attack as a catalyst for masterful vengeance.|Opponentâs turn|Shooting phase|Court of the Phoenician|000001125|<b>WHEN:</b> Your opponentâs Shooting phase, just after an enemy unit has shot.<br><br><b>TARGET:</b> One Emperorâs Children unit from your army that lost one or more wounds as a result of those attacks.<br><br><b>EFFECT:</b> Your unit can make a Stimulus move. To do so, roll one D6: models in your unit move a number of inches up to the result, but your unit must end that move as close as possible to the closest enemy unit (excluding <span class="kwb">AIRCRAFT</span>). When doing so, those models can be moved within Engagement Range of that enemy unit.|
EC|CONTEMPTUOUS DISREGARD|000010655002|Court of the Phoenician â Stratagem|1|With cocktails of resilience-enhancing stimms or armour inlaid with forbidden runes of warding, the Emperorâs Children sneeringly disregard even powerful blows.|Either playerâs turn|Shooting or Fight phase|Court of the Phoenician|000001125|<b>WHEN:</b> Your opponentâs Shooting phase or the Fight phase.<br><br><b>TARGET:</b> One Emperorâs Children unit from your army.<br><br><b>EFFECT:</b> Until the end of the phase, each time an attack targets your unit, if the Strength characteristic of that attack is greater than the Toughness characteristic of your unit, subtract 1 from the Wound roll.|
EC|PRIDEFUL SUPERIORITY|000010655003|Court of the Phoenician â Stratagem|2|The chance to ostentatiously humble the foeâs champions and prove them worthless rivals is a lure few Emperorâs Children can resist.|Either playerâs turn|Fight phase|Court of the Phoenician|000001125|<b>WHEN:</b> Fight phase.<br><br><b>TARGET:</b> One Emperorâs Children unit from your army that has not been selected to fight this phase.<br><br><b>EFFECT:</b> Until the end of the phase, each time a model in your unit makes an attack that targets a <span class="kwb">CHARACTER</span> unit, you can re-roll the Hit roll and you can re-roll the Wound roll.|
EC|SINUOUS BREACH|000010655004|Court of the Phoenician â Stratagem|1|The power of Slaanesh is an undulating and writhing thing, and his daemonic servants can mould their forms to slither over and through any obstacle.|Your turn|Movement or Charge phase|Court of the Phoenician|000001125|<b>WHEN:</b> Your Movement phase or your Charge phase.<br><br><b>TARGET:</b> One Emperorâs Children Daemon unit from your army that has not been selected to move or charge this phase.<br><br><b>EFFECT:</b> Until the end of the phase, each time your unit makes a Normal, Advance or Charge move, it can move horizontally through terrain features.|
EC|CLOSE-QUARTERS EXCRUCIATION|000010655005|Court of the Phoenician â Stratagem|1|At short range, the Emperorâs Children eagerly target weak points in their enemies, exulting over every cry of pain they elicit.|Your turn|Shooting phase|Court of the Phoenician|000001125|<b>WHEN:</b> Your Shooting phase.<br><br><b>TARGET:</b> One Emperorâs Children unit from your army that has not been selected to shoot this phase.<br><br><b>EFFECT:</b> Until the end of the phase, each time an <span class="kwb">EMPERORâS</span> <span class="kwb">CHILDREN</span> model in your unit makes an attack that targets an eligible unit within 12", improve the Strength and Armour Penetration characteristics of that attack by 1.|
EC|VIOLENT EXCESS|000009999002|Mercurial Host â Battle Tactic Stratagem|1|The visceral thrill of killing causes the warriors of the Emperorâs Children to enter an ecstatic frenzy of butchery and dismemberment.|Either playerâs turn|Fight phase|Mercurial Host|000001033|<b>WHEN:</b> Fight phase.<br><br><b>TARGET:</b> One Emperorâs Children unit from your army that has not been selected to fight this phase.<br><br><b>EFFECT:</b> Until the end of the phase, melee weapons equipped by models in your unit have the [SUSTAINED HITS 1] ability.|
EC|COMBAT STIMMS|000009999003|Mercurial Host â Battle Tactic Stratagem|2|Hideously euphoric concoctions empower the minds and constitutions of the Legionâs sybaritic warriors.|Either playerâs turn|Fight phase|Mercurial Host|000001033|<b>WHEN:</b> Fight phase, just after an enemy unit has selected its targets.<br><br><b>TARGET:</b> One Emperorâs Children iNFANTRY unit from your army that was selected as the target of one or more of the attacking unitâs attacks.<br><br><b>EFFECT:</b> Until the end of the phase, each time an attack targets your unit, subtract 1 from the Wound roll.|
EC|HONOUR THE PRINCE|000009999004|Mercurial Host â Battle Tactic Stratagem|1|Warriors who venerate Slaanesh through the most graceful fighting forms are rewarded for their efforts.|Your turn|Movement phase|Mercurial Host|000001033|<b>WHEN:</b> Your Movement phase.<br><br><b>TARGET:</b> One Emperorâs Children Infantry unit from your army that has not been selected to move this phase.<br><br><b>EFFECT:</b> Until the end of the phase, if your unit Advances, do not make an Advance roll. Instead, until the end of the phase, add 6" to the Move characteristic of models in your unit.|
EC|CAPRICIOUS REACTIONS|000009999006|Mercurial Host â Battle Tactic Stratagem|1|Their superhuman reflexes enhanced by endless streams of addictive combat stimms, the Emperor's Children react to incoming fire with haste, weaving between shots and taking cover in the blink of an eye.|Opponentâs turn|Shooting phase|Mercurial Host|000001033|<b>WHEN:</b> Your opponentâs Shooting phase, just after an enemy unit has selected its targets.<br><br><b>TARGET:</b> One Emperorâs Children unit from your army that was selected as the target of one or more of the attacking unitâs attacks.<br><br><b>EFFECT:</b> Until the end of the phase, each time an attack targets your unit, subtract 1 from the Hit roll.|
EC|DARK VIGOUR|000009999005|Mercurial Host â Strategic Ploy Stratagem|1|The Emperorâs Children possess inhuman vigour- their warriors move with monstrous speed to counter any advance and meet any challenge.|Opponentâs turn|Movement phase|Mercurial Host|000001033|<b>WHEN:</b> Your opponentâs Movement phase, just after an enemy unit ends a Normal, Advance or Fall Back move.<br><br><b>TARGET:</b> One Emperorâs Children unit from your army (excluding Beasts and Vehicles) that is within 9" of the enemy unit that just ended that move.<br><br><b>EFFECT:</b> Your unit can make a Normal move of up to 6".|
EC|CRUEL RAIDERS|000009999007|Mercurial Host â Strategic Ploy Stratagem|1|The Emperor's Children delight in the shattering of false hope, often disengaging from their foes only to strike again at an exposed flank.|Opponentâs turn|Fight phase|Mercurial Host|000001033|<b>WHEN:</b> End of your opponentâs Fight phase.<br><br><b>TARGET:</b> One Emperorâs Children unit from your army that is wholly within 9" of one or more battlefield edges and not within 3" horizontally of one or more enemy units.<br><br><b>EFFECT:</b> Remove your unit from the battlefield and place it into Strategic Reserves.|
EC|CRUEL BLADESMAN|000010003005|Peerless Bladesmen â Battle Tactic Stratagem|1|Fulgrimâs scions are renowned for their bladecraft, toying with their inferiors while preparing an exquisite, penetrating thrust.|Either playerâs turn|Fight phase|Peerless Bladesmen|000001034|<b>WHEN:</b> Fight phase.<br><br><b>TARGET:</b> One Emperorâs Children unit from your army that made a Charge move this turn and has not been selected to fight this phase.<br><br><b>EFFECT:</b> Until the end of the phase, improve the Armour Penetration characteristic of melee weapons equipped by models in your unit by 1.|
EC|DEFT PARRY|000010003002|Peerless Bladesmen â Battle Tactic Stratagem|1|Bedazzled by these warriorsâ weaving swordsmanship and hypnotic aura, foes cannot land a telling blow upon them.|Either playerâs turn|Fight phase|Peerless Bladesmen|000001034|<b>WHEN:</b> Fight phase, just after an enemy unit has selected its targets.<br><br><b>TARGET:</b> One Emperorâs Children unit from your army that was selected as the target of one or more of the attacking unitâs attacks.<br><br><b>EFFECT:</b> Until the end of the phase, each time an attack targets your unit, subtract 1 from the Hit roll.|
EC|INCESSANT VIOLENCE|000010003004|Peerless Bladesmen â Battle Tactic Stratagem|1|Caught up in the joyful exhilaration of violent excess, the momentum of the Emperor's Children is almost impossible to halt.|Either playerâs turn|Fight phase|Peerless Bladesmen|000001034|<b>WHEN:</b> Fight phase, just before an Emperorâs Children unit from your army Consolidates.<br><br><b>TARGET:</b> That <span class="kwb">EMPERORâS</span> <span class="kwb">CHILDREN</span> unit.<br><br><b>EFFECT:</b> Until the end of the phase, each time a model in your unit makes a Consolidation move, it can move up to 6" instead of up to 3", provided your unit ends that Consolidation move within Engagement Range of one or more enemy units.|
EC|DEATH ECSTASY|000010003003|Peerless Bladesmen â Strategic Ploy Stratagem|2|Death is but another thrilling experience and the Emperor's Children are loath to deny the enemy such ecstatic sensation.|Either playerâs turn|Fight phase|Peerless Bladesmen|000001034|<b>WHEN:</b> Fight phase, just after an enemy unit has selected its targets.<br><br><b>TARGET:</b> One Emperorâs Children unit from your army that was selected as the target of one or more of the attacking unitâs attacks.<br><br><b>EFFECT:</b> Until the end of the phase, each time a model in your unit is destroyed, if that model has not fought this phase, do not remove it from play. The destroyed model can fight after the attacking unit has finished making its attacks, and is then removed from play.|
EC|TERRIFYING SPECTACLE|000010003006|Peerless Bladesmen â Strategic Ploy Stratagem|1|Flensing strikes, dismemberments and eviscerations strike fear into the hearts of the foe.|Opponentâs turn|Command phase|Peerless Bladesmen|000001034|<b>WHEN:</b> Your opponentâs Command phase.<br><br><b>TARGET:</b> One Emperorâs Children unit from your army that made a Charge move in the previous turn and destroyed one or more enemy units in the previous Fight phase.<br><br><b>EFFECT:</b> Each enemy unit within 6" of your unit must take a Battle-shock test, subtracting 1 from that test if they are Below Half-strength. Enemy units affected by this Stratagem do not need to take any other Battle-shock tests in the same phase.|
EC|CUT DOWN THE WEAK|000010003007|Peerless Bladesmen â Strategic Ploy Stratagem|2|Contempt for lesser warriors drives the Emperor's Children in their punishing reprisals.|Opponentâs turn|Movement phase|Peerless Bladesmen|000001034|<b>WHEN:</b> Your opponentâs Movement phase, just after an enemy unit Falls Back.<br><br><b>TARGET:</b> One Emperorâs Children unit from your army (you can only select a Vehicle if it is a Walker) that is within 6" of that enemy unit and would be eligible to declare a charge against that enemy unit if it were your Charge phase.<br><br><b>EFFECT:</b> Your unit can declare a charge. When doing so, you must select that enemy unit as a target of that charge, and your unit does not receive a Charge bonus this turn.|
EC|DYNAMIC BREAKTHROUGH|000010007004|Rapid Evisceration â Epic Deed Stratagem|1|Relying upon shock, awe and daemonically enhanced vehicles, the Emperor's Children drive through the enemy lines to outflank the enemy.|Your turn|Movement phase|Rapid Evisceration|000001035|<b>WHEN:</b> Your Movement phase.<br><br><b>TARGET:</b> One Emperorâs Children Vehicle unit from your army that has not been selected to move this phase.<br><br><b>EFFECT:</b> Until the end of the phase, each time a model in your unit makes a move, it can move through enemy models (excluding <span class="kwb">MONSTERS</span> and <span class="kwb">VEHICLES</span>). When doing so, it can move within Engagement Range of such models but cannot end that move within Engagement Range of them, and any Desperate Escape test is automatically passed.|
EC|ONTO THE NEXT|000010007002|Rapid Evisceration â Strategic Ploy Stratagem|1|The fleeting obsessions of the Emperor's Children cause them always to seek fresh targets.|Either playerâs turn|Fight phase|Rapid Evisceration|000001035|<b>WHEN:</b> End of the Fight phase.<br><br><b>TARGET:</b> One Emperorâs Children unit from your army that destroyed an enemy unit this phase, and one friendly Transport it is able to embark within.<br><br><b>EFFECT:</b> If your <span class="kwb">EMPERORâS</span> <span class="kwb">CHILDREN</span> unit is wholly within 6" of that <span class="kwb">TRANSPORT</span>, it can embark within it.|
EC|ADVANCE AND CLAIM|000010007003|Rapid Evisceration â Strategic Ploy Stratagem|1|The Emperor's Children send forth their front-line troops in swift vehicles to seize ground rapidly.|Your turn|Command phase|Rapid Evisceration|000001035|<b>WHEN:</b> Your Command phase.<br><br><b>TARGET:</b> One Emperorâs Children Transport from your army that has one or more Tormentors units embarked within it (excluding Battle-shocked units).<br><br><b>EFFECT:</b> Select one objective marker you control that your <span class="kwb">TRANSPORT</span> is within range of. That objective marker remains under your control until your opponentâs Level of Control over that objective marker is greater than yours at the end of a phase.|
EC|OUTFLANKING STRIKE|000010007007|Rapid Evisceration â Strategic Ploy Stratagem|1|The Emperorâs Children utilise their infantry to pin the enemy down whilst further transports seek to outflank the foe and deploy troops behind.|Opponentâs turn|Fight phase|Rapid Evisceration|000001035|<b>WHEN:</b> End of your opponentâs Fight phase.<br><br><b>TARGET:</b> One Emperorâs Children Transport from your army, or up to two Emperorâs Children Dedicated Transports from your army.<br><br><b>EFFECT:</b> For each of those <span class="kwb">TRANSPORTS</span> wholly within 9" of one or more battlefield edges, remove it from the battlefield and place it into Strategic Reserves.|
EC|REACTIVE DISEMBARKATION|000010007006|Rapid Evisceration â Strategic Ploy Stratagem|1|As their transports come underfire, the Emperorâs Children disembark and take the fight to the foe with boltgun and sword.|Opponentâs turn|Shooting phase|Rapid Evisceration|000001035|<b>WHEN:</b> Your opponentâs Shooting phase, just after an enemy unit has selected its targets.<br><br><b>TARGET:</b> One Emperorâs Children Transport from your army that was selected as the target of one or more of the attacking unitâs attacks.<br><br><b>EFFECT:</b> One Emperorâs Children unit embarked within your <span class="kwb">TRANSPORT</span> can disembark. When doing so, models in that unit can be set up anywhere on the battlefield wholly within 6" of that <span class="kwb">TRANSPORT</span> and not within Engagement Range of one or more enemy units.|
EC|CEASELESS ONSLAUGHT|000010007005|Rapid Evisceration â Strategic Ploy Stratagem|1|Cocktails of combat stimms and a blazing murderlust drive the warriors of the Emperorâs Children forward at breakneck speed.|Your turn|Charge phase|Rapid Evisceration|000001035|<b>WHEN:</b> Your Charge phase.<br><br><b>TARGET:</b> One Emperorâs Children unit from your army that disembarked from a Transport that made a Normal move this turn.<br><br><b>EFFECT:</b> Until the end of the phase, your <span class="kwb">EMPERORâS</span> <span class="kwb">CHILDREN</span> unit is eligible to declare a charge.|
EC|HEIGHTENED JEALOUSY|000010019004|Slaaneshâs Chosen â Battle Tactic Stratagem|1|Rivalries are commonplace amongst the champions of the Emperor's Children as all vie for Slaaneshâs boons.|Either playerâs turn|Shooting or Fight phase|Slaaneshâs Chosen|000001038|<b>WHEN:</b> Your Shooting phase or the Fight phase, just after an Emperorâs Children Character unit becomes your armyâs Favoured Champions, or just after your armyâs Favoured Champions unit destroys an enemy unit.<br><br><b>TARGET:</b> Your armyâs Favoured Champions unit.<br><br><b>EFFECT:</b> Until the end of the phase, each time a model in an <span class="kwb">EMPERORâS</span> <span class="kwb">CHILDREN</span> <span class="kwb">CHARACTER</span> unit from your army that is not your armyâs Favoured Champions makes an attack, add 1 to the Strength characteristic of that attack.|
EC|REFUSAL TO BE OUTDONE|000010019006|Slaaneshâs Chosen â Battle Tactic Stratagem|1|Rivals for the Dark Prince's favour will stop at nothing to outdo their foes and claim a greater tally of souls.|Your turn|Charge phase|Slaaneshâs Chosen|000001038|<b>WHEN:</b> Your Charge phase.<br><br><b>TARGET:</b> One Emperorâs Children Character unit from your army.<br><br><b>EFFECT:</b> Select one enemy unit within Engagement Range of one or more units from your army. Until the end of the phase, each time your unit declares a charge, if that enemy unit is one of the targets of that charge, add 2 to the Charge roll.|
EC|DEVOTED DUELLISTS|000010019002|Slaaneshâs Chosen â Battle Tactic Stratagem|1|By slaying theirfoes in close combat, the champions of Slaanesh seek to elevate themselves in his favour.|Either playerâs turn|Fight phase|Slaaneshâs Chosen|000001038|<b>WHEN:</b> Fight phase.<br><br><b>TARGET:</b> One or more Emperorâs Children Character units from your army that have not been selected to fight this phase.<br><br><b>EFFECT:</b> Select one enemy unit. Until the end of the phase, melee weapons equipped by models in those <span class="kwb">CHARACTER</span> units have the [SUSTAINED HITS 1] ability while targeting that enemy unit.|
EC|DIABOLIC MAJESTY|000010019005|Slaaneshâs Chosen â Epic Deed Stratagem|1|Those who gaze upon one of Slaaneshâs chosen are stricken by their diabolic majesty.|Either playerâs turn|Shooting or Fight phase|Slaaneshâs Chosen|000001038|<b>WHEN:</b> Your Shooting phase or the Fight phase, just after an Emperorâs Children Character unit becomes your armyâs Favoured Champions.<br><br><b>TARGET:</b> That <span class="kwb">EMPERORâS</span> <span class="kwb">CHILDREN</span> unit.<br><br><b>EFFECT:</b> Each enemy unit within 6" of your unit must take a Battle-shock test, subtracting 1 from the result.<br><br><b>RESTRICTIONS:</b> You can only use this Stratagem once per battle round.|
EC|BEAUTIFUL DEATH|000010019003|Slaaneshâs Chosen â Strategic Ploy Stratagem|1|The more extravagant and luridly violent the kill, the greater the Dark Prince's appreciation.|Either playerâs turn|Fight phase|Slaaneshâs Chosen|000001038|<b>WHEN:</b> Fight phase, just after an enemy unit has selected its targets.<br><br><b>TARGET:</b> One Emperorâs Children Character unit from your army that was selected as the target of one or more of the attacking unitâs attacks.<br><br><b>EFFECT:</b> Until the end of the phase, each time a model in your unit is destroyed, if that model has not fought this phase, roll one D6, adding 1 to the result if your unit is your armyâs Favoured Champions. On a 4+, do not remove the destroyed model from play; it can fight after the attacking unit has finished making its attacks, and is then removed from play.|
EC|VENGEFUL SURGE|000010019007|Slaaneshâs Chosen â Strategic Ploy Stratagem|1|Consumed by their obsessive desire for revenge, the Emperor's Children surge into oncoming fusillades.|Opponentâs turn|Shooting phase|Slaaneshâs Chosen|000001038|<b>WHEN:</b> Your opponentâs Shooting phase, just after an enemy unit has selected its targets.<br><br><b>TARGET:</b> One Emperorâs Children Character unit from your army that was selected as the target of one or more of the attacking unitâs attacks.<br><br><b>EFFECT:</b> After the attacking unit has shot, your unit can make a Surge move. To do so, roll one D6: each model in your unit can move a distance in inches up to the result, but your unit must end that move as close as possible to the closest enemy unit. When doing so, those models can be moved within Engagement Range of that enemy unit. If your unit is not your armyâs Favoured Champions, you can re-roll the dice to determine the distance of its Surge move.|
GC|GENE-TWISTED MUSCLE|000009076004|Biosanctic Broodsurge â Battle Tactic Stratagem|1|The raw strength of those infused with the Patriarchâs distilled power is undeniable when directed against the foeâs hulking tools of tyranny.|Either playerâs turn|Fight phase|Biosanctic Broodsurge|000000886|<b>WHEN:</b> Fight phase.<br><br><b>TARGET:</b> One Aberrants, Biophagus or Purestrain Genestealers unit from your army that has not been selected to fight this phase.<br><br><b>EFFECT:</b> Until the end of the phase, each time a model in your unit makes an attack that targets a <span class="kwb">MONSTER</span> or <span class="kwb">VEHICLE</span>, add 1 to the Wound roll.|
GC|STIMULATED BIO-SURGE|000009076006|Biosanctic Broodsurge â Battle Tactic Stratagem|1|Triggered by xenos bio-stimms flooding their bodies, when the cultâs predators spring their trap, the jaws close inescapably.|Your turn|Charge phase|Biosanctic Broodsurge|000000886|<b>WHEN:</b> Your Charge phase.<br><br><b>TARGET:</b> One Aberrants, Biophagus or Purestrain Genestealers unit from your army that has not declared a charge this phase.<br><br><b>EFFECT:</b> Until the end of the phase, each time your unit declares a charge, if the closest eligible enemy unit is selected as one of the targets of that charge, add 1 to the Charge roll for each selected target of that charge (including the closest eligible enemy unit), to a maximum of +3.|
GC|HYPER-METABOLIC VIGOUR|000009076005|Biosanctic Broodsurge â Battle Tactic Stratagem|1|Evidence of the bio-horror taint in their veins, the most blessed of a cult exhibit an inhuman swiftness.|Either playerâs turn|Fight phase|Biosanctic Broodsurge|000000886|<b>WHEN:</b> Fight phase.<br><br><b>TARGET:</b> One Aberrants, Biophagus or Purestrain Genestealers unit from your army that has not been selected to fight this phase.<br><br><b>EFFECT:</b> Until the end of the phase, each time a model in your unit makes a Pile-in or Consolidation move, it can move up to 6" instead of up to 3". In addition, it does not need to end that move closer to the closest enemy model, provided it ends it as close as possible to the closest enemy unit.|
GC|SAINTLY PAROXYSM|000009076003|Biosanctic Broodsurge â Epic Deed Stratagem|1|There are few more holy virtues in the cultâs eyes than to use oneâs final act to lay low the oppressor.|Either playerâs turn|Fight phase|Biosanctic Broodsurge|000000886|<b>WHEN:</b> Fight phase, just after an enemy unit destroys a Genestealer Cults Character model from your army.<br><br><b>TARGET:</b> That destroyed <span class="kwb">CHARACTER</span> model. You can use this Stratagem on that model even though it was just destroyed.<br><br><b>EFFECT:</b> Roll one D6: on a 2+, that enemy unit suffers D3 mortal wounds. If that Character model is an Abominant or Patriarch, that enemy unit suffers 2D3 mortal wounds instead.|
GC|EVASIVE VANGUARD|000009076002|Biosanctic Broodsurge â Strategic Ploy Stratagem|1|Adaptive and intelligent, the purest of a cult's broods can evade their foes to find new avenues of ingress.|Either playerâs turn|Any phase|Biosanctic Broodsurge|000000886|<b>WHEN:</b> Any phase, just after an enemy unit ends a move within 9" of one or more of your Cult Ambush markers, before removing those markers from the battlefield.<br><br><b>TARGET:</b> Select one of those Cult Ambush markers.<br><br><b>EFFECT:</b> You can set up that Cult Ambush marker anywhere on the battlefield that is more than 9" horizontally away from all enemy units.|
GC|BIO-HORROR REVELATION|000009076007|Biosanctic Broodsurge â Strategic Ploy Stratagem|1|Face to face with hideous genetic monstrosities, their full horror can shake even the most stoic soul.|Opponentâs turn|Shooting phase|Biosanctic Broodsurge|000000886|<b>WHEN:</b> Start of your opponent's Shooting phase.<br><br><b>TARGET:</b> One Aberrants, Biophagus or Purestrain Genestealers unit from your army.<br><br><b>EFFECT:</b> Until the end of the phase, each time an enemy unit within 9" of your unit is selected to shoot, it must take a Leadership test, subtracting 1 from the result. If that test is failed, until the end of the phase, each time a model in that enemy unit makes an attack that targets your unit, subtract 1 from the Hit roll.|
GC|SYMBIOTIC DESTRUCTION|000009085006|Brood Brother Auxilia â Battle Tactic Stratagem|1|As the Broodmind coordinates their timing, martial and insurrectionist comrades target their chosen victims in volleys of mutually supportive firepower.|Your turn|Shooting phase|Brood Brother Auxilia|000000888|<b>WHEN:</b> Your Shooting phase.<br><br><b>TARGET:</b> One Astra Militarum and one <span class="kwb">GENESTEALER</span> <span class="kwb">CULTS</span> unit from your army that have not been selected to shoot this phase.<br><br><b>EFFECT:</b> Select one enemy unit that is visible to both of those selected units and within range of at least one ranged weapon from each of those units. Until the end of the phase, models in those units can only make attacks that target that enemy unit (and only if it is an eligible target). When doing so, each time such a model makes an attack, re-roll a Wound roll of 1.|
GC|ACCEPTABLE LOSSES|000009085005|Brood Brother Auxilia â Strategic Ploy Stratagem|2|With martial pragmatism and the cult's victory at stake, Brood Brothers will willingly open fire on the foe even if it endangers infiltrating cells of allies.|Your turn|Shooting phase|Brood Brother Auxilia|000000888|<b>WHEN:</b> Your Shooting phase.<br><br><b>TARGET:</b> One Astra Militarum unit from your army.<br><br><b>EFFECT:</b> Select one enemy unit within Engagement Range of one or more <span class="kwb">GENESTEALER</span> <span class="kwb">CULTS</span> units from your army. Until the end of the phase, your unit can make ranged attacks that target that enemy unit. If it does, after it has resolved those attacks, roll one D6 for each of those <span class="kwb">GENESTEALER</span> <span class="kwb">CULTS</span> units: on a 5+, the unit being rolled for suffers D3+1 mortal wounds.|
GC|IN THE SHADOW OF IRON|000009085002|Brood Brother Auxilia â Strategic Ploy Stratagem|1|Hulking armoured war engines provide ideal cover to launch a well-timed ambush.|Either playerâs turn|Any phase|Brood Brother Auxilia|000000888|<b>WHEN:</b> Any phase, just after an enemy unit ends a move within 9â of one or more of your Cult Ambush markers.<br><br><b>TARGET:</b> One Astra Militarum Vehicle unit from your army.<br><br><b>EFFECT:</b> Select one of those Cult Ambush markers. You can set up that Cult Ambush marker anywhere on the battlefield that is more than 9" horizontally away from all enemy units and wholly within 6" of your unit.|
GC|A DARK NETWORK|000009085007|Brood Brother Auxilia â Strategic Ploy Stratagem|1|Forewarned of the enemy's sudden onset by spies in their ranks or by the Brood Brothers' own strategos, the cultâs faithful evade potential catastrophe.|Opponentâs turn|Movement phase|Brood Brother Auxilia|000000888|<b>WHEN:</b> Reinforcements step of your opponentâs Movement phase, just after an enemy unit is set up on the battlefield from Reserves.<br><br><b>TARGET:</b> One Astra Militarum or <span class="kwb">GENESTEALER</span> <span class="kwb">CULTS</span> unit from your army (excluding Monsters and Vehicles) within 12" of that enemy unit.<br><br><b>EFFECT:</b> Your unit can make a Normal move of up to 6".|
GC|SUPPRESS AND OVERWHELM|000009085004|Brood Brother Auxilia â Strategic Ploy Stratagem|1|Disciplined salvoes of fire can drive the foe into cover, leaving them vulnerable to the rest of the cult.|Your turn|Shooting phase|Brood Brother Auxilia|000000888|<b>WHEN:</b> Your Shooting phase, just after an Astra Militarum unit from your army has shot.<br><br><b>TARGET:</b> That <span class="kwb">ASTRA</span> <span class="kwb">MILITARUM</span> unit.<br><br><b>EFFECT:</b> Select one enemy unit hit by one or more of those attacks. Until the end of the turn, that enemy unit cannot be targeted with the Fire Overwatch Stratagem and each time a <span class="kwb">GENESTEALER</span> <span class="kwb">CULTS</span> unit from your army selects that enemy unit as a target of a charge, you can re-roll the Charge roll.|
GC|REGIMENTAL REINFORCEMENTS|000009085003|Brood Brother Auxilia â Strategic Ploy Stratagem|1|Xeno-tainted soldiers have long learned to lurk in the shadows, ready to attack when the cult calls.|Either playerâs turn|Shooting or Fight phase|Brood Brother Auxilia|000000888|<b>WHEN:</b> Your opponentâs Shooting phase or the Fight phase, just after an Astra Militarum Infantry Regiment unit from your army (excluding Artillery and Character units) is destroyed.<br><br><b>TARGET:</b> That <span class="kwb">INFANTRY</span> unit. You can use this Stratagem on that unit even though it was just destroyed.<br><br><b>EFFECT:</b> Roll one D6: on a 3+, place one Cult Ambush marker anywhere on the battlefield that is more than 9" horizontally away from all enemy units (if this is not possible, no marker is placed) and add a new unit to your army identical to your destroyed unit, in Cult Ambush, at its Starting Strength, with all of its wounds remaining and any <span class="kwb2 bluefont">[ONE SHOT]</span> weapons those models are equipped with considered as not having been shot.<br><br><b>RESTRICTIONS:</b> You can only use this Stratagem once per battle.|
GC|LURKING MENACE|000009461005|Cult Unveiled â Battle Tactic Stratagem|1|Foes find their aim confounded as the Genestealer Cultists prowl through gloom and drifting steam, rarely presenting themselves as targets.|Opponentâs turn|Shooting phase|Cult Unveiled|000000939|<b>WHEN:</b> Your opponentâs Shooting phase, just after an enemy unit has selected its targets.<br><br><b>TARGET:</b> One <span class="kwb">GENESTEALER</span> <span class="kwb">CULTS</span> unit from your army that was selected as the target of one or more of the attacking unit's attacks.<br><br><b>EFFECT:</b> Until the end of the phase, each time an attack targets your unit, if the attacking model is not within 3", subtract 1 from the Hit roll.|
GC|FOR THE BROOD|000009461004|Cult Unveiled â Strategic Ploy Stratagem|1|Fanatical, and with wills suborned by the insidious Broodmind, these cultists will gladly die amidst hails of their comradesâfire if it means victory.|Your turn|Shooting phase|Cult Unveiled|000000939|<b>WHEN:</b> Your Shooting phase.<br><br><b>TARGET:</b> One <span class="kwb">GENESTEALER</span> <span class="kwb">CULTS</span> unit from your army that has not been selected to shoot this phase.<br><br><b>EFFECT:</b> Select one enemy unit within Engagement Range of one or more friendly <span class="kwb">GENESTEALER</span> <span class="kwb">CULTS</span> units. Until the end of the phase, your unit can make ranged attacks that target that enemy unit. If it does, after your unit has finished making those attacks, roll one D6 for each of those friendly units: on a 2-4, that friendly unit suffers 1 mortal wound; on a 5+, that friendly unit suffers 2 mortal wounds.|
GC|OUT OF HIDING|000009461003|Cult Unveiled â Strategic Ploy Stratagem|1|Wary of detection, the cult has concealed cells of the faithful through the structure of the ship. Now they emerge into the fight like insects from their cocoon.|Your turn|Movement phase|Cult Unveiled|000000939|<b>WHEN:</b> Your Movement phase, at the start of the Reinforcements step.<br><br><b>TARGET:</b> One NEOPHYTE HYBRIDS unit from your army that is in Reserves.<br><br><b>EFFECT:</b> Until the end of the phase, models in your unit have the Deep Strike ability.<br><br><b>RESTRICTIONS:</b> You can only use this Stratagem once.|
GC|PLANNED EXTRACTION|000009461002|Cult Unveiled â Strategic Ploy Stratagem|1|Driven by the Broodmind and their own guerrilla training, these cultists refuse open battle, instead firing hails of cover fire as they retreat into the shadows.|Your turn|Shooting phase|Cult Unveiled|000000939|<b>WHEN:</b> Your Shooting phase.<br><br><b>TARGET:</b> One <span class="kwb">GENESTEALER</span> <span class="kwb">CULTS</span> unit from your army.<br><br><b>EFFECT:</b> Until the end of the phase, your unit is eligible to shoot in a turn in which it Fell Back.|
GC|DIVINE IMPERATIVE|000009828005|Final Day â Battle Tactic Stratagem|1|Cultists dash madly into the fighting without a care for their survival, drawn onward to aid the vanguard organisms by a will they cannot resist.|Your turn|Charge phase|Final Day|000001002|<b>WHEN:</b> Your Charge phase.<br><br><b>TARGET:</b> One Genestealer Cults unit from your army that has not declared a charge this phase.<br><br><b>EFFECT:</b> Select one enemy unit within Engagement Range of one or more Tyranids units from your army. Until the end of the phase, each time your <span class="kwb">GENESTEALER</span> <span class="kwb">CULTS</span> unit declares a charge, if that enemy unit is one of the targets of that charge, add 1 to Charge rolls made for your unit and you can re-roll the Charge roll.|
GC|AVENGE THE STAR CHILDREN|000009828004|Final Day â Battle Tactic Stratagem|1|Some amongst the cult still retain enough sentience and zeal to feel rage and a need for vengeance if they see the Star Children slain.|Either playerâs turn|Shooting or Fight phase|Final Day|000001002|<b>WHEN:</b> Your opponentâs Shooting phase or the Fight phase, just after an enemy unit has shot or fought.<br><br><b>TARGET:</b> One Tyranids Character unit from your army that was destroyed by that enemy unit this phase. You can use this Stratagem on that unit even though it was just destroyed.<br><br><b>EFFECT:</b> Until the end of the battle, each time a Genestealer Cults model from your army makes an attack that targets that enemy unit, add 1 to the Hit roll and add 1 to the Wound roll.|
GC|HYPERFEROCITY|000009828002|Final Day â Battle Tactic Stratagem|1|Goaded by the newly ascendant Hive Mind, the cultists fight with greater fury even as their muscles tear and organs rupture under the strain.|Either playerâs turn|Fight phase|Final Day|000001002|<b>WHEN:</b> Fight phase.<br><br><b>TARGET:</b> One Genestealer Cults unit from your army that has not been selected to fight this phase.<br><br><b>EFFECT:</b> Until the end of the phase, each time a model in your unit makes an attack that targets an enemy unit, re-roll a Wound roll of 1. If one or more friendly Tyranids units are within 6" of that enemy unit, you can re-roll the Wound roll instead.|
GC|RESISTANCE TUNNELS|000009828007|Final Day â Strategic Ploy Stratagem|1|Never again will the tunnel networks of the cult provide secret roads for hopeful and idealistic freedom fighters. Yet they can still serve one last time as a means by which the Tyranids and their surviving worshippers can vanish from the battlefield only to strike again elsewhere.|Opponentâs turn|Charge phase|Final Day|000001002|<b>WHEN:</b> End of your opponentâs Fight phase.<br><br><b>TARGET:</b> One Genestealer Cults or Tyranids unit from your army that is not within Engagement Range of one or more enemy units.<br><br><b>EFFECT:</b> Remove your unit from the battlefield and place it into Strategic Reserves.|
GC|DARTING ATTACKS|000009828006|Final Day â Strategic Ploy Stratagem|1|Like predatory sea beasts lunging from wheeling shoals of fish, the vanguard organisms strike and fade from amidst the cultist hordes repeatedly, picking apart their overwhelmed prey.|Your turn|Shooting or Charge phase|Final Day|000001002|<b>WHEN:</b> Your Shooting phase or your Charge phase.<br><br><b>TARGET:</b> One Tyranids unit from your army.<br><br><b>EFFECT:</b> Until the end of the phase, your unit is eligible to shoot and declare a charge in a turn in which it Fell Back.|
GC|PSI SURGE|000009828003|Final Day â Strategic Ploy Stratagem|1|As the Tyranid invasion gathers pace, the influence of the Hive Mind surges like waves rolling ever higher onto a desolate shore.|Either playerâs turn|Any phase|Final Day|000001002|<b>WHEN:</b> Start of any phase.<br><br><b>TARGET:</b> One Tyranids unit from your army.<br><br><b>EFFECT:</b> Until the start of your next Command phase, increase the range of your unitâs Catalyst ability by 3".<br><br><b>RESTRICTIONS:</b> Each time you use this Stratagem, until the end of your next Command phase, you cannot use this Stratagem again.|
GC|MONSTROUS MOMENTUM|000009469002|Genespawn Onslaught â Strategic Ploy Stratagem|1|Not content with slaying their immediate prey, these warriors press on in search of more before the bodies have even stopped twitching.|Either playerâs turn|Fight phase|Genespawn Onslaught|000000940|<b>WHEN:</b> Fight phase, just after a <span class="kwb">GENESTEALER</span> <span class="kwb">CULTS</span> unit from your army destroys an enemy unit.<br><br><b>TARGET:</b> That <span class="kwb">GENESTEALER</span> <span class="kwb">CULTS</span> unit.<br><br><b>EFFECT:</b> If your unit is not within Engagement Range of one or more enemy units, until the end of the phase, each time your unit Consolidates, models in your unit can end that move as close as possible to the nearest Hatchway instead of the nearest visible enemy unit. Your unit can then attempt to operate that Hatchway.|
GC|UNSTOPPABLE BRUTES|000009469003|Genespawn Onslaught â Strategic Ploy Stratagem|1|Bulked out with enormous slabs of twisted muscle, Aberrants and Abominants simply smash aside hatches and bulkheads that block their paths.|Your turn|Movement or Charge phase|Genespawn Onslaught|000000940|<b>WHEN:</b> Your Movement or Charge phase.<br><br><b>TARGET:</b> One ABOMINANT or ABERRANTS unit from your army that has not been selected to move this phase and has not declared a charge this phase.<br><br><b>EFFECT:</b> Until the end of the phase, when makinga Normal, Advance or Charge move, your unit can move through a single closed Hatchway as if it was open. When doing so, that Hatchway is opened and cannot be closed for the rest of the battle. This can allow that unit to declare a charge against enemy units that are not visible to it, but to do so those enemy units must be within 1" of that Hatchway and wholly on the opposite side of it from your unit.<br><br><b>RESTRICTIONS:</b> You can only use this Stratagem once per turn.|
GC|SOLDIERS OF THE STAR CHILDREN|000009469004|Genespawn Onslaught â Strategic Ploy Stratagem|1|For all their grotesque appearance, Hybrid Metamorphs are amongst the most skilled and ruthlessly efficient of the cultâs warriors.|Your turn|Shooting phase|Genespawn Onslaught|000000940|<b>WHEN:</b> Your Shooting phase, just after a HYBRID METAMORPHS unit from your army is selected to perform the Set Overwatch Tactical Manoeuvre.<br><br><b>TARGET:</b> That <span class="kwb">HYBRID</span> <span class="kwb">METAMORPHS</span> unit.<br><br><b>EFFECT:</b> Select one objective marker you control that your unit is within range of. That objective marker is Secured by your army.|
GC|GROWING DREAD|000009469005|Genespawn Onslaught â Strategic Ploy Stratagem|1|The more enemies see of the gene-wrought terrors they are fighting against, the more their tactical cohesion is drowned by horror and panic.|Opponentâs turn|Shooting phase|Genespawn Onslaught|000000940|<b>WHEN:</b> Your opponent's Shooting phase, just after an enemy unit is selected to perform a Tactical Manoeuvre.<br><br><b>TARGET:</b> One <span class="kwb">GENESTEALER</span> <span class="kwb">CULTS</span> unit from your army that is within 9" of and visible to that enemy unit.<br><br><b>EFFECT:</b> That enemy unit must take a Leadership test, subtracting 1 from the result: if failed, that enemy unit does not perform that Tactical Manoeuvre and it cannot perform anotherTactical Manoeuvre this turn (but can otherwise act normally).|
GC|COORDINATED TRAP|000009068002|Host of Ascension â Battle Tactic Stratagem|2|A tenet of guerrilla warfare is the concentration of even inferior firepower to inflict maximum harm.|Either playerâs turn|Shooting or Fight phase|Host of Ascension|000000884|<b>WHEN:</b> The start of your Shooting phase or the start of the Fight phase.<br><br><b>TARGET:</b> Two <span class="kwb">GENESTEALER</span> <span class="kwb">CULTS</span> units from your army that have not been selected to shoot or fight this phase.<br><br><b>EFFECT:</b> Select one enemy unit (if this Stratagem is used in the Fight phase, that enemy unit must be within Engagement Range of both of your units). Until the end of the phase, each time a model in either of your units makes an attack, it can only target that enemy unit (and only if it is an eligible target for that attack), and when resolving that attack, add 1 to the Wound roll.|
GC|PRIMED AND READIED|000009068003|Host of Ascension â Battle Tactic Stratagem|2|The broodkin have been trained and equipped for this moment, with weapons readied for Ascension.|Either playerâs turn|Shooting or Fight phase|Host of Ascension|000000884|<b>WHEN:</b> Your Shooting phase or the Fight phase.<br><br><b>TARGET:</b> One <span class="kwb">GENESTEALER</span> <span class="kwb">CULTS</span> units from your army that has not been selected to shoot or fight this phase.<br><br><b>EFFECT:</b> Until the end of the phase, each time a model in your unit makes an attack, a Critical Hit is scored on an unmodified Hit roll of 5+, instead of only a 6.|
GC|TUNNEL CRAWLERS|000009068004|Host of Ascension â Strategic Ploy Stratagem|1|The cult can expertly assail seemingly impregnable enemy positions.|Your turn|Movement phase|Host of Ascension|000000884|<b>WHEN:</b> Your Movement phase.<br><br><b>TARGET:</b> One <span class="kwb">GENESTEALER</span> <span class="kwb">CULTS</span> unit from your army that is arriving using the Deep Strike ability this phase.<br><br><b>EFFECT:</b> Your unit can be set up anywhere on the battlefield that is more than 6" horizontally away from all enemy units.<br><br><b>RESTRICTIONS:</b> A unit targeted by this Stratagem is not eligible to declare a charge in the same turn.|
GC|LYING IN WAIT|000009068005|Host of Ascension â Strategic Ploy Stratagem|1|The brood lurks invisibly as the enemy approaches. Not until the last second do they burst from cover to strike.|Opponentâs turn|Movement phase|Host of Ascension|000000884|<b>WHEN:</b> Your opponentâs Movement phase.<br><br><b>TARGET:</b> One Genestealer Cults Battleline unit from your army in Cult Ambush.<br><br><b>EFFECT:</b> Until the end of the phase, when setting your unit up using a Cult Ambush marker, set your unit up anywhere on the battlefield wholly within 6" of that Cult Ambush marker and not within Engagement Range of one or more enemy units.|
GC|RETURN TO THE SHADOWS|000009068006|Host of Ascension â Strategic Ploy Stratagem|1|With their task of drawing the oppressors' fire complete, the surviving cultists melt away, ready to strike again.|Opponentâs turn|Fight phase|Host of Ascension|000000884|<b>WHEN:</b> End of your opponentâs Fight phase.<br><br><b>TARGET:</b> One Genestealer Cults Infantry unit from your army that is not within Engagement Range of one or more enemy units.<br><br><b>EFFECT:</b> Remove your unit from the battlefield and place it into Strategic Reserves.|
GC|A DEADLY SNARE|000009068007|Host of Ascension â Strategic Ploy Stratagem|1|An enemy's fervour to strike down the faithful of the cult can be turned against them, luring the foe into a region laced with hidden traps and primed explosives.|Opponentâs turn|Charge phase|Host of Ascension|000000884|<b>WHEN:</b> Your opponentâs Charge phase, just after an enemy unit declares a charge.<br><br><b>TARGET:</b> One Genestealer Cults Infantry unit from your army that was selected as a target of that charge.<br><br><b>EFFECT:</b> Roll one D6: on a 2-4, that enemy unit suffers D3 mortal wounds; on a 5+, that enemy unit suffers 3 mortal wounds.|
GC|HYPERADRENAL REFLEXES|000009477002|Infestation Swarm â Battle Tactic Stratagem|1|Goaded by the biostimulants surging through their bodies, these warrior organisms evade their enemies'attacks with unbelievable swiftness.|Either playerâs turn|Fight phase|Infestation Swarm|000000941|<b>WHEN:</b> Fight phase, just after an enemy unit has selected its targets.<br><br><b>TARGET:</b> One GREAT DEVOURER unit from your army that was selected as the target of one or more of the attacking unitâs attacks.<br><br><b>EFFECT:</b> Until the end of the phase, models in your unit have a 4+ invulnerable save.|
GC|OUTFLANK|000009477005|Infestation Swarm â Strategic Ploy Stratagem|1|Swarms of Genestealers crawl through vents and ducts as they seek to outflank their prey.|Opponentâs turn|Fight phase|Infestation Swarm|000000941|<b>WHEN:</b> End of your opponentâs Fight phase.<br><br><b>TARGET:</b> One GENESTEALERs or PURESTRAIN GENESTEALERS unit from your army that is wholly within an Entry Zone.<br><br><b>EFFECT:</b> Remove your unit from the battlefield and place it into Strategic Reserves. It will arrive back on the battlefield in the Reinforcements step of your next Movement phase. When doing so, if it was within one of your Entry Zones when it was removed, it must be set up wholly within another one of your Entry Zones. If it was within one of your opponentâs Entry Zones when it was removed, it must be set up wholly within another one of your opponentâs Entry Zones instead. If this is not possible, your unit is destroyed.|
GC|HUNTING GROUNDS|000009477004|Infestation Swarm â Strategic Ploy Stratagem|1|Genestealers on the hunt are relentless, squirming through hatches before they have even half opened.|Your turn|Movement phase|Infestation Swarm|000000941|<b>WHEN:</b> Your Movement phase, just after a GREAT DEVOURER unit from your army opens a Hatchway.<br><br><b>TARGET:</b> That <span class="kwb">GREAT</span> <span class="kwb">DEVOURER</span> unit.<br><br><b>EFFECT:</b> Your unit can make a Normal move of up to 3", provided at least one of its models ends that move on the opposite side of that Hatchway from when your unit opened it.|
GC|PERVASIVE DREAD|000009477003|Infestation Swarm â Strategic Ploy Stratagem|1|With the death of their leader, the surviving prey feel an ominous sense of doom press down upon them, heightened by subtle psionic assault.|Either playerâs turn|Fight phase|Infestation Swarm|000000941|<b>WHEN:</b> Fight phase, just after the enemy <span class="kwb">WARLORD</span> is destroyed (and is not returned to the battlefield) by a GREAT DEVOURER unit from your army.<br><br><b>TARGET:</b> That <span class="kwb">GREAT</span> <span class="kwb">DEVOURER</span> unit.<br><br><b>EFFECT:</b> In your opponentâs next Command phase, each enemy unit on the battlefield must take a Battle-shock test, subtracting 1 from the result. This Stratagem cannot cause a unit to take two Battle-shock tests in the same phase.|
GC|DEFT MANOEUVRING|000009080006|Outlander Claw â Battle Tactic Stratagem|1|Serpent-fast, jinking and swerving with incredible skill, the cultâs light vehicles appear to slide through the oppressors' gunfire.|Opponentâs turn|Shooting phase|Outlander Claw|000000887|<b>WHEN:</b> Your opponent's Shooting phase, just after an enemy unit has selected its targets.<br><br><b>TARGET:</b> One Achilles Ridgerunners or Atalan Jackals unit from your army that was selected as the target of one or more of the attacking unitâs attacks.<br><br><b>EFFECT:</b> Until the end of the phase, models in your unit have a 4+ invulnerable save.|
GC|CLOSE-RANGE SHOOT-OUT|000009080004|Outlander Claw â Battle Tactic Stratagem|1|A cultâs experienced outriders are experts in hit-and-run attacks and close-range firefights. These skills are deadly when combined.|Your turn|Shooting phase|Outlander Claw|000000887|<b>WHEN:</b> Your Shooting phase.<br><br><b>TARGET:</b> One Genestealer Cults Mounted or Genestealer Cults Vehicle unit from your army that has not been selected to shoot this phase.<br><br><b>EFFECT:</b> Until the end of the phase, ranged weapons equipped by models in your unit have the [LETHAL HITS] ability while targeting an enemy unit within 18".|
GC|DEVOTED CREW|000009080003|Outlander Claw â Battle Tactic Stratagem|1|With evasive manoeuvres and split-second repairs, Outlander Claws marshal their rugged vehicles through the worst the foe can throw at them.|Either playerâs turn|Shooting or Fight phase|Outlander Claw|000000887|<b>WHEN:</b> Your opponentâs Shooting phase or the Fight phase, just after an enemy unit has selected its targets.<br><br><b>TARGET:</b> One Goliath Rockgrinder or Goliath Truck unit from your army that was selected as the target of one or more of the attacking unitâs attacks.<br><br><b>EFFECT:</b> Until the end of the phase, each time an attack targets your unit, subtract 1 from the Damage characteristic of that attack.|
GC|ALONG SHADOWED TRAILS|000009080002|Outlander Claw â Strategic Ploy Stratagem|1|With raw speed and subtle misdirection, Atalan Jackals outflank those who believe them trapped.|Either playerâs turn|Any phase|Outlander Claw|000000887|<b>WHEN:</b> Any phase, just after an enemy unit ends a move within 9" of one or more of your Cult Ambush markers.<br><br><b>TARGET:</b> Select one of those Cult Ambush markers.<br><br><b>EFFECT:</b> You can set up that Cult Ambush marker anywhere on the battlefield that is more than 9" horizontally away from all enemy units.|
GC|ENCIRCLING THE PREY|000009080007|Outlander Claw â Strategic Ploy Stratagem|1|Skirting the edge of battle, an Outlander Claw's raiders watch keenly forvulnerabilities, ready to throw themselves back into the fight to exploit any weaknesses in the enemy.|Opponentâs turn|Fight phase|Outlander Claw|000000887|<b>WHEN:</b> End of your opponent's Fight phase.<br><br><b>TARGET:</b> One Genestealer Cults Mounted or Genestealer Cults Vehicle unit from your army that is not within Engagement Range of one or more enemy units and is wholly within 9" of one or more battlefield edges.<br><br><b>EFFECT:</b> Remove your unit from the battlefield and place it into Strategic Reserves.|
GC|RAPID FEINT|000009080005|Outlander Claw â Strategic Ploy Stratagem|1|An Outlander Clawâs skilled riders and crews can use their enhanced hybrid reactions to rapidly alter speed and course, roaring after fleeing prey or luring enemy out of position and leaving them flat-footed.|Opponentâs turn|Movement phase|Outlander Claw|000000887|<b>WHEN:</b> Your opponentâs Movement phase, just after an enemy unit ends a Normal, Advance or Fall Back move.<br><br><b>TARGET:</b> One Achilles Ridgerunners or Atalan Jackals unit from your army that is within 9" of that enemy unit.<br><br><b>EFFECT:</b> Your unit can make a Normal move of up to 6".|
GC|FRENZIED DEVOTION|000009072003|Xenocreed Congregation â Battle Tactic Stratagem|1|The faithful will gladly hurl themselves into harm's way.frenziedly dragging the foe down.|Either playerâs turn|Fight phase|Xenocreed Congregation|000000885|<b>WHEN:</b> Fight phase.<br><br><b>TARGET:</b> One Acolyte Hybrids, Hybrid Metamorphs or Neophyte Hybrids unit from your army that has not been selected to fight this phase.<br><br><b>EFFECT:</b> Until the end of the phase, improve the Attacks and Weapon Skill characteristics of melee weapons equipped by models (excluding Characters) in your unit by 1 and those weapons have the [HAZARDOUS] ability.|
GC|VENGEANCE FOR THE MARTYR!|000009072002|Xenocreed Congregation â Epic Deed Stratagem|1|Should one of the Patriarch's inner coven fall, those that remain are swift to call for lethal retribution.|Either playerâs turn|Shooting or Fight phase|Xenocreed Congregation|000000885|<b>WHEN:</b> Your opponentâs Shooting phase or the Fight phase, just after an enemy unit destroys a Genestealer Cults Character model from your army.<br><br><b>TARGET:</b> One other <span class="kwb">GENESTEALER</span> <span class="kwb">CULTS</span> <span class="kwb">CHARACTER</span> model from your army.<br><br><b>EFFECT:</b> Until the end of the battle, each time a friendly Acolyte Hybrids, Hybrid Metamorphs or Neophyte Hybrids model makes an attack that targets that enemy unit, re-roll a Hit roll of 1. If the destroyed model was a Magus, Primus or Acolyte Iconward, you can re-roll the Hit roll instead.|
GC|THE PATH OF ANGUISH|000009072007|Xenocreed Congregation â Strategic Ploy Stratagem|1|Bloody persecution by the oppressors is grist for the mill of the cult's violent and zealous creed.|Opponentâs turn|Shooting phase|Xenocreed Congregation|000000885|<b>WHEN:</b> Your opponentâs Shooting phase, just after an enemy unit has shot.<br><br><b>TARGET:</b> One Acolyte Hybrids or Neophyte Hybrids unit from your army that had one or more of its models destroyed as a result of the attacking unit's attacks.<br><br><b>EFFECT:</b> Your unit can make a move of up to D6", but it unit must end that move as close as possible to the closest enemy unit (excluding <span class="kwb">AIRCRAFT</span>), When doing so, models in your unit can be moved within Engagement Range of that enemy unit.|
GC|TRANSCENDENT CELERITY|000009072005|Xenocreed Congregation â Strategic Ploy Stratagem|1|Owing to their hypersensory reactions, the cultâs rate of fire increases.|Your turn|Shooting phase|Xenocreed Congregation|000000885|<b>WHEN:</b> Your Shooting phase.<br><br><b>TARGET:</b> One Acolyte Hybrids, Hybrid Metamorphs or Neophyte Hybrids unit from your army that has not been selected to shoot this phase.<br><br><b>EFFECT:</b> Until the end of the phase, ranged weapons equipped by models in your unit have the [ASSAULT] ability.|
GC|THE DOWNTRODDEN RISE|000009072006|Xenocreed Congregation â Strategic Ploy Stratagem|2|Such is the creed's inspirational call to arms that as the foe foil one incursion, another rises for the cause.|Opponentâs turn|Movement phase|Xenocreed Congregation|000000885|<b>WHEN:</b> End of the Reinforcements step of your opponentâs Movement phase.<br><br><b>TARGET:</b> One Acolyte Hybrids, Hybrid Metamorphs or Neophyte Hybrids unit from your army in Cult Ambush.<br><br><b>EFFECT:</b> Until the end of the phase, you can set up your unit on the battlefield without using a Cult Ambush marker. When doing so, set up your unit anywhere on the battlefield that is more than 6" horizontally away from all enemy units.|
GC|TIRELESS FERVOUR|000009072004|Xenocreed Congregation â Strategic Ploy Stratagem|1|When the cult's leaders demand devotion, danger and exhaustion are forgotten in the rush to serve.|Your turn|Charge phase|Xenocreed Congregation|000000885|<b>WHEN:</b> Your Charge phase.<br><br><b>TARGET:</b> One Acolyte Hybrids, Hybrid Metamorphs or Neophyte Hybrids unit from your army that has not declared a charge this phase.<br><br><b>EFFECT:</b> Until the end of the phase, your unit is eligible to declare a charge in a turn in which it Advanced or Fell Back. When doing so, if it targets an enemy unit within Engagement Range of one or more friendly Character units, you can re-roll the Charge roll.|
GK|AGGRESSIVE ANTICIPATION|000010365002|Augurium Task Force â Battle Tactic Stratagem|1|Already knowing, blow-for-blow, how the battle they fight is predicted to play out, the Grey Knights take full advantage of their supernatural insight.|Either playerâs turn|Shooting or Fight phase|Augurium Task Force|000001085|<b>WHEN:</b> Your Shooting phase or the Fight phase.<br><br><b>TARGET:</b> One Grey Knights Psyker unit from your army that has not been selected to shoot or fight this phase.<br><br><b>EFFECT:</b> Until the end of the phase, each time a model in your unit makes an attack, you can ignore any or all modifiers to that attackâs Weapon Skill or Ballistic Skill characteristics and/or any or all modifiers to the Hit roll.|
GK|APPOINTED HOUR|000010365003|Augurium Task Force â Battle Tactic Stratagem|1|This moment was foreseen in an age before the Imperium itself. Now, that ancient fragment of foretelling is put to deadly use.|Either playerâs turn|Shooting or Fight phase|Augurium Task Force|000001085|<b>WHEN:</b> Your Shooting phase or the Fight phase.<br><br><b>TARGET:</b> One Grey Knights Psyker unit from your army that has not been selected to shoot or fight this phase.<br><br><b>EFFECT:</b> Until the end of the phase, each time a model in your unit makes an attack, an unmodified Hit roll of 5+ scores a Critical Hit.|
GK|FOREWARNED EVASION|000010365004|Augurium Task Force â Epic Deed Stratagem|1|These warriors have received warning of the possible junctures of fate at which they are struck down. Such intelligence allows them to avoid their destiny.|Either playerâs turn|Shooting or Fight phase|Augurium Task Force|000001085|<b>WHEN:</b> Your opponentâs Shooting phase or the Fight phase, just after an enemy unit has selected its targets.<br><br><b>TARGET:</b> One Grey Knights Walker unit from your army that was selected as the target of one or more of the attacking unitâs attacks.<br><br><b>EFFECT:</b> Until the end of the phase, each time an attack targets your unit, subtract 1 from the Hit roll.|
GK|NECESSARY END|000010365005|Augurium Task Force â Epic Deed Stratagem|1|Sometimes, the ultimate sacrifice is required in the Emperor's name, yet with sufficient foresight, even death can be made to serve the Grey Knights' cause.|Either playerâs turn|Fight phase|Augurium Task Force|000001085|<b>WHEN:</b> Fight phase, just after an enemy unit has selected its targets.<br><br><b>TARGET:</b> One Grey Knights Infantry unit from your army that was selected as the target of one or more of the attacking unitâs attacks.<br><br><b>EFFECT:</b> Until the end of the phase, each time a model in your unit is destroyed, if that model has not fought this phase, roll one D6. If the result is greater than the current battle round number, do not remove the destroyed model from play; it can fight after the attacking unit has finished making its attacks, and is then removed from play.|
GK|REDIRECTED STRIKE|000010365006|Augurium Task Force â Epic Deed Stratagem|1|Precognitive intelligence, strategic cunning and potent psychic power allow these Grey Knights to be virtually in two places simultaneously.|Your turn|Command phase|Augurium Task Force|000001085|<b>WHEN:</b> End of your Command phase.<br><br><b>TARGET:</b> One Grey Knights Psyker unit from your army that is not within Engagement Range of one or more enemy units.<br><br><b>EFFECT:</b> If your unit has the Deep Strike ability, it can be placed into Strategic Reserves.<br><br><b>Designerâs Note:</b> <i>This Stratagem lets players utilise abilities that retain control of objective markers and react to their missions and objectives with this unit.</i>|
GK|MIRAGE OF ECHOES|000010365007|Augurium Task Force â Strategic Ploy Stratagem|1|Fragments of futures never to be are projected into the minds of the foe to make it seem that the Grey Knights are where they are not.|Opponentâs turn|Movement phase|Augurium Task Force|000001085|<b>WHEN:</b> The Reinforcements step of your opponentâs Movement phase, just after an enemy unit is set up.<br><br><b>TARGET:</b> One Grey Knights Psyker unit from your army that is within 12" of that enemy unit and is not within Engagement Range of one or more enemy units.<br><br><b>EFFECT:</b> If your unit has the Deep Strike ability, it can be placed into Strategic Reserves.|
GK|SANCTIC CIRCLE|000009494003|Baneslayer Strike â Epic Deed Stratagem|2|Through focused psychic might, this warrior cleanses and wards a vital location against the foe.|Your turn|Command phase|Baneslayer Strike|000000944|<b>WHEN:</b> Your Command phase.<br><br><b>TARGET:</b> One GREY KNIGHTS CHARAcTER or PALADIN SqUAD unit from your army.<br><br><b>EFFECT:</b> Select one objective marker within 9â of and visible to your unit. If that objective marker does not have any enemy models within range of it (excluding Battle-shocked models), your unit must take a Leadership test, subtracting 1 from the result if that objective marker is Secured by your opponentâs army. If that test is passed, that objective marker is no longer considered Secured by your opponentâs army and is Secured by your army.|
GK|ARMOURED AEGIS|000009494002|Baneslayer Strike â Epic Deed Stratagem|1|This warrior stands indomitable, a shining tower of strength amidst a maelstrom of foes.|Either playerâs turn|Shooting or Fight phase|Baneslayer Strike|000000944|<b>WHEN:</b> Your opponentâs Shooting phase or the Fight phase, just after an enemy unit has selected its targets.<br><br><b>TARGET:</b> One GREY KNIGHTS CHARAcTER model from your army that was selected as the target of one or more of the attacking unitâs attacks.<br><br><b>EFFECT:</b> Until the end of the phase, your model has the Feel No Pain 4+ ability.|
GK|RELENTLESS BOARDERS|000009494004|Baneslayer Strike â Strategic Ploy Stratagem|1|Once aboard the enemy vessel, the elite of the Grey Knights press forward relentlessly, even their momentary withdrawals only presaging another aggressive push into the next chamber.|Your turn|Charge phase|Baneslayer Strike|000000944|<b>WHEN:</b> Your Charge phase.<br><br><b>TARGET:</b> One <span class="kwb">GREY</span> <span class="kwb">KNIGHTS</span> unit from your army that has not been selected to charge this phase.<br><br><b>EFFECT:</b> Until the end of the phase, your unit is eligible to declare a charge in a turn in which it Fell Back.|
GK|PSYBOLT AMMUNITION|000009494005|Baneslayer Strike â Wargear Stratagem|1|By entreating the machine spirit of his weapon with psychic incantations, a battle-brother can infuse it's already deadly payload with explosive mental energy.|Your turn|Shooting phase|Baneslayer Strike|000000944|<b>WHEN:</b> Your Shooting phase.<br><br><b>TARGET:</b> One <span class="kwb">GREY</span> <span class="kwb">KNIGHTS</span> unit from your army that has not been selected to shoot this phase.<br><br><b>EFFECT:</b> Until the end of the phase, improve the Armour Penetration characteristic of storm bolters equipped by models in your unit by 1.|
GK|CELERITY|000010357005|Banishers â Epic Deed Stratagem|1|Tried and tested tactical battlefield magick, this working accelerates its casters' swiftness of thought and movement to preternatural levels.|Your turn|Charge phase|Banishers|000001083|<b>WHEN:</b> Your Charge phase.<br><br><b>TARGET:</b> One Grey Knights Psyker Infantry unit from your army.<br><br><b>EFFECT:</b> Until the end of the turn, your unit is eligible to declare a charge in a turn in which it Advanced.|
GK|CHAOS BANE|000010357004|Banishers â Epic Deed Stratagem|1|The Grey Knights reserve their greatest loathing and most potent rites of banishment for those who serve the Ruinous Powers.|Your turn|Shooting phase|Banishers|000001083|<b>WHEN:</b> Your Shooting phase.<br><br><b>TARGET:</b> One Grey Knights Psyker unit from your army that has not been selected to shoot this phase.<br><br><b>EFFECT:</b> Until the end of the phase, ranged weapons equipped by models in your unit have the [ANTI-CHAOS 4+] ability.|
GK|HEXWROUGHT REPRISAL|000010357002|Banishers â Epic Deed Stratagem|1|Hexagrammic wards worked into this warriorâs wargear blaze to life, bringing down a potent empyric curse upon those who dared seek to harm him.|Either playerâs turn|Any phase|Banishers|000001083|<b>WHEN:</b> End of any phase.<br><br><b>TARGET:</b> One Grey Knights Psyker unit from your army that is on the battlefield and suffered one or more mortal wounds this phase.<br><br><b>EFFECT:</b> Select one enemy unit which inflicted one or more mortal wounds on your unit this phase, then roll a number of dice equal to the number of mortal wounds your unit suffered this phase: for each 2+, that enemy unit suffers one mortal wound (to a maximum of 6 mortal wounds). These mortal wounds are Psychic Attacks.|
GK|WARDING CHANT|000010357003|Banishers â Epic Deed Stratagem|1|The Grey Knights maintain a tireless chant of warding magicks that turn aside the blasts and blades of even the most skilled foes.|Either playerâs turn|Shooting or Fight phase|Banishers|000001083|<b>WHEN:</b> Your opponentâs Shooting phase or the Fight phase, just after an enemy unit has selected its targets.<br><br><b>TARGET:</b> One Grey Knights Psyker unit from your army that was selected as the target of one or more of the attacking unitâs attacks.<br><br><b>EFFECT:</b> Until the end of the phase, models in your unit have the Feel No Pain 5+ ability against attacks with an unmodified Damage characteristic of 1.|
GK|SHADOW OF ANARCH|000010357007|Banishers â Epic Deed Stratagem|1|This muttered incantation conjures a sympathetic shadow of the true darkness beneath Mount Anarch, through which the Grey Knights stride fearlessly to emerge elsewhere than where they began.|Opponentâs turn|Movement phase|Banishers|000001083|<b>WHEN:</b> Your opponentâs Movement phase, just after an enemy unit ends a Normal, Advance or Fall Back move.<br><br><b>TARGET:</b> One Grey Knights Psyker unit from your army that is within 9" of that enemy unit and is not within Engagement Range of one or more enemy units.<br><br><b>EFFECT:</b> Your unit can make a Normal move of up to 6" or, if it has the Deep Strike ability, it can be placed into Strategic Reserves.|
GK|CIRCLE OF SANCTUARY|000010357006|Banishers â Epic Deed Stratagem|1|Autolaunchers on this warrior's armour dispense airbursting canisters of blessed waters to create an instant zone of warding against hostile manifestations.|Opponentâs turn|Movement phase|Banishers|000001083|<b>WHEN:</b> Start of your opponentâs Movement phase.<br><br><b>TARGET:</b> One Grey Knights Character model from your army.<br><br><b>EFFECT:</b> Until the end of the phase, enemy units that are set up on the battlefield as Reinforcements cannot be set up within 12" horizontally of your model.|
GK|SHINING VEIL|000010349006|Brotherhood Strike â Battle Tactic Stratagem|1|Chanting words of sorcerous concealment, the Grey Knights gather a blinding psychic shroud around themselves through which no foe can see.|Opponentâs turn|Shooting phase|Brotherhood Strike|000001081|<b>WHEN:</b> Your opponentâs Shooting phase, just after an enemy unit has selected its targets.<br><br><b>TARGET:</b> One Grey Knights unit that was selected as the target of one or more of the attacking unitâs attacks.<br><br><b>EFFECT:</b> Until the end of the phase, your unit has the Stealth ability.|
GK|PURGATION PATTERN|000010349004|Brotherhood Strike â Battle Tactic Stratagem|1|Employing an overlapping fire pattern coupled with destructive cantrips, the Grey Knights fill the target zone with an inescapable hail of death.|Your turn|Shooting phase|Brotherhood Strike|000001081|<b>WHEN:</b> Your Shooting phase.<br><br><b>TARGET:</b> One Grey Knights unit from your army that was set up using the Deep Strike ability this turn and has not been selected to shoot this phase.<br><br><b>EFFECT:</b> Until the end of the phase, weapons equipped by models in your unit have the [SUSTAINED HITS 1] ability.|
GK|COMBAT MANIFESTATION|000010349003|Brotherhood Strike â Epic Deed Stratagem|1|Extensive training helps these battle-brothers to burst from the Warp recklessly close to their foes without the risk of catastrophic recorporeation.|Your turn|Movement phase|Brotherhood Strike|000001081|<b>WHEN:</b> Your Movement phase.<br><br><b>TARGET:</b> One Grey Knights unit from your army that is arriving using the Deep Strike ability this phase.<br><br><b>EFFECT:</b> Set your unit up anywhere on the battlefield that is more than 6" horizontally away from all enemy units, but until the end of the turn, it is not eligible to declare a charge.|
GK|TRUESILVER CHANNELLING|000010349002|Brotherhood Strike â Strategic Ploy Stratagem|2|Chanting words of abjuration, the Grey Knights pour their psychic might into their weapons until they burn with a sorcerous flame.|Either playerâs turn|Fight phase|Brotherhood Strike|000001081|<b>WHEN:</b> Fight phase.<br><br><b>TARGET:</b> One Grey Knights Infantry unit from your army that has not been selected to fight this phase.<br><br><b>EFFECT:</b> Until the end of the phase, Psychic weapons equipped by models in your unit have the [DEVASTATING WOUNDS] ability.|
GK|EXPEDITIOUS EXIT|000010349007|Brotherhood Strike â Strategic Ploy Stratagem|2|Pragmatists well aware of their irreplaceable value, the warriors of Titan will not spend themselves needlessly in losing battles.|Opponentâs turn|Fight phase|Brotherhood Strike|000001081|<b>WHEN:</b> End of your opponentâs Fight phase.<br><br><b>TARGET:</b> One Grey Knights Psyker Infantry unit from your army.<br><br><b>EFFECT:</b> If every model in your unit has the Deep Strike ability, remove your unit from the battlefield and place it into Strategic Reserves.<br><br><b>Designerâs Note:</b> <i>This Stratagem allows you to remove a unit in addition to those removed using the Gate of Infinity rule, and it allows you to remove a unit within Engagement Range of one or more enemy units.</i>|
GK|DUTY UNENDING|000010349005|Brotherhood Strike â Strategic Ploy Stratagem|1|There are always more threats than the templars of Titan can attend to at once. They must strike swiftly before redeploying to the following critical combat.|Opponentâs turn|Movement phase|Brotherhood Strike|000001081|<b>WHEN:</b> Your opponentâs Movement phase, just after an enemy unit within Engagement Range of one or more Grey Knights units from your army Falls Back.<br><br><b>TARGET:</b> One of those <span class="kwb">GREY</span> <span class="kwb">KNIGHTS</span> units that is not within Engagement Range of one or more enemy units.<br><br><b>EFFECT:</b> If your unit has the Deep Strike ability, it can be placed into Strategic Reserves.|
GK|GIANTS OF THE BATTLEFIELD|000010353002|Hallowed Conclave â Battle Tactic Stratagem|1|Seeming to loom impossibly large in the minds of their foes, the Grey Knights employ the sheer force of their presence to overwhelm the enemy.|Either playerâs turn|Fight phase|Hallowed Conclave|000001082|<b>WHEN:</b> Fight phase.<br><br><b>TARGET:</b> One Grey Knights Terminator unit from your army that has not been selected to fight this phase.<br><br><b>EFFECT:</b> Until the end of the phase, add 1 to the Attacks characteristic of melee weapons equipped by models in your unit.|
GK|PRECOGNITIVE STRATEGIES|000010353006|Hallowed Conclave â Strategic Ploy Stratagem|1|The psychic abilities of these battle-brothers are turned toward predicting the foe's actions even before their enemies know what they will do.|Opponentâs turn|Movement phase|Hallowed Conclave|000001082|<b>WHEN:</b> Your opponentâs Movement phase, just after an enemy unit ends a Normal, Advance or Fall Back move.<br><br><b>TARGET:</b> One Grey Knights Infantry unit from your army that is within 9" of that enemy unit and not within Engagement Range of one or more enemy units.<br><br><b>EFFECT:</b> Your unit can make a Normal move of up to D6".|
GK|GRIND THEM UNDERFOOT|000010353005|Hallowed Conclave â Strategic Ploy Stratagem|1|A psychic shock wave drives foes to their knees at the moment before the Terminators' armoured mass smashes into them with killing force.|Your turn|Charge phase|Hallowed Conclave|000001082|<b>WHEN:</b> Your Charge phase, just after a Grey Knights Terminator unit from your army ends a Charge move.<br><br><b>TARGET:</b> That <span class="kwb">GREY</span> <span class="kwb">KNIGHTS</span> unit.<br><br><b>EFFECT:</b> Select one enemy unit within Engagement Range of your unit, then roll one D6 for each model in your unit that is within Engagement Range of that enemy unit: for each 4+, that enemy unit suffers 1 mortal wound (to a maximum of 6 mortal wounds).|
GK|POINT-BLANK PURGATION|000010353004|Hallowed Conclave â Strategic Ploy Stratagem|1|Confident in the unbeatable protection of their armour and wards, the Terminators rake their foes with mass reactives at perilously close range.|Your turn|Shooting phase|Hallowed Conclave|000001082|<b>WHEN:</b> Your Shooting phase.<br><br><b>TARGET:</b> One Grey Knights Infantry unit from your army that has not been selected to shoot this phase.<br><br><b>EFFECT:</b> Until the end of the phase, storm bolter weapons equipped by models in your unit have the [PISTOL] and [TWIN-LINKED] abilities.|
GK|UNENDING FIDELITY|000010353003|Hallowed Conclave â Strategic Ploy Stratagem|1|Unto their last breath and sometimes even beyond, the templars of Titan strive to fight on in the Emperorâs name.|Either playerâs turn|Shooting or Fight phase|Hallowed Conclave|000001082|<b>WHEN:</b> Your opponentâs Shooting phase or the Fight phase, just after an enemy unit has selected its targets.<br><br><b>TARGET:</b> One Grey Knights Infantry unit from your army that was selected as the target of one or more of the attacking unitâs attacks.<br><br><b>EFFECT:</b> Until the end of the phase, each time a model in your unit is destroyed, if that model has not shot or fought this phase, roll one D6. On a 4+, do not remove the destroyed model from play; it can shoot or fight after the attacking unit has finished making its attacks, and is then removed from play.|
GK|SHINING RESOLVE|000010353007|Hallowed Conclave â Strategic Ploy Stratagem|1|Undimmed by pain, hardship or horror, the Grey Knights will to see their duty done burns as bright as a purifying flame.|Opponentâs turn|Shooting phase|Hallowed Conclave|000001082|<b>WHEN:</b> Your opponentâs Shooting phase, just after an enemy unit has selected its targets.<br><br><b>TARGET:</b> One Grey Knights Infantry unit from your army that was selected as the target of one or more of the attacking unitâs attacks.<br><br><b>EFFECT:</b> Until the end of the phase, each time an attack targets your unit, if the Strength characteristic of that attack is greater than the Toughness characteristic of your unit, subtract 1 from the Wound roll.|
GK|ABOMINUS-CLASS TARGETS|000010361003|Sanctic Spearhead â Battle Tactic Stratagem|1|Eliminating massive priority targets such as diabolical war engines or Warp-tainted monsters is often crucial to victory.|Either playerâs turn|Shooting or Fight phase|Sanctic Spearhead|000001084|<b>WHEN:</b> Your Shooting phase or the Fight phase.<br><br><b>TARGET:</b> One Grey Knights unit from your army that has not been selected to shoot or fight this phase.<br><br><b>EFFECT:</b> Until the end of the phase, each time a model in your unit makes an attack that targets a <span class="kwb">MONSTER</span> or <span class="kwb">VEHICLE</span> unit, add 1 to the Wound roll.|
GK|TRUESILVER WILL|000010361002|Sanctic Spearhead â Epic Deed Stratagem|1|The combination of a Grey Knight's psychic fortitude with the warding circuitry of their armoured vehicles is potent indeed.|Either playerâs turn|Any phase|Sanctic Spearhead|000001084|<b>WHEN:</b> Any phase, just after a Grey Knights Psyker Vehicle unit from your army suffers a mortal wound.<br><br><b>TARGET:</b> That <span class="kwb">GREY</span> <span class="kwb">KNIGHTS</span> <span class="kwb">PSYKER</span> <span class="kwb">VEHICLE</span> unit.<br><br><b>EFFECT:</b> Until the end of the phase, models in your unit have the Feel No Pain 4+ ability against mortal wounds.|
GK|ARMOURED AEGIS|000010361004|Sanctic Spearhead â Strategic Ploy Stratagem|1|Where purely physical defences may waver or break, sorcerous warding and empyric shields can take the strain their place.|Your turn|Command phase|Sanctic Spearhead|000001084|<b>WHEN:</b> Your Command phase.<br><br><b>TARGET:</b> One Grey Knights Psyker Vehicle unit from your army.<br><br><b>EFFECT:</b> One model in your unit regains up to 3 lost wounds.|
GK|REDOUBLED ASSAULT|000010361005|Sanctic Spearhead â Strategic Ploy Stratagem|1|Charged with smashing a path through the enemy lines to vital objectives, this war machine lands blow after relentless blow.|Your turn|Movement phase|Sanctic Spearhead|000001084|<b>WHEN:</b> Your Movement phase, just after a Grey Knights Vehicle unit from your army Falls Back.<br><br><b>TARGET:</b> That <span class="kwb">GREY</span> <span class="kwb">KNIGHTS</span> <span class="kwb">VEHICLE</span> unit.<br><br><b>EFFECT:</b> Until the end of the turn, your unit is eligible to shoot and declare a charge in a turn in which it Fell Back.|
GK|FORCE WAVE|000010361006|Sanctic Spearhead â Strategic Ploy Stratagem|1|A bow wave of psychic force slams out ahead of this vehicle, ploughing obstacles from its path and forming invisible bridges over yawning chasms.|Your turn|Movement or Charge phase|Sanctic Spearhead|000001084|<b>WHEN:</b> Your Movement phase or your Charge phase.<br><br><b>TARGET:</b> One Grey Knights Vehicle unit from your army that has not been selected to move or charge this phase.<br><br><b>EFFECT:</b> Until the end of the phase, each time your unit makes a Normal, Advance or Charge move, it can move horizontally through terrain features.|
GK|ARGENT WRATH|000010361007|Sanctic Spearhead â Strategic Ploy Stratagem|1|Blazing with spectral silver flame and surrounded by a keening note of sorcerous dissonance that fills foes with unreasoning terror, this vehicle ploughs into enemy lines like some merciless avatar of destruction.|Your turn|Charge phase|Sanctic Spearhead|000001084|<b>WHEN:</b> Your Charge phase, just after a Grey Knights Vehicle unit from your army ends a Charge move.<br><br><b>TARGET:</b> That <span class="kwb">GREY</span> <span class="kwb">KNIGHTS</span> <span class="kwb">VEHICLE</span> unit.<br><br><b>EFFECT:</b> Each enemy unit within 3" of your unit must take a Battle-shock test, subtracting 1 from that test.|
GK|SANCTIFIED SLAUGHTER|000009486005|Void Purge Force â Battle Tactic Stratagem|1|With their foes cornered, the Grey Knightsâ blades rise and fall, the purge thorough and unmerciful.|Your turn|Fight phase|Void Purge Force|000000943|<b>WHEN:</b> Your Fight phase.<br><br><b>TARGET:</b> One <span class="kwb">GREY</span> <span class="kwb">KNIGHTS</span> unit from your army that charged this turn.<br><br><b>EFFECT:</b> Until the end of the phase, melee weapons equipped by models in your unit have the [SUSTAINED HITS 1] ability. If such a weapon already has that ability, until the end of the phase, each time an attack is made with that weapon, a successful unmodified Hit roll of 5+ scores a Critical Hit.|
GK|HEXBANE WARDS|000009486003|Void Purge Force â Battle Tactic Stratagem|1|These unsettling hexagrammatic wards, inscribed on the Grey Knights' wargear before boarding, cause enemy weapons to falter and misfire as machine spirits are banished or tormented to madness.|Either playerâs turn|Fight phase|Void Purge Force|000000943|<b>WHEN:</b> Fight phase, just after an enemy unit has selected its targets.<br><br><b>TARGET:</b> One <span class="kwb">GREY</span> <span class="kwb">KNIGHTS</span> unit from your army that was selected as the target of one or more of the attacking unitâs attacks.<br><br><b>EFFECT:</b> Until the end of the phase, melee weapons equipped by models in that enemy unit have the [HAZARDOUS] ability.|
GK|TRANSLOCATION|000009486004|Void Purge Force â Strategic Ploy Stratagem|1|Employing single-use microteleportation matrices or focused psychic powers, these Grey Knights step through the warp and back to realspace in an eyeblink.|Your turn|Movement phase|Void Purge Force|000000943|<b>WHEN:</b> Your Movement phase.<br><br><b>TARGET:</b> One INTERcEPTOR SqUAD or GREY KNIGHTS CHARAcTER unit from your army that has not been selected to move this phase.<br><br><b>EFFECT:</b> The next time your unit is selected to move this phase, models in that unit can move through Walls and closed Hatchways as if they were not there, but when doing so, no model can move more than 6".<br><br><b>RESTRICTIONS:</b> You can only use this Stratagem once.|
GK|BREACH-SHOCK|000009486002|Void Purge Force â Strategic Ploy Stratagem|1|So swift and overwhelming is a boarding assault by the Grey Knights that foes are overrun in short order before they even realise their peril.|Either playerâs turn|Fight phase|Void Purge Force|000000943|<b>WHEN:</b> Fight phase.<br><br><b>TARGET:</b> One <span class="kwb">GREY</span> <span class="kwb">KNIGHTS</span> unit from your army that has not been selected to fight this phase.<br><br><b>EFFECT:</b> Until the end of the phase, each time a model in your unit makes a Pile-in or Consolidation move, it can move up to 6" instead of up to 3".|
GK|SANCTIFIED KILL ZONE|000009778002|Warpbane Task Force â Battle Tactic Stratagem|1|As new ground is seized and consecrated, so are the Grey Knights lent greater ferocity and resolve.|Either playerâs turn|Shooting or Fight phase|Warpbane Task Force|000000992|<b>WHEN:</b> Your Shooting phase or the Fight phase.<br><br><b>TARGET:</b> One <span class="kwb">GREY</span> <span class="kwb">KNIGHTS</span> unit from your army that has not been selected to shoot or fight this phase and that is wholly within your armyâs Hallowed Ground.<br><br><b>EFFECT:</b> Until the end of the phase, each time a model in your unit makes an attack, re-roll a Wound roll of 1, or, re-roll the Wound roll instead if your unit is a Purifier Squad.|
GK|REPELLING SPHERE|000009778007|Warpbane Task Force â Battle Tactic Stratagem|1|Chanting a chorus of warding spells, the Grey Knights project a shimmering field of empyric forces that repels their foes.|Opponentâs turn|Charge phase|Warpbane Task Force|000000992|<b>WHEN:</b> Start of your opponentâs Charge phase.<br><br><b>TARGET:</b> One Grey Knights Infantry unit from your army.<br><br><b>EFFECT:</b> Until the end of the phase, each time an enemy unit declares a charge and your unit is one of the targets of that charge, subtract 1 from the Charge roll, or subtract 2 instead if your unit is wholly within your armyâs Hallowed Ground.|
GK|AEGIS ETERNAL|000009778006|Warpbane Task Force â Battle Tactic Stratagem|1|Channelling their shared psychic potential, these warriors form a coruscating aurora that courses through the warding sigils of their armour, causing them to flare with protective power.|Opponentâs turn|Shooting phase|Warpbane Task Force|000000992|<b>WHEN:</b> Your opponentâs Shooting phase, just after an enemy unit has selected its targets.<br><br><b>TARGET:</b> One Grey Knights Infantry unit from your army that was selected as the target of one or more of the attacking unitâs attacks.<br><br><b>EFFECT:</b> Until the end of the phase, models in your unit that are wholly within your Hallowed Ground have a 4+ invulnerable save.|
GK|HALLOWED BEACON|000009778004|Warpbane Task Force â Battle Tactic Stratagem|1|Newly sanctified ground serves as a luminescent beacon to guide warded battle-brothers stepping through glowing empyric gateways.|Your turn|Movement phase|Warpbane Task Force|000000992|<b>WHEN:</b> Reinforcements step of your Movement phase.<br><br><b>TARGET:</b> One Grey Knights Infantry unit (excluding Terminator units) that is arriving using the Deep Strike ability this phase.<br><br><b>EFFECT:</b> Set up your unit wholly within your armyâs Hallowed Ground and more than 6" horizontally away from all enemy units.|
GK|FIRES OF COVENANT|000009778005|Warpbane Task Force â Battle Tactic Stratagem|1|As the enemy moves close, these warriors draw upon their pledges of duty and the bonds of their brotherhood to unleash a fiery conflagration of arcane death.|Opponentâs turn|Movement phase|Warpbane Task Force|000000992|<b>WHEN:</b> Start of your opponentâs Movement phase.<br><br><b>TARGET:</b> One Grey Knights Infantry unit from your army.<br><br><b>EFFECT:</b> Until the end of the phase, each time an enemy unit is set up or ends a Normal, Advance or Fall Back move within 6" of your unit, roll one D6, adding 2 to the result if your unit is wholly within your armyâs Hallowed Ground: on a 4+, that enemy unit suffers D3 mortal wounds.|
GK|FLAMES OF SANCTITY|000009778003|Warpbane Task Force â Strategic Ploy Stratagem|1|As the Purifiers battle, their pooled psychic might manifests in a corona of flame that is anathema to the unclean.|Either playerâs turn|Fight phase|Warpbane Task Force|000000992|<b>WHEN:</b> End of the Fight phase.<br><br><b>TARGET:</b> One Purifier Squad unit from your army that was eligible to fight this phase.<br><br><b>EFFECT:</b> Roll one D6 for each enemy unit within 6" of your unit, adding 1 to the result if your unit includes Castellan Crowe: on a 4+, that enemy unit suffers D3 mortal wounds.|
LoV|BASTION RUNNING|000010448003|Brandfast Oathband â Battle Tactic Stratagem|1|A Hekaton Land Fortress can be temporarily rigged by its crew for bastion running. They fortify its systems to provide a brief power surge, allowing the tank to smash its way through hostile environments.|Your turn|Movement phase|Brandfast Oathband|000001099|<b>WHEN:</b> Your Movement phase.<br><br><b>TARGET:</b> One Hekaton Land Fortress unit from your army that has not been selected to move this phase.<br><br><b>EFFECT:</b> Until the end of the phase, each time your unit makes a Normal or Advance move, it can move horizontally through terrain features.|
LoV|OPPORTUNISTIC ESCALATION|000010448006|Brandfast Oathband â Strategic Ploy Stratagem|1|Even amid heavy incoming fire, the crew of a kinhost's lighter vehicles can make rapid manoeuvres to exploit sudden openings.|Opponentâs turn|Shooting phase|Brandfast Oathband|000001099|<b>WHEN:</b> Your opponentâs Shooting phase, just after an enemy unit has shot, if units from your army have Hostile Acquisition.<br><br><b>TARGET:</b> One Leagues of Votann Vehicle unit from your army (excluding Hekaton Land Fortress units) that was hit by one or more of those attacks.<br><br><b>EFFECT:</b> Your unit can make a Normal move of up to D6".|
LoV|INEXORABLE EFFICIENCY|000010448005|Brandfast Oathband â Strategic Ploy Stratagem|1|With the wealth of sensor-wrought information they can access, the Kin can efficiently adapt fighting withdrawals into deadly counterattacks.|Your turn|Shooting phase|Brandfast Oathband|000001099|<b>WHEN:</b> Your Shooting phase.<br><br><b>TARGET:</b> One Leagues of Votann unit from your army.<br><br><b>EFFECT:</b> Until the end of the phase, your unit is eligible to shoot in a turn in which it Fell Back.|
LoV|SECURE POSITIONS|000010448002|Brandfast Oathband â Strategic Ploy Stratagem|1|While there are resources to secure, the Kin will seize any opportunity to effect a rapid and ordered deployment to establish defensive positions.|Either playerâs turn|Any phase|Brandfast Oathband|000001099|<b>WHEN:</b> End of any of your phases, if units from your army have Hostile Acquisition.<br><br><b>TARGET:</b> One Leagues of Votann Transport unit from your army.<br><br><b>EFFECT:</b> One <span class="kwb">LEAGUES</span> <span class="kwb2">OF</span> <span class="kwb">VOTANN</span> unit embarked within your <span class="kwb">TRANSPORT</span> can disembark. When doing so, models in that unit can be set up anywhere on the battlefield wholly within 6" of your <span class="kwb">TRANSPORT</span>. That unit cannot declare a charge in the same turn, but can otherwise act normally in the remainder of the turn.|
LoV|VENGEANCE FLARE|000010448007|Brandfast Oathband â Strategic Ploy Stratagem|2|With a narrow-band data burst, those of an oathband who have been wronged can call in the devastating vengeance of their armoured support.|Opponentâs turn|Shooting phase|Brandfast Oathband|000001099|<b>WHEN:</b> Your opponentâs Shooting phase, just after an enemy unit has shot.<br><br><b>TARGET:</b> One Leagues of Votann Infantry unit that was hit by one or more of those attacks.<br><br><b>EFFECT:</b> Each time you use this Stratagem, you can spend 2YP. Select one friendly Kapricus or Sagitaur unit within 6" of your <span class="kwb">INFANTRY</span> unit. If you spent YP during this use of this Stratagem, you can select one friendly Hekaton Land Fortress unit within 6" of your <span class="kwb">INFANTRY</span> unit instead. The selected unit can shoot as if it were your Shooting phase. When doing so, models in the selected unit can only target that enemy unit (and only if it is an eligible target).|
LoV|ILLUMINATED PRIORITY|000010448004|Brandfast Oathband â Wargear Stratagem|1|Using specialised beam emission signatures, multispectral ammunition, or broadcasting targeting data, the gunnery crews of Kin war engines can signify priority targets for their comrades.|Your turn|Shooting phase|Brandfast Oathband|000001099|<b>WHEN:</b> Your Shooting phase, just after a Leagues of Votann Vehicle unit from your army has shot.<br><br><b>TARGET:</b> That <span class="kwb">LEAGUES</span> <span class="kwb2">OF</span> <span class="kwb">VOTANN</span> <span class="kwb">VEHICLE</span> unit.<br><br><b>EFFECT:</b> Select one enemy unit hit by one or more of those attacks. Until the end of the phase, each time a Leagues of Votann Infantry model from your army makes an attack that targets that enemy unit, re-roll a Hit roll of 1.|
LoV|CYBERSTIMM INFUSION|000010444002|DÃªlve Assault Shift â Battle Tactic Stratagem|1|The subdermal shunts of Cthonian Beserks can flood their bodies with stimulant chemicals. So empowered, they can smash through the toughest of enemies as easily as an obdurate ore seam.|Either playerâs turn|Fight phase|DÃªlve Assault Shift|000001098|<b>WHEN:</b> Fight phase.<br><br><b>TARGET:</b> One Cthonian Beserks unit from your army that has not been selected to fight this phase.<br><br><b>EFFECT:</b> Each time you use this Stratagem, you can spend 2YP. Until the end of the phase, each time a model in your unit makes an attack, re-roll a Wound roll of 1. If you spent YP during this use of this Stratagem, you can re-roll the Wound roll instead.|
LoV|HIDDEN ACCESSWAYS|000010444007|DÃªlve Assault Shift â Strategic Ploy Stratagem|1|A guildâs elite can swiftly reenter the dÃªlveâs labyrinth, slipping into an artfully hidden tunnel or activating site-to-site teleports, ready to attack elsewhere at a moment's notice.|Opponentâs turn|Fight phase|DÃªlve Assault Shift|000001098|<b>WHEN:</b> End of your opponentâs Fight phase.<br><br><b>TARGET:</b> One Cthonian Beserks, Hearthkyn Warriors or Hernkyn Yaegirs unit from your army that is not within Engagement Range of one or more enemy units.<br><br><b>EFFECT:</b> Remove your unit from the battlefield and place it into Strategic Reserves.|
LoV|AUGMENTED ASSAULT|000010444004|DÃªlve Assault Shift â Strategic Ploy Stratagem|1|The profusion of bionic augmentations that Beserks possess can grant them a burst of incredible speed, one that can drive them - a guttural war song on their lips - into their reeling foes like a meteor.|Your turn|Movement phase|DÃªlve Assault Shift|000001098|<b>WHEN:</b> Your Movement phase.<br><br><b>TARGET:</b> One Cthonian Beserks unit from your army that has not been selected to move this phase.<br><br><b>EFFECT:</b> Each time you use this Stratagem, you can spend up to 2YP. Until the end of the turn, add X" to the Move characteristic of models in your unit, where X is the number of YP you spent during this use of this Stratagem, and your unit is eligible to declare a charge in a turn in which it Advanced.|
LoV|UNSTOPPABLE FORCE|000010444003|DÃªlve Assault Shift â Strategic Ploy Stratagem|1|With their enemies within reach, the Kinâs fury and momentum become an elemental force that will not be stayed.|Either playerâs turn|Fight phase|DÃªlve Assault Shift|000001098|<b>WHEN:</b> Fight phase.<br><br><b>TARGET:</b> One Leagues of Votann unit from your army that has not been selected to fight this phase.<br><br><b>EFFECT:</b> Until the end of the phase, each time your unit Piles In or Consolidates, each model in that unit can move up to 6" instead of up to 3".|
LoV|TECTONIC FRACTURE|000010444005|DÃªlve Assault Shift â Strategic Ploy Stratagem|1|Skilled Cthonian gunners can initiate localised quakes and pressure waves of such intensity that foes struggle to retain their impetus.|Your turn|Shooting phase|DÃªlve Assault Shift|000001098|<b>WHEN:</b> Your Shooting phase, just after a <span class="kwb">CTHONIAN</span> <span class="kwb">EARTHSHAKERS</span> unit from your army has shot.<br><br><b>TARGET:</b> That Cthonian Earthshakers unit.<br><br><b>EFFECT:</b> Each time you use this Stratagem, you can spend 2YP. Select one enemy unit hit by one or more of your unitâs attacks this phase. Until the start of your next Shooting phase, subtract 2 from that unitâs Move characteristic and, if you spent YP during this use of this Stratagem, subtract 2 from Charge rolls made for that unit.|
LoV|WEAVEWÃRKE BUTTRESS|000010444006|DÃªlve Assault Shift â Strategic Ploy Stratagem|1|Every dÃªlve is threaded with force fields to shield against catastrophe, a protection that can be tapped in battle to support advances into hostile territory.|Opponentâs turn|Shooting phase|DÃªlve Assault Shift|000001098|<b>WHEN:</b> Your opponentâs Shooting phase, just after an enemy unit has selected its targets, if units from your army have Hostile Acquisition.<br><br><b>TARGET:</b> One Leagues of Votann Infantry unit from your army that was selected as the target of one or more of the attacking unitâs attacks.<br><br><b>EFFECT:</b> Until the end of the phase, each time an attack targets your unit, subtract 1 from the Wound roll.|
LoV|SUPERIOR CRAFTSMANSHIP|000009824004|Hearthband â Battle Tactic Stratagem|2|Not only are the finest of the Kindredâs warriors selected for this duty, but they are also equipped with the best weaponry and wargear the BrÃ´khyr can produce.|Either playerâs turn|Fight phase|Hearthband|000001001|<b>WHEN:</b> Fight phase.<br><br><b>TARGET:</b> One <span class="kwb">LEAGUES</span> <span class="kwb2">OF</span> <span class="kwb">VOTANN</span> unit from your army that has not been selected to fight this phase.<br><br><b>EFFECT:</b> Until the end of the phase, each time a model in your unit makes an attack that targets a <span class="kwb">MONSTER</span> or <span class="kwb">VEHICLE</span> unit, add 1 to the Damage characteristic of that attack.|
LoV|BRÃKKEKNOTS|000009824002|Hearthband â Battle Tactic Stratagem|1|These micro shield generators, worked into warrior jewellery or armour crests, trigger on command to provide short-lived boosted protection.|Either playerâs turn|Shooting phase|Hearthband|000001001|<b>WHEN:</b> Your opponentâs Shooting phase or the Fight phase, just after an enemy unit has selected its targets.<br><br><b>TARGET:</b> One KÃ¢hl, Ãthar the Destined or Einhyr Hearthguard unit from your army that was selected as the target of one or more of the attacking unitâs attacks.<br><br><b>EFFECT:</b> Until the end of the phase, models in your unit have a 4+ invulnerable save.|
LoV|FURY OF THE HEARTH|000009824007|Hearthband â Battle Tactic Stratagem|1|As though they unleash the raging flames of their kindredâs hearth upon the enemy, the Einhyr all but drown their enemies in fire.|Your turn|Shooting phase|Hearthband|000001001|<b>WHEN:</b> Your Shooting phase.<br><br><b>TARGET:</b> One Einhyr Hearthguard unit from your army that has not been selected to shoot this phase.<br><br><b>EFFECT:</b> Until the end of the phase, improve the Strength characteristic of ranged weapons equipped by models in your unit by 1. If you spend 1YP, until the end of the phase, ranged weapons equipped by models in that unit have the [SUSTAINED HITS 1] ability as well.|
LoV|UNYIELDING AGGRESSION|000009824005|Hearthband â Strategic Ploy Stratagem|1|Even should they be compelled to pull back momentarily, the warriors of the Hearthband maintain a punishing curtain of fire to erode the enemy further or rally swiftly and drive back into the fight.|Your turn|Movement phase|Hearthband|000001001|<b>WHEN:</b> Your Movement phase, just after a <span class="kwb">LEAGUES</span> <span class="kwb2">OF</span> <span class="kwb">VOTANN</span> <span class="kwb">INFANTRY</span> unit from your army Falls Back.<br><br><b>TARGET:</b> That Leagues of Votann Infantry unit.<br><br><b>EFFECT:</b> Until the end of the turn, your unit is eligible to shoot and declare a charge in a turn in which it Fell Back.|
LoV|SURE OF PURPOSE|000009824003|Hearthband â Strategic Ploy Stratagem|1|The single-minded advance of the Kin rolls over collapsing enemy lines and exploits every fault and weakness, driving on towards the objective.|Either playerâs turn|Fight phase|Hearthband|000001001|<b>WHEN:</b> Fight phase.<br><br><b>TARGET:</b> One <span class="kwb">LEAGUES</span> <span class="kwb2">OF</span> <span class="kwb">VOTANN</span> unit from your army that has not been selected to fight this phase.<br><br><b>EFFECT:</b> Until the end of the phase, each time a model in your unit makes a Pile-in or Consolidation move, it can move up to 6" instead of up to 3".|
LoV|MATERIALISATION MATRICES|000009824006|Hearthband â Strategic Ploy Stratagem|1|Built to a superior standard using secrets imparted by the Votann, the teleporters employed by this Hearthband can stabilise rematerialisation fields remarkably close to the foe.|Your turn|Movement phase|Hearthband|000001001|<b>WHEN:</b> The Reinforcements step of your Movement phase.<br><br><b>TARGET:</b> One <span class="kwb">LEAGUES</span> <span class="kwb2">OF</span> <span class="kwb">VOTANN</span> unit from your army that is in Reserves and has the Deep Strike ability.<br><br><b>EFFECT:</b> Until the end of the phase, when your unit is set up on the battlefield using the Deep Strike ability, it can be set up anywhere on the battlefield that is more than 6" horizontally away from all enemy units.<br><br><b>RESTRICTIONS:</b> Until the end of the turn, your unit is not eligible to declare a charge.|
LoV|GRAVITRONIC PULSE|000009538005|Hearthfire Strike â Battle Tactic Stratagem|1|Emitters built into this squad's exo-armour batter the foe with focused gravity waves in the instant before the Kin charge crashes home.|Your turn|Charge phase|Hearthfire Strike|000000951|<b>WHEN:</b> Your Charge phase, just after a <span class="kwb">LEAGUES</span> <span class="kwb2">OF</span> <span class="kwb">VOTANN</span> unit from your army ends a Charge move.<br><br><b>TARGET:</b> That <span class="kwb">LEAGUES</span> <span class="kwb2">OF</span> <span class="kwb">VOTANN</span> unit.<br><br><b>EFFECT:</b> For each enemy unit within Engagement Range of your unit, until the end of the turn, that unit loses the Fights First ability (if it has it) and, each time a model in that unit makes an attack, subtract 1 from the Hit roll.|
LoV|ECONOMY OF AGGRESSION|000009538004|Hearthfire Strike â Battle Tactic Stratagem|1|A few grenades placed with care and skill reap greater returns in bloodshed than a wealth of recklessly hurled materiel.|Your turn|Shooting phase|Hearthfire Strike|000000951|<b>WHEN:</b> Your Shooting phase.<br><br><b>TARGET:</b> One EINHYR HEARTHGUARD unit from your army that has not been selected to shoot this phase.<br><br><b>EFFECT:</b> Select one enemy unit that is visible to your unit and wholly on the opposite side of a Hatchway from it. Until the end of the phase, exo-armour grenade launchers equipped by models in your unit have an Attacks characteristic of 6 and lose the [BLAST] ability while targeting that enemy unit, and attacks made with such weapons that target that enemy unit can be allocated to models that are not visible to the attacking model.|
LoV|PAN-SPECTRAL VISUALISER|000009538003|Hearthfire Strike â Battle Tactic Stratagem|1|These advanced sets of helm optics pierce veils both technological and sorcerous, laying the foe bare.|Your turn|Shooting phase|Hearthfire Strike|000000951|<b>WHEN:</b> Your Shooting phase.<br><br><b>TARGET:</b> One <span class="kwb">LEAGUES</span> <span class="kwb2">OF</span> <span class="kwb">VOTANN</span> unit from your army that has not been selected to shoot this phase.<br><br><b>EFFECT:</b> Until the end of the phase, ranged weapons equipped by models in your unit have the [IGNORES COVER] ability and each time a model in your unit makes an attack with a weapon, you can ignore any or all modifiers to that attackâs or that weaponâs Ballistic Skill characteristic and any or all modifiers to the Hit roll.|
LoV|WEAVEFIELD FLARE|000009538002|Hearthfire Strike â Battle Tactic Stratagem|1|Triggering weavefield generators worked into their wargear, the Einhyr bleed off the power of incoming enemy attacks.|Either playerâs turn|Shooting or Fight phase|Hearthfire Strike|000000951|<b>WHEN:</b> Your opponentâs Shooting phase or the Fight phase, just after an enemy unit has selected its targets.<br><br><b>TARGET:</b> One <span class="kwb">LEAGUES</span> <span class="kwb2">OF</span> <span class="kwb">VOTANN</span> unit from your army that was selected as the target of one or more of the attacking unitâs attacks.<br><br><b>EFFECT:</b> Until the end of the phase, each time an attack targets your unit, if the Strength characteristic of that attack is greater than the Toughness characteristic of your unit, subtract 1 from the Wound roll.|
LoV|WALL OF STEEL|000010452005|Hearthfyre Arsenal â Battle Tactic Stratagem|1|Ironkin Steeljacks use their indomitable strength and bulk on the charge to crush enemy infantry in brutal, mechanised body slams.|Your turn|Charge phase|Hearthfyre Arsenal|000001100|<b>WHEN:</b> Your Charge phase, just after an Ironkin Steeljacks unit from your army ends a Charge move.<br><br><b>TARGET:</b> That <span class="kwb">IRONKIN</span> <span class="kwb">STEELJACKS</span> unit.<br><br><b>EFFECT:</b> Each time you use this Stratagem, you can spend 2YP. Select one enemy unit (excluding <span class="kwb">MONSTERS</span> and <span class="kwb">VEHICLES</span>) within Engagement Range of your unit and roll one D6 for each model in your unit, rolling two additional D6 if you spent YP during this use of this Stratagem: for each 4+, that enemy unit suffers 1 mortal wound (to a maximum of 6 mortal wounds).|
LoV|UNWAVERING ACCURACY|000010452002|Hearthfyre Arsenal â Battle Tactic Stratagem|2|Besides offering stable fire platforms, exoframes have multiple targeting and sensor subsystems that cut through foes' duplicitous evasion.|Your turn|Shooting phase|Hearthfyre Arsenal|000001100|<b>WHEN:</b> Your Shooting phase.<br><br><b>TARGET:</b> One BrÃ´khyr Thunderkyn unit from your army that has not been selected to shoot this phase.<br><br><b>EFFECT:</b> Until the end of the phase, each time a model in your unit makes an attack, you can ignore any or all modifiers to the following: that attackâs Ballistic Skill characteristic; the Hit roll; the Wound roll; that attackâs Armour Penetration characteristic.|
LoV|PREVENTATIVE PURGE|000010452006|Hearthfyre Arsenal â Strategic Ploy Stratagem|1|Using their strength and rapid target acquisition subroutines to alter fire arcs swiftly, Thunderkyn and Steeljacks are skilled in focusing on escaping foes that might pose a future threat.|Opponentâs turn|Movement phase|Hearthfyre Arsenal|000001100|<b>WHEN:</b> Your opponentâs Movement phase, just after an enemy unit ends a Fall Back move.<br><br><b>TARGET:</b> One BrÃ´khyr Thunderkyn or Ironkin Steeljacks unit from your army.<br><br><b>EFFECT:</b> Your unit can shoot as if it were your Shooting phase. When doing so, models in your unit can only target that enemy unit (and only if it is an eligible target) and each time a model in your unit makes an attack, subtract 1 from the Hit roll.|
LoV|COGITATED NEED|000010452007|Hearthfyre Arsenal â Strategic Ploy Stratagem|1|Focused on aiding their kindred to the best of their abilities, Ironkin Steeljacks locked onto an identified asset will push onward regardless of obstacles.|Opponentâs turn|Movement phase|Hearthfyre Arsenal|000001100|<b>WHEN:</b> End of your opponentâs Movement phase.<br><br><b>TARGET:</b> One Ironkin Steeljacks unit from your army.<br><br><b>EFFECT:</b> Your unit can make a Normal move. When doing so, your unit must end that move as close as possible to the closest objective marker.|
LoV|FIRST CONCERN|000010452003|Hearthfyre Arsenal â Strategic Ploy Stratagem|1|Only after executing their prepared firing solutions will the kinhost's heaviest gun lines move on, dispassionately assessing their next target.|Your turn|Shooting phase|Hearthfyre Arsenal|000001100|<b>WHEN:</b> Your Shooting phase, just after a BrÃ´khyr, Ironkin Steeljacks or Arkanyst Evaluator unit from your army has shot.<br><br><b>TARGET:</b> That <span class="kwb">BRÃKHYR</span>, <span class="kwb">IRONKIN</span> <span class="kwb">STEELJACKS</span> or <span class="kwb">ARKANYST</span> <span class="kwb">EVALUATOR</span> unit.<br><br><b>EFFECT:</b> If your unit Remained Stationary in your Movement phase this turn, it can make a Normal move.|
LoV|DELAYED-FIRE ROUNDS|000010452004|Hearthfyre Arsenal â Wargear Stratagem|1|Exotic munitions can seed enemy lines with slow-reiease death, stalling those who neutralise the threat while ravaging any who push on.|Your turn|Shooting phase|Hearthfyre Arsenal|000001100|<b>WHEN:</b> Your Shooting phase, just after a BrÃ´khyr, Ironkin Steeljacks or Arkanyst Evaluator unit from your army has shot.<br><br><b>TARGET:</b> That <span class="kwb">BRÃKHYR</span>, <span class="kwb">IRONKIN</span> <span class="kwb">STEELJACKS</span> or <span class="kwb">ARKANYST</span> <span class="kwb">EVALUATOR</span> unit.<br><br><b>EFFECT:</b> Select one enemy unit (excluding <span class="kwb">MONSTERS</span> and <span class="kwb">VEHICLES</span>) hit by one or more of those attacks. Until the start of your next Shooting phase, each time that enemy unit makes a Normal, Advance or Fall Back move, roll one D6 for each model in that unit: for each 1, that unit suffers 1 mortal wound (to a maximum of 6 mortal wounds).|
LoV|ANCESTRAL SENTENCE|000010436005|NeedgaÃ¢rd Oathband â Battle Tactic Stratagem|1|Some foes are so loathed that their ancestors are told to pass a sentence upon them. Marked for death, these enemies suffer the undiluted wrath of the Kin.|Your turn|Shooting phase|NeedgaÃ¢rd Oathband|000001096|<b>WHEN:</b> Your Shooting phase.<br><br><b>TARGET:</b> One <span class="kwb">LEAGUES</span> <span class="kwb2">OF</span> <span class="kwb">VOTANN</span> unit from your army that has not been selected to shoot this phase.<br><br><b>EFFECT:</b> Each time you use this Stratagem, you can spend 3YP. Until the end of the phase, ranged weapons equipped by models in your unit have the [SUSTAINED HITS 1] ability. If you spent YP during this use of this Stratagem, until the end of the phase, those weapons have the [SUSTAINED HITS 2] ability instead.|
LoV|HUNTRâS MARK|000010436006|NeedgaÃ¢rd Oathband â Battle Tactic Stratagem|1|Sensor-network calibration tied to the HunTR modules on Kin weaponry can portly automate targeting to ensure the uncompromising judgement of the Votann is carried out without fail.|Your turn|Shooting phase|NeedgaÃ¢rd Oathband|000001096|<b>WHEN:</b> Your Shooting phase.<br><br><b>TARGET:</b> One <span class="kwb">LEAGUES</span> <span class="kwb2">OF</span> <span class="kwb">VOTANN</span> unit from your army that has not been selected to shoot this phase.<br><br><b>EFFECT:</b> Until the end of the phase, each time a model in your unit makes an attack, re-roll a Hit roll of 1 and re-roll a Wound roll of 1.|
LoV|HONOUR OF THE HOLD|000010436003|NeedgaÃ¢rd Oathband â Battle Tactic Stratagem|1|A kinhost's warriors take great pride in their combat proficiency as a symbol of their holdâs honour. The drive to cleave their foes apart is given greater impetus in pursuit of their kindred's needs.|Either playerâs turn|Fight phase|NeedgaÃ¢rd Oathband|000001096|<b>WHEN:</b> Fight phase.<br><br><b>TARGET:</b> One <span class="kwb">LEAGUES</span> <span class="kwb2">OF</span> <span class="kwb">VOTANN</span> unit from your army that has not been selected to fight this phase.<br><br><b>EFFECT:</b> Each time you use this Stratagem, you can spend 3YP. Select one enemy unit within Engagement Range of your unit. Until the end of the phase, each time a model in your unit makes a melee attack that targets that enemy unit, improve the Armour Penetration characteristic of that attack by 1. If you spent YP during this use of this Stratagem, improve the Armour Penetration characteristic of that attack by 2 instead.|
LoV|REACTIVE REPRISAL|000010436007|NeedgaÃ¢rd Oathband â Strategic Ploy Stratagem|2|Once prizes have been seized, the Kin focus their efforts upon maximising their control and respond with redoubled fury to attempts to loosen their grip.|Opponentâs turn|Shooting phase|NeedgaÃ¢rd Oathband|000001096|<b>WHEN:</b> Your opponentâs Shooting phase, just after an enemy unit has shot, if units from your army have Fortify Takeover.<br><br><b>TARGET:</b> One <span class="kwb">LEAGUES</span> <span class="kwb2">OF</span> <span class="kwb">VOTANN</span> unit from your army that was selected as the target of one or more of the attacking unitâs attacks.<br><br><b>EFFECT:</b> Your unit can shoot as if it were your Shooting phase, can only target that enemy unit when doing so, and can only do so if that enemy unit is an eligible target.|
LoV|ORDERED RETREAT|000010436004|NeedgaÃ¢rd Oathband â Strategic Ploy Stratagem|1|Not for the Kin the sudden panic of the rout. Instead, they fall back steadily and by squads, laying down suppressing fire while preparing fresh assaults.|Your turn|Movement phase|NeedgaÃ¢rd Oathband|000001096|<b>WHEN:</b> Your Movement phase, just after a <span class="kwb">LEAGUES</span> <span class="kwb2">OF</span> <span class="kwb">VOTANN</span> unit from your army Falls Back.<br><br><b>TARGET:</b> That <span class="kwb">LEAGUES</span> <span class="kwb2">OF</span> <span class="kwb">VOTANN</span> unit.<br><br><b>EFFECT:</b> Until the end of the turn, your unit is eligible to shoot and declare a charge in a turn in which it Fell Back.|
LoV|VOID HARDENED|000010436002|NeedgaÃ¢rd Oathband â Wargear Stratagem|1|Between their resilient armour and technology and their capacity to stoically endure pain and suffering, the Kin can weather devastating attacks.|Either playerâs turn|Shooting or Fight phase|NeedgaÃ¢rd Oathband|000001096|<b>WHEN:</b> Your opponentâs Shooting phase or the Fight phase, just after an enemy unit has selected its targets, if units from your army have Fortify Takeover.<br><br><b>TARGET:</b> One <span class="kwb">LEAGUES</span> <span class="kwb2">OF</span> <span class="kwb">VOTANN</span> unit from your army that was selected as the target of one or more of the attacking unitâs attacks.<br><br><b>EFFECT:</b> Until the attacking unit has finished making its attacks, each time an attack targets your unit, worsen the Armour Penetration characteristic of that attack by 1.|
LoV|FRONTIER MOMENTUM|000010440003|Persecution Prospect â Battle Tactic Stratagem|1|Beyond the frontiers of kindred territory, survival depends upon swiftness of thought and action.|Your turn|Movement phase|Persecution Prospect|000001097|<b>WHEN:</b> Your Movement phase.<br><br><b>TARGET:</b> One Hernkyn unit from your army that has not been selected to move this phase.<br><br><b>EFFECT:</b> Until the end of the phase, if your unit Advances, do not make an Advance roll for it. Instead, until the end of the phase, add 6" to the Move characteristic of models in your unit.|
LoV|RANGER TACTICS|000010440005|Persecution Prospect â Battle Tactic Stratagem|1|Foes thrown into disarray by the Hernkyn offer a vulnerability that is swiftly exploited.|Your turn|Shooting phase|Persecution Prospect|000001097|<b>WHEN:</b> Your Shooting phase.<br><br><b>TARGET:</b> One <span class="kwb">LEAGUES</span> <span class="kwb2">OF</span> <span class="kwb">VOTANN</span> unit from your army that has not been selected to shoot this phase.<br><br><b>EFFECT:</b> Until the end of the phase, each time a model in your unit makes an attack, if that attack targets an assailed unit and/or if your unit has the Hernkyn keyword, you can re-roll the Hit roll.|
LoV|EXPOSED FLAWS|000010440004|Persecution Prospect â Battle Tactic Stratagem|1|Attuned to discerning imperfections in possible resources, Hernkyn soon spot weaknesses in their foes and are just as swift to profit from them.|Your turn|Shooting phase|Persecution Prospect|000001097|<b>WHEN:</b> Your Shooting phase.<br><br><b>TARGET:</b> One Hernkyn unit from your army that has not been selected to shoot this phase.<br><br><b>EFFECT:</b> Each time you use this Stratagem, you can spend 2YP. Until the end of the phase, each time a model in your unit makes an attack, if you spent YP during this use of this Stratagem and/or if that attack targets an assailed unit, you can re-roll the Wound roll.|
LoV|ADAPTABLE AVARICE|000010440002|Persecution Prospect â Strategic Ploy Stratagem|1|When opportunity catches the eye of a prospect's commander, they will readily resume a rapid and aggressive footing.|Either playerâs turn|Any phase|Persecution Prospect|000001097|<b>WHEN:</b> Start of any phase, if units from your army have Fortify Takeover.<br><br><b>TARGET:</b> One Leagues of Votann Character unit from your army.<br><br><b>EFFECT:</b> Each time you use this Stratagem, you can spend any number of YP. Once you have done so, if you have 6 or fewer YP, until the start of your next turn, units from your army have Hostile Acquisition instead.|
LoV|DISPERSED FORMATION|000010440007|Persecution Prospect â Strategic Ploy Stratagem|1|A prospect's warriors will efficiently scatter to minimise the threat of concerted enemy fire.|Opponentâs turn|Shooting phase|Persecution Prospect|000001097|<b>WHEN:</b> Your opponentâs Shooting phase, just after an enemy unit has selected its targets.<br><br><b>TARGET:</b> One Leagues of Votann Infantry or Leagues of Votann Mounted unit from your army that was selected as the target of one or more of the attacking unitâs attacks.<br><br><b>EFFECT:</b> Until the end of the phase, your unit has the Stealth ability and each time a ranged attack targets your unit, models in your unit have the Benefit of Cover against that attack.|
LoV|CLAIMSTAKER REFLEX|000010440006|Persecution Prospect â Strategic Ploy Stratagem|1|The instinct to seize the most advantageous and dominating positions is ingrained in the Kin.|Opponentâs turn|Movement phase|Persecution Prospect|000001097|<b>WHEN:</b> Your opponentâs Movement phase, just after an enemy unit ends a Normal, Advance or Fall Back move.<br><br><b>TARGET:</b> One <span class="kwb">LEAGUES</span> <span class="kwb2">OF</span> <span class="kwb">VOTANN</span> unit from your army (excluding Artillery and Vehicle units) that is within 9" of that enemy unit.<br><br><b>EFFECT:</b> Each time you use this Stratagem, you can spend 2YP. Your unit can make a Normal move of up to D6". If you spent YP during this use of this Stratagem, your unit can make a Normal move of up to 6" instead.<br><br><b>RESTRICTIONS:</b> A unit cannot embark within a Transport as part of this move.|
LoV|POINT-BLANK FIRE|000009530003|Void Salvagers â Battle Tactic Stratagem|1|The Kin are well used to working in close confines and can fire their ranged weapons with precision even within the restrictive corridors of a voidship.|Your turn|Shooting phase|Void Salvagers|000000950|<b>WHEN:</b> Your Shooting phase.<br><br><b>TARGET:</b> One HEARTHKYN WARRIORS unit from your army that has not been selected to shoot this phase.<br><br><b>EFFECT:</b> Until the end of the phase, ranged weapons equipped by models in your unit have the [PISTOL] ability.|
LoV|JUDGED AND PUNISHED|000009530004|Void Salvagers â Battle Tactic Stratagem|1|To draw the ire of the Kin is to invite a swift and brutal death.|Your turn|Shooting phase|Void Salvagers|000000950|<b>WHEN:</b> Your Shooting phase.<br><br><b>TARGET:</b> One <span class="kwb">LEAGUES</span> <span class="kwb2">OF</span> <span class="kwb">VOTANN</span> unit from your army that has not been selected to shoot this phase.<br><br><b>EFFECT:</b> Until the end of the phase, each time a model in your unit makes an attack, if the target has 1 or more Judgement tokens, you can re-roll the Hit roll, and if the target has 2 Judgement tokens, you can re-roll the Wound roll as well.|
LoV|CORRIDOR COVERED|000009530005|Void Salvagers â Battle Tactic Stratagem|1|As their allies push forwards, Kin squads train their guns down darkened corridors, preparing to repel unexpected ambushes.|Opponentâs turn|Movement or Charge phase|Void Salvagers|000000950|<b>WHEN:</b> Your opponent's Movement or Charge phase.<br><br><b>TARGET:</b> One <span class="kwb">LEAGUES</span> <span class="kwb2">OF</span> <span class="kwb">VOTANN</span> unit from your army that has not fired Overwatch this phase.<br><br><b>EFFECT:</b> Until the end of the phase, each time a model in your unit makes an attack while firing Overwatch, an unmodified Hit roll of 5+ is required to score a hit, instead of an unmodified 6.|
LoV|RELIC CYPHER|000009530002|Void Salvagers â Strategic Ploy Stratagem|1|The Kin possess the accumulated knowledge of their ancestors, including ancient cyphers that enable them to seize control of cogitational systems.|Your turn|Command phase|Void Salvagers|000000950|<b>WHEN:</b> Your Command phase.<br><br><b>TARGET:</b> One <span class="kwb">LEAGUES</span> <span class="kwb2">OF</span> <span class="kwb">VOTANN</span> unit from your army.<br><br><b>EFFECT:</b> Select one closed Hatchway on the battlefield and open it.<br><br><b>RESTRICTIONS:</b> You can only use this Stratagem once.|
NEC|MASKS OF DEATH|000008405002|Annihilation Legion  â Strategic Ploy Stratagem|1|Wreathed in tendrils of transdimensional shadow that intensify their deathly visages, these killing machines evoke such terror that steady aims tremble and blade arms are sapped of strength.|Either playerâs turn|Shooting or Fight phase|Annihilation Legion|000000815|<b>WHEN:</b> Your opponentâs Shooting phase or the Fight phase, just after an enemy unit has selected its targets.<br><br><b>TARGET:</b> One DESTROYER CULT or FLAYED ONES unit from your army that was selected as the target of one or more of the attacking unitâs attacks.<br><br><b>EFFECT:</b> Until the end of the phase, each time an attack targets your unit, subtract 1 from the Hit roll.|
NEC|INSANITYâS IRE|000008405007|Annihilation Legion  â Strategic Ploy Stratagem|1|To strike down one horror is merely to draw the rest of the pack's insane and murderous focus.|Opponentâs turn|Shooting phase|Annihilation Legion|000000815|<b>WHEN:</b> Your opponentâs Shooting phase, just after an enemy unit has shot.<br><br><b>TARGET:</b> One DESTROYER CULT or FLAYED ONES unit from your army that had one or more of its models destroyed by the attacking unitâs attacks.<br><br><b>EFFECT:</b> Your unit can make a Normal move, but must end that move as close as possible to that enemy unit.|
NEC|MURDEROUS REANIMATION|000008405004|Annihilation Legion â Battle Tactic Stratagem|1|Through some quirk of their kind's shared insanity, a spark of gruesome satisfaction surges through them with every enemy life snuffed out, triggering quiescent power reserves that drive them onwards.|Either playerâs turn|Fight phase|Annihilation Legion|000000815|<b>WHEN:</b> Fight phase.<br><br><b>TARGET:</b> One DESTROYER CULT or FLAYED ONES unit from your army that has just destroyed an enemy unit, or just caused an enemy unit that was not Below Half-strength to become Below Half-strength.<br><br><b>EFFECT:</b> Your unitâs Reanimation Protocols activate.|
NEC|THE SPOOR OF FRAILTY|000008405003|Annihilation Legion â Battle Tactic Stratagem|1|Where one foe falls, logic dictates all others must follow. Where blood is shed, ever must more flow.|Either playerâs turn|Shooting or Fight phase|Annihilation Legion|000000815|<b>WHEN:</b> Your Shooting phase or the Fight phase.<br><br><b>TARGET:</b> One DESTROYER CULT or FLAYED ONES unit from your army that has not been selected to shoot or fight this phase.<br><br><b>EFFECT:</b> Until the end of the phase, each time a model from your unit makes an attack that targets a unit below Starting Strength, add 1 to the Hit roll. If the target is Below Half-strength, add 1 to the Wound roll as well.|
NEC|BLOOD-FUELLED CRUELTY|000008405006|Annihilation Legion â Battle Tactic Stratagem|1|Whatever strange afflictions eat away at the sanity of Destroyers and Flayed Ones, mercy is not one of them.|Opponentâs turn|Movement phase|Annihilation Legion|000000815|<b>WHEN:</b> Your opponentâs Movement phase, just after an enemy unit ends a Fall Back move.<br><br><b>TARGET:</b> One DESTROYER CULT or FLAYED ONES unit from your army that started the phase within Engagement Range of that enemy unit.<br><br><b>EFFECT:</b> Roll one D6: on a 2-5, that enemy unit suffers D3 mortal wounds; on a 6, that enemy unit suffers 3 mortal wounds. Your unit can then make a Normal move, but must end that move as close as possible to that enemy unit.|
NEC|PITILESS HUNTERS|000008405005|Annihilation Legion â Battle Tactic Stratagem|1|Driven into a state of hyperaggression, an Annihilation Legion's most eager hunters plunge into their prey's midst to maximise their butchery.|Either playerâs turn|Fight phase|Annihilation Legion|000000815|<b>WHEN:</b> Fight phase.<br><br><b>TARGET:</b> One DESTROYER CULT or FLAYED ONES unit from your army that has not been selected to fight this phase.<br><br><b>EFFECT:</b> Until the end of the phase, each time a model in your unit makes a Pile-in or Consolidation move, it can move up to 6" instead of up to 3".|
NEC|PROTOCOL OF THE CONQUERING TYRANT|000008371006|Awakened Dynasty â Battle Tactic Stratagem|1|The legions employ the strategies of their masters in perfect synchronicity, laying down hails of mechanically coordinated fire.|Your turn|Shooting phase|Awakened Dynasty|000000756|<b>WHEN:</b> Your Shooting phase.<br><br><b>TARGET:</b> One <span class="kwb">NECRONS</span> unit from your army that has not been selected to shoot this phase.<br><br><b>EFFECT:</b> Until the end of the phase, each time a model in your unit makes an attack that targets a unit within half range, re-roll a Hit roll of 1. If a NECRONS CHARACTER is leading your unit, until the end of the phase, you can re-roll the Hit roll for that attack instead.|
NEC|PROTOCOL OF THE HUNGRY VOID|000008371004|Awakened Dynasty â Battle Tactic Stratagem|1|Necrons strike with data-augmented accuracy.|Either playerâs turn|Fight phase|Awakened Dynasty|000000756|<b>WHEN:</b> Fight phase.<br><br><b>TARGET:</b> One <span class="kwb">NECRONS</span> unit from your army that has not been selected to fight this phase.<br><br><b>EFFECT:</b> Until the end of the phase, add 1 to the Strength characteristic of melee weapons equipped by models in your unit. In addition, If a Necrons Character is leading your unit, until the end of the phase, improve the Armour Penetration characteristic of melee weapons equipped by models in your unit by 1. (this is not cumulative with any other modifiers that improve Armour Penetration].|
NEC|PROTOCOL OF THE ETERNAL REVENANT|000008371002|Awakened Dynasty â Epic Deed Stratagem|1|Necron rulers possess enhanced self-repair systems.|Either playerâs turn|Any phase|Awakened Dynasty|000000756|<b>WHEN:</b> Any phase.<br><br><b>TARGET:</b> One Necrons Infantry Character model from your army that was just destroyed. You can use this Stratagem on that model even though it was just destroyed.<br><br><b>EFFECT:</b> At the end of the phase, set your model back up on the battlefield as close as possible to where it was destroyed and not within Engagement Range of any enemy units, with half of its starting number of wounds remaining.<br><br><b>RESTRICTIONS:</b> Each model can only be targeted with this Stratagem once per battle.|
NEC|PROTOCOL OF THE VENGEFUL STARS|000008371007|Awakened Dynasty â Strategic Ploy Stratagem|2|Criss-crossfire leaps from the Necron ranks, forming a blazing corona of deadly energy to punish those who dare threaten the indignant nobility's legions.|Opponentâs turn|Shooting phase|Awakened Dynasty|000000756|<b>WHEN:</b> Your opponentâs Shooting phase, just after an enemy unit destroys a <span class="kwb">NECRONS</span> unit from your army.<br><br><b>TARGET:</b> One NECRONS CHARACTER unit from your army that was within 6" of that <span class="kwb">NECRONS</span> unit when it was destroyed.<br><br><b>EFFECT:</b> After the attacking unit has resolved its attacks, your unit can shoot as if it were your Shooting phase, but it must target only that enemy unit when doing so, and can only do so if that enemy unit is an eligible target.|
NEC|PROTOCOL OF THE SUDDEN STORM|000008371005|Awakened Dynasty â Strategic Ploy Stratagem|1|Arcing energies leap from one Necron to the next, lending them unnatural speed and surety|Your turn|Movement phase|Awakened Dynasty|000000756|<b>WHEN:</b> Your Movement phase.<br><br><b>TARGET:</b> One <span class="kwb">NECRONS</span> unit from your army.<br><br><b>EFFECT:</b> Until the end of the turn, ranged weapons equipped by models in your unit have the [ASSAULT] ability. In addition, if a Necrons Character is leading your unit, until the end of the phase, you can re-roll Advance rolls made for your unit.|
NEC|PROTOCOL OF THE UNDYING LEGIONS|000008371003|Awakened Dynasty â Strategic Ploy Stratagem|1|Nanoscarabs are released in boiling black clouds that whirl about the legions and effect rapid repairs|Either playerâs turn|Shooting or Fight phase|Awakened Dynasty|000000756|<b>WHEN:</b> Your opponentâs Shooting phase or the Fight phase, just after an enemy unit has resolved its attacks.<br><br><b>TARGET:</b> One <span class="kwb">NECRONS</span> unit from your army that had one or more of its models destroyed as a result of the attacking unitâs attacks.<br><br><b>EFFECT:</b> Your unit activates its Reanimation Protocols and reanimates D3 wounds (or D3+1 wounds if a NECRONS CHARACTER is leading your unit].|
NEC|CURSE OF THE CRYPTEK|000008547002|Canoptek Court â Battle Tactic Stratagem|1|Vindictive Crypteks often hardwire vengeance sub protocols into the ancient cores of their unliving servants, by which a last act of reprisal is assured.|Either playerâs turn|Shooting or Fight phase|Canoptek Court|000000816|<b>WHEN:</b> Your opponentâs Shooting phase or the Fight phase, just after an enemy unit has shot or fought.<br><br><b>TARGET:</b> One CRYPTEK model from your army that was destroyed by one of the attacking unitâs attacks. <br>You can use this Stratagem on that model even though it was just destroyed.<br><br><b>EFFECT:</b> Until the end of the battle, each time a friendly CANOPTEK model makes an attack that targets the attacking unit, add 1 to the Hit roll and add 1 to the Wound roll.|
NEC|CYNOSURE OF ERADICATION|000008547003|Canoptek Court â Battle Tactic Stratagem|2|Only the foolish tread where a Cryptek has set their sights, for these arcane scientists will suffer no threat to their works.|Either playerâs turn|Shooting or Fight phase|Canoptek Court|000000816|<b>WHEN:</b> The start of your Shooting phase or the start of the Fight phase.<br><br><b>TARGET:</b> One CRYPTEK or CANOPTEK unit from your army that is wholly within your armyâs Power Matrix.<br><br><b>EFFECT:</b> Until the end of the phase, weapons equipped by <span class="kwb">CRYPTEK</span> or <span class="kwb">CANOPTEK</span> models in your unit have the [DEVASTATING WOUNDS] ability.|
NEC|SOLAR PULSE|000008547004|Canoptek Court â Strategic Ploy Stratagem|1|By remotely accessing a hidden engine's most illuminating protocols, a Cryptek can release the awesome power of a caged solar flare.|Your turn|Shooting phase|Canoptek Court|000000816|<b>WHEN:</b> Start of your Shooting phase.<br><br><b>TARGET:</b> One CRYPTEK model from your army.<br><br><b>EFFECT:</b> Select one objective marker within 18" of your <span class="kwb">CRYPTEK</span> model. Until the end of the phase, weapons equipped by friendly <span class="kwb">NECRONS</span> models have the [IGNORES COVER] ability while targeting units within range of that objective marker.|
NEC|SUBOPTIMAL FACADE|000008547007|Canoptek Court â Strategic Ploy Stratagem|1|Canoptek constructs use sophisticated metalogic to craft sinister ambushes. Luring the foe in by appearing at suboptimal operation, a surge of reanimation protocols suddenly swells their numbers.|Opponentâs turn|Charge phase|Canoptek Court|000000816|<b>WHEN:</b> Your opponentâs Charge phase, just after an enemy unit has declared a charge.<br><br><b>TARGET:</b> One CANOPTEK unit from your army that was selected as a target of that charge and is wholly within your armyâs Power Matrix.<br><br><b>EFFECT:</b> Your unitâs Reanimation Protocols activate.|
NEC|COUNTERTEMPORAL SHIFT|000008547006|Canoptek Court â Strategic Ploy Stratagem|1|With a twist to the fabric of time, a bubble of another moment enshrouds these constructs. Strange emissions from long-dead elder stars or utter darkness from a nighttime far in the future occludes them from their masterâs foes.|Opponentâs turn|Shooting phase|Canoptek Court|000000816|<b>WHEN:</b> Your opponentâs Shooting phase, just after an enemy unit has selected its targets.<br><br><b>TARGET:</b> One CANOPTEK unit from your army that was selected as the target of one or more of the attacking unitâs attacks.<br><br><b>EFFECT:</b> Until the end of the phase, your unit can only be selected as the target of a ranged attack if the attacking model is within 18".|
NEC|REACTIVE SUBROUTINES|000008547005|Canoptek Court â Strategic Ploy Stratagem|1|Canoptek constructs spent the long Great Sleep in watchful vigilance. Triggering a surge of power, they are capable of responsive manoeuvres to outwit the swiftest of attackers.|Opponentâs turn|Movement phase|Canoptek Court|000000816|<b>WHEN:</b> Your opponentâs Movement phase, just after an enemy unit ends a Normal, Advance or Fall Back move.<br><br><b>TARGET:</b> One CANOPTEK unit from your army that is within 9" of that enemy unit.<br><br><b>EFFECT:</b> Your unit can make a Normal move of up to 6".|
NEC|TARGETING ALGORITHMS|000009605002|Canoptek Harvesters â Battle Tactic Stratagem|1|A Cryptek's enhanced oculars possess exceptional visual acuity. Even in pitch-dark corridors, there can be no hiding from a Cryptek's wrath.|Either playerâs turn|Shooting or Fight phase|Canoptek Harvesters|000000961|<b>WHEN:</b> Your Shooting phase or the Fight phase.<br><br><b>TARGET:</b> One CRYPTEK model from your army that has not been selected to shoot or fight this phase.<br><br><b>EFFECT:</b> Until the end of the phase, each time your model makes an attack, you can re-roll the Hit roll and you can re-roll the Wound roll.|
NEC|PHASE-SHIFT|000009605004|Canoptek Harvesters â Strategic Ploy Stratagem|1|A Canoptek Wraith's dimensional destabilisation matrix allows it to phase through solid matter to breach sealed hatches and even solid walls.|Your turn|Movement phase|Canoptek Harvesters|000000961|<b>WHEN:</b> Your Movement phase.<br><br><b>TARGET:</b> One CANOPTEK WRAITHS unit from your army that has not been selected to move this phase.<br><br><b>EFFECT:</b> The next time your unit is selected to move this phase, models in that unit can move through Walls and closed Hatchways as if they were not there, but when doing so, no model can move more than 6".<br><br><b>RESTRICTIONS:</b> You can only use this Stratagem once.|
NEC|NANOSCARAB VIRUS|000009605005|Canoptek Harvesters â Strategic Ploy Stratagem|1|The Necrons possess swarms of minute nanoscarabs that burrow into power networks and wrest control of cogitator systems.|Your turn|Movement phase|Canoptek Harvesters|000000961|<b>WHEN:</b> End of your Movement phase.<br><br><b>TARGET:</b> One CRYPTEK unit from your army.<br><br><b>EFFECT:</b> For each open Hatchway within 3" of your unit, you can close that Hatchway.<br><br><b>RESTRICTIONS:</b> You can only use this Stratagem once.|
NEC|QUANTUM FLARE-SHIELD|000009605003|Canoptek Harvesters â Wargear Stratagem|1|Crypteks enhance their living metal forms with all manner of reactive defences, including single-use quantum shields that flare into life to deflect incoming fire.|Either playerâs turn|Shooting or Fight phase|Canoptek Harvesters|000000961|<b>WHEN:</b> Your opponentâs Shooting phase or the Fight phase, just after an enemy unit has selected its targets.<br><br><b>TARGET:</b> One CRYPTEK model from your army that was selected as the target of one or more of the attacking unitâs attacks.<br><br><b>EFFECT:</b> Until the end of the phase, your model has a 4+ invulnerable save.|
NEC|UNTAPPED POWER|000010665006|Cryptek Conclave â Battle Tactic Stratagem|1|Accessing previously undreamed of skeins of cosmic power, the Cryptek unleashes terrible destructive energies onto the battlefield.|Your turn|Shooting phase|Cryptek Conclave|000001127|<b>WHEN:</b> Your Shooting phase.<br><br><b>TARGET:</b> One Cryptek unit from your army that has not been selected to shoot this phase.<br><br><b>EFFECT:</b> Until the end of the phase, each time your unit is selected to shoot, when selecting an ability for the Technosorcerous Augmentations Detachment Rule, you can select one additional ability from those available.|
NEC|MOLECULAR TARGETING|000010665002|Cryptek Conclave â Battle Tactic Stratagem|1|Targeting analysis of the targetsâ molecular makeup allows all attempts at shielding or obfuscation to be bypassed with contemptuous ease.|Either playerâs turn|Shooting or Fight phase|Cryptek Conclave|000001127|<b>WHEN:</b> Your Shooting phase or the Fight phase.<br><br><b>TARGET:</b> One <span class="kwb">NECRONS</span> unit from your army that has not been selected to shoot or fight this phase.<br><br><b>EFFECT:</b> Until the end of the phase, each time a model in your unit makes an attack, you can ignore any or all modifiers to the following: that attackâs Ballistic Skill or Weapon Skill characteristic; the Hit roll. If your unit has the Cryptek keyword, you can also ignore any or all modifiers to the Wound roll.|
NEC|SYNERGISTIC EMPOWERMENT|000010665005|Cryptek Conclave â Strategic Ploy Stratagem|1|Quantum reservoirs of potent energies held within this Cryptekâs warrior jewellery release a fragment of their charge to augment nearby Necron forces.|Your turn|Shooting phase|Cryptek Conclave|000001127|<b>WHEN:</b> Start of your Shooting phase.<br><br><b>TARGET:</b> One Cryptek unit from your army.<br><br><b>EFFECT:</b> Select one friendly <span class="kwb">NECRONS</span> model (excluding Monsters and Vehicles) within 12" of a <span class="kwb">CRYPTEK</span> model in your unit. Until the end of the phase, that friendly <span class="kwb">NECRONS</span> model has the <span class="kwb">CRYPTEK</span> keyword.|
NEC|POTENTIALITY SYPHON|000010665007|Cryptek Conclave â Strategic Ploy Stratagem|1|Drawing upon the accumulated precausal potential energies that coalesce around significant locations, the conclave are able to steal that power and use it to trigger the unrealized probable remanifestation matrices of their own forces.|Opponentâs turn|Command phase|Cryptek Conclave|000001127|<b>WHEN:</b> Your opponentâs Command phase.<br><br><b>TARGET:</b> One <span class="kwb">NECRONS</span> unit from your army within range of one or more objective markers.<br><br><b>EFFECT:</b> Your unitâs Reanimation Protocols activate. If it is a Cryptek unit, it reanimates an additional 1 wound.|
NEC|ANIMUS CURSE|000010665004|Cryptek Conclave â Wargear Stratagem|1|A portion of the Cryptekâs animus clings to the battlefield just long enough to possess their servants and use them to exact revenge.|Either playerâs turn|Shooting or Fight phase|Cryptek Conclave|000001127|<b>WHEN:</b> Your opponentâs Shooting phase or the Fight phase, just after an enemy unit has shot or fought.<br><br><b>TARGET:</b> One Cryptek model from your army that was destroyed by one of the attacking unitâs attacks. You can use this Stratagem on that model even though it was just destroyed.<br><br><b>EFFECT:</b> Until the end of the battle, each time a friendly <span class="kwb">NECRONS</span> model makes an attack that targets the attacking unit, you can re-roll the Hit roll.|
NEC|MICROSCARAB SWARM|000010665003|Cryptek Conclave â Wargear Stratagem|1|This thrumming cloud of minute nanoscarabs whirls around the Necrons, affecting instantaneous repairs.|Either playerâs turn|Shooting or Fight phase|Cryptek Conclave|000001127|<b>WHEN:</b> Your opponentâs Shooting phase or the Fight phase, just after an enemy unit has selected its targets.<br><br><b>TARGET:</b> One Cryptek Infantry unit from your army that was selected as the target of one or more of the attacking unitâs attacks.<br><br><b>EFFECT:</b> If your unit has the Necron Warriors keyword, until the end of the phase, models in your unit have a 5+ invulnerable save. If your unit has the Immortals keyword, until the end of the phase, models in your unit have a 4+ invulnerable save.|
NEC|SPREADING MADNESS|000010669006|Cursed Legion â Battle Tactic Stratagem|1|It is as though witnessing other Necrons engaged in acts of merciless butchery stokes the Destroyer madness in their fellows.|Your turn|Charge phase|Cursed Legion|000001128|<b>WHEN:</b> Your Charge phase.<br><br><b>TARGET:</b> One <span class="kwb">NECRONS</span> unit (excluding Monsters and Vehicles) from your army that has not declared a charge this phase.<br><br><b>EFFECT:</b> Until the end of the phase, each time your unit declares a charge, if one or more targets of that charge are within Engagement Range of one or more friendly units, add 2 to the Charge roll.|
NEC|IMAGE OF DEATH|000010669003|Cursed Legion â Battle Tactic Stratagem|1|Confronted with these android spectres of terminal mortality, even the most courageous enemies find their aim wavering and their limbs shaking.|Either playerâs turn|Shooting or Fight phase|Cursed Legion|000001128|<b>WHEN:</b> Your opponentâs Shooting phase or the Fight phase, just after an enemy unit has selected its targets.<br><br><b>TARGET:</b> One Destroyer Cult unit from your army that was selected as the target of one or more of the attacking unitâs attacks.<br><br><b>EFFECT:</b> Until the end of the phase, each time an attack targets your unit, subtract 1 from the Hit roll.|
NEC|METHODICAL MURDER|000010669002|Cursed Legion â Battle Tactic Stratagem|1|In the grip of the Destroyer madness, these Necrons strike and slay with inhuman speed and efficiency.|Either playerâs turn|Shooting or Fight phase|Cursed Legion|000001128|<b>WHEN:</b> Your Shooting phase or the Fight phase.<br><br><b>TARGET:</b> One <span class="kwb">NECRONS</span> unit (excluding Monsters and Vehicles) from your army that has not been selected to shoot or fight this phase.<br><br><b>EFFECT:</b> Until the end of the phase, weapons equipped by models in your unit have the [SUSTAINED HITS 1] ability.|
NEC|DRIVEN TO BUTCHERY|000010669005|Cursed Legion â Strategic Ploy Stratagem|1|The murderous goad of the Destroyer madness pushes these android killers to seemingly impossible efforts to get to grips with the foe.|Your turn|Shooting or Charge phase|Cursed Legion|000001128|<b>WHEN:</b> Your Shooting phase or your Charge phase.<br><br><b>TARGET:</b> One Destroyer Cult unit from your army.<br><br><b>EFFECT:</b> Until the end of the turn, your unit is eligible to shoot and declare a charge in a turn in which it Advanced.<br><br><b>RESTRICTIONS:</b> You can only use this Stratagem once per turn.|
NEC|MORTIS PROTOCOLS|000010669004|Cursed Legion â Strategic Ploy Stratagem|1|In the absolute destruction of their enemies, the corrupted Necrons find fresh purpose and a macabre simulacrum of new life.|Either playerâs turn|Shooting or Fight phase|Cursed Legion|000001128|<b>WHEN:</b> Your Shooting phase or the Fight phase, just after the first time a Destroyer Cult unit from your army destroys an enemy unit this turn.<br><br><b>TARGET:</b> One friendly <span class="kwb">NECRONS</span> unit (excluding Monsters and Vehicles) within 9" of that <span class="kwb">DESTROYER</span> <span class="kwb">CULT</span> unit.<br><br><b>EFFECT:</b> The friendly unitâs Reanimation Protocols activate.|
NEC|UNNATURAL AGGRESSION|000010669007|Cursed Legion â Strategic Ploy Stratagem|2|The android soldiery of the cursed legion are maddened with the desire to engage and slay their victims at close quarters.|Opponentâs turn|Charge phase|Cursed Legion|000001128|<b>WHEN:</b> End of your opponentâs Charge phase.<br><br><b>TARGET:</b> One <span class="kwb">NECRONS</span> unit (excluding Monsters and Vehicles) from your army that is within 6" of one or more enemy units and would be eligible to declare a charge against one or more of those enemy units if it were your Charge phase.<br><br><b>EFFECT:</b> Your unit now declares a charge that only targets one or more of those enemy units, and you resolve that charge. Note that even if this charge is successful, your unit does not receive any Charge bonus this turn.|
NEC|SHADOW STALKERS|000009597003|Deranged Outcasts â Strategic Ploy Stratagem|1|Flayed Ones stalk the shadowy perimeters of the battlefield, descending upon the unwary to spill blood and harvest trophies from their corpses.|Your turn|Movement phase|Deranged Outcasts|000000960|<b>WHEN:</b> Your Movement phase, at the start of the Reinforcements step.<br><br><b>TARGET:</b> One FLAYED ONES unit from your army that is in Reserves.<br><br><b>EFFECT:</b> Until the end of the phase, models in your unit have the Deep Strike ability.<br><br><b>RESTRICTIONS:</b> You can only use this Stratagem once.|
NEC|TERRIFYING AMBUSH|000009597005|Deranged Outcasts â Strategic Ploy Stratagem|1|The sudden appearance through a bulkhead or a hatchway of a blood-slick Necron Destroyer is enough to cause the boldest warrior to quiver.|Your turn|Movement phase|Deranged Outcasts|000000960|<b>WHEN:</b> Your Movement phase, just after a DESTROYER CULT unit from your army opens a Hatchway.<br><br><b>TARGET:</b> That <span class="kwb">DESTROYER</span> <span class="kwb">CULT</span> unit.<br><br><b>EFFECT:</b> For each enemy unit within 3" of that Hatchway, if that Hatchway is visible to that unit and that unit is wholly on the opposite side of it from your unit, that unit must take a Leadership test, subtracting 2 from the result: if failed, until the end of the phase, that enemy unit cannot fire Overwatch.|
NEC|BATHED IN BLOOD|000009597002|Deranged Outcasts â Strategic Ploy Stratagem|1|The Destroyer Cults leave only blood, yore and butchered bodies to mark the decks they have taken.|Either playerâs turn|Fight phase|Deranged Outcasts|000000960|<b>WHEN:</b> Fight phase, just after an enemy unit is destroyed by a DESTROYER CULT unit from your army<br><br><b>TARGET:</b> That <span class="kwb">DESTROYER</span> <span class="kwb">CULT</span> unit.<br><br><b>EFFECT:</b> Select one objective marker that your unit or the destroyed unit was within range of at the start of the phase. That objective marker is Secured by your army.|
NEC|RUSH TO SLAUGHTER|000009597004|Deranged Outcasts â Strategic Ploy Stratagem|1|Often drawn to the same blood-soaked environs, Flayed Ones and Destroyers weave around one another in their desire to kill.|Your turn|Movement phase|Deranged Outcasts|000000960|<b>WHEN:</b> Your Movement phase.<br><br><b>TARGET:</b> One <span class="kwb">NECRONS</span> unit from your army that has not been selected to move this phase.<br><br><b>EFFECT:</b> Until the end of the phase, if your unit has the FLAYED ONES keyword, each time it moves, models in that unit can move through friendly DESTROYER CULT models as if they were not there. If your unit has the <span class="kwb">DESTROYER</span> <span class="kwb">CULT</span> keyword, models in it can move through friendly <span class="kwb">FLAYED</span> <span class="kwb">ONES</span> models as if they were not there.|
NEC|REANIMATION CRYPTS|000008555004|Hypercrypt Legion â Strategic Ploy Stratagem|1|There is no rest for Necrons who fall in the service of their master. In dark crypts, their bodies are repaired and they are dispatched once more to war.|Your turn|Command phase|Hypercrypt Legion|000000818|<b>WHEN:</b> Your Command phase.<br><br><b>TARGET:</b> Your <span class="kwb">NECRONS</span> <span class="kwb">WARLORD</span>.<br><br><b>EFFECT:</b> For each of your <span class="kwb">NECRONS</span> units in Reserves, that Reserves unitâs Reanimation Protocols activate.|
NEC|COSMIC PRECISION|000008555005|Hypercrypt Legion â Strategic Ploy Stratagem|1|With a sanity-defying mechanism at the heart of the tomb, dynastic astromancers divine the pre-aligned point in space and time where a crucial role can be played in the wider battle plan.|Your turn|Movement phase|Hypercrypt Legion|000000818|<b>WHEN:</b> Your Movement phase.<br><br><b>TARGET:</b> One <span class="kwb">NECRONS</span> unit from your army (excluding Monster units) that is arriving using the Deep Strike or Hyperphasing abilities this phase.<br><br><b>EFFECT:</b> Your unit can be set up anywhere on the battlefield that is more than 6" horizontally away from all enemy models.<br><br><b>RESTRICTIONS:</b> A unit targeted with this Stratagem is not eligible to declare a charge in the same turn.|
NEC|DIMENSIONAL CORRIDOR|000008555006|Hypercrypt Legion â Strategic Ploy Stratagem|2|As the tomb's warriors pass through a dimensional displacement corridor, the passageâs surface is lit with data-glyphs providing hyperlogical tactical information. When they step from an eternity gate, they are already prepared for the hunt.|Your turn|Charge phase|Hypercrypt Legion|000000818|<b>WHEN:</b> Your Charge phase.<br><br><b>TARGET:</b> One <span class="kwb">NECRONS</span> unit from your army that was set up on the battlefield this turn using the Eternity Gate ability of a MONOLITH model that started the turn on the battlefield.<br><br><b>EFFECT:</b> Your unit is eligible to charge this phase.|
NEC|HYPERPHASIC RECALL|000008555002|Hypercrypt Legion â Strategic Ploy Stratagem|2|Obeying recall protocols, threatened tomb defenders will phase out of existence, only to be relocated to a more advantageous position by the tomb's hulking Monoliths.|Either playerâs turn|Shooting or Fight phase|Hypercrypt Legion|000000818|<b>WHEN:</b> Your opponentâs Shooting phase or the Fight phase, just after an enemy unit has shot or fought.<br><br><b>TARGET:</b> One NECRONS INFANTRY unit from your army that had one or more of its models destroyed as a result of the attacking unitâs attacks and one friendly MONOLITH model.<br><br><b>EFFECT:</b> Remove your <span class="kwb">INFANTRY</span> unit from the battlefield and then set it back up anywhere on the battlefield that is wholly within 6" of your <span class="kwb">MONOLITH</span> model and not within Engagement Range of one or more enemy units.|
NEC|ENTROPIC DAMPING|000008555007|Hypercrypt Legion â Wargear Stratagem|1|Towering war engines rise from an erupting tomb in its defence, directing entropic energies to weaken and fracture the enemies' own weapons and turning them into dangerous tools only the desperate would use.|Opponentâs turn|Shooting phase|Hypercrypt Legion|000000818|<b>WHEN:</b> Your opponentâs Shooting phase, just after an enemy unit has selected its targets.<br><br><b>TARGET:</b> One TITANIC model from your army that was selected as the target of one or more of the attacking unitâs attacks and is within 18" of the attacking unit.<br><br><b>EFFECT:</b> Until the end of the phase, weapons equipped by models in the attacking unit have the [HAZARDOUS] ability.|
NEC|QUANTUM DEFLECTION|000008555003|Hypercrypt Legion â Wargear Stratagem|1|Necron quantum shielding is a true marvel of techno-arcana. Channelled with energy reserves from the rising tomb structures, the shielding is capable of adaptive remodulation to diffuse and deflect the most powerful enemy attacks.|Either playerâs turn|Shooting or Fight phase|Hypercrypt Legion|000000818|<b>WHEN:</b> Your opponentâs Shooting phase or the Fight phase, just after an enemy unit has selected its targets.<br><br><b>TARGET:</b> One NECRONS VEHICLE unit from your army that was selected as the target of one or more of the attacking unitâs attacks.<br><br><b>EFFECT:</b> Until the end of the phase, models in your unit have a 4+ invulnerable save.|
NEC|ENSLAVED ARTIFICE|000008551003|Obeisance Phalanx â Battle Tactic Stratagem|1|It is not only android soldiery that be compelled to serve. With a command, prized war engines and ornate weapons are empowered to hyperlethality.|Either playerâs turn|Shooting or Fight phase|Obeisance Phalanx|000000817|<b>WHEN:</b> Your Shooting phase or the Fight phase.<br><br><b>TARGET:</b> One <span class="kwb">NECRONS</span> unit from your army (excluding TITANIC units) that has not been selected to shoot or fight this phase.<br><br><b>EFFECT:</b> Until the end of the phase, each time a model in your unit makes an attack, an unmodified Hit roll of 5+ scores a Critical Hit.|
NEC|NANOASSEMBLY PROTOCOLS|000008551004|Obeisance Phalanx â Battle Tactic Stratagem|1|A tomb worldâs war engines are the pride of its nobility and they will suffer no affront to them, demanding the reassembly of slablike armour atom by atom even as the foe seek to sunder the vehicles.|Either playerâs turn|Shooting or Fight phase|Obeisance Phalanx|000000817|<b>WHEN:</b> Your opponentâs Shooting phase or the Fight phase, just after an enemy unit has selected its targets.<br><br><b>TARGET:</b> One NECRONS VEHICLE unit from your army that was selected as the target of one or more of the attacking unitâs attacks.<br><br><b>EFFECT:</b> Until the end of the phase, each time an attack is allocated to a model in your unit, subtract 1 from the Damage characteristic of that attack.|
NEC|SUFFER NO RIVAL|000008551006|Obeisance Phalanx â Battle Tactic Stratagem|1|Few enemy are worthy of a duel. What dangerous vermin are encountered are prioritised for execution to safeguard the nobles' honour.|Either playerâs turn|Fight phase|Obeisance Phalanx|000000817|<b>WHEN:</b> Fight phase.<br><br><b>TARGET:</b> One LYCHGUARD or TRIARCH unit from your army that has not been selected to fight this phase.<br><br><b>EFFECT:</b> Until the end of the phase, melee weapons equipped by models in your unit have the [PRECISION] ability.|
NEC|YOUR TIME IS NIGH|000008551002|Obeisance Phalanx â Epic Deed Stratagem|1|With a pulse of necroneural energy that erodes the foeâs will, the Necron commander declares the fall of the enemy general, promising their remaining forces that it is only a matter of time until they join their master in ignoble death.|Either playerâs turn|Any phase|Obeisance Phalanx|000000817|<b>WHEN:</b> Any phase, just after your opponentâs <span class="kwb">WARLORD</span> is destroyed.<br><br><b>TARGET:</b> Your <span class="kwb">NECRONS</span> <span class="kwb">WARLORD</span>.<br><br><b>EFFECT:</b> Until the end of the battle, each time an enemy unit takes a Battle-shock or Leadership test, subtract 1 from the result.|
NEC|SENTINELS OF ETERNITY|000008551005|Obeisance Phalanx â Epic Deed Stratagem|1|Lychguard never tire, nor give a thought to their own safety over that of their master. With parrying blows and blocking shots they protect their liege even as they continue to strike down their opponents.|Either playerâs turn|Fight phase|Obeisance Phalanx|000000817|<b>WHEN:</b> Fight phase, just after an enemy unit has selected its targets.<br><br><b>TARGET:</b> One LYCHGUARD or TRIARCH PRAETORIANS unit from your army that was selected as the target of one or more of the attacking unitâs attacks.<br><br><b>EFFECT:</b> Until the end of the phase, each time a model in your unit is destroyed, if that model has not fought this phase, roll one D6: on a 4+, do not remove it from play. The destroyed model can fight after the attacking modelâs unit has finished making attacks, and is then removed from play.|
NEC|TERRITORIAL OBSESSION|000008551007|Obeisance Phalanx â Strategic Ploy Stratagem|1|The ancient and arrogant will of the nobility drives their powerful servants to stand their ground defiantly as they claim the dynasty's rightful lands.|Your turn|Command phase|Obeisance Phalanx|000000817|<b>WHEN:</b> Your Command phase.<br><br><b>TARGET:</b> One Lychguard or Triarch unit from your army.<br><br><b>EFFECT:</b> Until the start of your next Command phase, add 1 to the Objective Control characteristic of models in your unit. If your unit has the VEHICLE keyword, add 3 to the Objective Control characteristic instead.|
NEC|ENTROPHASIC AURA TARGETING|000010673005|Pantheon of Woe â Battle Tactic Stratagem|1|Necronsâ android senses can target the foe by reading the exotic radiation signatures wreathed about them by the Câtan shards onslaught.|Either playerâs turn|Shooting or Fight phase|Pantheon of Woe|000001129|<b>WHEN:</b> Your Shooting phase or the Fight phase.<br><br><b>TARGET:</b> One <span class="kwb">NECRONS</span> unit (excluding Monsters) from your army that has not been selected to shoot or fight this phase.<br><br><b>EFFECT:</b> Until the end of the phase, each time a model in your unit makes an attack that targets an enemy unit, re-roll a Hit roll of 1. If the target of that attack is unravelling, re-roll a Wound roll of 1 as well.|
NEC|CHRONODISTORTION|000010673006|Pantheon of Woe â Battle Tactic Stratagem|1|With the battlefield shuddering in and out of sync with time and space, slain Necrons still strike at their enemies through cracks in temporal causality|Either playerâs turn|Fight phase|Pantheon of Woe|000001129|<b>WHEN:</b> Fight phase, just after an enemy unit has selected its targets.<br><br><b>TARGET:</b> One <span class="kwb">NECRONS</span> unit from your army that was selected as the target of one or more of the attacking unitâs attacks.<br><br><b>EFFECT:</b> Until the end of the phase, each time a model in your unit is destroyed, if that model has not fought this phase, roll one D6, adding 1 if the attacking unit is unravelling: on a 4+, do not remove the destroyed model from play; it can fight after the attacking unit has finished making its attacks, and is then removed from play.|
NEC|MASS TRANSMOGRIFICATION|000010673004|Pantheon of Woe â Epic Deed Stratagem|1|The power of the Câtan rips the foeâs greatest assets apart and forcibly reknits nearby Necron soldiery using the stolen corporeal matter.|Either playerâs turn|Shooting or Fight phase|Pantheon of Woe|000001129|<b>WHEN:</b> Your Shooting phase or the Fight phase, just after a Necrons Monster unit from your army destroys an enemy unit.<br><br><b>TARGET:</b> One friendly <span class="kwb">NECRONS</span> unit (excluding Monsters) within 6" of that <span class="kwb">MONSTER</span> unit.<br><br><b>EFFECT:</b> If that enemy unit was unravelling at the start of the phase, your friendly unitâs Reanimation Protocols activate.<br><br><b>RESTRICTIONS:</b> You can only use this Stratagem once per turn.|
NEC|DISHARMONISATION CASCADE|000010673002|Pantheon of Woe â Epic Deed Stratagem|1|Tear one shard suddenly from the complex web of atomic resonances and its severing triggers a violent energistic dissonance blast.|Either playerâs turn|Any phase|Pantheon of Woe|000001129|<b>WHEN:</b> Any phase, just after a Necrons Monster model from your army is destroyed, before making its Deadly Demise roll.<br><br><b>TARGET:</b> That <span class="kwb">NECRONS</span> <span class="kwb">MONSTER</span> model. You can use this Stratagem on that model even though it was just destroyed.<br><br><b>EFFECT:</b> Until the end of the phase, your modelâs Deadly Demise ability inflicts mortal wounds on a D6 roll of 3+ instead of on a 6.|
NEC|PHASE MELDING|000010673007|Pantheon of Woe â Strategic Ploy Stratagem|1|The very stuff of reality flows together at an atomic level, and the foe find to their horror that they are literally â and gruesomely â rooted to the spot.|Opponentâs turn|Movement phase|Pantheon of Woe|000001129|<b>WHEN:</b> Your opponentâs Movement phase, when an unravelling enemy unit is selected to Fall Back.<br><br><b>TARGET:</b> One <span class="kwb">NECRONS</span> unit from your army that is within Engagement Range of that enemy unit.<br><br><b>EFFECT:</b> When that enemy unit Falls Back, all models in that enemy unit must take a Desperate Escape test. When doing so, if that enemy unit is Battle-shocked, subtract 1 from each of those tests.|
NEC|MOLECULAR EROSION|000010673003|Pantheon of Woe â Strategic Ploy Stratagem|1|Those without the will to hold themselves together start to physically tatter apart in a molecular haze in the presence of so many god shards.|Either playerâs turn|Command phase|Pantheon of Woe|000001129|<b>WHEN:</b> Command phase.<br><br><b>TARGET:</b> One Necrons Monster unit from your army.<br><br><b>EFFECT:</b> Select one unravelling enemy unit visible to your unit. That enemy unit must take a Battle-shock test. When doing so, subtract 1 from the result. If that test is failed, that enemy unit suffers D3+1 mortal wounds.<br><br><b>RESTRICTIONS:</b> You can only use this Stratagem once per battle round.|
NEC|UNYIELDING FORMS|000009750003|Starshatter Arsenal â Battle Tactic Stratagem|2|Wrought from living metal and further protected by the arcane technologies of Crypteks, the forms of Necron vehicles and steeds are almost impervious to conventional weapons.|Either playerâs turn|Shooting or Fight phase|Starshatter Arsenal|000000985|<b>WHEN:</b> Your opponentâs Shooting phase or the Fight phase, just after an enemy unit has selected its targets.<br><br><b>TARGET:</b> One Necrons Vehicle or Necrons Mounted unit (excluding Titanic units) from your army that was selected as the target of one or more of the attacking unitâs attacks.<br><br><b>EFFECT:</b> Until the end of the phase, each time an attack targets a model in your unit, if the Strength characteristic of that attack is greater than the Toughness characteristic of that unit, subtract 1 from the Wound roll.|
NEC|MERCILESS RECLAMATION|000009750002|Starshatter Arsenal â Battle Tactic Stratagem|2|The Necrons are driven to reclaim what is theirs, exterminating all who would impede such efforts without mercy.|Either playerâs turn|Shooting or Fight phase|Starshatter Arsenal|000000985|<b>WHEN:</b> Your Shooting phase or the Fight phase.<br><br><b>TARGET:</b> One <span class="kwb">NECRONS</span> unit (excluding Titanic units) from your army that has not been selected to shoot or fight this phase.<br><br><b>EFFECT:</b> Until the end of the phase, each time a model in your unit makes an attack, if the target of that attack is within range of one or more objective markers, add 1 to the Wound roll.|
NEC|DIMENSIONAL TUNNEL|000009750005|Starshatter Arsenal â Strategic Ploy Stratagem|1|Using phase-shifting technology, Necron war engines can slip into alternate dimensions, leaving only ghostly traces as they move through solid matter.|Your turn|Movement phase|Starshatter Arsenal|000000985|<b>WHEN:</b> Your Movement phase.<br><br><b>TARGET:</b> One Necrons Vehicle or Necrons Mounted unit (excluding Titanic units) from your army.<br><br><b>EFFECT:</b> Until the end of the phase, models in your unit can move horizontally through models and terrain features.|
NEC|CHRONOSHIFT|000009750004|Starshatter Arsenal â Strategic Ploy Stratagem|1|The time-bending technologies in the nobilityâs powerful vehicles allow them to traverse the battlefield in stuttering bursts of hypervelocity.|Your turn|Movement phase|Starshatter Arsenal|000000985|<b>WHEN:</b> Your Movement phase.<br><br><b>TARGET:</b> One Necrons Vehicle or Necrons Mounted unit (excluding Titanic units) from your army that has not been selected to move this phase.<br><br><b>EFFECT:</b> Until the end of the phase, if your unit Advances, do not make an Advance roll for it. Instead, until the end of the phase, add 6" to the Move characteristic of models in your unit.|
NEC|ENDLESS SERVITUDE|000009750006|Starshatter Arsenal â Strategic Ploy Stratagem|1|Should the unclean thralls of lesser species threaten dynastic territories, the fallen Necron soldiery will rise to repel the interlopers.|Your turn|Fight phase|Starshatter Arsenal|000000985|<b>WHEN:</b> End of your Fight phase.<br><br><b>TARGET:</b> One <span class="kwb">NECRONS</span> unit (excluding Titanic units) from your army that is within range of one or more objective markers you control.<br><br><b>EFFECT:</b> Your unitâs Reanimation Protocols activate.|
NEC|REACTIVE REPOSITION|000009750007|Starshatter Arsenal â Strategic Ploy Stratagem|1|Subroutines buried deep within the neural networks of Necron soldiers and crews enable them to react instantaneously to targeting locks, repositioning themselves to evade incoming fire or close in upon the foe.|Opponentâs turn|Shooting phase|Starshatter Arsenal|000000985|<b>WHEN:</b> Your opponentâs Shooting phase, just after an enemy unit has shot.<br><br><b>TARGET:</b> One <span class="kwb">NECRONS</span> unit from your army (excluding Titanic units) that was the target of one or more of the attacking unitâs attacks.<br><br><b>EFFECT:</b> Your unit can make a Normal move of up to D6".|
NEC|CONCENTRATED ATOMISATION|000009589004|Tomb Ship Complement â Battle Tactic Stratagem|1|Concentrated gauss fire is exceptionally difficult to avoid in the tight confines of a voidship.|Your turn|Shooting phase|Tomb Ship Complement|000000959|<b>WHEN:</b> Your Shooting phase.<br><br><b>TARGET:</b> One NEcRON WARRIORS or IMMORTALS unit from your army that has not been selected to shoot this phase.<br><br><b>EFFECT:</b> Until the end of the phase, each time a model in your unit makes an attack, you can re-roll the Hit roll.|
NEC|UNWAVERING DEFENCE|000009589003|Tomb Ship Complement â Battle Tactic Stratagem|1|When tasked with defending a position, Necron infantry will fight with unwavering determination and uncanny skill.|Either playerâs turn|Fight phase|Tomb Ship Complement|000000959|<b>WHEN:</b> Fight phase.<br><br><b>TARGET:</b> One <span class="kwb">NECRONS</span> unit from your army that is Set to Defend and has not fought this phase.<br><br><b>EFFECT:</b> Until the end of the phase, melee weapons equipped by models in your unit have the [SUSTAINED HITS 2] ability.|
NEC|DISRUPTION FIELDS|000009589002|Tomb Ship Complement â Battle Tactic Stratagem|1|Fitted by ingenious Cryptek engineers, disruption fields lend Necron infantry greater killing power.|Either playerâs turn|Fight phase|Tomb Ship Complement|000000959|<b>WHEN:</b> Fight phase.<br><br><b>TARGET:</b> One <span class="kwb">NECRONS</span> unit from your army.<br><br><b>EFFECT:</b> Until the end of the phase, add 1 to the Strength characteristic of melee weapons equipped by models in your unit.|
NEC|DISINTEGRATION BEAMS|000009589005|Tomb Ship Complement â Strategic Ploy Stratagem|1|Necron boarding parties are often fitted with disintegrator tools, perfect for breaching solid metal to strike hidden foes.|Your turn|Movement phase|Tomb Ship Complement|000000959|<b>WHEN:</b> Your Movement phase, just after an enemy unit attempts to prevent a <span class="kwb">NECRONS</span> unit from you army from operating a closed Hatchway.<br><br><b>TARGET:</b> That <span class="kwb">NECRONS</span> unit.<br><br><b>EFFECT:</b> Roll one D6: on a 2-4, that enemy unit suffers 1 mortal wound; on a 5+, that enemy unit suffers 2 mortal wounds.|
ORK|CUTâEM DOWN|000008886006|Bully Boyz â Battle Tactic Stratagem|1|Furious with any snivelling gitz who attempt to back away from a good fight, Nobz will ruthlessly hack them apart as they turn to flee.|Opponentâs turn|Movement phase|Bully Boyz|000000857|<b>WHEN:</b> Your opponentâs Movement phase, just after an enemy unit is selected to Fall Back.<br><br><b>TARGET:</b> One Nobz or Meganobz unit from your army within Engagement Range of that enemy unit.<br><br><b>EFFECT:</b> When that enemy unit Falls Back, all models in that enemy unit must take a Desperate Escape test. When doing so, if a Waaagh! is active for your unit, subtract 1 from each of those tests.|
ORK|HULKING BRUTES|000008886007|Bully Boyz â Battle Tactic Stratagem|1|The sheer aggressive contempt advancing Nobz project, not to mention their thick skulls and âeavy armour, make them a terrifying prospect for foes desperately trying to gun them down.|Opponentâs turn|Shooting phase|Bully Boyz|000000857|<b>WHEN:</b> Your opponentâs Shooting phase, just after an enemy unit has selected its targets.<br><br><b>TARGET:</b> One Nobz or Meganobz unit from your army that was selected as the target of one or more of the attacking unitâs attacks.<br><br><b>EFFECT:</b> Until the attacking unit has finished making its attacks, each time an attack targets your unit, worsen the Armour Penetration characteristic of that attack by 1.|
ORK|ARMED TO DATEEF|000008886002|Bully Boyz â Battle Tactic Stratagem|1|Nobz load themselves with all manner of weapons in shows of wealth and influence, enabling them to smash the foe with a ceaseless barrage of attacks.|Either playerâs turn|Shooting or Fight phase|Bully Boyz|000000857|<b>WHEN:</b> Your Shooting phase or the Fight phase.<br><br><b>TARGET:</b> One Nobz or Meganobz unit from your army that has not been selected to shoot or fight this phase.<br><br><b>EFFECT:</b> Until the end of the phase, each time a model in your unit makes an attack, re-roll a Hit roll of 1. If a Waaagh! is active for your unit, you can re-roll the Hit roll instead.|
ORK|CRUSHING IMPACT|000008886005|Bully Boyz â Epic Deed Stratagem|1|When a thundering mob of hulking Ork Nobz stampedes into the foe, their crushing momentum is a lethal weapon by itself.|Your turn|Charge phase|Bully Boyz|000000857|<b>WHEN:</b> Your Charge phase, just after a Nobz or Meganobz unit from your army ends a Charge move.<br><br><b>TARGET:</b> That <span class="kwb">NOBZ</span> or <span class="kwb">MEGANOBZ</span> unit.<br><br><b>EFFECT:</b> Select one enemy unit within Engagement Range of your unit, then roll one D6 for each model in your unit that is within Engagement Range of that enemy unit: for each 5+, that enemy unit suffers 1 mortal wound (to a maximum of 6 mortal wounds). If a Waaagh! is active for your unit, that enemy unit suffers 1 mortal wound for each 4+ instead.|
ORK|ALWAYS LOOKINâ FER A FIGHT|000008886004|Bully Boyz â Strategic Ploy Stratagem|1|As one enemy falls to the choppas of a battle-hungry mob of Nobz, they immediately seek out more.|Either playerâs turn|Fight phase|Bully Boyz|000000857|<b>WHEN:</b> Fight phase, just after an enemy unit is destroyed.<br><br><b>TARGET:</b> One Nobz or Meganobz unit from your army that destroyed that enemy unit.<br><br><b>EFFECT:</b> Until the end of the phase, each time your unit makes a Consolidation move, it can move up to D3+3" instead of up to 3". If a Waaagh! is active for your unit, it can move up to 6" instead.|
ORK|TOO ARROGANT TO DIE|000008886003|Bully Boyz â Strategic Ploy Stratagem|1|With bone-headed arrogance, Nobz will carry on killing before their deaths finally register.|Either playerâs turn|Shooting or Fight phase|Bully Boyz|000000857|<b>WHEN:</b> Your opponentâs Shooting phase or the Fight phase, just after an enemy unit has selected its targets.<br><br><b>TARGET:</b> One Nobz or Meganobz unit from your army that was selected as the target of one or more of the attacking unitâs attacks.<br><br><b>EFFECT:</b> Until the end of the phase, each time a model in your unit is destroyed, if that model has not shot or fought this phase, roll one D6, adding 2 to the result if a Waaagh! is active for your unit. On a 5+, do not remove the destroyed model from play; it can shoot or fight after the attacking unit has finished making its attacks, and is then removed from play.|
ORK|DRAG IT DOWN|000008869002|Da Big Hunt â Battle Tactic Stratagem|1|Beast Snaggas have many tales of the times they took on the biggest prey, clobbering them with so many blows that what was left was a crumpled mass of broken hide and squished innards.|Either playerâs turn|Fight phase|Da Big Hunt|000000853|<b>WHEN:</b> Fight phase.<br><br><b>TARGET:</b> One Beast Snagga unit from your army that has not been selected to fight this phase.<br><br><b>EFFECT:</b> Until the end of the phase, melee weapons equipped by models in your unit have the [SUSTAINED HITS 1] ability. In addition, each time a model in your unit makes a melee attack that targets your Prey, a Critical Hit is scored on an unmodified Hit roll of 5+, instead of only a 6.|
ORK|STALKINâ TAKTIKS|000008869006|Da Big Hunt â Battle Tactic Stratagem|1|There is no hiding a Beast Snagga stampede, but the more agile amongst the hunters know how to evade the worst of an unsporting preyâs dakka.|Opponentâs turn|Shooting phase|Da Big Hunt|000000853|<b>WHEN:</b> Your opponentâs Shooting phase, just after an enemy unit has selected its targets.<br><br><b>TARGET:</b> One Beast Snagga Infantry or Beast Snagga Mounted unit from your army that was selected as the target of one or more of the attacking unitâs attacks.<br><br><b>EFFECT:</b> Until the end of the phase, each time a ranged attack targets your unit, models in your unit have the Benefit of Cover against that attack. In addition, if your unit has the <span class="kwb">INFANTRY</span> keyword, until the end of the phase, models in your unit have the Stealth ability.|
ORK|UNSTOPPABLE MOMENTUM|000008869003|Da Big Hunt â Strategic Ploy Stratagem|1|Smasha squigs are essentially battering rams on legs. Driven on by the squighogs piling in behind them, they plunge headlong into the foe, trampling one after the next.|Your turn|Charge phase|Da Big Hunt|000000853|<b>WHEN:</b> Your Charge phase, just after a Beast Snagga Mounted unit from your army ends a Charge move.<br><br><b>TARGET:</b> That Beast Snagga unit.<br><br><b>EFFECT:</b> Select one enemy unit within Engagement Range of your unit and roll one D6 for each model in your unit: for each 4+, that enemy unit suffers 1 mortal wound (to a maximum of 6 mortal wounds). If that enemy unit is your Prey, roll three additional D6.|
ORK|DAT ONEâS EVEN BIGGA!|000008869004|Da Big Hunt â Strategic Ploy Stratagem|1|When bigger prey is sighted, nothing can keep a mob of Beast Snaggas from it. A great hunting chant erupts, and lesser gitz are swiftly forgotten in the enthusiastic impetus to pile into a bigger challenge.|Your turn|Charge phase|Da Big Hunt|000000853|<b>WHEN:</b> Your Charge phase.<br><br><b>TARGET:</b> One Beast Snagga unit from your army.<br><br><b>EFFECT:</b> Until the end of the phase, your unit is eligible to charge in a turn in which it Advanced or Fell Back. In addition, you can re-roll Charge rolls made for your unit, provided one of the targets of that charge is your Prey.|
ORK|WHERE DâYA FINK YOUâRE GOING?|000008869005|Da Big Hunt â Strategic Ploy Stratagem|1|Beast Snagga victims often make a break for it before the Orks have had their fill of fighting. With a roar, the Orks immediately give chase, or else lose interest and lunge after other potential trophies.|Opponentâs turn|Movement phase|Da Big Hunt|000000853|<b>WHEN:</b> Your opponentâs Movement phase, just after an enemy unit ends a Fall Back move.<br><br><b>TARGET:</b> One Beast Snagga Infantry or Beast Snagga Mounted unit from your army that was within Engagement Range of that enemy unit at the start of the phase.<br><br><b>EFFECT:</b> If your unit is not within Engagement Range of one or more enemy units, it can make a Normal move of up to 6".|
ORK|INSTINCTIVE HUNTERS|000008869007|Da Big Hunt â Strategic Ploy Stratagem|1|With a keen eye for tracking their prey, especially kunnin' Beast Snaggas will circle round the hunt site to ambush the luckless gitz from another angle.|Opponentâs turn|Fight phase|Da Big Hunt|000000853|<b>WHEN:</b> End of your opponentâs Fight phase.<br><br><b>TARGET:</b> One Beast Snagga unit from your army that is not within Engagement Range of one or more enemy unit.<br><br><b>EFFECT:</b> Remove your unit from the battlefield and place it into Strategic Reserves.|
ORK|KLANKINâ KLAWS|000008878002|Dread Mob â Battle Tactic Stratagem|1|The krews of a Mekâs stompiest contraptions revel in ripping apart anything they can get their kiaws on, heedless of the damage done to their own gubbinz.|Either playerâs turn|Fight phase|Dread Mob|000000855|<b>WHEN:</b> Fight phase.<br><br><b>TARGET:</b> One Orks Walker unit from your army that has not been selected to fight this phase.<br><br><b>EFFECT:</b> Each time you use this Stratagem, you can choose to push it. Until the end of the phase, add 2 to the Strength characteristic of melee weapons equipped by models in your unit and, if you chose to push it, until the end of the phase, add 1 to the Damage characteristic of those weapons and they have the [HAZARDOUS] ability as well.|
ORK|EXTRA GUBBINZ|000008878007|Dread Mob â Battle Tactic Stratagem|1|The Meks' creations can afford to have all manner of useless junk blasted from them with little effect.|Opponentâs turn|Shooting phase|Dread Mob|000000855|<b>WHEN:</b> Your opponentâs Shooting phase, just after an enemy unit has selected its targets.<br><br><b>TARGET:</b> One Orks Walker or Grots Vehicle unit from your army (excluding <span class="kwb">TITANIC</span> units) that was selected as the target of one or more of the attacking unitâs attacks.<br><br><b>EFFECT:</b> Until the end of the phase, each time an attack is allocated to a model in your unit, subtract 1 from the Damage characteristic of that attack.|
ORK|DAKKA! DAKKA! DAKKA!|000008878005|Dread Mob â Battle Tactic Stratagem|1|Orks have a tendency to hold the trigger down until their weapon stops firing, falls apart or misfires.|Your turn|Shooting phase|Dread Mob|000000855|<b>WHEN:</b> Your Shooting phase.<br><br><b>TARGET:</b> One Orks Walker or Grots Vehicle unit from your army that has not been selected to shoot this phase.<br><br><b>EFFECT:</b> Each time you use this Stratagem, you can choose to push it. Until the end of the phase, each time a model in your unit makes an attack, re-roll a Hit roll of 1. If you chose to push it, you can re-roll the Hit roll instead and, until the end of the phase, ranged weapons equipped by models in your unit have the [HAZARDOUS] ability as well.|
ORK|BIGGER SHELLS FOR BIGGER GITZ|000008878004|Dread Mob â Battle Tactic Stratagem|1|Stashes of extra speshul ammo provided by the Meks are often expended on rival monstrosities.|Your turn|Shooting phase|Dread Mob|000000855|<b>WHEN:</b> Your Shooting phase.<br><br><b>TARGET:</b> One Mek, Orks Walker or Grots Vehicle unit from your army that has not been selected to shoot this phase.<br><br><b>EFFECT:</b> Each time you use this Stratagem, you can choose to push it. Until the end of the phase, each time a model in your unit makes an attack that targets a <span class="kwb">MONSTER</span> or <span class="kwb">VEHICLE</span>, add 1 to the Wound roll. If you chose to push it, add 1 to the Damage characteristic of that attack and, until the end of the phase, ranged weapons equipped by models in your unit have the [HAZARDOUS] ability as well.|
ORK|CONNIVING RUNTS|000008878006|Dread Mob â Strategic Ploy Stratagem|1|A Gretchinâs lot is often a wretched one, and the spiteful zoggers will take any chance to cause pain and mischief using sneaky traps before legging it.|Opponentâs turn|Movement phase|Dread Mob|000000855|<b>WHEN:</b> Your opponentâs Movement phase, just after an enemy unit ends a Normal, Advance or Fall Back move.<br><br><b>TARGET:</b> One Gretchin unit from your army that is within 9" of that enemy unit and not within Engagement Range of any enemy units.<br><br><b>EFFECT:</b> Roll one D6: on a 4+, that enemy unit suffers D3+1 mortal wounds. Your unit can then make a Normal move.|
ORK|SUPERFUELLED BOILER|000008878003|Dread Mob â Strategic Ploy Stratagem|1|By pushing their engines past any sane level, Ork combat walkers can build terrifying momentum.|Your turn|Movement phase|Dread Mob|000000855|<b>WHEN:</b> Your Movement phase, just after an Orks Walker unit from your army has been selected to Advance.<br><br><b>TARGET:</b> That Orks Walker unit.<br><br><b>EFFECT:</b> Until the end of the turn, you can re-roll Advance rolls made for your unit and ranged weapons equipped by models in your unit have the [ASSAULT] ability.|
ORK|COMPETITIVE STREAK|000008882002|Green Tide â Battle Tactic Stratagem|1|Galvanised by the rest of their mates fighting around them, Orks will redouble their efforts to outdo each other.|Either playerâs turn|Fight phase|Green Tide|000000856|<b>WHEN:</b> Fight phase.<br><br><b>TARGET:</b> One Boyz unit from your army that has not been selected to fight this phase.<br><br><b>EFFECT:</b> Until the end of the phase, each time a model in your unit makes an attack, re-roll a Wound roll of 1. If your unit contains 10 or more models, re-roll the Wound roll instead.|
ORK|BULLDOZER BRUTALITY|000008882003|Green Tide â Battle Tactic Stratagem|1|In the massive fights that Orks enjoy, the only way to ensure a slice of the action is to bludgeon a path through the press to get a hand on the enemy.|Either playerâs turn|Fight phase|Green Tide|000000856|<b>WHEN:</b> Fight phase.<br><br><b>TARGET:</b> One Boyz unit from your army that has not been selected to fight this phase and is within Engagement Range of one or more enemy units.<br><br><b>EFFECT:</b> Until the end of the phase, each time your unit is selected to fight, when determining which models in your unit are eligible to fight, any models in your unit that are within 3" of one or more enemy models are eligible to fight. When resolving those attacks, such models can target one of those enemy units that is within 3" of them and within Engagement Range of their unit.|
ORK|TIDE OF MUSCLE|000008882006|Green Tide â Epic Deed Stratagem|1|Once a horde of Orks get a sight of the foe, nothing can stop them.|Your turn|Charge phase|Green Tide|000000856|<b>WHEN:</b> Your Charge phase.<br><br><b>TARGET:</b> One Boyz unit from your army that has not declared a charge this phase.<br><br><b>EFFECT:</b> Until the end of the phase, each time your unit declares a charge, add 1 to the Charge roll and, if your unit contains 10 or more models, you can re-roll the Charge roll.â|
ORK|GO GET âEM!|000008882007|Green Tide â Strategic Ploy Stratagem|1|Keeping Orks at armâs length and pummelling them with as much firepower as possible is often the safest tactic for their victims. Unfortunately, it can also draw their attention and give them the urge to re-educate the gitz in the joys of up-close savagery.|Opponentâs turn|Shooting phase|Green Tide|000000856|<b>WHEN:</b> Your opponentâs Shooting phase, just after an enemy unit has selected its targets.<br><br><b>TARGET:</b> One Boyz unit from your army that was selected as the target of one or more of the attacking unitâs attacks.<br><br><b>EFFECT:</b> After the attacking unit has shot, your unit can make a Go Get âEm! move. To do so, roll one D6: each model in your unit can move a distance in inches up to the result, but your unit must end that move as close as possible to the closest enemy unit. When doing so, those models can be moved within Engagement Range of that enemy unit. If your unit contains 10 or more models, you can re-roll the D6 to determine how far your unit can move.|
ORK|COME ON LADZ!|000008882005|Green Tide â Strategic Ploy Stratagem|1|Orks are drawn to conflict and constantly race into battle at the merest hint of violence.|Your turn|Command phase|Green Tide|000000856|<b>WHEN:</b> Your Command phase.<br><br><b>TARGET:</b> One Boyz unit from your army.<br><br><b>EFFECT:</b> Return up to D3+2 destroyed models to your unit (excluding Character models).|
ORK|BRAGGINâ RIGHTS|000008882004|Green Tide â Strategic Ploy Stratagem|1|With volleys of wagers, threats, insults, dung and the occasional hurled rock, mobs of Orks bolster each otherâs spirits in the most Orky ways possible.|Your turn|Command phase|Green Tide|000000856|<b>WHEN:</b> Your Command phase.<br><br><b>TARGET:</b> Two Boyz units from your army that are within 6" of each other.<br><br><b>EFFECT:</b> Until the start of your next Command phase, while those two units are within 6" of each other, they both count as containing 10 or more models for the purposes of your Detachment rule, any Enhancements models from your army have and any Stratagems you use.|
ORK|CORNERED AND KRUMPED|000009624005|Kaptin Killers â Battle Tactic Stratagem|1|It is no easy thing to disentangle from a mob of ferocious Orks and retreat in good order, especially when cornered by them within the claustrophobic confines of a voidship.|Opponentâs turn|Movement phase|Kaptin Killers|000000964|<b>WHEN:</b> Your opponentâs Movement phase, just after an enemy unit is selected to Fall Back.<br><br><b>TARGET:</b> One <span class="kwb">ORKS</span> unit from your army that is within Engagement Range of that enemy unit.<br><br><b>EFFECT:</b> Your unit can fight as if it were the Fight phase, but when doing so, models in your unit can only target that enemy unit (and only if it is an eligible target) and each time a model in your unit makes an attack, an unmodified Hit roll of 6 is required to score a hit.|
ORK|PIT FIGHTER|000009624004|Kaptin Killers â Epic Deed Stratagem|1|This Warboss is a terror of the fighting pits, single-mindedly battering his way through lesser foes or simply sweeping them aside as he carves a path towards his true quarry.|Your turn|Charge phase|Kaptin Killers|000000964|<b>WHEN:</b> Your Charge phase.<br><br><b>TARGET:</b> One WARBOSS model from your army.<br><br><b>EFFECT:</b> Until the end of the phase, your model is eligible to declare a charge in a turn in which it Fell Back.|
ORK|LOOT ON THE MOVE|000009624002|Kaptin Killers â Strategic Ploy Stratagem|1|Not only does ripping a door hatch right off its hinges allow for ease of progress, but the resultant large slab of bulletproof metal can make a handy temporary shield.|Your turn|Movement phase|Kaptin Killers|000000964|<b>WHEN:</b> Your Movement phase, just after an ORKS unit from your army opens a Hatchway.<br><br><b>TARGET:</b> That <span class="kwb">ORKS</span> unit.<br><br><b>EFFECT:</b> Until the end of the battle, that Hatchway cannot be closed. Until the end of the turn, each time an attack targets your unit, worsen the Armour Penetration characteristic of that attack by 1.|
ORK|PILE THROUGH|000009624003|Kaptin Killers â Strategic Ploy Stratagem|1|Orks react to the sudden availability of a good scrap with immediate and enthusiastic aggression.|Your turn|Movement phase|Kaptin Killers|000000964|<b>WHEN:</b> Your Movement phase, just after an <span class="kwb">ORKS</span> unit from your army opens a Hatchway.<br><br><b>TARGET:</b> That <span class="kwb">ORKS</span> unit.<br><br><b>EFFECT:</b> Until the end of the turn, your unit has the Fights First ability.|
ORK|FULL THROTTLE!|000008873006|Kult of Speed â Battle Tactic Stratagem|1|When racing buggies and warbikes charge at full pelt, the power behind their crewsâ assault is so great that they can smash through the enemy.|Your turn|Charge phase|Kult of Speed|000000854|<b>WHEN:</b> Your Charge phase, just after a <span class="kwb">SPEED</span> <span class="kwb">FREEKS</span> unit from your army ends a Charge move.<br><br><b>TARGET:</b> That Speed Freeks unit.<br><br><b>EFFECT:</b> Until the end of the turn, each time a model in your unit makes a melee attack, add 1 to the Wound roll.|
ORK|BLITZA FIRE|000008873005|Kult of Speed â Battle Tactic Stratagem|1|Fiercely gripping the trigger, with a manic grin as they close on their foes, Speed Freeks fire so many rounds that some just have to find a weak spot.|Your turn|Shooting phase|Kult of Speed|000000854|<b>WHEN:</b> Your Shooting phase.<br><br><b>TARGET:</b> One Speed Freeks unit from your army that has not been selected to shoot this phase.<br><br><b>EFFECT:</b> Until the end of the phase, ranged weapons equipped by models in your unit have the [LETHAL HITS] ability and, each time a model in your unit makes an attack that targets a unit within 9", a Critical Hit is scored on an unmodified Hit roll of 5+, instead of only a 6.<br><br><b>RESTRICTIONS:</b> A unit cannot be targeted by this and the Dakkastorm Stratagem in the same phase.|
ORK|DAKKASTORM|000008873004|Kult of Speed â Battle Tactic Stratagem|1|Often all an enemy will see of a Kult of Speed is a blur as they speed by, all guns blazing.|Your turn|Shooting phase|Kult of Speed|000000854|<b>WHEN:</b> Your Shooting phase.<br><br><b>TARGET:</b> One Speed Freeks unit from your army that has not been selected to shoot this phase.<br><br><b>EFFECT:</b> Until the end of the phase, ranged weapons equipped by models in your unit have the [SUSTAINED HITS 1] ability. While targeting a unit within 9", they have the [SUSTAINED HITS 2] ability instead.<br><br><b>RESTRICTIONS:</b> A unit cannot be targeted by this and the Blitza Fire Stratagem in the same phase.|
ORK|SPEEDIEST FREEKS|000008873002|Kult of Speed â Strategic Ploy Stratagem|1|Speed Freeks are often just blurs of vehicular mayhem that prove difficult to land a blow on.|Either playerâs turn|Shooting or Fight phase|Kult of Speed|000000854|<b>WHEN:</b> Your opponentâs Shooting phase or the Fight phase, just after an enemy unit has selected its targets.<br><br><b>TARGET:</b> One Speed Freeks or Trukk unit from your army that was selected as the target of one or more of the attacking unitâs attacks.<br><br><b>EFFECT:</b> Until the end of the phase, models in your unit have a 5+ invulnerable save. If your unit is a <span class="kwb">VEHICLE</span> unit with an unmodified Toughness characteristic of 8 or less, until the end of the phase, models in your unit have a 4+ invulnerable save instead.|
ORK|SQUIG FLINGINâ|000008873003|Kult of Speed â Strategic Ploy Stratagem|1|Speed Freeks live in their vehicles, so it's no surprise to find small squigs lurking in some compartments. A few are vicious, and entertaining, enough to be worth lobbing into nearby enemies to cause anarchy.|Your turn|Movement phase|Kult of Speed|000000854|<b>WHEN:</b> Your Movement phase, just after a <span class="kwb">SPEED</span> <span class="kwb">FREEKS</span> or <span class="kwb">TRUKK</span> unit from your army ends a Normal, Advance or Fall Back move.<br><br><b>TARGET:</b> That Speed Freeks or Trukk unit.<br><br><b>EFFECT:</b> Select one enemy unit within 9" of your unit. That enemy unit must take a Battle-shock test and, when doing so, subtract 1 from the result.|
ORK|MORE GITZ OVER âERE!|000008873007|Kult of Speed â Strategic Ploy Stratagem|1|Sometimes new targets that emerge are just too juicy to ignore.|Opponentâs turn|Movement phase|Kult of Speed|000000854|<b>WHEN:</b> Your opponentâs Movement phase, just after an enemy unit ends a Normal, Advance or Fall Back move.<br><br><b>TARGET:</b> One Speed Freeks unit from your army that is within 9" of that enemy unit and is not within Engagement Range of one or more enemy units.<br><br><b>EFFECT:</b> Your unit can make a Normal move of up to 6".|
ORK|LONG, UNCONTROLLED BURSTS|000009992005|More Dakka! â Battle Tactic Stratagem|1|When facing off against sneaky gitz who like to lurk in cover, most Orks believe the most effective strategy is to fire off so many bullets and munitions that something is bound to hit the target.|Your turn|Shooting phase|More Dakka!|000001030|<b>WHEN:</b> Your Shooting phase.<br><br><b>TARGET:</b> One <span class="kwb">ORKS</span> unit from your army that has not been selected to shoot this phase.<br><br><b>EFFECT:</b> Until the end of the phase, ranged weapons equipped by models in your unit have the [IGNORES COVER] ability.|
ORK|ORKS IS STILL ORKS|000009992002|More Dakka! â Battle Tactic Stratagem|1|Even though they may be armed with the flashiest shootas, when enemies stray within arms reach, an Orks first and strongest instinct is to use their snazzy shoota as a cudgel, and bash their foe to a pulp.|Either playerâs turn|Fight phase|More Dakka!|000001030|<b>WHEN:</b> Fight phase.<br><br><b>TARGET:</b> One <span class="kwb">ORKS</span> unit from your army that has not been selected to fight this phase.<br><br><b>EFFECT:</b> Until the end of the phase, each time a model in your unit makes an attack that targets an enemy unit, re-roll a Wound roll of 1. If that enemy unit is within range of an objective marker, you can re-roll the Wound roll instead.|
ORK|HUGE SHOW-OFFS|000009992004|More Dakka! â Epic Deed Stratagem|1|The pilots of the biggest Orky war machines are prone to showing off when the dakka starts flying. After all, they have a reputation to uphold.|Your turn|Command phase|More Dakka!|000001030|<b>WHEN:</b> Your Command phase.<br><br><b>TARGET:</b> One Orks Walker unit (excluding Killa Kans) from your army.<br><br><b>EFFECT:</b> Until the start of your next Command phase, improve your unitâs Move, Leadership and Objective Control characteristics by 1, and each time a model in your unit makes an attack, add 1 to the Hit roll.|
ORK|GET STUCK IN, LADZ!|000009992003|More Dakka! â Epic Deed Stratagem|2|Lashing out with ferocious blows and bellowing loud enough to burst eardrums, the biggest Ork present persuades his ladz to fight even harder.|Your turn|Command phase|More Dakka!|000001030|<b>WHEN:</b> Your Command phase.<br><br><b>TARGET:</b> One <span class="kwb">ORKS</span> unit from your army (excluding Gretchin units).<br><br><b>EFFECT:</b> Until the start of your next Command phase, the Waaagh! is active for your unit, even if you have already called a Waaagh! this battle.<br><br><b>Designerâs Note:</b> <i>This means that any abilities that are in effect while the Waaagh! is active for your army will be in effect for your unit.</i>|
ORK|CALL DAT DAKKA?|000009992007|More Dakka! â Strategic Ploy Stratagem|1|Gun-crazed mobs of Orks take incoming fire as a primal challenge, one that must be answered with an even bigger show of dakka.|Opponentâs turn|Shooting phase|More Dakka!|000001030|<b>WHEN:</b> Your opponentâs Shooting phase, just after an enemy unit has shot.<br><br><b>TARGET:</b> One <span class="kwb">ORKS</span> unit from your army that had one or more of its models destroyed as a result of the attacking unitâs attacks.<br><br><b>EFFECT:</b> Your unit can shoot as if it were your Shooting phase, but must target only that enemy unit when doing so, and can only do so if that enemy unit is an eligible target.|
ORK|SPESHUL SHELLS|000009992006|More Dakka! â Wargear Stratagem|1|Nothing helps a round punch through armour better than stuffing it full of extra propellant.|Your turn|Shooting phase|More Dakka!|000001030|<b>WHEN:</b> Your Shooting phase.<br><br><b>TARGET:</b> One <span class="kwb">ORKS</span> unit from your army that has not been selected to shoot this phase.<br><br><b>EFFECT:</b> Until the end of the phase, each time a model in your unit makes a ranged attack that targets the closest eligible target within 18", improve the Armour Penetration characteristic of ranged weapons equipped by models in your unit by 1.|
ORK|PILE THROUGH|000009616002|Ramship Raiders â Strategic Ploy Stratagem|1|Orks react to the sudden availability of a good scrap with immediate and enthusiastic aggression.|Your turn|Movement phase|Ramship Raiders|000000963|<b>WHEN:</b> Your Movement phase, just after an ORKS unit from your army opens a Hatchway.<br><br><b>TARGET:</b> That <span class="kwb">ORKS</span> unit.<br><br><b>EFFECT:</b> Until the end of the turn, your unit has the Fights First ability.|
ORK|RAMBOYZ RAMPAGE|000009616003|Ramship Raiders â Strategic Ploy Stratagem|1|These ramship-riding Orks emulate the actions of their warship by barrelling full-tilt towards the enemy while roaring like lunatics then crashing into them head-on.|Your turn|Movement phase|Ramship Raiders|000000963|<b>WHEN:</b> Your Movement phase.<br><br><b>TARGET:</b> One BOYz unit from your army that has not been selected to move this phase.<br><br><b>EFFECT:</b> Until the end of the turn, your unit is eligible to declare a charge in a turn in which it Advanced and each time your unit Advances, do not make an Advance roll; instead, until the end of the phase, add 6" to the Move characteristic of models in your unit.|
ORK|EAGER TO FIGHT|000009616004|Ramship Raiders â Strategic Ploy Stratagem|1|Impatient from being bottled up aboard their voidships with no one to clobber, this mob cannot wait to get stuck in to a proper scrap.|Your turn|Movement phase|Ramship Raiders|000000963|<b>WHEN:</b> Your Movement phase, in the Reinforcements step, just after an <span class="kwb">ORKS</span> unit from your army is set up in an Entry Zone.<br><br><b>TARGET:</b> That <span class="kwb">ORKS</span> unit.<br><br><b>EFFECT:</b> Your unit can make an Advance move.|
ORK|ENRAGED RUSH|000009616005|Ramship Raiders â Strategic Ploy Stratagem|1|Shooting this mob only serves to attract their attention while simultaneously making them angry at such a blatant attempt to deny them a good punch up.|Opponentâs turn|Shooting phase|Ramship Raiders|000000963|<b>WHEN:</b> Your opponentâs Shooting phase, just after an enemy unit has shot.<br><br><b>TARGET:</b> One BOYz unit from your army that was selected as the target of one or more of the attacking unitâs attacks.<br><br><b>EFFECT:</b> Your unit can make an Enraged Rush move. To do so, roll one D6: your unit can be moved a distance in inches up to the result, but must end that move as close as possible to the attacking unit. When doing so, those models can be moved within Engagement Range of that enemy unit, but only that enemy unit.|
ORK|FIGHT PROPPA|000009796003|Taktikal Brigade â Battle Tactic Stratagem|1|Some deviant Blood Axes go so far as to practise hand-to-hand combat, tailoring fighting styles to specific types of enemies.|Either playerâs turn|Fight phase|Taktikal Brigade|000000995|<b>WHEN:</b> Fight phase.<br><br><b>TARGET:</b> One Orks Infantry or Orks Mounted unit from your army that has not been selected to fight this phase.<br><br><b>EFFECT:</b> Select the [SUSTAINED HITS 1] or [LETHAL HITS] ability. Until the end of the phase, melee weapons equipped by models in your unit have the selected ability.|
ORK|KRUNCHINâ DESCENT|000009796005|Taktikal Brigade â Battle Tactic Stratagem|1|With their rocket packs at full throttle, Stormboyz plummet to smash into their foes with bone-crushing force.|Your turn|Charge phase|Taktikal Brigade|000000995|<b>WHEN:</b> Your Charge phase, just after a <span class="kwb">STORMBOYZ</span> unit from your army ends a Charge move.<br><br><b>TARGET:</b> That Stormboyz unit.<br><br><b>EFFECT:</b> Select one enemy unit within Engagement Range of your unit, then roll one D6 for each model in your unit that is within Engagement Range of that enemy unit: for each 4+, that enemy unit suffers 1 mortal wound (to a maximum of 6 mortal wounds).|
ORK|DATâS OURS|000009796002|Taktikal Brigade â Strategic Ploy Stratagem|1|A few Orks, particularly those of the Blood Axe Clan, can resist their destructive urges long enough to prioritise the seizing of objectives.|Either playerâs turn|Command phase|Taktikal Brigade|000000995|<b>WHEN:</b> Command phase.<br><br><b>TARGET:</b> One <span class="kwb">ORKS</span> unit from your army that is within Engagement Range of one or more enemy units.<br><br><b>EFFECT:</b> Until the start of the next Command phase, add 1 to the Objective Control characteristic of models in your unit.|
ORK|DED SNEAKY|000009796007|Taktikal Brigade â Strategic Ploy Stratagem|1|Utilising camouflage, cover or misdirection, these Orks slip away to prepare their next ambush, leaving their foes staring at thin air.|Opponentâs turn|Fight phase|Taktikal Brigade|000000995|<b>WHEN:</b> End of your opponentâs Fight phase.<br><br><b>TARGET:</b> One Kommandos or Stormboyz unit from your army that is not within Engagement Range of one or more enemy units.<br><br><b>EFFECT:</b> Remove your unit from the battlefield and place it into Strategic Reserves.|
ORK|ON TO DA NEXT|000009796006|Taktikal Brigade â Strategic Ploy Stratagem|1|Seeing little value in pursuing fleeing foes, Blood Axe mobs turn their attention towards the next fight or press towards whatever cache of shiny gubbinz the boss desires.|Opponentâs turn|Movement phase|Taktikal Brigade|000000995|<b>WHEN:</b> Your opponentâs Movement phase, just after an enemy unit Falls Back.<br><br><b>TARGET:</b> One <span class="kwb">ORKS</span> unit from your army that was within Engagement Range of that enemy unit at the start of the phase.<br><br><b>EFFECT:</b> Your unit can make a Normal move of up to 6".|
ORK|TAKTIKAL RETREAT|000009796004|Taktikal Brigade â Strategic Ploy Stratagem|1|Blood Axes feel no shame in retreating from a fight, particularly if the boss wants someone else duffed up.|Your turn|Movement phase|Taktikal Brigade|000000995|<b>WHEN:</b> Your Movement phase, just after an <span class="kwb">ORKS</span> unit from your army Falls Back.<br><br><b>TARGET:</b> That <span class="kwb">ORKS</span> unit.<br><br><b>EFFECT:</b> Until the end of the turn, your unit is eligible to shoot and declare a charge in a turn in which it Fell Back.|
ORK|ERE WE GO|000008366007|War Horde â Battle Tactic Stratagem|1|Even Orks can put on a surprising turn of speed when the promise of a good face-to-face fight is in the offing.|Your turn|Movement phase|War Horde|000000852|<b>WHEN:</b> Start of your Movement phase.<br><br><b>TARGET:</b> One Orks Infantry unit from your army.<br><br><b>EFFECT:</b> Until the end of the turn, add 2 to Advance and Charge rolls made for your unit.|
ORK|MOB RULE|000008366006|War Horde â Battle Tactic Stratagem|1|The more Orks that gather in one place the more the Waaagh! energy flows, and the more fearless they all become.|Your turn|Command phase|War Horde|000000852|<b>WHEN:</b> Your Command phase.  <br><br><b>TARGET:</b> One Mob unit from your army that contains 10 or more models and is not Below Half-strength.  <br><br><b>EFFECT:</b> Select one friendly Battle-shocked Orks Infantry unit within 6" of that <span class="kwb">MOB</span> unit. That <span class="kwb">ORKS</span> <span class="kwb">INFANTRY</span> unit is no longer Battle-shocked.|
ORK|UNBRIDLED CARNAGE|000008366004|War Horde â Battle Tactic Stratagem|1|When Orks get stuck into the foe, the carnage is wonderful to behold, at least for other Orks.|Either playerâs turn|Fight phase|War Horde|000000852|<b>WHEN:</b> Fight phase.<br><br><b>TARGET:</b> One <span class="kwb">ORKS</span> unit from your army that has not been selected to fight this phase.<br><br><b>EFFECT:</b> Until the end of the phase, each time a model in your unit makes a melee attack, an unmodified hit roll of 5+ scores a Critical Hit.|
ORK|âARD AS NAILS|000008366005|War Horde â Battle Tactic Stratagem|1|Even the lowliest Ork Boy has a toughened hide and a dense skull. While there yet remains the prospect of a git to give a good kicking, it takes a blow of truly phenomenal strength to even give the Ork pause.|Either playerâs turn|Shooting or Fight phase|War Horde|000000852|<b>WHEN:</b> Your opponentâs Shooting phase or the Fight phase, just after an enemy unit has selected its targets.<br><br><b>TARGET:</b> One <span class="kwb">ORKS</span> unit from your army (excluding Grots, Monster and Vehicle units) that was selected as the target of one or more of the attacking unitâs attacks.<br><br><b>EFFECT:</b> Until the end of the phase, each time an attack targets your unit, subtract 1 from the Wound roll.|
ORK|ORKS IS NEVER BEATEN|000008366003|War Horde â Epic Deed Stratagem|2|So resilient is Ork physiology â and so slow are Orks on the uptake â that even killing wounds can take a while to register.|Either playerâs turn|Fight phase|War Horde|000000852|<b>WHEN:</b> Fight phase, just after an enemy unit has selected its targets.<br><br><b>TARGET:</b> One <span class="kwb">ORKS</span> unit from your army that was selected as the target of one or more of the attacking unitâs attacks.<br><br><b>EFFECT:</b> Until the end of the phase, each time a model in your unit is destroyed, if that model has not fought this phase, do not remove it from play. The destroyed model can fight after the attacking modelâs unit has finished making attacks, and is then removed from play.|
ORK|CAREEN!|000008366002|War Horde â Epic Deed Stratagem|1|If their vehicle is on its last legs, any Ork worth their steering wheel will aim its blazing remains into the nearest cluster of enemies. The ensuing explosions never fail to raise a rousing cheer from nearby Ork onlookers.|Either playerâs turn|Any phase|War Horde|000000852|<b>WHEN:</b> Any phase, just after an Orks Vehicle unit from your army with the Deadly Demise ability is destroyed.<br><br><b>TARGET:</b> That destroyed <span class="kwb">ORKS</span> <span class="kwb">VEHICLE</span> unit, if you roll a 6 for its Deadly Demise ability. You can use this Stratagem on that unit even though it was just destroyed.<br><br><b>EFFECT:</b> Your unit can make a Normal or Fall Back move before its Deadly Demise ability is resolved, and before any embarked units perform an Emergency Disembarkation. When making this move, your unit can move over enemy units (excluding <span class="kwb">MONSTERS</span> and <span class="kwb">VEHICLES</span>) as if they were not there.|
QI|STEADFAST SUPERIORITY|000010498004|Gate Warden Lance â Battle Tactic Stratagem|1|Once tasked with preserving a war zoneâs sanctity, a Knight will fight with unbowed destructive ferocity, unyielding in their anger while foes remain.|Either playerâs turn|Fight phase|Gate Warden Lance|000001107|<b>WHEN:</b> Fight phase.<br><br><b>TARGET:</b> One Imperial Knights unit from your army that is within Engagement Range of one or more enemy units, that is on your defensive line and that has not already been selected to fight this phase.<br><br><b>EFFECT:</b> Until the end of the phase, each time a model in your unit makes an attack, you can re-roll the Hit roll.|
QI|DRIVE THEM OUT!|000010498002|Gate Warden Lance â Battle Tactic Stratagem|1|Drawing upon their indignant fury at a repugnant incursion into their realm, Nobles pilot their Knight suits in an aggressive purgation of the breach.|Either playerâs turn|Shooting phase|Gate Warden Lance|000001107|<b>WHEN:</b> Your Shooting phase or the Fight phase.<br><br><b>TARGET:</b> One Imperial Knights unit from your army that has not been selected to shoot or fight this phase.<br><br><b>EFFECT:</b> Until the end of the phase, each time a model in your unit makes an attack that targets an enemy unit on your defensive line, an unmodified Hit roll of 5+ scores a Critical Hit.|
QI|MARSHAL THE DEFENCE|000010498005|Gate Warden Lance â Battle Tactic Stratagem|1|When the cry goes up to redress their defensive positions - to shut down incursions or leave assaulting enemies flat-footed and vulnerable - the Nobles pour power into their Knightsâ servos.|Your turn|Movement phase|Gate Warden Lance|000001107|<b>WHEN:</b> Your Movement phase.<br><br><b>TARGET:</b> Up to two Imperial Knights units from your army that have not been selected to move this phase.<br><br><b>EFFECT:</b> Until the end of the phase, add 3" to the Move characteristic of models in your units.|
QI|TITANIC BOMBARDMENT|000010498006|Gate Warden Lance â Battle Tactic Stratagem|1|Like an imperious artillery captain atop their gatehouse, the Noble directs a deluge of apocalyptic firepower into the enemy's seething tides.|Your turn|Shooting phase|Gate Warden Lance|000001107|<b>WHEN:</b> Your Shooting phase.<br><br><b>TARGET:</b> One Imperial Knights Titanic unit from your army that Remained Stationary this turn, that is on your defensive line and that has not been selected to shoot this phase.<br><br><b>EFFECT:</b> Until the end of the phase, ranged weapons equipped by models in your unit have the [SUSTAINED HITS 2] ability.|
QI|FORTRESS OF INTIMIDATION|000010498007|Gate Warden Lance â Epic Deed Stratagem|1|Rising like towering keeps armed with threatening weapons and inscribed with heraldry proclaiming bloody victories in countless campaigns, Imperial Knights are daunting prospects to engage.|Opponentâs turn|Charge phase|Gate Warden Lance|000001107|<b>WHEN:</b> Start of your opponentâs Charge phase.<br><br><b>TARGET:</b> One Imperial Knights Titanic unit from your army that is on your defensive line.<br><br><b>EFFECT:</b> Until the end of the phase, each time an enemy unit selects your unit as a target of a charge, that unit must take a Battle-shock test, subtracting 1 from the result.|
QI|LANCEBREAKER|000010498003|Gate Warden Lance â Strategic Ploy Stratagem|1|With a command, experienced Nobles can lock huge actuators into position, bring reserve power cells into wakefulness and shunt extra shielding into place to make their Knightly steed a bastion of defiance.|Either playerâs turn|Fight phase|Gate Warden Lance|000001107|<b>WHEN:</b> Fight phase, just after an enemy unit has selected its targets.<br><br><b>TARGET:</b> One Imperial Knights unit from your army that was selected as the target of one or more of the attacking unitâs attacks and is on your defensive line.<br><br><b>EFFECT:</b> Until the end of the phase, each time an attack targets your unit, if the Strength characteristic of that attack is greaterthan the Toughness characteristic of your unit, subtract 1 from the Wound roll|
QI|BONDED IMPERATIVE|000009762004|Questor Forgepact â Epic Deed Stratagem|1|Tapping into the noospheric battle-sphere, this Noble pilot issues binharic commands directly into the minds of Adeptus Mechanicus allies.|Your turn|Command phase|Questor Forgepact|000000988|<b>WHEN:</b> Your Command phase, just before an Imperial Knights Character unit from your army uses a Bondsman ability.<br><br><b>TARGET:</b> That <span class="kwb">IMPERIAL</span> <span class="kwb">KNIGHTS</span> <span class="kwb">CHARACTER</span> unit.<br><br><b>EFFECT:</b> When selecting targets for that use of that Bondsman ability, you can select one friendly Adeptus Mechanicus unit within 12" of your unit in addition, or instead of selecting one Armiger model. Until the start of your next Command phase, every model in that <span class="kwb">ADEPTUS</span> <span class="kwb">MECHANICUS</span> unit is affected by that Bondsman ability.<br><br><b>RESTRICTIONS:</b> You cannot target a Knight Preceptor with this Stratagem.|
QI|THRONEGHEIST FURY|000009762007|Questor Forgepact â Strategic Ploy Stratagem|1|As augurs detect enemy movements, the pilotâs Throne Mechanicum comes alive with the whispered fury of their ancestors. Weapon systems flare instinctively to life, dispensing the hatred of long-dead Nobles upon the unfortunate foe.|Opponentâs turn|Movement phase|Questor Forgepact|000000988|<b>WHEN:</b> Your opponentâs Movement phase, just after an enemy unit is set up or ends a Normal, Advance, or Fall Back move.<br><br><b>TARGET:</b> One Imperial Knights Titanic unit from your army that is within 24" of and visible to that enemy unit.<br><br><b>EFFECT:</b> Select one ranged weapon equipped by a model in your unit. That model can shoot at that enemy unit (and only if it is an eligible target). When doing so, that model can only make attacks with that weapon and each time it makes a ranged attack, an unmodified Hit roll of 6 is required to score a hit, irrespective of the attacking weaponâs Ballistic Skill or any modifiers.|
QI|AGGRESSION BEGETS AGGRESSION|000009762006|Questor Forgepact â Strategic Ploy Stratagem|1|Driven by the wrathful whisperings of their Throne Mechanicum, the Noble pilot guides their Knight suit forward, weapons blazing with every step. Inspired by their titanic ally, the warriors of the Adeptus Mechanicus follow suit, pushing their cybernetic systems to the limit.|Your turn|Shooting phase|Questor Forgepact|000000988|<b>WHEN:</b> Your Shooting phase.<br><br><b>TARGET:</b> One Imperial Knights unit from your army or one Imperial Knights Character unit from your army and one friendly Adeptus Mechanicus unit that is within 6" of that unit.<br><br><b>EFFECT:</b> Until the end of the phase, ranged weapons equipped by models in your units have the [ASSAULT] ability.|
QI|MACHINE FOCUS|000009762005|Questor Forgepact â Strategic Ploy Stratagem|1|Soothing psalm programs inloaded by Tech-Priests focus targeting arrays and enhance the responsiveness of the Noble pilotâs mighty Knight suit.|Your turn|Command phase|Questor Forgepact|000000988|<b>WHEN:</b> Your Command phase.<br><br><b>TARGET:</b> One Imperial Knights unit from your army.<br><br><b>EFFECT:</b> Until the start of your next turn, your unit<br>can ignore any or all modifiers to the following: the Weapon Skill or Ballistic Skill characteristics of weapons equipped by its models; any Hit roll or Wound roll made for it.|
QI|VENGEANCE OF THE MACHINE CULT|000009762003|Questor Forgepact â Strategic Ploy Stratagem|1|Those who dare to fell the Machine Godâs creations find themselves subject to the vengeance of the Adeptus Mechanicus.|Either playerâs turn|Any phase|Questor Forgepact|000000988|<b>WHEN:</b> Any phase.<br><br><b>TARGET:</b> One Imperial Knights unit from your army that was just destroyed. You can use this Stratagem on that unit even though it was just destroyed.<br><br><b>EFFECT:</b> Until the end of the battle, the enemy unit that destroyed your unit is Marked. Each time an Adeptus Mechanicus model from your army makes an attack that targets a Marked unit, that attack has the [LETHAL HITS] ability.|
QI|OMNISSIAHâS GRACE|000009762002|Questor Forgepact â Strategic Ploy Stratagem|1|So resolute is their faith that the Machine Godâs worshippers brave storms of killing fire, trusting in the Omnissiah to shield them from harm.|Either playerâs turn|Any phase|Questor Forgepact|000000988|<b>WHEN:</b> Any phase, just after a mortal wound is allocated to an Imperial Knights or Adeptus Mechanicus unit from your army.<br><br><b>TARGET:</b> That <span class="kwb">IMPERIAL</span> <span class="kwb">KNIGHTS</span> or <span class="kwb">ADEPTUS</span> <span class="kwb">MECHANICUS</span> unit.<br><br><b>EFFECT:</b> Until the end of the phase, models in your unit have the Feel No Pain 5+ ability against mortal wounds.|
QI|MOMENT OF GLORY|000010503004|Questoris Companions â Epic Deed Stratagem|1|Veteran pilots waste no more time exalting their victory than the Code Chivalric demands before powering back into the fray with the long strides of the selflessly determined warrior Noble.|Either playerâs turn|Fight phase|Questoris Companions|000001108|<b>WHEN:</b> Fight phase, just before an Imperial Knights Titanic unit from your army Consolidates.<br><br><b>TARGET:</b> That <span class="kwb">IMPERIAL</span> <span class="kwb">KNIGHTS</span> <span class="kwb">TITANIC</span> unit.<br><br><b>EFFECT:</b> Until the end of the phase, each time your unit Consolidates, models in it can move an additional 3" provided your unit can end that move within Engagement Range of one or more enemy units.|
QI|COURAGEOUS STAND|000010503002|Questoris Companions â Epic Deed Stratagem|1|When the night is long and the unworthy claw at one's shield, it is chivalry and duty that buoy the soul and bolster failing strength.|Either playerâs turn|Shooting or Fight phase|Questoris Companions|000001108|<b>WHEN:</b> Your opponentâs Shooting phase or the Fight phase, just after an enemy unit has selected its targets.<br><br><b>TARGET:</b> One Imperial Knights Titanic unit from your army that was selected as the target of one or more of the attacking unitâs attacks.<br><br><b>EFFECT:</b> Until the end of the phase, models in your unit have the Feel No Pain 6+ ability.|
QI|TITANIC DUEL|000010503003|Questoris Companions â Epic Deed Stratagem|1|The greatest Knightly champions suffer no dishonourable rival to insult them for long with their existence.|Either playerâs turn|Shooting or Fight phase|Questoris Companions|000001108|<b>WHEN:</b> Your Shooting phase or the Fight phase.<br><br><b>TARGET:</b> One Imperial Knights Titanic model from your army that has not been selected to shoot or fight this phase.<br><br><b>EFFECT:</b> Until the end of the phase, each time your model makes an attack that targets a <span class="kwb">MONSTER</span>, <span class="kwb">TITANIC</span> or <span class="kwb">WALKER</span> unit, add 1 to the Hit roll and add 1 to the Wound roll.|
QI|UNSTOPPABLE WARRIOR|000010503006|Questoris Companions â Epic Deed Stratagem|2|Death is a distant priority when heroism's favour awaits. A breath to seize a new perspective, a new angle at which to tilt towards the foe, permits only a brief reprieve for the enemy of a true warrior.|Your turn|Movement phase|Questoris Companions|000001108|<b>WHEN:</b> Your Movement phase, just after an Imperial Knights Titanic unit from your army Falls Back.<br><br><b>TARGET:</b> That <span class="kwb">IMPERIAL</span> <span class="kwb">KNIGHTS</span> <span class="kwb">TITANIC</span> unit.<br><br><b>EFFECT:</b> Until the end of the turn, your unit is eligible to shoot and declare a charge in a turn in which it Fell Back.|
QI|DRIVEN BY THE PAST|000010503007|Questoris Companions â Epic Deed Stratagem|1|To the worthiest Noble, the whispers that reach their mind from a Throne Mechanicum appear as a tapestry of virtues, standards they strive to meet with wholehearted alacrity.|Your turn|Charge phase|Questoris Companions|000001108|<b>WHEN:</b> Your Charge phase.<br><br><b>TARGET:</b> One Imperial Knights Titanic unit from your army.<br><br><b>EFFECT:</b> Until the end of the turn, your unit is eligible to declare a charge in a turn in which it Advanced.|
QI|HEROâS TREAD|000010503005|Questoris Companions â Epic Deed Stratagem|1|It is said that unalloyed heroism can purge the foulest dishonour, that the very footsteps of those of noblest purity are enough to sanctify their path.|Your turn|Command phase|Questoris Companions|000001108|<b>WHEN:</b> End of your Command phase.<br><br><b>TARGET:</b> One Imperial Knights Titanic model from your army that is within range of an objective marker you control.<br><br><b>EFFECT:</b> Your Level of Control over that objective marker is 5 (unless it would otherwise be higher), until your opponentâs Level of Control over that objective marker is greater than yours at the end of a phase.|
QI|VIRTUE OF COURAGE|000010507002|Spearhead-At-Arms â Battle Tactic Stratagem|1|A Knight must have the courage to face the greatest horrors of the galaxy, with duty focusing their blows.|Either playerâs turn|Fight phase|Spearhead-At-Arms|000001109|<b>WHEN:</b> Start of the Fight phase.<br><br><b>TARGET:</b> One Armiger model from your army, or one Imperial Knights Titanic model from your army, and one or more friendly <span class="kwb">ARMIGER</span> models affected by that modelâs Bondsman ability.<br><br><b>EFFECT:</b> Select one enemy unit. Until the end of the phase, each time one of your <span class="kwb">ARMIGER</span> models makes an attack that targets that enemy unit, add 1 to the Hit roll.|
QI|EXEMPLARâS WISDOM|000010507003|Spearhead-At-Arms â Battle Tactic Stratagem|1|With a fusillade upon their chosen enemy, the Bondsmen's mentor lectures their loyal servants on the application offeree to the foe's weak points.|Your turn|Shooting phase|Spearhead-At-Arms|000001109|<b>WHEN:</b> Your Shooting phase, just after an Imperial Knights Titanic model from your army has shot.<br><br><b>TARGET:</b> That <span class="kwb">IMPERIAL</span> <span class="kwb">KNIGHTS</span> <span class="kwb">TITANIC</span> model, and one or more friendly Armiger models affected by that modelâs Bondsman ability.<br><br><b>EFFECT:</b> Select one enemy unit hit by one or more of those attacks. Until the end of the phase, each time one of your <span class="kwb">ARMIGER</span> models makes an attack that targets that enemy unit, improve the Armour Penetration characteristic of that attack by 1.|
QI|THIN THEIR RANKS|000010507005|Spearhead-At-Arms â Battle Tactic Stratagem|1|A stentorian firing solution floods their Helms Mechanicum, and eager young Nobles shred their master's foes in a blizzard of fury.|Your turn|Shooting phase|Spearhead-At-Arms|000001109|<b>WHEN:</b> Start of your Shooting phase.<br><br><b>TARGET:</b> One Armiger model from your army, or one Imperial Knights Titanic model from your army, and one or more friendly <span class="kwb">ARMIGER</span> models affected by that modelâs Bondsman ability.<br><br><b>EFFECT:</b> Until the end of the phase, ranged weapons equipped by your <span class="kwb">ARMIGER</span> models have the [RAPID FIRE 1] ability.|
QI|LET DUTY BE YOUR SHIELD|000010507006|Spearhead-At-Arms â Epic Deed Stratagem|1|Heeding the teachings of their Noble master, a Bondsman is reminded that only by enduring can they hope to discharge their sworn obligations.|Opponentâs turn|Shooting phase|Spearhead-At-Arms|000001109|<b>WHEN:</b> Your opponentâs Shooting phase, just after an enemy unit has selected its targets.<br><br><b>TARGET:</b> One Armiger unit from your army that was selected as the target of one or more of the attacking units attacks.<br><br><b>EFFECT:</b> Until the attacking unit has finished making its attacks, each time an attack targets your unit, worsen the Armour Penetration characteristic of that attack by 1.|
QI|MANTLE OF THE MENTOR|000010507004|Spearhead-At-Arms â Strategic Ploy Stratagem|1|With a rapid volley of covering fire from a Noble liege, Bondsmen employ hit-and-run tactics at high speed.|Your turn|Shooting phase|Spearhead-At-Arms|000001109|<b>WHEN:</b> Start of your Shooting phase.<br><br><b>TARGET:</b> One Armiger model from your army, or one Imperial Knights Titanic model from your army, and one or more friendly <span class="kwb">ARMIGER</span> models affected by that modelâs Bondsman ability.<br><br><b>EFFECT:</b> Until the end of the phase, your <span class="kwb">ARMIGER</span> models are eligible to shoot in a turn in which they Fell Back.|
QI|SQUIRES OFTHE HUNT|000010507007|Spearhead-At-Arms â Strategic Ploy Stratagem|1|At a ritualised signal, Bondsmen encircle the foe to cut off escape, prowling onto unexpected attack routes.|Opponentâs turn|Fight phase|Spearhead-At-Arms|000001109|<b>WHEN:</b> End of your opponentâs Fight phase.<br><br><b>TARGET:</b> One Armiger model from your army, or one Imperial Knights Titanic model from your army, and one or more friendly <span class="kwb">ARMIGER</span> models affected by that modelâs Bondsman ability.<br><br><b>EFFECT:</b> For each of your <span class="kwb">ARMIGER</span> models that is within 9" of one or more battlefield edges and not within Engagement Range of one or more enemy units, remove that <span class="kwb">ARMIGER</span> model from the battlefield and place it into Strategic Reserves.|
QI|FULL TILT|000010494004|Valourstrike Lance â Battle Tactic Stratagem|2|With their fellows' oaths ringing through the vox-net and the rush of battle coursing through their veins, Noble pilots pour power into their steeds' motive actuators and thunder onwards.|Your turn|Movement phase|Valourstrike Lance|000001106|<b>WHEN:</b> Your Movement phase.<br><br><b>TARGET:</b> One Imperial Knights unit from your army that has not been selected to move this phase.<br><br><b>EFFECT:</b> Until the end of the phase, add 2" to the Move characteristic of your models and add 2 to Advance rolls made for those modelâs units.|
QI|THUNDERSTOMP|000010494003|Valourstrike Lance â Battle Tactic Stratagem|1|The Noble brings their Knight suitâs weight down with the force of an industrial piledriver, trampling their honourless foes beneath their iron tread.|Either playerâs turn|Fight phase|Valourstrike Lance|000001106|<b>WHEN:</b> Fight phase.<br><br><b>TARGET:</b> One Imperial Knights model from your army that has not been selected to fight this phase.<br><br><b>EFFECT:</b> Until the end of the phase, the Attacks characteristic of any armoured Feet melee weapons equipped by your model is 8, the Attacks characteristic of any titanic Feet melee weapons equipped by your model is 12, and improve the Armour Penetration characteristic of those weapons by 1.|
QI|TACTICAL FOIL|000010494006|Valourstrike Lance â Strategic Ploy Stratagem|1|The neural bond through their Throne Mechanicum enables seasoned pilots to accomplish swift counter-monoeuvres seemingly impossible for such towering war engines.|Opponentâs turn|Movement phase|Valourstrike Lance|000001106|<b>WHEN:</b> Your opponentâs Movement phase, just after an enemy unit ends a Normal, Advance or Fall Back move.<br><br><b>TARGET:</b> One Imperial Knights model from your army that is within 9" of that unit.<br><br><b>EFFECT:</b> Your model can make a Normal move of up to D6".|
QI|RUN THEM THROUGH!|000010494002|Valourstrike Lance â Strategic Ploy Stratagem|1|With deafening challenges blaring from their emitters, honour-bound comrades slam into their foes, where the Nobles' martial prowess and their Knight suitsâ overwhelming power are wedded to overcome the most monstrous resilience.|Either playerâs turn|Fight phase|Valourstrike Lance|000001106|<b>WHEN:</b> Fight phase.<br><br><b>TARGET:</b> One Imperial Knights unit from your army that has not been selected to fight this phase.<br><br><b>EFFECT:</b> Until the end of the phase, melee weapons equipped by your models have the [LANCE] ability.|
QI|VOW OF RETRIBUTION|000010494005|Valourstrike Lance â Strategic Ploy Stratagem|1|With the swearing of cooperative pacts, Knightly companions vow to visit annihilation on their enemies in a searing barrage of retributive firepower.|Your turn|Shooting phase|Valourstrike Lance|000001106|<b>WHEN:</b> Your Shooting phase.<br><br><b>TARGET:</b> One Imperial Knights unit from your army that has not been selected to shoot this phase.<br><br><b>EFFECT:</b> Until the end of the phase, ranged weapons equipped by your models have the [LETHAL HITS] ability.|
QI|ROTATE ION SHIELDS|000010494007|Valourstrike Lance â Wargear Stratagem|1|Veteran Knight pilots can swiftly re-angle their ion shields and manipulate their energies to deflect incoming firepower.|Opponentâs turn|Shooting phase|Valourstrike Lance|000001106|<b>WHEN:</b> Your opponentâs Shooting phase, just after an enemy unit has selected its targets.<br><br><b>TARGET:</b> One Imperial Knights unit from your army that was selected as the target of one or more of the attacking unitâs attacks.<br><br><b>EFFECT:</b> Until the end of the phase, models in your unit have a 4+ invulnerable save.|
QT|ANIMALISTIC RAGE|000010313005|Houndpack Lance â Battle Tactic Stratagem|1|Many War Dog pilots are bitter and twisted souls whose hearts are filled with animalistic rage, and they will vent that anger with their last dying gasp.|Either playerâs turn|Shooting or Fight phase|Houndpack Lance|000001077|<b>WHEN:</b> Your opponentâs Shooting phase or the Fight phase, just after a War Dog unit from your army that has not yet fought is destroyed.<br><br><b>TARGET:</b> That <span class="kwb">WAR</span> <span class="kwb">DOG</span> unit. You can use this Stratagem on that unit even though it was just destroyed.<br><br><b>EFFECT:</b> Before resolving your unitâs Deadly Demise ability, it can either shoot or fight. When doing so, it must target only the enemy unit that just destroyed it, and can only do so if that enemy unit is an eligible target. After it has done so and after any Consolidation moves have been made, resolve your unitâs Deadly Demise ability as normal.|
QT|HUNGRY FOR COMBAT|000010313003|Houndpack Lance â Battle Tactic Stratagem|1|Eager to get into battle, these War Dogs hope to win glory and prove their worth to peers and masters alike.|Either playerâs turn|Fight phase|Houndpack Lance|000001077|<b>WHEN:</b> Start of the Fight phase.<br><br><b>TARGET:</b> Two or more War Dog units from your army within Engagement Range of the same enemy unit.<br><br><b>EFFECT:</b> Select one enemy unit within Engagement Range of those <span class="kwb">WAR</span> <span class="kwb">DOG</span> units. Until the end of the phase, models in those <span class="kwb">WAR</span> <span class="kwb">DOG</span> units can only target that enemy unit, but each time a model in one of those <span class="kwb">WAR</span> <span class="kwb">DOG</span> units makes an attack, an unmodified Hit roll of 5+ scores a Critical Hit.|
QT|VOX-HOWL|000010313002|Houndpack Lance â Battle Tactic Stratagem|2|This artificially generated vox-borne rallying cry booms out across multiple wavelengths. It bolsters the courage of fellow War Dog pilots and their steeds, even as it fills the foesâ communications with squealing scrapcode and monstrous howling.|Either playerâs turn|Shooting or Fight phase|Houndpack Lance|000001077|<b>WHEN:</b> Start of the Shooting phase or the start of the Fight phase.<br><br><b>TARGET:</b> One War Dog Character unit from your army.<br><br><b>EFFECT:</b> Each enemy unit within 6" of your unit must take a Battle-shock test. Each friendly <span class="kwb">WAR</span> <span class="kwb">DOG</span> unit that is within 6" of your unit and is Battle-shocked must take a Leadership test; if that test is passed, that unit is no longer Battle-shocked.<br><br><b>RESTRICTIONS:</b> You can only use this Stratagem once per turn.|
QT|ENCIRCLING PACK|000010313007|Houndpack Lance â Strategic Ploy Stratagem|1|The War Dogs of the dread household move to outflank and encircle their prey.|Opponentâs turn|Fight phase|Houndpack Lance|000001077|<b>WHEN:</b> End of your opponentâs Fight phase.<br><br><b>TARGET:</b> One War Dog unit from your army that is wholly within 12" of one or more battlefield edges and not within Engagement Range of one or more enemy units.<br><br><b>EFFECT:</b> Remove your unit from the battlefield and place it into Strategic Reserves.|
QT|HARRYING HOUNDS|000010313006|Houndpack Lance â Strategic Ploy Stratagem|1|War Dogs fight with agility and guile, giving ground only to surge in on the attack from another angle.|Opponentâs turn|Movement phase|Houndpack Lance|000001077|<b>WHEN:</b> Your opponentâs Movement phase, just after an enemy unit ends a Normal, Advance or Fall Back move.<br><br><b>TARGET:</b> One War Dog unit from your army that is within 9" of that enemy unit.<br><br><b>EFFECT:</b> Your unit can make a Normal move of up to 6".|
QT|CUNNING HUNTER|000010313004|Houndpack Lance â Strategic Ploy Stratagem|1|This War Dog's pilot knows when to feign fight or give ground, only to redouble their attack the moment their preyâs guard drops.|Your turn|Movement phase|Houndpack Lance|000001077|<b>WHEN:</b> Your Movement phase, just after a War Dog unit from your army Falls Back.<br><br><b>TARGET:</b> That <span class="kwb">WAR</span> <span class="kwb">DOG</span> unit.<br><br><b>EFFECT:</b> Until the end of the turn, your unit is eligible to shoot and declare a charge in a turn in which it Fell Back.|
QT|SOUL HUNGER|000009766004|Iconoclast Fiefdom â Battle Tactic Stratagem|1|Daemonic corruption, both physical and spiritual, has debased once noble machines. As the pilots of corrupted Knight suits slaughter mortal victims, their mechanical steed feeds upon stolen life forces and raw fear.|Either playerâs turn|Fight phase|Iconoclast Fiefdom|000000989|<b>WHEN:</b> Fight phase, just after a <span class="kwb">CHAOS</span> <span class="kwb">KNIGHTS</span> unit from your army has fought.<br><br><b>TARGET:</b> That Chaos Knights unit.<br><br><b>EFFECT:</b> If one or more models were destroyed as a result of those attacks, your unit regains up to D3 lost wounds. If one or more models from Battle-shocked units were destroyed as a result of those attacks, your unit regains up to D3+2 lost wounds instead.|
QT|WRETCHED MASSES|000009766003|Iconoclast Fiefdom â Battle Tactic Stratagem|2|In the wake of striding Knights are dragged tides of desperate zealots. No sooner has one horde of baying mortals fallen than another surges forth to take their place.|Either playerâs turn|Any phase|Iconoclast Fiefdom|000000989|<b>WHEN:</b> Any phase.<br><br><b>TARGET:</b> One Damned unit (excluding Accursed Cultists) from your army that was just destroyed. You can use this Stratagem on that unit even though it was just destroyed.<br><br><b>EFFECT:</b> Add a new unit to your army identical to your destroyed unit, in Strategic Reserves, at its Starting Strength and with all of its wounds remaining.<br><br><b>RESTRICTIONS:</b> You can only use this Stratagem once per battle. This Stratagem cannot be used to return destroyed <span class="kwb">CHARACTER</span> units to Attached units.|
QT|AVENGE THE MASTERS!|000009766002|Iconoclast Fiefdom â Strategic Ploy Stratagem|1|As the object of their adulation is consumed by fire, mortal worshippers are roused to a desperate fury, seeking vengeance on behalf of their deceased master.|Either playerâs turn|Any phase|Iconoclast Fiefdom|000000989|<b>WHEN:</b> Any phase.<br><br><b>TARGET:</b> One Chaos Knights unit from your army that was just destroyed. You can use this Stratagem on that unit even though it was just destroyed.<br><br><b>EFFECT:</b> Until the end of the battle, the enemy unit that destroyed your unit is Marked. Each time a Damned model from your army makes an attack that targets a Marked unit, that attack has the [LETHAL HITS] ability.|
QT|WORTHLESS CHATTEL|000009766006|Iconoclast Fiefdom â Strategic Ploy Stratagem|1|The callous nobility of Iconoclast houses care naught for their devotees, obliterating enemies and mortal thralls alike in furious barrages of infernal firepower.|Your turn|Shooting phase|Iconoclast Fiefdom|000000989|<b>WHEN:</b> Your Shooting phase.<br><br><b>TARGET:</b> One Damned unit from your army.<br><br><b>EFFECT:</b> Until the end of the phase, enemy units are not considered to be within Engagement Range of your unit for the purposes of selecting targets of ranged weapons. Until the end of the phase, each time an enemy model loses a wound, while that modelâs unit is within Engagement Range of your unit, roll one D6: on a 4+, one model from your unit is destroyed after the attacking unit has finished making its attacks.|
QT|UNRESTRAINED RAGE|000009766005|Iconoclast Fiefdom â Strategic Ploy Stratagem|1|When consumed with battlelust, Fallen Nobles pilot their Knight suits with instinctive skill, rampaging through the enemies with horrific speed and savagery.|Your turn|Movement phase|Iconoclast Fiefdom|000000989|<b>WHEN:</b> Your Movement phase, just after a <span class="kwb">CHAOS</span> <span class="kwb">KNIGHTS</span> unit from your army Advances or Falls Back.<br><br><b>TARGET:</b> That Chaos Knights unit.<br><br><b>EFFECT:</b> Until the end of the turn, your unit is eligible to shoot and declare a charge in a turn in which it Advanced or Fell Back.|
QT|PRESERVE THE IDOLS|000009766007|Iconoclast Fiefdom â Strategic Ploy Stratagem|1|Driven to preserve their Fallen Noble overlords, masses of mutants, cultists, and corrupted soldiers rush to interpose themselves between their knightly idols and the cursed foe.|Opponentâs turn|Movement phase|Iconoclast Fiefdom|000000989|<b>WHEN:</b> Your opponentâs Movement phase, just after an enemy unit ends a Normal, Advance or Fall Back move.<br><br><b>TARGET:</b> One Chaos Knights unit from your army that is within 9" of that enemy unit.<br><br><b>EFFECT:</b> Select one Damned unit from your army that is not Battle-shocked, not within Engagement Range of one or more enemy units and is within 6" of your unit. That <span class="kwb">DAMNED</span> unit can make a Normal move of up to 6", but it must end this move closer to that enemy unit than when it started the move.|
QT|PROFANE SYMBIOSIS|000010305002|Infernal Lance â Battle Tactic Stratagem|1|Some Fallen Nobles are conjoined, symbiotically or parasitically, with the hideous systems of their Chaos Knight. This allows them to channel more unholy energies, though not without risk.|Either playerâs turn|Any phase|Infernal Lance|000001075|<b>WHEN:</b> End of any phase.<br><br><b>TARGET:</b> One Chaos Knights unit from your army that is not Empowered.<br><br><b>EFFECT:</b> Your unit makes a Malefic Surge.<br><br><b>RESTRICTIONS:</b> You cannot select the same unit as the target of this Stratagem more than once per battle round.|
QT|HELLFORGED CONSTRUCTION|000010305003|Infernal Lance â Battle Tactic Stratagem|1|Reinforced with warp-infused materials and warded through ritual blood sacrifice, these Chaos Knights can withstand unnatural levels of punishment.|Either playerâs turn|Fight phase|Infernal Lance|000001075|<b>WHEN:</b> Fight phase, just after an enemy unit has selected its targets.<br><br><b>TARGET:</b> One Chaos Knights unit from your army that was selected as the target of one or more of the attacking unitâs attacks.<br><br><b>EFFECT:</b> Until the attacking unit has finished making its attacks, each time an attack targets your unit, worsen the Armour Penetration characteristic of that attack by 1.|
QT|CORRUPTING TAINT|000010305004|Infernal Lance â Epic Deed Stratagem|1|The foul energies and unnatural influence of the Chaos Knights spread from them like sorcerous radiation, tainting all they touch.|Your turn|Command phase|Infernal Lance|000001075|<b>WHEN:</b> Your Command phase, just after a Chaos Knights Character unit from your army makes a Malefic Surge.<br><br><b>TARGET:</b> That <span class="kwb">CHAOS</span> <span class="kwb">KNIGHTS</span> <span class="kwb">CHARACTER</span> unit.<br><br><b>EFFECT:</b> Select one objective marker your unit is within range of that you control. That objective marker remains under your control until your opponentâs Level of Control over that objective marker is greater than yours at the end of a phase.|
QT|UNLEASH BALEFIRE|000010305005|Infernal Lance â Wargear Stratagem|1|These weapons bathe the target in blasts of daemonic balefire that burns flesh and soul alike.|Your turn|Shooting phase|Infernal Lance|000001075|<b>WHEN:</b> Your Shooting phase.<br><br><b>TARGET:</b> One Chaos Knights unit from your army that has not been selected to shoot this phase.<br><br><b>EFFECT:</b> After your unit has shot, select one enemy unit hit by one or more of those attacks. That enemy unit must take a Battle-shock test; if the test is failed, until the end of your opponentâs next turn, it is aflame. While a unit is aflame, subtract 2" from its Move characteristic and subtract 2 from Charge rolls made for it.|
QT|WARP VISION|000010305006|Infernal Lance â Wargear Stratagem|1|Supernatural sensors perceive the soul-spoor of their prey, or even stare forward through fate and time.|Your turn|Shooting phase|Infernal Lance|000001075|<b>WHEN:</b> Your Shooting phase.<br><br><b>TARGET:</b> One Chaos Knights unit from your army that has not been selected to shoot this phase.<br><br><b>EFFECT:</b> Until the end of the phase, ranged weapons equipped by models in your unit have the [IGNORES COVER] ability.|
QT|DIABOLIC BULWARK|000010305007|Infernal Lance â Wargear Stratagem|1|Ectoplasmic blood surges hot through glowing conduits as the Fallen Noble feeds power to their Knight suitâs supernaturally enhanced ion shield emitters.|Opponentâs turn|Shooting phase|Infernal Lance|000001075|<b>WHEN:</b> Your opponentâs Shooting phase, just after an enemy unit has selected its targets.<br><br><b>TARGET:</b> One Chaos Knights unit from your army that was selected as the target of one or more of the attacking unitâs attacks.<br><br><b>EFFECT:</b> Until the end of the phase, models in your unit have a 4+ invulnerable save.|
QT|CLAIMED FOR THE DARK GODS|000010309002|Lords of Dread â Epic Deed Stratagem|1|The Fallen Noble dedicates their latest conquest to the Dark Gods in hope of reward.|Either playerâs turn|Command phase|Lords of Dread|000001076|<b>WHEN:</b> Start of your Command phase.<br><br><b>TARGET:</b> One Chaos Knights Character unit from your army that is within range of one or more objective markers you control.<br><br><b>EFFECT:</b> Select one of those objective markers. That objective marker remains under your control, with a Level of Control of 5 (unless it would otherwise be higher), until your opponentâs Level of Control over that objective marker is greater than yours at the end of a phase.|
QT|RUNES OF DISDAIN|000010309004|Lords of Dread â Epic Deed Stratagem|2|Inscribed into the Knight suitâs servo-skeleton, these markings channel the pilotâs contempt for the foe and manifest it as a sorcerous aura of defence.|Either playerâs turn|Shooting or Fight phase|Lords of Dread|000001076|<b>WHEN:</b> Your opponentâs Shooting phase or the Fight phase, just after an enemy unit has selected its targets.<br><br><b>TARGET:</b> One Chaos Knights Character unit from your army that was selected as the target of one or more of the attacking unitâs attacks.<br><br><b>EFFECT:</b> Until the end of the phase, each time an attack is allocated to a model in your unit, subtract 1 from the Damage characteristic of that attack.|
QT|TITANIC DUEL|000010309005|Lords of Dread â Epic Deed Stratagem|1|The Chaos Knights engage in duels not for honour, but to assert their absolute dominance over the battlefield.|Either playerâs turn|Shooting or Fight phase|Lords of Dread|000001076|<b>WHEN:</b> Your Shooting phase or the Fight phase.<br><br><b>TARGET:</b> One Chaos Knights Character unit from your army that has not been selected to shoot or fight this phase.<br><br><b>EFFECT:</b> Select one enemy <span class="kwb">MONSTER</span> or <span class="kwb">VEHICLE</span> unit. Until the end of the phase, each time a model in your unit makes an attack that targets that enemy unit, re-roll a Hit roll of 1 and re-roll a Wound roll of 1. Each time a model in your unit makes an attack that targets that enemy unit, if that enemy unit is <span class="kwb">TITANIC</span>, you can re-roll the Hit roll and you can re-roll the Wound roll instead.|
QT|TROPHY HUNTER|000010309006|Lords of Dread â Epic Deed Stratagem|1|To these Fallen Nobles, each new foe chased down is another opportunity to claim gory trophies.|Either playerâs turn|Fight phase|Lords of Dread|000001076|<b>WHEN:</b> Fight phase, just before a Chaos Knights Character unit from your army consolidates.<br><br><b>TARGET:</b> That <span class="kwb">CHAOS</span> <span class="kwb">KNIGHTS</span> <span class="kwb">CHARACTER</span> unit.<br><br><b>EFFECT:</b> Until the end of the phase, each time your unit Consolidates, models in it can move an additional 3" as long as your unit can end that move within Engagement Range of one or more enemy units.|
QT|CRUSHED LIKE VERMIN|000010309007|Lords of Dread â Epic Deed Stratagem|1|Screaming enemy warriors are crushed to gory paste as the Chaos Knight tramples spitefully through their midst, stamping and raking these unworthy foes with its huge, taloned feet.|Your turn|Movement phase|Lords of Dread|000001076|<b>WHEN:</b> Your Movement phase, just after a Chaos Knights Character unit from your army ends a Normal move.<br><br><b>TARGET:</b> That <span class="kwb">CHAOS</span> <span class="kwb">KNIGHTS</span> <span class="kwb">CHARACTER</span> unit.<br><br><b>EFFECT:</b> Select one enemy unit (excluding <span class="kwb">MONSTERS</span> and <span class="kwb">VEHICLES</span>) that your unit moved over during that move and roll six D6: for each 4+, that enemy unit suffers 1 mortal wound. If one or more models are destroyed as a result of this Stratagem, that enemy unit must take a Battle-shock test.|
QT|SPITEFUL DEMISE|000010309003|Lords of Dread â Epic Deed Stratagem|1|Determined that tales will be told of their spectacular end, the Fallen Noble overloads the internal generators of their Knight suit, hoping to take their enemy with them into oblivion.|Either playerâs turn|Any phase|Lords of Dread|000001076|<b>WHEN:</b> Any phase, just after a Chaos Knights Character unit from your army is destroyed.<br><br><b>TARGET:</b> That <span class="kwb">CHAOS</span> <span class="kwb">KNIGHTS</span> <span class="kwb">CHARACTER</span> unit. You can use this Stratagem on that unit even though it was just destroyed.<br><br><b>EFFECT:</b> When rolling to determine whether mortal wounds are inflicted by your unitâs Deadly Demise ability, that modelâs Deadly Demise ability inflicts mortal wounds on a D6 roll of a 4+ instead of on a 6.|
QT|CONQUERORS WITHOUT MERCY|000008517003|Traitoris Lance â Battle Tactic Stratagem|1|Chaos Knights leave only death and devastation in their wake, and reduce entire worlds to ruin.|Either playerâs turn|Fight phase|Traitoris Lance|000000806|<b>WHEN:</b> Fight phase.<br><br><b>TARGET:</b> One Chaos Knights model from your army that made a Charge move this turn and has not been selected to fight this phase.<br><br><b>EFFECT:</b> Until the end of the phase, improve the Armour Penetration characteristic of melee weapons equipped by your model by 1. After your model has finished making its attacks this phase, if it destroyed one or more enemy units this phase, each enemy unit within 6" of your model must take a Battle-shock test.|
QT|IMPERIOUS ADVANCE|000008517006|Traitoris Lance â Epic Deed Stratagem|1|Employing piloting skill or brute force, Fallen Nobles can either manoeuvre or simply barge their steeds through foes and obstacles alike.|Your turn|Movement or Charge phase|Traitoris Lance|000000806|<b>WHEN:</b> Your Movement phase or your Charge phase.<br><br><b>TARGET:</b> Up to two War Dog units from your army or one Titanic Chaos Knights unit from your army.<br><br><b>EFFECT:</b> Until the end of the phase, each time a model in one of your units makes a Normal, Advance, Fall Back or Charge move, it can move through models and terrain features. When doing so, it can move within Engagement Range of such models but, unless it made a Charge move, cannot end that move within Engagement Range of them, and any Desperate Escape test is automatically passed (the Super-heavy Walker ability does not apply while using this Stratagem).|
QT|DISDAIN FOR THE WEAK|000008517004|Traitoris Lance â Strategic Ploy Stratagem|1|Fallen Nobles sneer at the pathetic efforts of their foes, doubly so in the case of those who fear them.|Either playerâs turn|Fight phase|Traitoris Lance|000000806|<b>WHEN:</b> Fight phase, just after an enemy unit has selected its targets.<br><br><b>TARGET:</b> One Chaos Knights unit from your army that was selected as the target of one or more of the attacking unitâs attacks.<br><br><b>EFFECT:</b> Until the end of the phase, models in your unit have the Feel No Pain 6+ ability, and the Feel No Pain 5+ ability against attacks made by Battle-shocked models.|
QT|A LONG LEASH|000008517005|Traitoris Lance â Strategic Ploy Stratagem|1|The neural connections between Fallen Nobles and doggedly loyal or fearful War Dog pilots can extend over remarkable distances.|Your turn|Command phase|Traitoris Lance|000000806|<b>WHEN:</b> Your Command phase.<br><br><b>TARGET:</b> One Abhorrent unit from your army and up to two friendly War Dog units.<br><br><b>EFFECT:</b> Until the start of your next Command phase, those <span class="kwb">WAR</span> <span class="kwb">DOG</span> units are treated as being within range of any Aura abilities your <span class="kwb">ABHORRENT</span> unit has.|
QT|STORM OF DARKNESS|000008517007|Traitoris Lance â Strategic Ploy Stratagem|1|Through dark rituals and dread pacts, the Chaos Knights draw upon the fear and despair of their foes and bind it into a curse upon the land itself, wreathing themselves in a shrouding pall.|Opponentâs turn|Shooting phase|Traitoris Lance|000000806|<b>WHEN:</b> Your opponentâs Shooting phase, just after an enemy unit has selected its targets.<br><br><b>TARGET:</b> One Chaos Knights unit from your army that was selected as the target of one or more of the attacking unitâs attacks.<br><br><b>EFFECT:</b> Until the end of the phase, models in your unit have the Stealth ability, and each time an attack targets your unit, models in it have the Benefit of Cover against that attack.|
QT|PTERRORSHADES|000008517002|Traitoris Lance â Wargear Stratagem|1|Shrieking with hunger, Pterrorshades descend in a whirlwind to feast on the fearful souls of the foe. Their banquet transmutes into vital energy that flows into the Chaos Knight on which they roost.|Either playerâs turn|Any phase|Traitoris Lance|000000806|<b>WHEN:</b> Any phase, just after an enemy unit fails a Battle-shock test.<br><br><b>TARGET:</b> One Chaos Knights unit from your army that is within 12" of that enemy unit.<br><br><b>EFFECT:</b> Roll six D6: for each 4+, that enemy unit suffers 1 mortal wound and one model in your unit regains up to 1 lost wound.<br><br><b>RESTRICTIONS:</b> You can only use this Stratagem once per battle round.|
SM|LEGENDARY FORTITUDE|000008495007|1st Company Task Force â Battle Tactic Stratagem|1|Many are the legendary tales of the 1st Company holding their ground against the odds, weathering assaults that would have swept away lesser warriors.|Opponentâs turn|Charge phase|1st Company Task Force|000000798|<b>WHEN:</b> Your opponentâs Charge phase, just after an enemy unit ends a Charge move.<br><br><b>TARGET:</b> One ADEPTUS ASTARTES TERMINATOR, BLADEGUARD VETERAN SQUAD, STERNGUARD VETERAN SQUAD or VANGUARD VETERAN SQUAD unit from your army within Engagement Range of that enemy unit.<br><br><b>EFFECT:</b> Until the end of the turn, each time an attack is allocated to a model in your unit, subtract 1 from the Damage characteristic of that attack.|
SM|HEROES OF THE CHAPTER|000008495003|1st Company Task Force â Battle Tactic Stratagem|1|When the fighting is at its fiercest, the veteran warriors of the Chapter truly show their quality.|Either playerâs turn|Shooting or Fight phase|1st Company Task Force|000000798|<b>WHEN:</b> Your Shooting phase or the Fight phase.<br><br><b>TARGET:</b> One ADEPTUS ASTARTES TERMINATOR, BLADEGUARD VETERAN SQUAD, STERNGUARD VETERAN SQUAD or VANGUARD VETERAN SQUAD unit from your army that has not been selected to shoot or fight this phase.<br><br><b>EFFECT:</b> Until the end of the phase, each time a model in your unit makes an attack, add 1 to the Hit roll. If your unit is Below Half-strength, add 1 to the Wound roll as well.|
SM|ARMOUR OF CONTEMPT|000008495002|1st Company Task Force â Battle Tactic Stratagem|1|The belligerence of the Adeptus Astartes combined with their post-human physiology makes them unyielding foes to face.|Either playerâs turn|Shooting or Fight phase|1st Company Task Force|000000798|<b>WHEN:</b> Your opponentâs Shooting phase or the Fight phase, just after an enemy unit has selected its targets.<br><br><b>TARGET:</b> One <span class="kwb">ADEPTUS</span> <span class="kwb">ASTARTES</span> unit from your army that was selected as the target of one or more of the attacking unitâs attacks.<br><br><b>EFFECT:</b> Until the attacking unit has finished making its attacks, each time an attack targets your unit, worsen the Armour Penetration characteristic of that attack by 1.|
SM|DUTY AND HONOUR|000008495005|1st Company Task Force â Strategic Ploy Stratagem|1|Adeptus Astartes veterans claim critical objectives in daring strikes, annihilating resistance in their Chapterâs name before sweeping onto their next target.|Your turn|Shooting phase|1st Company Task Force|000000798|<b>WHEN:</b> Your Movement phase.<br><br><b>TARGET:</b> One ADEPTUS ASTARTES TERMINATOR, BLADEGUARD VETERAN SQUAD, STERNGUARD VETERAN SQUAD or VANGUARD VETERAN SQUAD unit from your army within range of an objective marker you control.<br><br><b>EFFECT:</b> That objective marker remains under your control, even if you have no models within range of it, until your opponent controls it at the start or end of any turn.|
SM|ORBITAL TELEPORTARIUM|000008495006|1st Company Task Force â Strategic Ploy Stratagem|1|Teleportarium chambers within orbiting strike cruisers are able to perform site-to-strike teleportations for Terminator-armoured battle-brothers in extremis.|Opponentâs turn|Fight phase|1st Company Task Force|000000798|<b>WHEN:</b> End of your opponentâs Fight phase.<br><br><b>TARGET:</b> One ADEPTUS ASTARTES TERMINATOR unit from your army.<br><br><b>EFFECT:</b> Remove your unit from the battlefield and place it into Strategic Reserves. It will arrive back on the battlefield in the Reinforcements step of your next Movement phase using the Deep Strike ability.<br><br><b>RESTRICTIONS:</b> You cannot select a unit that is within Engagement Range of one or more enemy units.|
SM|TERRIFYING PROFICIENCY|000008495004|1st Company Task Force â Strategic Ploy Stratagem|1|The 1st Company's veterans unleash their skills with an efficiency that is harrowing to witness.|Your turn|Fight phase|1st Company Task Force|000000798|<b>WHEN:</b> Your Fight phase.<br><br><b>TARGET:</b> One ADEPTUS ASTARTES TERMINATOR, BLADEGUARD VETERAN SQUAD, STERNGUARD VETERAN SQUAD or VANGUARD VETERAN SQUAD unit from your army that made a Charge move this turn and destroyed one or more enemy units this phase.<br><br><b>EFFECT:</b> In your opponentâs next Command phase, each enemy unit within 6" of your unit must take a Battle-shock test. If the unit taking that test is Below Half-strength, subtract 1 from that test. Enemy units affected by this Stratagem do not need to take any other Battle-shock tests in the same phase.|
SM|ARMOUR OF CONTEMPT|000009836002|Angelic Inheritors â Battle Tactic Stratagem|1|The belligerence of the Adeptus Astartes, combined with their transhuman physiology, makes them unyielding foes to face.|Either playerâs turn|Shooting or Fight phase|Angelic Inheritors|000001004|<b>WHEN:</b> Your opponentâs Shooting phase or the Fight phase, just after an enemy unit has selected its targets.<br><br><b>TARGET:</b> One <span class="kwb">ADEPTUS</span> <span class="kwb">ASTARTES</span> unit from your army that was selected as the target of one or more of the attacking unitâs attacks.<br><br><b>EFFECT:</b> Until the attacking unit has finished making its attacks, each time an attack targets your unit, worsen the Armour Penetration characteristic of that attack by 1.|
SM|IN THE SHADOW OF GREAT WINGS|000009836006|Angelic Inheritors â Battle Tactic Stratagem|1|The enemy is engulfed in a soul-deep shadow for just a moment, as though mighty wings have spread above them and marred their vision with occluding darkness.|Opponentâs turn|Shooting phase|Angelic Inheritors|000001004|<b>WHEN:</b> Your opponentâs Shooting phase, just after an enemy unit has selected its targets.<br><br><b>TARGET:</b> One Adeptus Astartes Character unit from your army that was selected as the target of one or more of the attacking unitâs attacks.<br><br><b>EFFECT:</b> Until the end of the phase, your unit can only be selected as the target of a ranged attack if the attacking model is within 18".|
SM|FOCUSED FURY|000009836003|Angelic Inheritors â Battle Tactic Stratagem|1|Keeping the beast within under tight control, the Blood Angels nonetheless tap into that inner rage and shackle it to their precisely aimed blows.|Either playerâs turn|Fight phase|Angelic Inheritors|000001004|<b>WHEN:</b> Fight phase.<br><br><b>TARGET:</b> One <span class="kwb">ADEPTUS</span> <span class="kwb">ASTARTES</span> unit from your army that has not been selected to fight this phase.<br><br><b>EFFECT:</b> Until the end of the phase, melee weapons equipped by models in your unit have the [LETHAL HITS] ability. If your unit is a Character unit, until the end of the phase, those weapons have the [LANCE] ability as well.|
SM|INSTANT OF GRACE|000009836004|Angelic Inheritors â Epic Deed Stratagem|1|In this most desperate moment of need, a lone battle-brother rises to the challenge as a true inheritor of the Angelâs legacy.|Your turn|Command phase|Angelic Inheritors|000001004|<b>WHEN:</b> Your Command phase.<br><br><b>TARGET:</b> One Adeptus Astartes Infantry unit from your army.<br><br><b>EFFECT:</b> Select one non-<span class="kwb">CHARACTER</span> model in your unit. Until the start of your next Command phase, your model has the Character keyword.<br><br><b>Designerâs Note:</b> <i>While in effect, your modelâs unit is therefore a <span class="kwb">CHARACTER</span> unit, meaning it can interact with the Legacy of the Angel Detachment rule, in addition to other rules that interact with <span class="kwb">CHARACTER</span> units.</i>|
SM|STRIKE NOW FOR GLORY|000009836005|Angelic Inheritors â Strategic Ploy Stratagem|1|Knowing instinctively that the pivotal moment has arrived, these battle-brothers aim and hammer their foes with unrelenting volleys.|Your turn|Shooting phase|Angelic Inheritors|000001004|<b>WHEN:</b> Your Shooting phase.<br><br><b>TARGET:</b> One <span class="kwb">ADEPTUS</span> <span class="kwb">ASTARTES</span> unit from your army that has not been selected to shoot this phase.<br><br><b>EFFECT:</b> Until the end of the phase, ranged weapons equipped by models in your unit have the [SUSTAINED HITS 1] ability.|
SM|UNTO THE BURNING SKIES|000009836007|Angelic Inheritors â Strategic Ploy Stratagem|1|In the face of encroaching doom, as the world seems to burn around them, these scions of Sanguinius leap high into the tormented heavens, ready to strike down with vengeful fury upon the enemy teeming below.|Opponentâs turn|Fight phase|Angelic Inheritors|000001004|<b>WHEN:</b> End of your opponentâs Fight phase.<br><br><b>TARGET:</b> One Adeptus Astartes Jump Pack unit from your army. You cannot target a unit that is within Engagement Range of one or more enemy units, unless it is The Sanguinor.<br><br><b>EFFECT:</b> Remove your unit from the battlefield and place it into Strategic Reserves.|
SM|ARMOUR OF CONTEMPT|000008475002|Anvil Siege Force â Battle Tactic Stratagem|1|The belligerence of the Adeptus Astartes combined with their post-human physiology makes them unyielding foes to face.|Either playerâs turn|Shooting or Fight phase|Anvil Siege Force|000000793|<b>WHEN:</b> Your opponentâs Shooting phase or the Fight phase, just after an enemy unit has selected its targets.<br><br><b>TARGET:</b> One <span class="kwb">ADEPTUS</span> <span class="kwb">ASTARTES</span> unit from your army that was selected as the target of one or more of the attacking unitâs attacks.<br><br><b>EFFECT:</b> Until the attacking unit has finished making its attacks, each time an attack targets your unit, worsen the Armour Penetration characteristic of that attack by 1.|
SM|BATTLE DRILL RECALL|000008475006|Anvil Siege Force â Battle Tactic Stratagem|1|Space Marines train for countless hours to master their weapons and in the heat of battle can trigger mnemonic patterning to recall their ritual drills and ensure the foeâs destruction.|Your turn|Shooting phase|Anvil Siege Force|000000793|<b>WHEN:</b> Your Shooting phase.<br><br><b>TARGET:</b> One <span class="kwb">ADEPTUS</span> <span class="kwb">ASTARTES</span> unit from your army that has not been selected to shoot this phase.<br><br><b>EFFECT:</b> Until the end of the phase, ranged weapons equipped by models in your unit have the [SUSTAINED HITS 1] ability. If your unit Remained Stationary this turn, then until the end of the phase, each time a model in your unit makes a ranged attack, a successful unmodified Hit roll of 5+ scores a Critical Hit.|
SM|NO THREAT TOO GREAT|000008475005|Anvil Siege Force â Battle Tactic Stratagem|2|To combat an entrenched force of Space Marines, foes resort to armoured vehicles or packs of murderous monstrosities. Even the greatest of behemoths has a chink in its armour and the Adeptus Astartes are well versed in exploiting such weaknesses.|Your turn|Shooting phase|Anvil Siege Force|000000793|<b>WHEN:</b> Your Shooting phase.<br><br><b>TARGET:</b> One <span class="kwb">ADEPTUS</span> <span class="kwb">ASTARTES</span> unit from your army that has not been selected to shoot this phase.<br><br><b>EFFECT:</b> Until the end of the phase, each time a model in your unit makes a ranged attack that targets a <span class="kwb">MONSTER</span> or <span class="kwb">VEHICLE</span> unit, you can re-roll the Wound roll.|
SM|RIGID DISCIPLINE|000008475003|Anvil Siege Force â Strategic Ploy Stratagem|1|Cleaving to duty, the Adeptus Astartes refuse to be drawn out of position. Instead they secure ground to establish new fire lines to the enemy.|Either playerâs turn|Fight phase|Anvil Siege Force|000000793|<b>WHEN:</b> End of the Fight phase.<br><br><b>TARGET:</b> One <span class="kwb">ADEPTUS</span> <span class="kwb">ASTARTES</span> unit from your army that is within Engagement Range of one or more enemy units.<br><br><b>EFFECT:</b> Your unit can immediately make a Fall Back move of up to 6".<br><br><b>RESTRICTIONS:</b> When making that move, your unit must end that move either wholly within your deployment zone or within range of an objective marker.|
SM|HAIL OF VENGEANCE|000008475007|Anvil Siege Force â Strategic Ploy Stratagem|2|Space Marines' incredible battlefield awareness enables them to instinctively identify the origin of any enemy fire and punish their attackers.|Opponentâs turn|Shooting phase|Anvil Siege Force|000000793|<b>WHEN:</b> Your opponentâs Shooting phase, just after an enemy unit has resolved its attacks.<br><br><b>TARGET:</b> One <span class="kwb">ADEPTUS</span> <span class="kwb">ASTARTES</span> unit from your army that had one or more of its models destroyed as a result of the attacking unitâs attacks.<br><br><b>EFFECT:</b> Your unit can shoot as if it were your Shooting phase, but must target only that enemy unit when doing so, and can only do so if that enemy unit is an eligible target.|
SM|NOT ONE BACKWARDS STEP|000008475004|Anvil Siege Force â Strategic Ploy Stratagem|1|Siege warfare is incomparably brutal. Space Marines battle with the fiercest determination to achieve victory, and will fight unto death to hold every defensive line or to secure gains they have wrested from the enemy.|Your turn|Command phase|Anvil Siege Force|000000793|<b>WHEN:</b> Your Command phase.<br><br><b>TARGET:</b> One ADEPTUS ASTARTES INFANTRY unit from your army within range of an objective marker.<br><br><b>EFFECT:</b> Until the end of the turn, double the Objective Control characteristic of models in your unit, but it must Remain Stationary this turn.|
SM|CODEX DISCIPLINE|000010677002|Bastion Task Force â Battle Tactic Stratagem|1|Holding to the teachings of the Codex Astartes, these warriors unleash disciplined volleys of firepower.|Either playerâs turn|Shooting or Fight phase|Bastion Task Force|000001130|<b>WHEN:</b> Your Shooting phase or the Fight phase.<br><br><b>TARGET:</b> One <span class="kwb">ADEPTUS</span> <span class="kwb">ASTARTES</span> unit from your army that has not been selected to shoot or fight this phase.<br><br><b>EFFECT:</b> Until the end of the phase, each time a model in your unit makes an attack that targets an enemy unit, re-roll a Hit roll of 1. If that target is auspex scanned, re-roll a Wound roll of 1 as well.|
SM|LIGHT OF VENGEANCE|000010677004|Bastion Task Force â Battle Tactic Stratagem|1|With their frailties exposed by the harsh glare of auspex analysis, the foe are easy prey for the Space Marineâs vengeful onslaught.|Either playerâs turn|Shooting or Fight phase|Bastion Task Force|000001130|<b>WHEN:</b> Your Shooting phase or the Fight phase.<br><br><b>TARGET:</b> One <span class="kwb">ADEPTUS</span> <span class="kwb">ASTARTES</span> unit from your army that has not been selected to shoot or fight this phase.<br><br><b>EFFECT:</b> Select the [LETHAL HITS] or [SUSTAINED HITS 1] ability. Until the end of the phase, weapons equipped by models in your unit have that ability while targeting an auspex scanned unit or if the bearer has the Battleline keyword.|
SM|GUIDED DISRUPTION|000010677003|Bastion Task Force â Strategic Ploy Stratagem|1|Employing auspex data to reveal weak points in the foeâs formation, the Space Marines exploit these to sow confusion and suppress their targets.|Either playerâs turn|Shooting or Fight phase|Bastion Task Force|000001130|<b>WHEN:</b> Your Shooting phase or the Fight phase, just after an Adeptus Astartes Battleline unit from your army has finished making its attacks.<br><br><b>TARGET:</b> That <span class="kwb">ADEPTUS</span> <span class="kwb">ASTARTES</span> <span class="kwb">BATTLELINE</span> unit.<br><br><b>EFFECT:</b> When an enemy unit is auspex scanned as a result of those attacks this turn, if that enemy unit does not have the <span class="kwb">MONSTER</span> or <span class="kwb">VEHICLE</span> keywords, until the start of your next turn, it is pinned. While a unit is pinned, subtract 2 from that unitâs Move characteristic and subtract 2 from Charge rolls made for that unit.|
SM|HERESY UNDONE|000010677007|Bastion Task Force â Strategic Ploy Stratagem|1|Tactical scans and cogitator analysis have revealed the enemyâs debase schemes, rendering their movements easier to anticipate and counter.|Your turn|Shooting or Charge phase|Bastion Task Force|000001130|<b>WHEN:</b> Your Shooting phase or your Charge phase.<br><br><b>TARGET:</b> One <span class="kwb">ADEPTUS</span> <span class="kwb">ASTARTES</span> unit (excluding Battleline units) from your army.<br><br><b>EFFECT:</b> Until the end of the phase, your unit is eligible to shoot and declare a charge in a turn in which it Advanced or Fell Back. If it does, every target of that charge and every target of those attacks must be an auspex scanned unit.|
SM|SHOCK BOMBARDMENT|000010677005|Bastion Task Force â Strategic Ploy Stratagem|1|An auspex-guided hail of shock charges blinds the foeâs targeting systems and skews their aim.|Either playerâs turn|Shooting or Fight phase|Bastion Task Force|000001130|<b>WHEN:</b> Your Shooting phase or the Fight phase, just after an Adeptus Astartes Battleline unit from your army finished making its attacks.<br><br><b>TARGET:</b> That <span class="kwb">ADEPTUS</span> <span class="kwb">ASTARTES</span> <span class="kwb">BATTLELINE</span> unit.<br><br><b>EFFECT:</b> When an enemy unit is auspex scanned as a result of those attacks this turn, until the start of your next turn, it is suppressed. While a unit is suppressed, each time a model in that unit makes an attack, subtract 1 from the Hit roll.|
SM|ARMOUR OF CONTEMPT|000008523002|Black Spear Task Force â Battle Tactic Stratagem|1|The belligerency and transhuman physiologies of the Adeptus Astartes make them unyielding foes.|Either playerâs turn|Shooting or Fight phase|Black Spear Task Force|000000808|<b>WHEN:</b> Your opponentâs Shooting phase or the Fight phase, just after an enemy unit has selected its targets.<br><br><b>TARGET:</b> One <span class="kwb">ADEPTUS</span> <span class="kwb">ASTARTES</span> unit from your army that was selected as the target of one or more of the attacking unitâs attacks.<br><br><b>EFFECT:</b> Until the attacking unit has finished making its attacks, each time an attack targets your unit, worsen the Armour Penetration characteristic of that attack by 1.|
SM|ADAPTIVE TACTICS|000008523003|Black Spear Task Force â Strategic Ploy Stratagem|1|Only a truly versatile approach to warfare allows the tactical genius of the Deathwatch to best the myriad xenos foes they face.|Your turn|Command phase|Black Spear Task Force|000000808|<b>WHEN:</b> Your Command phase.<br><br><b>TARGET:</b> Up to two Kill Team units from your army, or one other <span class="kwb">ADEPTUS</span> <span class="kwb">ASTARTES</span> unit from your army.<br><br><b>EFFECT:</b> For each unit targeted, select Furor Tactics, Malleus Tactics or Purgatus Tactics. Until the start of your next Command phase, that Mission Tactic is active for that unit instead of any Mission Tactic that is active for your army.|
SM|SITE-TO-SITE TELEPORTATION|000008523007|Black Spear Task Force â Strategic Ploy Stratagem|1|Site-to-site battlefield teleportation is a rare capability indeed, used only by the Deathwatch in extreme situations.|Opponentâs turn|Fight phase|Black Spear Task Force|000000808|<b>WHEN:</b> End of your opponentâs Fight phase.<br><br><b>TARGET:</b> Up to two Kill Team units from your army, or one other Adeptus Astartes Infantry unit from your army, if those units are not within Engagement Range of one or more enemy units.<br><br><b>EFFECT:</b> Remove those units from the battlefield and place them into Strategic Reserves. Until the end of your next Movement phase, models in those units that do not have the Deep Strike ability have the Deep Strike ability.|
SM|DRAGONFIRE ROUNDS|000008523006|Black Spear Task Force â Wargear Stratagem|1|Dragonfire rounds are designed to explode just before contact, saturating foes in cover with searing gas and flames.|Your turn|Shooting phase|Black Spear Task Force|000000808|<b>WHEN:</b> Your Shooting phase.<br><br><b>TARGET:</b> One Kill Team unit from your army that has not been selected to shoot this phase.<br><br><b>EFFECT:</b> Until the end of the phase, ranged weapons equipped by models in your unit have the [ASSAULT] and [IGNORES COVER] abilities.<br><br><b>RESTRICTIONS:</b> You cannot select any units that have already been targeted with either the Kraken Rounds or Hellfire Rounds Stratagems this phase.|
SM|HELLFIRE ROUNDS|000008523004|Black Spear Task Force â Wargear Stratagem|1|Hellfire rounds douse their targets in voracious acids that are utterly lethal to organic life.|Your turn|Shooting phase|Black Spear Task Force|000000808|<b>WHEN:</b> Your Shooting phase.<br><br><b>TARGET:</b> One Kill Team unit from your army that has not been selected to shoot this phase.<br><br><b>EFFECT:</b> Until the end of the phase, ranged weapons (excluding Devastating Wounds weapons) equipped by models in your unit have the [ANTI-INFANTRY 2+] and [ANTI-MONSTER 5+] abilities.<br><br><b>RESTRICTIONS:</b> You cannot select any units that have already been targeted with either the Kraken Rounds or Dragonfire Rounds Stratagems this phase.|
SM|KRAKEN ROUNDS|000008523005|Black Spear Task Force â Wargear Stratagem|1|Kraken rounds utilise adamantine cores and improved propellants to penetrate the thickest hide.|Your turn|Shooting phase|Black Spear Task Force|000000808|<b>WHEN:</b> Your Shooting phase.<br><br><b>TARGET:</b> One Kill Team unit from your army that has not been selected to shoot this phase.<br><br><b>EFFECT:</b> Until the end of the phase, improve the Armour Penetration characteristic of ranged weapons equipped by models in your unit by 1 and improve the Range characteristic of those weapons by 6".<br><br><b>RESTRICTIONS:</b> You cannot select any units that have already been targeted with either the Dragonfire Rounds or Hellfire Rounds Stratagems this phase.|
SM|ARMOUR OF CONTEMPT|000010634002|Blade of Ultramar â Battle Tactic Stratagem|1|The belligerence of the Adeptus Astartes combined with their post-human physiology makes them unyielding foes to face.|Either playerâs turn|Shooting or Fight phase|Blade of Ultramar|000001120|<b>WHEN:</b> Your opponentâs Shooting phase or the Fight phase, just after an enemy unit has selected its targets.<br><br><b>TARGET:</b> One <span class="kwb">ADEPTUS</span> <span class="kwb">ASTARTES</span> unit from your army that was selected as the target of one or more of the attacking unitâs attacks.<br><br><b>EFFECT:</b> Until the attacking unit has finished making its attacks, each time an attack targets your unit, worsen the Armour Penetration characteristic of that attack by 1.|
SM|COURAGE AND HONOUR!|000010634004|Blade of Ultramar â Battle Tactic Stratagem|1|Roaring their famed battle cry, the Ultramarines hurl themselves into the fight, striving all the harder to prevail beneath the unwavering eye of their Chapter Master.|Either playerâs turn|Fight phase|Blade of Ultramar|000001120|<b>WHEN:</b> Fight phase.<br><br><b>TARGET:</b> One <span class="kwb">ADEPTUS</span> <span class="kwb">ASTARTES</span> unit from your army.<br><br><b>EFFECT:</b> Until the end of the phase, melee weapons equipped by models in your unit have the [LANCE] ability. If your unit is under the effects of the Assault Doctrine, until the end of the phase, improve the Armour Penetration characteristic of such weapons by 1 as well.|
SM|EXEMPLARY VIGILANCE|000010634006|Blade of Ultramar â Battle Tactic Stratagem|1|Long have the Ultramarines guarded both Ultramar and the wider Imperium. No foe can hide from their vengeful gaze or evade the reach of their wrath.|Your turn|Shooting phase|Blade of Ultramar|000001120|<b>WHEN:</b> Your Shooting phase.<br><br><b>TARGET:</b> One <span class="kwb">ADEPTUS</span> <span class="kwb">ASTARTES</span> unit from your army that has not been selected to shoot this phase.<br><br><b>EFFECT:</b> Until the end of the phase, ranged weapons equipped by models in your unit have the [IGNORES COVER] ability. If your unit is under the effects of the Devastator Doctrine, until the end of the phase, improve the Armour Penetration characteristic of such weapons by 1 as well.|
SM|TACTICAL FORESIGHT|000010634003|Blade of Ultramar â Epic Deed Stratagem|1|With the enemyâs countermeasures and responses predicted and allowed for in advance, the Ultramarines can weather their most ferocious attacks.|Either playerâs turn|Shooting or Fight phase|Blade of Ultramar|000001120|<b>WHEN:</b> Your opponentâs Shooting phase or the Fight phase, just after an enemy unit has selected its targets.<br><br><b>TARGET:</b> One <span class="kwb">ADEPTUS</span> <span class="kwb">ASTARTES</span> unit from your army that was selected as the target of one or more of the attacking unitâs attacks.<br><br><b>EFFECT:</b> Until the end of the phase, each time an attack targets your unit, if the Strength characteristic of that attack is greater than or equal to the Toughness characteristic of that unit, subtract 1 from the Wound roll.|
SM|ULTRAMARIAN ADAPTIVITY|000010634005|Blade of Ultramar â Strategic Ploy Stratagem|1|No Chapterâs warriors know better the breadth â theoretical and practical â of the Codex Astartesâ teachings, and how these can and should be adapted to ensure victory.|Your turn|Command phase|Blade of Ultramar|000001120|<b>WHEN:</b> Your Command phase.<br><br><b>TARGET:</b> One <span class="kwb">ADEPTUS</span> <span class="kwb">ASTARTES</span> unit from your army.<br><br><b>EFFECT:</b> Select the Devastator Doctrine, Tactical Doctrine or Assault Doctrine. Until the start of your next Command phase, that Combat Doctrine is active for your unit instead of any other Combat Doctrine that is active for your army, even if you have already selected that Combat Doctrine this battle.|
SM|PRACTICAL TACTICS|000010634007|Blade of Ultramar â Strategic Ploy Stratagem|1|After rapidly making a theoretical assessment of the foesâ probable next moves, the Ultramarines apply practical repositioning to counter them.|Opponentâs turn|Movement phase|Blade of Ultramar|000001120|<b>WHEN:</b> Your opponentâs Movement phase, just after an enemy unit ends a Normal, Advance or Fall Back move.<br><br><b>TARGET:</b> One Adeptus Astartes Infantry or Adeptus Astartes Mounted unit from your army that is not within Engagement Range of one or more enemy units and is within 9" of the enemy unit that just ended that move.<br><br><b>EFFECT:</b> Your unit can make a Normal move of up to D6", or a Normal move of up to 6" instead if it is under the effects of the Tactical Doctrine.|
SM|IN THE EMPERORâS NAME|000009241002|Boarding Strike â Battle Tactic Stratagem|1|Space Marines will suffer any hardship and endure the savagery of the most monstrous foes to see their duty done.|Either playerâs turn|Shooting or Fight phase|Boarding Strike|000000905|<b>WHEN:</b> Your opponentâs Shooting phase or the Fight phase, just after an enemy unit has selected its targets.<br><br><b>TARGET:</b> One Adeptus Astartes Battleline unit from your army that is within range of an objective marker and was selected as the target of one or more of the attacking unitâs attacks.<br><br><b>EFFECT:</b> Until the end of the phase, models in your unit have the Feel No Pain 5+ ability.|
SM|CERAMITE BULWARK|000009241003|Boarding Strike â Battle Tactic Stratagem|1|The Space Marines present a wall of ceramite and plasteel shoulder guards to the breach as they force passage through.|Either playerâs turn|Fight phase|Boarding Strike|000000905|<b>WHEN:</b> Fight phase.<br><br><b>TARGET:</b> One Adeptus Astartes Battleline unit from your army that has not been selected to fight this phase.<br><br><b>EFFECT:</b> Select any number of models in your unit. Until the end of the phase, add 1 to the Attacks and Strength characteristics of melee weapons equipped by the selected models and each time you select targets for attacks made by those models, they must target an enemy unit that is wholly on the opposite side of a Hatchway from them.|
SM|DUTY AND DEFIANCE|000009241004|Boarding Strike â Strategic Ploy Stratagem|1|Even when wounded unto death, still the Adeptus Astartes fight on in hopes their final efforts will spell the difference between defeat and victory.|Either playerâs turn|Fight phase|Boarding Strike|000000905|<b>WHEN:</b> Fight phase, just after an enemy unit has selected its targets.<br><br><b>TARGET:</b> One <span class="kwb">ADEPTUS</span> <span class="kwb">ASTARTES</span> unit from your army that was selected as the target of one or more of the attacking unitâs attacks.<br><br><b>EFFECT:</b> Until the end of the phase, each time a model in your unit is destroyed, if that model has not fought this phase, roll one D6, adding 1 to the result if your unit has the Battleline keyword: on a 4+, do not remove the destroyed model from play; it can fight after the attacking unit has finished making its attacks, and is then removed from play.|
SM|VOX-AMPLIFIED ROAR|000009241005|Boarding Strike â Strategic Ploy Stratagem|1|In the echoing confines of a voidship, the deafening battle cries of the Space Marines evoke terror in the foe.|Your turn|Charge phase|Boarding Strike|000000905|<b>WHEN:</b> Your Charge phase, just after an <span class="kwb">ADEPTUS</span> <span class="kwb">ASTARTES</span> unit from your army declares a charge.<br><br><b>TARGET:</b> That <span class="kwb">ADEPTUS</span> <span class="kwb">ASTARTES</span> unit.<br><br><b>EFFECT:</b> Each target of that charge must take a Battle-shock test.|
SM|ARMOUR OF CONTEMPT|000009852003|Champions of Fenris â Strategic Ploy Stratagem|1|The belligerence and transhuman physiologies of the Adeptus Astartes make them unyielding foes.|Either playerâs turn|Shooting or Fight phase|Champions of Fenris|000001008|<b>WHEN:</b> Your opponentâs Shooting phase or the Fight phase, just after an enemy unit has selected its targets.<br><br><b>TARGET:</b> One <span class="kwb">ADEPTUS</span> <span class="kwb">ASTARTES</span> unit from your army that was selected as the target of one or more of the attacking unitâs attacks.<br><br><b>EFFECT:</b> Until the attacking unit has finished making its attacks, each time an attack targets your unit, worsen the Armour Penetration characteristic of that attack by 1.|
SM|RUNES OF CLAIMING|000009852004|Champions of Fenris â Strategic Ploy Stratagem|1|A few quick cuts with a diamond-keen hunting knife or energised claw tip leave Fenrisian runes carved into bedrock, plasteel or flesh, marks of abjuration against the foe and secret messages between Space Wolves alike.|Your turn|Command phase|Champions of Fenris|000001008|<b>WHEN:</b> End of your Command phase.<br><br><b>TARGET:</b> One Adeptus Astartes Infantry or Adeptus Astartes Walker unit from your army.<br><br><b>EFFECT:</b> Select one objective marker you control that your unit is within range of. That objective marker remains under your control until your opponentâs Level of Control over that objective marker is greater than yours at the end of a phase.|
SM|CHILLING HOWL|000009852005|Champions of Fenris â Strategic Ploy Stratagem|1|Raising their feral voices as one, the elite champions of Fenris give voice to a predatory howl fit to freeze the marrow of the bravest warriors.|Opponentâs turn|Command phase|Champions of Fenris|000001008|<b>WHEN:</b> Your opponentâs Command phase.<br><br><b>TARGET:</b> One Adeptus Astartes Terminator unit from your army.<br><br><b>EFFECT:</b> Each enemy unit within 6" of your unit must take a Battle-shock test, subtracting 1 from that test if that unit is Below Half-strength.|
SM|STALKING WOLVES|000009852006|Champions of Fenris â Strategic Ploy Stratagem|1|These veteran warriors approach the foe like wolves on the hunt. They are ever-poised to drop into cover or fade into the shadows to avoid their preyâs increasingly desperate attempts to drive them of|Opponentâs turn|Shooting phase|Champions of Fenris|000001008|<b>WHEN:</b> Your opponentâs Shooting phase, just after an enemy unit has selected its targets.<br><br><b>TARGET:</b> One Adeptus Astartes Infantry unit from your army that was selected as the target of one or more of the attacking unitâs attacks.<br><br><b>EFFECT:</b> Until the end of the phase, models in your unit have the Stealth ability.|
SM|ONRUSHING STORM|000009852007|Champions of Fenris â Strategic Ploy Stratagem|1|A Fenrisian gunship skims low over the battlefield, touching down just long enough for these elite warriors to embark before it lifts off again. The enemyâs respite will not last long; it will return with its deadly cargo soon enough.|Opponentâs turn|Fight phase|Champions of Fenris|000001008|<b>WHEN:</b> End of your opponentâs Fight phase.<br><br><b>TARGET:</b> One Adeptus Astartes Terminator unit from your army that is not within Engagement Range of one or more enemy units.<br><br><b>EFFECT:</b> Remove your unit from the battlefield and place it into Strategic Reserves.|
SM|PREYTAKERâS EYE|000009852002|Champions of Fenris â Strategic Ploy Stratagem|1|Long and bloody experience has taught these warriors how best to identify the slightest weakness in their prey and exploit it to the fullest.|Either playerâs turn|Shooting or Fight phase|Champions of Fenris|000001008|<b>WHEN:</b> Your Shooting phase or the Fight phase.<br><br><b>TARGET:</b> One Adeptus Astartes Infantry unit from your army that has not been selected to shoot or fight this phase.<br><br><b>EFFECT:</b> Select either the [LETHAL HITS] or [SUSTAINED HITS 1] abilities. Until the end of the phase, weapons equipped by models in your unit have that ability.|
SM|PIOUS ENMITY|000010393005|Companions of Vehemence â Battle Tactic Stratagem|1|The warrior priests of a crusade drive Sigismund's heirs into the heart of battle, daring the greatest abominations to face their spiritual strength.|Either playerâs turn|Fight phase|Companions of Vehemence|000001091|<b>WHEN:</b> Fight phase.<br><br><b>TARGET:</b> One Chaplain or Judiciar unit from your army that has not been selected to fight this phase.<br><br><b>EFFECT:</b> Until the end of the phase, each time a model in your unit makes a melee attack that targets an enemy unit, re-roll a Hit roll of 1. If that target is a <span class="kwb">MONSTER</span> or <span class="kwb">VEHICLE</span> unit, re-roll a Wound roll of 1 as well.|
SM|FOR THE EMPEROR'S HONOUR!|000010393004|Companions of Vehemence â Battle Tactic Stratagem|1|Filled with the spirit of Sigismund, his heirs seek out the foe's dark and unclean champions so that they may be crushed in the sight oftheirthralls.|Either playerâs turn|Fight phase|Companions of Vehemence|000001091|<b>WHEN:</b> Fight phase.<br><br><b>TARGET:</b> One Adeptus Astartes Infantry unit from your army that has not been selected to fight this phase.<br><br><b>EFFECT:</b> Until the end of the phase, melee weapons equipped by models in your unit have the [PRECISION] ability.|
SM|DEVOUT PUSH|000010393002|Companions of Vehemence â Battle Tactic Stratagem|1|With a zealous cry, the Black Templars press forward, using their ceramite-armoured bulk to smash into the foe and overwhelm the enemy's lines.|Either playerâs turn|Fight phase|Companions of Vehemence|000001091|<b>WHEN:</b> Fight phase.<br><br><b>TARGET:</b> One Adeptus Astartes Infantry unit from your army that has not been selected to fight this phase.<br><br><b>EFFECT:</b> Until the end of the phase, each time a model in your unit makes a Pile-in or Consolidation move, it can move up to 6" instead of up to 3".<br><br><b>RESTRICTIONS:</b> A unit cannot be targeted with this and the Hearts Hardened to Duty Stratagem in the same phase unless it has the Chaplain or Judiciar keywords.|
SM|HEARTS HARDENED TO DUTY|000010393003|Companions of Vehemence â Strategic Ploy Stratagem|1|To suffer not blind aggression is to evade the snares of foul deceit and honourably reject self-aggrandisement.|Either playerâs turn|Fight phase|Companions of Vehemence|000001091|<b>WHEN:</b> Fight phase, just before an Adeptus Astartes Infantry unit from your army Consolidates.<br><br><b>TARGET:</b> That <span class="kwb">ADEPTUS</span> <span class="kwb">ASTARTES</span> <span class="kwb">INFANTRY</span> unit.<br><br><b>EFFECT:</b> Until the end of the phase, each time a model in your unit makes a Consolidation move, it does not need to end that move closer to the closest enemy model (or the closest enemy unit if the Suffer Not the Unclean to Live Vow is active for it).|
SM|HERESY BEGETS RETRIBUTION|000010393006|Companions of Vehemence â Strategic Ploy Stratagem|1|Where enemies dare threaten the warriors of the God-Emperor or seek to escape their deserved death, there must be swift retribution.|Opponentâs turn|Movement phase|Companions of Vehemence|000001091|<b>WHEN:</b> Your opponentâs Movement phase, just after an enemy unit ends a Normal, Advance or Fall Back move.<br><br><b>TARGET:</b> One Chaplain or Judiciar unit from your army that is within 9" of that enemy unit and is not within Engagement Range of one or more enemy units.<br><br><b>EFFECT:</b> Your unit can make a Retribution move. To do so, roll one D6: models in your unit move a number of inches up to the result, but your unit must end that move as close as possible to the closest enemy unit (excluding <span class="kwb">AIRCRAFT</span>). When doing so, those models can be moved within Engagement Range of that enemy unit.|
SM|DREAD CRUSADERS|000010393007|Companions of Vehemence â Strategic Ploy Stratagem|1|To face the Emperor's transhuman crusaders as they chant their litanies of detestation can chill the soul.|Opponentâs turn|Charge phase|Companions of Vehemence|000001091|<b>WHEN:</b> Your opponentâs Charge phase, just after an enemy unit declares a charge.<br><br><b>TARGET:</b> One Adeptus Astartes Infantry unit from your army that was selected as one of the targets of that charge.<br><br><b>EFFECT:</b> That enemy unit must take a Battle-shock test, subtracting 1 from the result.|
SM|DEATH ON THE WIND|000008779005|Company Of Hunters â Battle Tactic Stratagem|1|The Ravenwing employ shock tactics and focussed firepower to tear bloody paths through the enemy ranks, shattering resistance and clearing the way to their true quarry.|Your turn|Shooting phase|Company of Hunters|000000836|<b>WHEN:</b> Your Shooting phase.<br><br><b>TARGET:</b> One Ravenwing unit from your army that has just shot.<br><br><b>EFFECT:</b> Select one enemy unit that was hit by one or more of those attacks. That unit must take a Battle-shock test. When doing so, if one or more <span class="kwb">RAVENWING</span> units from your army are within 6" of that enemy unit, subtract 1 from the test.|
SM|ARMOUR OF CONTEMPT|000008779003|Company Of Hunters â Battle Tactic Stratagem|1|The belligerence of the Adeptus Astartes combined with their post-human physiology makes them unyielding foes to face.|Either playerâs turn|Shooting or Fight phase|Company of Hunters|000000836|<b>WHEN:</b> Your opponentâs Shooting phase or the Fight phase, just after an enemy unit has selected its targets.<br><br><b>TARGET:</b> One <span class="kwb">ADEPTUS</span> <span class="kwb">ASTARTES</span> unit from your army that was selected as the target of one or more of the attacking unitâs attacks.<br><br><b>EFFECT:</b> Until the attacking unit has finished making its attacks, each time an attack targets your unit, worsen the Armour Penetration characteristic of that attack by 1.|
SM|HIGH-SPEED FOCUS|000008779006|Company Of Hunters â Battle Tactic Stratagem|1|Even when travelling at breakneck pace, the Ravenwing control their vehicles with consummate skill and are able to jink and dodge around incoming enemy fire.|Opponentâs turn|Shooting phase|Company of Hunters|000000836|<b>WHEN:</b> Your opponentâs Shooting phase, just after an enemy unit has selected its targets.<br><br><b>TARGET:</b> One Ravenwing unit from your army that was selected as the target of one or more of the attacking unitâs attacks.<br><br><b>EFFECT:</b> Until the end of the phase, each time an attack targets your unit, subtract 1 from the Hit roll.|
SM|RAPID REAPPRAISAL|000008779007|Company Of Hunters â Battle Tactic Stratagem|1|The Ravenwing scan and analyse their foesâ strategic dispositions constantly, augury and aerial surveillance helping to watch that no quarry slips their closing net. They are quick to redirect combat assets should such a risk present itself|Opponentâs turn|Fight phase|Company of Hunters|000000836|<b>WHEN:</b> End of your opponentâs Fight phase.<br><br><b>TARGET:</b> One Ravenwing unit from your army that is not within Engagement Range of one or more enemy units.<br><br><b>EFFECT:</b> Remove your unit from the battlefield and place it into Strategic Reserves.|
SM|HUNTERSâ TRAIL|000008779002|Company Of Hunters â Strategic Ploy Stratagem|1|Using augur beacons, servo-skulls and the like, the Ravenwing mark locations they have passed through and cleansed of foes, laying a trial their fellows can follow on the hunt.|Either playerâs turn|Command phase|Company of Hunters|000000836|<b>WHEN:</b> Command phase.<br><br><b>TARGET:</b> One Ravenwing Mounted unit from your army that is within range of an objective marker you control.<br><br><b>EFFECT:</b> That objective marker remains under your control, even if you have no models within range of it, until your opponent controls it at the start or end of any turn.|
SM|TALON STRIKE|000008779004|Company Of Hunters â Strategic Ploy Stratagem|1|Be it their true quarry or simply one who possesses knowledge that will lead them to their apprehension, when the Ravenwing strike at a priority target they do so with unmerciful surety.|Either playerâs turn|Shooting or Fight phase|Company of Hunters|000000836|<b>WHEN:</b> Your Shooting phase or the Fight phase. <br><br><b>TARGET:</b> One Ravenwing Mounted unit from your army that has not been selected to shoot or fight this phase.<br><br><b>EFFECT:</b> Until the end of the phase, each time a model in your unit makes an attack that targets an <span class="kwb">INFANTRY</span> <span class="kwb">CHARACTER</span> or <span class="kwb">MOUNTED</span> <span class="kwb">CHARACTER</span> unit, add 1 to the Wound roll.|
SM|ARMOUR OF CONTEMPT|000010461002|Emperor's Shield â Battle Tactic Stratagem|1|The belligerence of the Adeptus Astartes combined with their post-human physiology makes them unyielding foes to face.|Either playerâs turn|Shooting or Fight phase|Emperorâs Shield|000001103|<b>WHEN:</b> Your opponentâs Shooting phase or the Fight phase, just after an enemy unit has selected its targets.<br><br><b>TARGET:</b> One <span class="kwb">ADEPTUS</span> <span class="kwb">ASTARTES</span> unit from your army that was selected as the target of one or more of the attacking unitâs attacks.<br><br><b>EFFECT:</b> Until the attacking unit has finished making its attacks, each time an attack targets your unit, worsen the Armour Penetration characteristic of that attack by 1.|
SM|DISCIPLINED EXTERMINATION|000010461006|Emperor's Shield â Battle Tactic Stratagem|1|Masters of bolter drill, the Imperial Fists utilise precise fire patterns to scour their enemies from hiding places and fell them in droves.|Your turn|Shooting phase|Emperorâs Shield|000001103|<b>WHEN:</b> Your Shooting phase.<br><br><b>TARGET:</b> One Adeptus Astartes Terminator, Bladeguard Veteran Squad, Sternguard Veteran Squad or Vanguard Veteran Squad unit from your army that has not been selected to shoot this phase.<br><br><b>EFFECT:</b> Until the end of the phase, ranged weapons equipped by models in your unit have the [IGNORES COVER] ability and improve the Armour Penetration characteristic of such weapons by 1.|
SM|FURY OF THE FIRST|000010461003|Emperor's Shield â Battle Tactic Stratagem|1|Losses only serve to stoke the fiery wrath of the Imperial Fists and increase their resolve.|Either playerâs turn|Shooting or Fight phase|Emperorâs Shield|000001103|<b>WHEN:</b> Your Shooting phase or the Fight phase.<br><br><b>TARGET:</b> One Adeptus Astartes Terminator, Bladeguard Veteran Squad, Sternguard Veteran Squad or Vanguard Veteran Squad unit from your army that has not been selected to shoot or fight this phase.<br><br><b>EFFECT:</b> Until the end of the phase, each time a model in your unit makes an attack, add 1 to the Hit roll. If your unit is below its Starting Strength, add 1 to the Wound roll as well.|
SM|OBDURATE VENGEANCE|000010461004|Emperor's Shield â Battle Tactic Stratagem|1|Even when established wisdom favours retreat, the Imperial Fists remain defiant. Stubborn to the last, they would give their lives in the name of honour and the destruction of their foes.|Either playerâs turn|Fight phase|Emperorâs Shield|000001103|<b>WHEN:</b> Fight phase, just after an enemy unit has selected its targets.<br><br><b>TARGET:</b> One Adeptus Astartes Terminator, Bladeguard Veteran Squad, Sternguard Veteran Squad or Vanguard Veteran Squad unit from your army that was selected as the target of one or more of the attacking unitâs attacks.<br><br><b>EFFECT:</b> Until the end of the phase, each time a model in your unit is destroyed, if that model has not fought this phase, roll one D6: on a 3+, do not remove it from play. The destroyed model can fight after the attacking unit has finished making its attacks, and is then removed from play.|
SM|DROPSHIP EXTRACTION|000010461007|Emperor's Shield â Battle Tactic Stratagem|1|Making use of a lull in fighting, Terminator squads pull back from the front line, boarding airborne transports and withdrawing to prepare their next assault.|Opponentâs turn|Fight phase|Emperorâs Shield|000001103|<b>WHEN:</b> End of your opponentâs Fight phase.<br><br><b>TARGET:</b> One Adeptus Astartes Terminator unit from your army. You cannot target a unit that is within Engagement Range of one or more enemy units.<br><br><b>EFFECT:</b> Remove your unit from the battlefield and place it into Strategic Reserves.|
SM|WRATHFUL CONQUERORS|000010461005|Emperor's Shield â Strategic Ploy Stratagem|1|The battle-brothers of the Imperial Fists 1st Company advance with merciless efficiency, eliminating all resistance and staking the Emperorâs claim.|Your turn|Movement phase|Emperorâs Shield|000001103|<b>WHEN:</b> Your Movement phase.<br><br><b>TARGET:</b> One Adeptus Astartes Terminator, Bladeguard Veteran Squad, Sternguard Veteran Squad or Vanguard Veteran Squad unit from your army within range of an objective marker you control.<br><br><b>EFFECT:</b> That objective marker remains under your control, even if you have no models within range of it, until your opponent controls it at the start or end of any phase.|
SM|IMMOLATION PROTOCOLS|000008483005|Firestorm Assault Force â Battle Tactic Stratagem|2|Salvo after salvo of burning promethium unleashed in synchronised waves will leave almost any foe as smouldering ash.|Your turn|Shooting phase|Firestorm Assault Force|000000795|<b>WHEN:</b> Your Shooting phase.<br><br><b>TARGET:</b> One <span class="kwb">ADEPTUS</span> <span class="kwb">ASTARTES</span> unit from your army that has not been selected to shoot this phase.<br><br><b>EFFECT:</b> Until the end of the phase, Torrent weapons equipped by models in that unit have the [DEVASTATING WOUNDS] ability.|
SM|ONSLAUGHT OF FIRE|000008483006|Firestorm Assault Force â Battle Tactic Stratagem|1|Armed with targeting data supplied by their transport's augury gheists, warriors erupt from the assault ramps with weapons blazing in ruthless eradication patterns.|Your turn|Shooting phase|Firestorm Assault Force|000000795|<b>WHEN:</b> Your Shooting phase.<br><br><b>TARGET:</b> One <span class="kwb">ADEPTUS</span> <span class="kwb">ASTARTES</span> unit from your army that disembarked from a <span class="kwb">TRANSPORT</span> this turn and has not been selected to shoot this phase.<br><br><b>EFFECT:</b> Until the end of the phase, each time a model in your unit makes a ranged attack that targets the closest eligible target within 12", add 1 to the Hit roll. If one or more enemy models are destroyed as the result of any of those attacks, select one of those destroyed models; that destroyed modelâs unit must take a Battle-shock test.|
SM|BURNING VENGEANCE|000008483007|Firestorm Assault Force â Battle Tactic Stratagem|1|To open fire on warriors of a Firestorm Assault Force is merely to invite oneâs own swift destruction.|Opponentâs turn|Shooting phase|Firestorm Assault Force|000000795|<b>WHEN:</b> Your opponentâs Shooting phase, just after an enemy unit has resolved its attacks.<br><br><b>TARGET:</b> One ADEPTUS ASTARTES TRANSPORT unit from your army that was selected as the target of one or more of the attacking unitâs attacks.<br><br><b>EFFECT:</b> One unit embarked within that <span class="kwb">TRANSPORT</span> can disembark as if it were your Movement phase, and can then shoot as if it were your Shooting phase, but must target only that enemy unit when doing so, and can only do so if that enemy unit is an eligible target.|
SM|CRUCIBLE OF BATTLE|000008483003|Firestorm Assault Force â Battle Tactic Stratagem|1|Only where the enemy can be faced eye to eye can a Space Marine be truly tested.|Either playerâs turn|Shooting or Fight phase|Firestorm Assault Force|000000795|<b>WHEN:</b> Your Shooting phase or the Fight phase.<br><br><b>TARGET:</b> One ADEPTUS ASTARTES INFANTRY unit from your army that has not been selected to shoot or fight this phase.<br><br><b>EFFECT:</b> Until the end of the phase, each time a model in your unit makes an attack that targets the closest eligible target within 6", add 1 to the Wound roll.|
SM|ARMOUR OF CONTEMPT|000008483002|Firestorm Assault Force â Battle Tactic Stratagem|1|The belligerence of the Adeptus Astartes combined with their post-human physiology makes them unyielding foes to face.|Either playerâs turn|Shooting or Fight phase|Firestorm Assault Force|000000795|<b>WHEN:</b> Your opponentâs Shooting phase or the Fight phase, just after an enemy unit has selected its targets.<br><br><b>TARGET:</b> One <span class="kwb">ADEPTUS</span> <span class="kwb">ASTARTES</span> unit from your army that was selected as the target of one or more of the attacking unitâs attacks.<br><br><b>EFFECT:</b> Until the attacking unit has finished making its attacks, each time an attack targets your unit, worsen the Armour Penetration characteristic of that attack by 1.|
SM|RAPID EMBARKATION|000008483004|Firestorm Assault Force â Strategic Ploy Stratagem|1|No time can be wasted in punishing the Emperor's foes. Many are those that deserve death and once one enemy is vanquished, soon must another follow.|Either playerâs turn|Fight phase|Firestorm Assault Force|000000795|<b>WHEN:</b> End of the Fight phase.<br><br><b>TARGET:</b> One ADEPTUS ASTARTES TRANSPORT unit from your army that has no models embarked within it, and one ADEPTUS ASTARTES INFANTRY unit from your army wholly within 6" of that <span class="kwb">TRANSPORT</span>.<br><br><b>EFFECT:</b> Your <span class="kwb">INFANTRY</span> unit can embark within that <span class="kwb">TRANSPORT</span>.<br><br><b>RESTRICTIONS:</b> You cannot target an <span class="kwb">INFANTRY</span> unit that is within Engagement Range of one or more enemy units, that cannot normally embark within that <span class="kwb">TRANSPORT</span>, or that disembarked from a <span class="kwb">TRANSPORT</span> this turn.|
SM|CRUCIBLE OF BATTLE|000010369003|Forgefatherâs Seekers â Battle Tactic Stratagem|1|Only where the enemy can be faced eye to eye can a Space Marine be truly tested.|Either playerâs turn|Shooting or Fight phase|Forgefatherâs Seekers|000001086|<b>WHEN:</b> Your Shooting phase or the Fight phase.<br><br><b>TARGET:</b> One Adeptus Astartes Infantry unit from your army that has not been selected to shoot or fight this phase.<br><br><b>EFFECT:</b> Until the end of the phase, each time a model in your unit makes an attack that targets the closest eligible target within 6", add 1 to the Wound roll.|
SM|BURNING VENGEANCE|000010369006|Forgefatherâs Seekers â Battle Tactic Stratagem|1|To open fire on warriors of the Salamanders is merely to invite oneâs own swift destruction.|Opponentâs turn|Shooting phase|Forgefatherâs Seekers|000001086|<b>WHEN:</b> Your opponentâs Shooting phase, just after an enemy unit has shot.<br><br><b>TARGET:</b> One Adeptus Astartes Transport unit from your army that was selected as the target of one or more of the attacking unitâs attacks.<br><br><b>EFFECT:</b> One unit embarked within that <span class="kwb">TRANSPORT</span> can disembark as if it were your Movement phase, and can then shoot as if it were your Shooting phase, but must target only that enemy unit when doing so, and can only do so if that enemy unit is an eligible target.|
SM|IMMOLATION PROTOCOLS|000010369005|Forgefatherâs Seekers â Battle Tactic Stratagem|2|Salvo after salvo of burning promethium unleashed in synchronised waves will leave almost any foe as smouldering ash.|Your turn|Shooting phase|Forgefatherâs Seekers|000001086|<b>WHEN:</b> Your Shooting phase.<br><br><b>TARGET:</b> One <span class="kwb">ADEPTUS</span> <span class="kwb">ASTARTES</span> unit from your army that has not been selected to shoot this phase.<br><br><b>EFFECT:</b> Until the end of the phase, Torrent weapons equipped by models in your unit have the [DEVASTATING WOUNDS] ability.|
SM|ARMOUR OF CONTEMPT|000010369002|Forgefatherâs Seekers â Battle Tactic Stratagem|1|The belligerence of the Adeptus Astartes combined with their post-human physiology makes them unyielding foes to face.|Either playerâs turn|Shooting or Fight phase|Forgefatherâs Seekers|000001086|<b>WHEN:</b> Your opponentâs Shooting phase or the Fight phase, just after an enemy unit has selected its targets.<br><br><b>TARGET:</b> One <span class="kwb">ADEPTUS</span> <span class="kwb">ASTARTES</span> unit from your army that was selected as the target of one or more of the attacking unitâs attacks.<br><br><b>EFFECT:</b> Until the attacking unit has finished making its attacks, each time an attack targets your unit, worsen the Armour Penetration characteristic of that attack by 1.|
SM|BLAZING EARTH|000010369007|Forgefatherâs Seekers â Strategic Ploy Stratagem|1|When faced with an onrushing horde, the Forgefatherâs warriors set fire to the earth beneath their feet, impeding their advance and throwing them into confusion.|Opponentâs turn|Charge phase|Forgefatherâs Seekers|000001086|<b>WHEN:</b> Start of your opponentâs Charge phase.<br><br><b>TARGET:</b> One <span class="kwb">ADEPTUS</span> <span class="kwb">ASTARTES</span> unit from your army equipped with one or more Torrent weapons.<br><br><b>EFFECT:</b> Select one enemy unit (excluding <span class="kwb">MONSTERS</span> and <span class="kwb">VEHICLES</span> and units with the <span class="kwb">FLY</span> keyword) within 12" of and visible to your unit. Until the end of the phase, each time that enemy unit declares a charge, subtract 2 from the Charge roll (this is not cumulative with any other negative modifiers to that Charge roll).|
SM|WRATHFUL INFERNO|000010369004|Forgefatherâs Seekers â Strategic Ploy Stratagem|1|The enemy has closed with your warriors. Now you have them precisely where you want them. Unleash upon them the fires of damnation.|Your turn|Movement phase|Forgefatherâs Seekers|000001086|<b>WHEN:</b> Your Movement phase, just after an Adeptus Astartes Infantry unit from your army Falls Back.<br><br><b>TARGET:</b> That unit.<br><br><b>EFFECT:</b> Until the end of the turn, your unit is eligible to shoot in a turn in which it Fell Back.|
SM|ARMOUR OF CONTEMPT|000008352002|Gladius Task Force â Battle Tactic Stratagem|1|The belligerence of the Adeptus Astartes combined with their post-human physiology makes them unyielding foes to face.|Either playerâs turn|Shooting or Fight phase|Gladius Task Force|000000750|<b>WHEN:</b> Your opponentâs Shooting phase or the Fight phase, just after an enemy unit has selected its targets.<br><br><b>TARGET:</b> One <span class="kwb">ADEPTUS</span> <span class="kwb">ASTARTES</span> unit from your army that was selected as the target of one or more of the attacking unitâs attacks.<br><br><b>EFFECT:</b> Until the attacking unit has finished making its attacks, each time an attack targets your unit, worsen the Armour Penetration characteristic of that attack by 1.|
SM|HONOUR THE CHAPTER|000008352004|Gladius Task Force â Battle Tactic Stratagem|1|Every Chapter has forged its own tales of heroism, and none of its battle-brothers would see that noble record besmirched.|Either playerâs turn|Fight phase|Gladius Task Force|000000750|<b>WHEN:</b> Fight phase.<br><br><b>TARGET:</b> One <span class="kwb">ADEPTUS</span> <span class="kwb">ASTARTES</span> unit from your army.<br><br><b>EFFECT:</b> Until the end of the phase, melee weapons equipped by models in your unit have the [LANCE] ability. If your unit is under the effects of the Assault Doctrine, until the end of the phase, improve the Armour Penetration characteristic of such weapons by 1 as well.|
SM|STORM OF FIRE|000008352006|Gladius Task Force â Battle Tactic Stratagem|1|There is no escaping the wrath of the Space Marines, and they use their weapons to bring swift death to their foes wherever they may hide.|Your turn|Shooting phase|Gladius Task Force|000000750|<b>WHEN:</b> Your Shooting phase.<br><br><b>TARGET:</b> One <span class="kwb">ADEPTUS</span> <span class="kwb">ASTARTES</span> unit from your army that has not been selected to shoot this phase.<br><br><b>EFFECT:</b> Until the end of the phase, ranged weapons equipped by models in your unit have the [IGNORES COVER] ability. If your unit is under the effects of the Devastator Doctrine, until the end of the phase, improve the Armour Penetration characteristic of such weapons by 1 as well.|
SM|ONLY IN DEATH DOES DUTY END|000008352003|Gladius Task Force â Epic Deed Stratagem|2|Imminent death does not prevent a Space Marine from enacting his final justice upon the enemies of the Imperium.|Either playerâs turn|Fight phase|Gladius Task Force|000000750|<b>WHEN:</b> Fight phase, just after an enemy unit has selected its targets.<br><br><b>TARGET:</b> One <span class="kwb">ADEPTUS</span> <span class="kwb">ASTARTES</span> unit from your army that was selected as the target of one or more of the attacking unitâs attacks.<br><br><b>EFFECT:</b> Until the end of the phase, each time a model in your unit is destroyed, if that model has not fought this phase, do not remove it from play. The destroyed model can fight after the attacking modelâs unit has finished making its attacks, and is then removed from play.|
SM|ADAPTIVE STRATEGY|000008352005|Gladius Task Force â Strategic Ploy Stratagem|1|The tenets of the Codex Astartes allow for unorthodox use of combat tactics and the employment of divergent strategic doctrines if doing so will lead to victory.|Your turn|Command phase|Gladius Task Force|000000750|<b>WHEN:</b> Your Command phase.<br><br><b>TARGET:</b> One <span class="kwb">ADEPTUS</span> <span class="kwb">ASTARTES</span> unit from your army.<br><br><b>EFFECT:</b> Select the Devastator Doctrine, Tactical Doctrine or Assault Doctrine. Until the start of your next Command phase, that Combat Doctrine is active for that unit instead of any other Combat Doctrine that is active for your army, even if you have already selected that doctrine this battle.|
SM|SQUAD TACTICS|000008352007|Gladius Task Force â Strategic Ploy Stratagem|1|Space Marines know precisely when to give ground in order to leave their enemies floundering, before surging back into the fight and driving them from the field in disarray.|Opponentâs turn|Movement phase|Gladius Task Force|000000750|<b>WHEN:</b> Your opponentâs Movement phase, just after an enemy unit ends a Normal, Advance or Fall Back move.<br><br><b>TARGET:</b> One Adeptus Astartes Infantry or Adeptus Astartes Mounted unit from your army that is within 9" of the enemy unit that just ended that move.<br><br><b>EFFECT:</b> Your unit can make a Normal move of up to D6", or a Normal move of up to 6" instead if it is under the effects of the Tactical Doctrine.<br><br><b>RESTRICTIONS:</b> You cannot select a unit that is within Engagement Range of one or more enemy units.|
SM|BLESSED HULL|000010401007|Godhammer Assault Force â Battle Tactic Stratagem|2|Their hulls blessed by the chants of Techmarines and their prayer-servitors, a crusadeâs war engines can be entreated to withstand the most malign attacks.|Opponentâs turn|Shooting phase|Godhammer Assault Force|000001093|<b>WHEN:</b> Your opponentâs Shooting phase, just after an enemy unit has selected its targets.<br><br><b>TARGET:</b> One Adeptus Astartes Vehicle unit from your army that was selected as the target of one or more of the attacking unitâs attacks.<br><br><b>EFFECT:</b> Until the end of the phase, each time an attack is allocated to a model in your unit, subtract 1 from the Damage characteristic of that attack.|
SM|CONDEMNATORY INFO-SCREED|000010401006|Godhammer Assault Force â Battle Tactic Stratagem|1|Prepared within their troop compartment by a broadcast litany of their foe's ungodly sins, the crusaders emerge with their hearts full of hatred.|Your turn|Fight phase|Godhammer Assault Force|000001093|<b>WHEN:</b> Your Fight phase.<br><br><b>TARGET:</b> One <span class="kwb">ADEPTUS</span> <span class="kwb">ASTARTES</span> unit from your army that has not been selected to fight this phase.<br><br><b>EFFECT:</b> Until the end of the phase, each time a model in your unit makes an attack, if it disembarked from a Transport this turn, re-roll a Wound roll of 1. If that <span class="kwb">TRANSPORT</span> has the Land Raider keyword, you can re-roll the Wound roll instead.|
SM|FOCUSED HATRED|000010401005|Godhammer Assault Force â Strategic Ploy Stratagem|1|Surging from assault ramps, the Black Templars let none bar them from the most unholy threats, using their armoured might to bludgeon a path into battle.|Your turn|Charge phase|Godhammer Assault Force|000001093|<b>WHEN:</b> Your Charge phase, just after you make a Charge roll for an <span class="kwb">ADEPTUS</span> <span class="kwb">ASTARTES</span> unit from your army that disembarked from a Transport this turn.<br><br><b>TARGET:</b> That <span class="kwb">ADEPTUS</span> <span class="kwb">ASTARTES</span> unit.<br><br><b>EFFECT:</b> Until the end of the phase, each time your unit makes a Charge move, models in your unit can move through models (when doing so, its models can move within Engagement Range of enemy models, but they can only end that move within Engagement Range of enemy models if those enemy models belong to a unit that your unit declared a charge against this turn).|
SM|GAUNTLET OF THE GOD-EMPEROR|000010401004|Godhammer Assault Force â Strategic Ploy Stratagem|1|Like the mailed fist of the Master of Mankind, the crusade's armoured battle tanks, transports and combat walkers smash their way through choked war zones to reach those deserving execution.|Your turn|Movement phase|Godhammer Assault Force|000001093|<b>WHEN:</b> Your Movement phase.<br><br><b>TARGET:</b> One Adeptus Astartes Vehicle model from your army that has not been selected to move this phase.<br><br><b>EFFECT:</b> Until the end of the phase, each time your model makes a Normal or Advance move, it can move horizontally through terrain features.|
SM|UNCOMPROMISING EGRESS|000010401003|Godhammer Assault Force â Strategic Ploy Stratagem|1|Little can threaten to overwhelm the venerable Land Raider. Its multiple, hydraulically augmented assault ramps slam into closing aggressors, enabling its deadly cargo to deploy quickly.|Your turn|Movement phase|Godhammer Assault Force|000001093|<b>WHEN:</b> Your Movement phase.<br><br><b>TARGET:</b> One Land Raider model from your army that has not been selected to move this phase.<br><br><b>EFFECT:</b> One <span class="kwb">ADEPTUS</span> <span class="kwb">ASTARTES</span> unit embarked within your <span class="kwb">LAND</span> <span class="kwb">RAIDER</span> can disembark. When doing so, models in that unit can be set up anywhere on the battlefield wholly within 6" of your <span class="kwb">LAND</span> <span class="kwb">RAIDER</span> and can be set up within Engagement Range of one or more enemy units.|
SM|A CEASELESS CAUSE|000010401002|Godhammer Assault Force â Strategic Ploy Stratagem|1|There is no room for hesitation or exultation for the Black Templars. With one knot of blasphemy expunged, the crusaders surge in search of the next.|Either playerâs turn|Fight phase|Godhammer Assault Force|000001093|<b>WHEN:</b> End of the Fight phase.<br><br><b>TARGET:</b> One Adeptus Astartes Infantry unit from your army that was eligible to fight this phase.<br><br><b>EFFECT:</b> If your unit is not within Engagement Range of one or more enemy units, it can make a Normal move of up to 6". It cannot embark within a Transport at the end of this move if it disembarked from a <span class="kwb">TRANSPORT</span> this turn.|
SM|ARMOUR OF CONTEMPT|000010624002|Hammer of Avernii â Battle Tactic Stratagem|1|The belligerence of the Adeptus Astartes combined with their post-human physiology makes them unyielding foes to face.|Either playerâs turn|Shooting or Fight phase|Hammer of Avernii|000001118|<b>WHEN:</b> Your opponentâs Shooting phase or the Fight phase, just after an enemy unit has selected its targets.<br><br><b>TARGET:</b> One <span class="kwb">ADEPTUS</span> <span class="kwb">ASTARTES</span> unit from your army that was selected as the target of one or more of the attacking unitâs attacks.<br><br><b>EFFECT:</b> Until the attacking unit has finished making its attacks, each time an attack targets your unit, worsen the Armour Penetration characteristic of that attack by 1.|
SM|AUGMETIC FORTITUDE|000010624006|Hammer of Avernii â Battle Tactic Stratagem|1|Gene-wrought flesh reinforced by hardened augmetics and adamantine armour, the warriors of Clan Company Avernii exhibit nigh-supernatural resilience.|Opponentâs turn|Charge phase|Hammer of Avernii|000001118|<b>WHEN:</b> Your opponentâs Charge phase, just after an enemy unit ends a Charge move.<br><br><b>TARGET:</b> One Adeptus Astartes Terminator, Bladeguard Veteran Squad, Sternguard Veteran Squad or Vanguard Veteran Squad unit from your army within Engagement Range of that enemy unit.<br><br><b>EFFECT:</b> Until the end of the turn, each time an attack is allocated to a model in your unit, subtract 1 from the Damage characteristic of that attack.|
SM|RUTHLESS BUTCHERY|000010624003|Hammer of Avernii â Battle Tactic Stratagem|1|The Iron Hands elite kill with machine-like relentlessness, and the tempo of slaughter only increases if they have losses of their own to avenge.|Either playerâs turn|Fight phase|Hammer of Avernii|000001118|<b>WHEN:</b> Your Shooting phase or the Fight phase.<br><br><b>TARGET:</b> One Adeptus Astartes Dreadnought, Terminator, Bladeguard Veteran Squad, Sternguard Veteran Squad or Vanguard Veteran Squad unit from your army that has not been selected to shoot or fight this phase.<br><br><b>EFFECT:</b> Until the end of the phase, each time a model in your unit makes an attack, add 1 to the Hit roll. If your unit is below Starting Strength, add 1 to the Wound roll as well.|
SM|DROPSHIP EXTRACTION|000010624007|Hammer of Avernii â Strategic Ploy Stratagem|1|Terminators withdraw from the fight during a lull, board airborne transports and prepare their next assault.|Opponentâs turn|Fight phase|Hammer of Avernii|000001118|<b>WHEN:</b> End of your opponentâs Fight phase.<br><br><b>TARGET:</b> One Adeptus Astartes Terminator unit from your army. You cannot target a unit that is within Engagement Range of one or more enemy units.<br><br><b>EFFECT:</b> Remove your unit from the battlefield and place it into Strategic Reserves.|
SM|COGITATED FEROCITY|000010624005|Hammer of Avernii â Strategic Ploy Stratagem|1|Running endless up-to-the-second cogitations of their foesâ weak spots and vulnerabilities, Avernii veterans place every blow with punishing precision. |Your turn|Fight phase|Hammer of Avernii|000001118|<b>WHEN:</b> Your Fight phase.<br><br><b>TARGET:</b> One Adeptus Astartes Dreadnought, Terminator, Bladeguard Veteran Squad, Sternguard Veteran Squad or Vanguard Veteran Squad unit from your army that has not been selected to fight this phase.<br><br><b>EFFECT:</b> Select either the [SUSTAINED HITS 1] or [LETHAL HITS] abilities. Until the end of the phase, melee weapons equipped by models in your unit have the selected ability.|
SM|DOMINATOR BEACON|000010624004|Hammer of Avernii â Strategic Ploy Stratagem|1|These custom-built servo-skulls detach from augmetic tethers as the Iron Hands pass, settling into sentry patterns around vital strategic sites.|Your turn|Movement phase|Hammer of Avernii|000001118|<b>WHEN:</b> Your Movement phase.<br><br><b>TARGET:</b> One Adeptus Astartes Dreadnought, Terminator, Bladeguard Veteran Squad, Sternguard Veteran Squad or Vanguard Veteran Squad unit from your army within range of an objective marker you control.<br><br><b>EFFECT:</b> That objective marker remains under your control, even if you have no models within range of it, until your opponent controls it at the end of a phase.|
SM|UNMATCHED FORTITUDE|000008775007|Inner Circle Task Force â Battle Tactic Stratagem|1|In the name of their oaths to Chapter, Primarch and Emperor, the Deathwing march into the fiercest firestorms and refuse to falter.|Opponentâs turn|Shooting phase|Inner Circle Task Force|000000835|<b>WHEN:</b> Your opponentâs Shooting phase, just after an enemy unit has selected its targets.<br><br><b>TARGET:</b> One Deathwing Infantry unit from your army that was selected as the target of one or more of the attacking unitâs attacks.<br><br><b>EFFECT:</b> Until the end of the phase, each time an attack targets your unit, if the Strength characteristic of that attack is greater than your unitâs Toughness characteristic, subtract 1 from the Wound roll.|
SM|ARMOUR OF CONTEMPT|000008775002|Inner Circle Task Force â Battle Tactic Stratagem|1|The belligerence of the Adeptus Astartes combined with their post-human physiology makes them unyielding foes to face.|Either playerâs turn|Shooting or Fight phase|Inner Circle Task Force|000000835|<b>WHEN:</b> Your opponentâs Shooting phase or the Fight phase, just after an enemy unit has selected its targets.<br><br><b>TARGET:</b> One <span class="kwb">ADEPTUS</span> <span class="kwb">ASTARTES</span> unit from your army that was selected as the target of one or more of the attacking unitâs attacks.<br><br><b>EFFECT:</b> Until the attacking unit has finished making its attacks, each time an attack targets your unit, worsen the Armour Penetration characteristic of that attack by 1.|
SM|MARTIAL MASTERY|000008775003|Inner Circle Task Force â Epic Deed Stratagem|1|The warriors of the Deathwing fight with the honed skill and lethality of knightly champions.|Either playerâs turn|Fight phase|Inner Circle Task Force|000000835|<b>WHEN:</b> Fight phase.<br><br><b>TARGET:</b> One Deathwing Infantry unit from your army that has not been selected to fight this phase.<br><br><b>EFFECT:</b> Until the end of the phase, each time a model in your unit makes an attack, re-roll a Wound roll of 1. If your unit is within range of your Vowed objective marker, you can re-roll the Wound roll instead.|
SM|WRATH OF THE LION|000008775006|Inner Circle Task Force â Epic Deed Stratagem|1|Channelling the strategic puissance and measured ferocity of their gene-sire, the veterans of the Unforgiven unleash a perfectly timed and utterly lethal storm of tightly controlled violence.|Your turn|Charge phase|Inner Circle Task Force|000000835|<b>WHEN:</b> Your Charge phase.<br><br><b>TARGET:</b> One Deathwing INFANTRY unit from your army that just ended a Charge move.<br><br><b>EFFECT:</b> Select one enemy unit within Engagement Range of your unit and roll one D6 for each model in your unit, adding 1 to the result if that enemy unit is within range of your Vowed objective marker: for each 4+, that enemy unit suffers 1 mortal wound (to a maximum of 3 mortal wounds).|
SM|DUTY UNTO DEATH|000008775004|Inner Circle Task Force â Strategic Ploy Stratagem|1|So driven by duty are the veterans of the Unforgiven that even death cannot keep them from it.|Either playerâs turn|Fight phase|Inner Circle Task Force|000000835|<b>WHEN:</b> Fight phase, just after an enemy unit has selected its targets.<br><br><b>TARGET:</b> One Deathwing unit from your army that was selected as the target of one or more of the attacking unitâs attacks.<br><br><b>EFFECT:</b> Until the end of the phase, each time a model in your unit is destroyed, if that model has not fought this phase, roll one D6, adding 1 if your unit is within range of your Vowed objective marker. On a 4+, do not remove the destroyed model from play; it can fight after the attacking unit has finished making its attacks, and is then removed from play.|
SM|RELIC TELEPORTARIUM|000008775005|Inner Circle Task Force â Strategic Ploy Stratagem|1|The Deathwing employ ancient and incredibly powerful teleportariums, some older than the Great Crusade, to strike at their foes with unparalleled safety and accuracy.|Your turn|Movement phase|Inner Circle Task Force|000000835|<b>WHEN:</b> Your Movement phase.<br><br><b>TARGET:</b> One Deathwing unit from your army that is arriving using the Deep Strike ability this phase. <br><br><b>EFFECT:</b> Your unit can be set up anywhere on the battlefield that is more than 6" horizontally away from all enemy models.<br><br><b>RESTRICTIONS:</b> Until the end of the turn, your unit is not eligible to declare a charge.|
SM|MERCY IS WEAKNESS|000008479004|Ironstorm Spearhead â Battle Tactic Stratagem|2|Once a foe is marked for destruction, the Angels of Death must not relent until the target is annihilated.|Either playerâs turn|Shooting or Fight phase|Ironstorm Spearhead|000000794|<b>WHEN:</b> Your Shooting phase or the Fight phase.<br><br><b>TARGET:</b> One <span class="kwb">ADEPTUS</span> <span class="kwb">ASTARTES</span> unit from your army that has not been selected to shoot or fight this phase.<br><br><b>EFFECT:</b> Until the end of the phase, each time a model in your unit makes an attack that targets a unit that is below its Starting Strength, that attack has the [SUSTAINED HITS 1] ability, and when making such an attack, if the attacking model is a <span class="kwb">VEHICLE</span>, a successful unmodified Hit roll of 5+ scores a Critical Hit.|
SM|ARMOUR OF CONTEMPT|000008479003|Ironstorm Spearhead â Battle Tactic Stratagem|1|The belligerence of the Adeptus Astartes combined with their post-human physiology makes them unyielding foes to face.|Either playerâs turn|Shooting or Fight phase|Ironstorm Spearhead|000000794|<b>WHEN:</b> Your opponentâs Shooting phase or the Fight phase, just after an enemy unit has selected its targets.<br><br><b>TARGET:</b> One <span class="kwb">ADEPTUS</span> <span class="kwb">ASTARTES</span> unit from your army that was selected as the target of one or more of the attacking unitâs attacks.<br><br><b>EFFECT:</b> Until the attacking unit has finished making its attacks, each time an attack targets your unit, worsen the Armour Penetration characteristic of that attack by 1.|
SM|UNBOWED CONVICTION|000008479002|Ironstorm Spearhead â Battle Tactic Stratagem|1|Space Marines exemplify obdurate tenacity. Even injured, they will never abandon their oaths.|Either playerâs turn|Command phase|Ironstorm Spearhead|000000794|<b>WHEN:</b> Command phase.<br><br><b>TARGET:</b> One <span class="kwb">ADEPTUS</span> <span class="kwb">ASTARTES</span> unit from your army that is below its Starting Strength.<br><br><b>EFFECT:</b> Until the end of the turn, your unit can ignore any or all modifiers to its characteristics and/or to any roll or test made for it (excluding modifiers to saving throws).|
SM|POWER OF THE MACHINE SPIRIT|000008479007|Ironstorm Spearhead â Epic Deed Stratagem|1|There are many tales of machine spirits wreaking havoc on the foe, even after the crew of their vehicle are slain and critical systems are failing.|Opponentâs turn|Shooting phase|Ironstorm Spearhead|000000794|<b>WHEN:</b> Your opponentâs Shooting phase, just after an enemy unit has resolved its attacks.<br><br><b>TARGET:</b> One ADEPTUS ASTARTES VEHICLE unit from your army that was reduced to Below Half-strength as a result of the attacking unitâs attacks.<br><br><b>EFFECT:</b> Your unit can shoot as if it were your Shooting phase, but must target only that enemy unit when doing so, and can only do so if that enemy unit is an eligible target.|
SM|ANCIENT FURY|000008479006|Ironstorm Spearhead â Epic Deed Stratagem|1|The heroes entombed within Dreadnoughts have fought across countless war zones throughout their extended existences, perfecting their martial prowess beyond mortal limits.|Your turn|Command phase|Ironstorm Spearhead|000000794|<b>WHEN:</b> Your Command phase.<br><br><b>TARGET:</b> One ADEPTUS ASTARTES WALKER model from your army.<br><br><b>EFFECT:</b> Until the start of your next Command phase, improve your modelâs Move, Toughness, Leadership and Objective Control characteristics by 1 and each time your model makes an attack, add 1 to the Hit roll.|
SM|VENGEFUL ANIMUS|000008479005|Ironstorm Spearhead â Epic Deed Stratagem|1|Carefully cogitated binharic prayers can focus a machine spiritâs ire into near-obsessive hatred of its slayers, ensuring that vengeance is meted out even in death.|Either playerâs turn|Any phase|Ironstorm Spearhead|000000794|<b>WHEN:</b> Any phase, just after an ADEPTUS ASTARTES VEHICLE model from your army with the Deadly Demise ability is destroyed.<br><br><b>TARGET:</b> That <span class="kwb">ADEPTUS</span> <span class="kwb">ASTARTES</span> <span class="kwb">VEHICLE</span> model. You can use this Stratagem on that model even though it was just destroyed.<br><br><b>EFFECT:</b> Do not roll one D6 to determine whether mortal wounds are inflicted by your modelâs Deadly Demise ability. Instead, mortal wounds are automatically inflicted.|
SM|ARMOUR OF CONTEMPT|000008375003|Liberator Assault Group â Battle Tactic Stratagem|1|The belligerence of the Adeptus Astartes combined with their post-human physiology makes them unyielding foes to face.|Either playerâs turn|Shooting or Fight phase|Liberator Assault Group|000000758|<b>WHEN:</b> Your opponentâs Shooting phase or the Fight phase, just after an enemy unit has selected its targets.<br><br><b>TARGET:</b> One <span class="kwb">ADEPTUS</span> <span class="kwb">ASTARTES</span> unit from your army that was selected as the target of one or more of the attacking unitâs attacks.<br><br><b>EFFECT:</b> Until the attacking unit has finished making its attacks, each time an attack targets your unit, worsen the Armour Penetration characteristic of that attack by 1.|
SM|SAVAGE ECHOES|000008375004|Liberator Assault Group â Battle Tactic Stratagem|1|The Sons of Sanguinius may embrace the Red Thirst but for a moment, if the need arises.|Opponentâs turn|Charge phase|Liberator Assault Group|000000758|<b>WHEN:</b> Your opponentâs Charge phase.<br><br><b>TARGET:</b> One <span class="kwb">ADEPTUS</span> <span class="kwb">ASTARTES</span> unit from your army that was just charged by an enemy unit.<br><br><b>EFFECT:</b> Select either the Strength or Attacks characteristic of melee weapons equipped by models in your unit. Until the end of the turn, add 1 to the selected characteristic. You can instead choose for your unit to give in to the Red Thirst; if it does, it becomes Battle-shocked (but the effects of this Stratagem still apply to it) and until the end of the turn, add 1 to the Strength and Attacks characteristics of melee weapons equipped by models in your unit.|
SM|RED RAMPAGE|000008375005|Liberator Assault Group â Battle Tactic Stratagem|1|In times of great desperation, fury and ferocity can be a warrior's strongest allies.|Either playerâs turn|Fight phase|Liberator Assault Group|000000758|<b>WHEN:</b> Fight phase.<br><br><b>TARGET:</b> One <span class="kwb">ADEPTUS</span> <span class="kwb">ASTARTES</span> unit from your army that has not been selected to fight this phase.<br><br><b>EFFECT:</b> Select either the [LANCE] or [LETHAL HITS] abilities. Until the end of the phase, melee weapons equipped by models in your unit have the selected ability. You can instead choose for your unit to give in to the Red Thirst; if it does, then it becomes Battle-shocked (but the effects of this Stratagem still apply to it) and until the end of the phase, melee weapons equipped by models in your unit have the [LANCE] and [LETHAL HITS] abilities.|
SM|RELENTLESS ASSAULT|000008375007|Liberator Assault Group â Strategic Ploy Stratagem|1|When Blood Angels execute a tactical withdrawal it is but a prelude to a renewed assault.|Your turn|Movement phase|Liberator Assault Group|000000758|<b>WHEN:</b> Your Movement phase, just after an <span class="kwb">ADEPTUS</span> <span class="kwb">ASTARTES</span> unit from your army Falls Back.<br><br><b>TARGET:</b> That <span class="kwb">ADEPTUS</span> <span class="kwb">ASTARTES</span> unit.<br><br><b>EFFECT:</b> Until the end of the turn, your unit is eligible to either shoot or declare a charge even though it Fell Back. You can instead choose for your unit to give in to the Red Thirst; if it does, it becomes Battle-shocked (but the effects of this Stratagem still apply to it) and until the end of the turn, your unit is eligible to both shoot and declare a charge, even though it Fell Back.|
SM|ANGELIC GRACE|000008375002|Liberator Assault Group â Strategic Ploy Stratagem|1|Sanguinius' sons are blessed with the spiritual fortitude of their Primarch.|Either playerâs turn|Any phase|Liberator Assault Group|000000758|<b>WHEN:</b> Any phase, just after an <span class="kwb">ADEPTUS</span> <span class="kwb">ASTARTES</span> unit from your army has a mortal wound allocated to it.<br><br><b>TARGET:</b> That <span class="kwb">ADEPTUS</span> <span class="kwb">ASTARTES</span> unit.<br><br><b>EFFECT:</b> Until the end of the phase, models in your unit have the Feel No Pain 5+ ability against mortal wounds.|
SM|AGGRESSIVE ONSLAUGHT|000008375006|Liberator Assault Group â Strategic Ploy Stratagem|1|The Blood Angels enact a sweeping advance.|Your turn|Movement phase|Liberator Assault Group|000000758|<b>WHEN:</b> Your Movement phase, just after an Adeptus Astartes unit from your army has Advanced.<br><br><b>TARGET:</b> That <span class="kwb">ADEPTUS</span> <span class="kwb">ASTARTES</span> unit.<br><br><b>EFFECT:</b> Until the end of the turn, your unit is eligible to either shoot or declare a charge, even though it Advanced. You can instead choose for your unit to give in to the Red Thirst; if it does, it becomes Battle-shocked (but the effects of this Stratagem still apply to it) and until the end of the turn, your unit is eligible to both shoot and declare a charge, even though it Advanced.|
SM|ARMOUR OF CONTEMPT|000009791003|Librarius Conclave â Strategic Ploy Stratagem|1|The belligerence of the Adeptus Astartes combined with their post-human physiology makes them unyielding foes to face.|Either playerâs turn|Shooting or Fight phase|Librarius Conclave|000000994|<b>WHEN:</b> Your opponentâs Shooting phase or the Fight phase, just after an enemy unit has selected its targets.<br><br><b>TARGET:</b> One <span class="kwb">ADEPTUS</span> <span class="kwb">ASTARTES</span> unit from your army that was selected as the target of one or more of the attacking unitâs attacks.<br><br><b>EFFECT:</b> Until the attacking unit has finished making its attacks, each time an attack targets your unit, worsen the Armour Penetration characteristic of that attack by 1.|
SM|FIERY SHIELD|000009791004|Librarius Conclave â Strategic Ploy Stratagem|1|As the enemy closes in for the kill, the psyker manifests his psychic will in a raging inferno that obscures imperilled allies and threatens to immolate any who come close enough to land a blow upon them.|Either playerâs turn|Fight phase|Librarius Conclave|000000994|<b>WHEN:</b> Fight phase, just after an enemy unit has selected its targets.<br><br><b>TARGET:</b> One Adeptus Astartes Infantry or Adeptus Astartes Mounted unit from your army that is within 18" of one or more friendly Adeptus Astartes Psyker models, and that was selected as the target of one or more of the attacking unitâs attacks.<br><br><b>EFFECT:</b> Until the end of the phase, each time an attack targets your unit, subtract 1 from the Hit roll, and if the Pyromancy Discipline is active for your army, weapons that target your unit have the [HAZARDOUS] ability.|
SM|IRON ARM|000009791005|Librarius Conclave â Strategic Ploy Stratagem|1|This Librarian lends skull-shattering weight and impact to melee strikes by transmuting flesh into unyielding metal.|Either playerâs turn|Fight phase|Librarius Conclave|000000994|<b>WHEN:</b> Fight phase.<br><br><b>TARGET:</b> One Adeptus Astartes Infantry unit from your army that is within 18" of one or more Adeptus Astartes Psyker models from your army and has not been selected to Fight this phase.<br><br><b>EFFECT:</b> Until the end of the phase, add 1 to the Strength characteristic of melee weapons equipped by models in your unit, or add 2 if the Biomancy Discipline is active for your army.|
SM|ASSAIL|000009791006|Librarius Conclave â Strategic Ploy Stratagem|1|Using nothing but the power of his mind, a Librarian can rip rubble, boulders and other debris from the surrounding terrain and hurl them at the foe.|Your turn|Shooting phase|Librarius Conclave|000000994|<b>WHEN:</b> Your Shooting phase.<br><br><b>TARGET:</b> One Adeptus Astartes Psyker unit from your army that is eligible to shoot.<br><br><b>EFFECT:</b> Select one enemy unit within 18" of and visible to one or more <span class="kwb">PSYKER</span> models in your unit (excluding units with the Lone Operative ability), and roll six D6, adding 1 to each result if the Telekinesis Discipline is active for your army: for each 4+, that enemy unit suffers 1 mortal wound.|
SM|PRESCIENT PRECISION|000009791007|Librarius Conclave â Strategic Ploy Stratagem|1|Sharing some of his prescience with his battle-brothers, a Librarian can guide their fire.|Your turn|Shooting phase|Librarius Conclave|000000994|<b>WHEN:</b> Your Shooting phase.<br><br><b>TARGET:</b> One Adeptus Astartes Psyker unit from your army that has not been selected to shoot this phase.<br><br><b>EFFECT:</b> Until the end of the phase, each time a model in your unit makes an attack, that attack has the [LETHAL HITS] ability, and the [IGNORES COVER] ability as well if the Divination Discipline is active for your army.|
SM|SENSORY ASSAULT|000009791002|Librarius Conclave â Strategic Ploy Stratagem|1|Paranoia, confusion and panic are heightened to a debilitating degree as the Librarian alters his foesâ perceptions.|Either playerâs turn|Command phase|Librarius Conclave|000000994|<b>WHEN:</b> Command phase.<br><br><b>TARGET:</b> One Adeptus Astartes Psyker unit from your army.<br><br><b>EFFECT:</b> Select one enemy unit that is within 18" of and visible to one <span class="kwb">PSYKER</span> model in your unit. Until the start of your next turn, that enemy unit is pinned. While a unit is pinned, subtract 2 from that unitâs Move characteristic and subtract 2 from Charge rolls made for it. In addition, if the Telepathy Discipline is active for your army, that enemy unit must take a Battle-shock test, subtracting 1 from the result.|
SM|ILLUMINATING FIRE|000009734006|Lionâs Blade Task Force â Battle Tactic Stratagem|1|Ravenwing vehicles tear across the battlefield, identifying priority threats and targeting them with volleys of killing fire. The storm of blazing fury serves as a beacon for the wrathful battleâbrothers of the Inner Circle, who strive to bring final judgement to the foe.|Your turn|Shooting phase|Lionâs Blade Task Force|000000981|<b>WHEN:</b> Your Shooting phase, just after a <span class="kwb">RAVENWING</span> unit from your army has selected its targets.<br><br><b>TARGET:</b> That Ravenwing unit.<br><br><b>EFFECT:</b> Select one enemy unit within 12" of your unit that was selected as the target of one or more of the attacking unitâs attacks. Until the end of the phase, each time a friendly Deathwing unit makes an attack that targets that enemy unit, add 1 to the Wound roll.|
SM|STRENGTH IN UNITY|000009734004|Lionâs Blade Task Force â Battle Tactic Stratagem|1|Combining their specialised methods of warfare, the Ravenwing and Deathwing confound their enemies with highâspeed manoeuvrability and stalwart fortitude.|Either playerâs turn|Fight phase|Lionâs Blade Task Force|000000981|<b>WHEN:</b> Fight phase, just after an enemy unit has selected its targets.<br><br><b>TARGET:</b> One <span class="kwb">ADEPTUS</span> <span class="kwb">ASTARTES</span> unit from your army that was selected as the target of one or more of the attacking unitâs attacks.<br><br><b>EFFECT:</b> If that enemy unit is within Engagement Range of one or more Ravenwing units from your army, until the end of the phase, each time a model in that enemy unit makes an attack, subtract 1 from the Hit roll. If that enemy unit is within Engagement Range of one or more Deathwing units from your army, until the end of the phase, each time a model in that enemy unit makes an attack, if the Strength characteristic of that attack is greater than the Toughness characteristic of the target, subtract 1 from the Wound roll.<br><br><b>RESTRICTIONS:</b> A unit cannot be targeted by this and the Armour of Contempt Stratagem in the same phase.|
SM|ARMOUR OF CONTEMPT|000009734003|Lionâs Blade Task Force â Battle Tactic Stratagem|1|The belligerence of the Adeptus Astartes combined with their transhuman physiology makes them unyielding foes to face.|Either playerâs turn|Shooting or Fight phase|Lionâs Blade Task Force|000000981|<b>WHEN:</b> Your opponentâs Shooting phase or the Fight phase, just after an enemy unit has selected its targets.<br><br><b>TARGET:</b> One <span class="kwb">ADEPTUS</span> <span class="kwb">ASTARTES</span> unit from your army that was selected as the target of one or more of the attacking unitâs attacks.<br><br><b>EFFECT:</b> Until the attacking unit has finished making its attacks, each time an attack targets your unit, worsen the Armour Penetration characteristic of that attack by 1.|
SM|OVERPOWERING EXACTION|000009734002|Lionâs Blade Task Force â Strategic Ploy Stratagem|1|Engines roar, and teleportation flares erupt across the battlefield. Such is the din and ferocity of the Dark Angelsâ assault that even the most veteran foes are given cause to cower before it.|Either playerâs turn|Command or Fight phase|Lionâs Blade Task Force|000000981|<b>WHEN:</b> Command phase or the start of the Fight phase.<br><br><b>TARGET:</b> One <span class="kwb">ADEPTUS</span> <span class="kwb">ASTARTES</span> unit from your army.<br><br><b>EFFECT:</b> Select one enemy unit within Engagement Range of your unit. That enemy unit must take a Battle-shock test. When doing so, if your unit has the Deathwing or Ravenwing keyword, subtract 1 from the result.<br><br><b>RESTRICTIONS:</b> You can only use this Stratagem once per battle round.|
SM|INESCAPABLE WRATH|000009734007|Lionâs Blade Task Force â Strategic Ploy Stratagem|2|The Dark Angelsâ Inner Circle warriors pursue the Chapterâs sworn foes and any who shield them with relentless endurance and a determination borne of indoctrinated hatred.|Opponentâs turn|Charge phase|Lionâs Blade Task Force|000000981|<b>WHEN:</b> End of your opponentâs Charge phase.<br><br><b>TARGET:</b> One Deathwing Infantry or Deathwing Walker unit from your army that is within 6" of one or more enemy units and would be eligible to declare a charge against one or more of those enemy units if it were your Charge phase.<br><br><b>EFFECT:</b> Your unit now declares a charge that only targets one or more of those enemy units, and you resolve that charge.<br><br><b>RESTRICTIONS:</b> Note that even if this charge is successful, your unit does not receive any Charge bonus this turn.|
SM|KNIGHTS OF IRON|000009734005|Lionâs Blade Task Force â Strategic Ploy Stratagem|1|Atop their snarling mechanical steeds, the warriors of the Ravenwing surge through seemingly impassable terrain, smashing through rubble and ruin to unleash the wrath of the Unforgiven upon unsuspecting targets.|Your turn|Movement or Charge phase|Lionâs Blade Task Force|000000981|<b>WHEN:</b> Your Movement phase or your Charge phase.<br><br><b>TARGET:</b> One Ravenwing unit from your army.<br><br><b>EFFECT:</b> Until the end of the phase, each time a model in your unit makes a Normal, Advance or Charge move, it can move horizontally through terrain features.|
SM|TACTICAL DECAPITATION|000010681003|Orbital Assault Force â Battle Tactic Stratagem|1|By rapidly eliminating localised enemy leaders, the Space Marines keep the foe off balance and hamper organised resistance to their onslaught.|Either playerâs turn|Shooting or Fight phase|Orbital Assault Force|000001131|<b>WHEN:</b> Your Shooting phase or the Fight phase.<br><br><b>TARGET:</b> One <span class="kwb">ADEPTUS</span> <span class="kwb">ASTARTES</span> unit from your army that has not been selected to shoot or fight this phase.<br><br><b>EFFECT:</b> Until the end of the phase, weapons equipped by models in your unit have the [PRECISION] ability and each time a model in your unit makes an attack that targets a <span class="kwb">CHARACTER</span> unit, add 1 to the Hit roll.|
SM|AUTOâSENSE COORDINATION|000010681005|Orbital Assault Force â Battle Tactic Stratagem|1|By binding the datafeeds from their auto-senses, these battle-brothers generate triangulated targeting solutions for close-quarters fire spreads.|Either playerâs turn|Shooting or Fight phase|Orbital Assault Force|000001131|<b>WHEN:</b> Your Shooting phase or the Fight phase.<br><br><b>TARGET:</b> One <span class="kwb">ADEPTUS</span> <span class="kwb">ASTARTES</span> unit from your army that has not been selected to shoot or fight this phase.<br><br><b>EFFECT:</b> Select the [LETHAL HITS] or [SUSTAINED HITS 1] ability. Until the end of the phase, weapons equipped by models in your unit have this ability in a turn in which they disembarked from a Drop Pod or while targeting an enemy unit within 12".|
SM|SHOCK ONSLAUGHT|000010681004|Orbital Assault Force â Strategic Ploy Stratagem|1|The sheer devastating momentum of a Space Marine drop assault shatters one enemy battle line after another.|Either playerâs turn|Fight phase|Orbital Assault Force|000001131|<b>WHEN:</b> Fight phase.<br><br><b>TARGET:</b> One <span class="kwb">ADEPTUS</span> <span class="kwb">ASTARTES</span> unit from your army that has not been selected to fight this phase.<br><br><b>EFFECT:</b> Until the end of the phase, each time a model in your unit makes a Pile-in or Consolidation move, it can move up to 6" instead of up to 3".|
SM|SUPPRESSION STRAFING|000010681002|Orbital Assault Force â Strategic Ploy Stratagem|1|As the Space Marines storm forward, their gunships and fighter craft streak overhead, hammering enemy positions with hails of fire to keep the foe pinned.|Either playerâs turn|Command phase|Orbital Assault Force|000001131|<b>WHEN:</b> Command phase.<br><br><b>TARGET:</b> One <span class="kwb">ADEPTUS</span> <span class="kwb">ASTARTES</span> unit from your army.<br><br><b>EFFECT:</b> Select one enemy unit visible to and within 18" of your unit. That enemy unit takes a Battle-shock test. When doing so, subtract 1 from that test and, if that test is failed, that enemy unit is suppressed. While a unit is suppressed, each time a model in that unit makes an attack, subtract 1 from the Hit roll.<br><br><b>RESTRICTIONS:</b> You cannot use this Stratagem more than once per battle round.|
SM|BLIND SCREEN|000010681006|Orbital Assault Force â Strategic Ploy Stratagem|1|Autolaunchers spit a precogitated spread of blind grenades to baffle organic and mechanical targeting.|Opponentâs turn|Shooting phase|Orbital Assault Force|000001131|<b>WHEN:</b> Your opponentâs Shooting phase, just after an enemy unit has selected its targets.<br><br><b>TARGET:</b> One <span class="kwb">ADEPTUS</span> <span class="kwb">ASTARTES</span> unit (excluding Titanic units) from your army that was selected as the target of one or more of the attacking unitâs attacks and one friendly Adeptus Astartes Smoke Vehicle or Drop Pod unit within 9" of it.<br><br><b>EFFECT:</b> Until the end of the phase, models in your units have the Stealth ability and each time a ranged attack targets one of your units, models in that unit have the Benefit of Cover against that attack.|
SM|ONWARD FOR THE EMPEROR|000010681007|Orbital Assault Force â Strategic Ploy Stratagem|1|There is always another battle to be fought, and the Space Marines waste no time in fighting it.|Opponentâs turn|Fight phase|Orbital Assault Force|000001131|<b>WHEN:</b> End of your opponentâs Fight phase.<br><br><b>TARGET:</b> One Adeptus Astartes Infantry unit from your army that was not set up on the battlefield this turn and one friendly Transport it is able to embark within.<br><br><b>EFFECT:</b> If your <span class="kwb">ADEPTUS</span> <span class="kwb">ASTARTES</span> unit is wholly within 6" of that <span class="kwb">TRANSPORT</span>, it can embark within it.|
SM|MASTER MARKSMEN|000009249005|Pilum Strike Team â Battle Tactic Stratagem|1|Every shot these warriors fire is placed for maximum impact and swift, decisive kills.|Your turn|Shooting phase|Pilum Strike Team|000000906|<b>WHEN:</b> Your Shooting phase.<br><br><b>TARGET:</b> One <span class="kwb">ADEPTUS</span> <span class="kwb">ASTARTES</span> unit from your army that has not been selected to shoot this phase.<br><br><b>EFFECT:</b> Until the end of the phase, ranged weapons equipped by models in your unit have the [DEVASTATING WOUNDS] ability.|
SM|KNIFE WORK|000009249002|Pilum Strike Team â Battle Tactic Stratagem|1|These warriors strike at their enemies'weak spots, aiming to silence the foe without raising the alarm.|Either playerâs turn|Fight phase|Pilum Strike Team|000000906|<b>WHEN:</b> Fight phase.<br><br><b>TARGET:</b> One <span class="kwb">ADEPTUS</span> <span class="kwb">ASTARTES</span> unit from your army that has not been selected to fight this phase.<br><br><b>EFFECT:</b> Until the end of the phase, improve the Strength and Armour Penetration characteristics of melee weapons equipped by models in your unit by 1.|
SM|ENHANCED EFFICIENCY|000009249003|Pilum Strike Team â Strategic Ploy Stratagem|1|Moving with alacrity, clearing each new space with exceptional speed and skill, the warriors of the strike team advance on their main objective.|Your turn|Movement phase|Pilum Strike Team|000000906|<b>WHEN:</b> Your Movement phase.<br><br><b>TARGET:</b> One <span class="kwb">ADEPTUS</span> <span class="kwb">ASTARTES</span> unit from your army that has not been selected to move this phase.<br><br><b>EFFECT:</b> Until the end of the phase, each time your unit is selected to make a Normal or Advance move, it can attempt to operate one Hatchway it is within 1â of either at the start or end of that move. If it does, it cannot attempt to operate a Hatchway again this turn.|
SM|FIGHTING RETREAT|000009249004|Pilum Strike Team â Strategic Ploy Stratagem|1|These warriors employ cover fire and frag charges to batter the foe as they fall back to new positions.|Your turn|Movement phase|Pilum Strike Team|000000906|<b>WHEN:</b> Your Movement phase, just after an <span class="kwb">ADEPTUS</span> <span class="kwb">ASTARTES</span> unit from your army is selected to Fall Back.<br><br><b>TARGET:</b> That <span class="kwb">ADEPTUS</span> <span class="kwb">ASTARTES</span> unit.<br><br><b>EFFECT:</b> Select one enemy unit within Engagement Range of your unit and roll one D6: on a 2-4, that enemy unit suffers 1 mortal wound; on a 5+, that enemy unit suffers 2 mortal wounds.|
SM|A GRIM WARNING|000010646002|Rage-cursed Onslaught â Stratagem|1|So savagely butchered are the corpses left strewn by the Blood Angels that the mere sight of them gives the enemy pause.|Either playerâs turn|Any phase|Rage-cursed Onslaught|000001123|<b>WHEN:</b> Any phase.<br><br><b>TARGET:</b> One Blood Angels unit from your army that was just destroyed while it was within range of one or more objective markers you controlled at the end of the previous phase. You can use this Stratagem on that unit even though it was just destroyed.<br><br><b>EFFECT:</b> Select one of those objective markers. That objective marker remains under your control until your opponentâs Level of Control over that objective marker is greater than yours at the end of a phase.|
SM|INSENSATE RAMPAGE|000010646004|Rage-cursed Onslaught â Stratagem|1|The agony of even the most catastrophic wounds means nothing to the warriors of the Death Company, pain finding no purchase on their maddened minds.|Either playerâs turn|Shooting or Fight phase|Rage-cursed Onslaught|000001123|<b>WHEN:</b> Your opponentâs Shooting phase or the Fight phase, just after an enemy unit has selected its targets.<br><br><b>TARGET:</b> One Death Company unit from your army that was selected as the target of one or more of the attacking unitâs attacks.<br><br><b>EFFECT:</b> Until the end of the phase, models in your unit have the Feel No Pain 5+ ability.|
SM|LIMB FROM LIMB|000010646005|Rage-cursed Onslaught â Stratagem|1|While the Blood Angels display skill and discipline at close quarters, it is tinged with a blood-drenched brutality that only increases with their building rage.|Either playerâs turn|Fight phase|Rage-cursed Onslaught|000001123|<b>WHEN:</b> Fight phase.<br><br><b>TARGET:</b> One <span class="kwb">ADEPTUS</span> <span class="kwb">ASTARTES</span> unit from your army that made a Charge move this turn.<br><br><b>EFFECT:</b> Select either the Strength or Armour Penetration characteristic of melee weapons equipped by models in your unit. Until the end of the phase, add 1 to the selected characteristic. You can instead choose for your unit to give in to the Red Thirst; if it does, it becomes Battle-shocked (but the effects of this Stratagem still apply to it), and until the end of the phase, add 1 to the Strength and Armour Penetration characteristics of melee weapons equipped by models in your unit.|
SM|ARMOUR OF CONTEMPT|000010646003|Rage-cursed Onslaught â Stratagem|1|The belligerence of the Adeptus Astartes, combined with their transhuman physiology, makes them unyielding foes to face.|Either playerâs turn|Shooting or Fight phase|Rage-cursed Onslaught|000001123|<b>WHEN:</b> Your opponentâs Shooting phase or the Fight phase, just after an enemy unit has selected its targets.<br><br><b>TARGET:</b> One <span class="kwb">ADEPTUS</span> <span class="kwb">ASTARTES</span> unit from your army that was selected as the target of one or more of the attacking unitâs attacks.<br><br><b>EFFECT:</b> Until the attacking unit has finished making its attacks, each time an attack targets your unit, worsen the Armour Penetration characteristic of that attack by 1.|
SM|DEATHLESS DUTY|000010646006|Rage-cursed Onslaught â Stratagem|2|Even as death at last smothers the inferno of fury consuming the minds of these lost brethren, they keep killing, until not even the faintest spark remains.|Either playerâs turn|Fight phase|Rage-cursed Onslaught|000001123|<b>WHEN:</b> Fight phase, just after an enemy unit has selected its targets.<br><br><b>TARGET:</b> One Death Company unit from your army that was selected as the target of one or more of the attacking unitâs attacks.<br><br><b>EFFECT:</b> Until the end of the phase, each time a model in your unit is destroyed, if that model has not fought this phase, do not remove it from play. The destroyed model can fight after the attacking unit has finished making its attacks, and is then removed from play.|
SM|RED WRATH|000010646007|Rage-cursed Onslaught â Stratagem|1|Already swift and aggressive even by Space Marine standards, the Blood Angels can enhance their might yet further by surrendering temporarily to the Red Thirst, albeit at the cost of higher strategic thought.|Your turn|Movement phase|Rage-cursed Onslaught|000001123|<b>WHEN:</b> Your Movement phase, just after an <span class="kwb">ADEPTUS</span> <span class="kwb">ASTARTES</span> unit from your army Advances.<br><br><b>TARGET:</b> That <span class="kwb">ADEPTUS</span> <span class="kwb">ASTARTES</span> unit.<br><br><b>EFFECT:</b> Until the end of the turn, your unit is eligible to either shoot or declare a charge in a turn in which it Advanced. You can instead choose for your unit to give in to the Red Thirst; if it does, it becomes Battle-shocked (but the effects of this Stratagem still apply to it), and until the end of the turn, your unit is eligible to shoot and declare a charge in a turn in which it Advanced.|
SM|FURIOUS DEDICATION|000010685003|Reclamation Force â Battle Tactic Stratagem|1|Cold fury of purpose drives the charge of the Space Marines, their absolute dedication to their cause lending them ferocious speed and strength.|Either playerâs turn|Charge or Fight phase|Reclamation Force|000001132|<b>WHEN:</b> Your Charge phase or the Fight phase.<br><br><b>TARGET:</b> One <span class="kwb">ADEPTUS</span> <span class="kwb">ASTARTES</span> unit from your army that has not declared a charge or been selected to fight this phase.<br><br><b>EFFECT:</b> Until the end of the turn, add 2 to Charge rolls made for your unit and add 1 to the Attacks characteristic of melee weapons equipped by models in your unit.<br><br><b>RESTRICTIONS:</b> You cannot use this Stratagem more than once per turn.|
SM|FIGHT TO THE END|000010685004|Reclamation Force â Battle Tactic Stratagem|1|Those who have sworn an oath to see Ultramar reclaimed will not yield a single yard of its territories once they have seized and secured them.|Either playerâs turn|Fight phase|Reclamation Force|000001132|<b>WHEN:</b> Fight phase, just after an enemy unit has selected its targets.<br><br><b>TARGET:</b> One <span class="kwb">ADEPTUS</span> <span class="kwb">ASTARTES</span> unit from your army that was selected as the target of one or more of the attacking unitâs attacks.<br><br><b>EFFECT:</b> Until the end of the phase, each time a model in your unit is destroyed, if that model has not fought this phase, roll one D6: on a 4+, do not remove the destroyed model from play; it can fight after the attacking unit has finished making its attacks, and is then removed from play.|
SM|MARCHING EVER ON|000010685007|Reclamation Force â Strategic Ploy Stratagem|1|The road to the complete rebuilding of the Five Hundred Worlds will be a long and gruelling one, and those who fight their way along it cannot pause in their advance for even a moment.|Opponentâs turn|Fight phase|Reclamation Force|000001132|<b>WHEN:</b> Your opponentâs Movement phase, just after an enemy unit Falls Back.<br><br><b>TARGET:</b> One <span class="kwb">ADEPTUS</span> <span class="kwb">ASTARTES</span> unit from your army that was within Engagement Range of that enemy unit at the start of the phase.<br><br><b>EFFECT:</b> Your unit can make a Normal move of up to D6"+1.|
SM|CRUSADING CONQUERORS|000010685002|Reclamation Force â Strategic Ploy Stratagem|1|The sheer will of these battle-brothers to reclaim the sacred Five Hundred Worlds is overwhelming.|Either playerâs turn|Command phase|Reclamation Force|000001132|<b>WHEN:</b> End of the Command phase.<br><br><b>TARGET:</b> One <span class="kwb">ADEPTUS</span> <span class="kwb">ASTARTES</span> unit from your army.<br><br><b>EFFECT:</b> Until the start of the next Command phase, add 1 to the Objective Control characteristic of models in your unit.|
SM|SCIONS OF GUILLIMAN|000010685005|Reclamation Force â Strategic Ploy Stratagem|1|The gene-sons of Roboute Guilliman are masters of his tenets, regardless of which Chapter they hail from.|Your turn|Movement phase|Reclamation Force|000001132|<b>WHEN:</b> Your Movement phase, just after an <span class="kwb">ADEPTUS</span> <span class="kwb">ASTARTES</span> unit from your army ends a Fall Back move.<br><br><b>TARGET:</b> That <span class="kwb">ADEPTUS</span> <span class="kwb">ASTARTES</span> unit.<br><br><b>EFFECT:</b> Until the end of the turn, your unit is eligible to shoot and declare a charge in a turn in which it Fell Back.|
SM|ULTRAMARIAN DESTINY|000010685006|Reclamation Force â Strategic Ploy Stratagem|1|All those Space Marines fighting to defend or to expand the Ultramarines stellar realm trust that their conquest â though it must be hard fought for â is nothing short of ordained by the Primarchâs will.|Your turn|Movement phase|Reclamation Force|000001132|<b>WHEN:</b> Your Movement phase.<br><br><b>TARGET:</b> One <span class="kwb">ADEPTUS</span> <span class="kwb">ASTARTES</span> unit from your army.<br><br><b>EFFECT:</b> Select one objective marker you control that your unit is within range of. That objective marker remains under your control until your opponentâs Level of Control over that objective marker is greater than yours at the end of a phase.|
SM|UNBRIDLED FEROCITY|000010270002|Saga of the Beastslayer â Battle Tactic Stratagem|1|The Space Wolves fight with a savage fury that enables them to overcome even the most resilient targets.|Either playerâs turn|Fight phase|Saga of the Beastslayer|000001070|<b>WHEN:</b> Fight phase.<br><br><b>TARGET:</b> One Space Wolves unit from your army that has not been selected to fight this phase.<br><br><b>EFFECT:</b> Until the end of the phase, each time a model in your unit makes an attack, add 1 to the Wound roll.|
SM|IMPETUOSITY|000010270006|Saga of the Beastslayer â Strategic Ploy Stratagem|1|Severe losses only drive Blood Claws and Wulfen forward into the midst of the foe.|Opponentâs turn|Shooting phase|Saga of the Beastslayer|000001070|<b>WHEN:</b> Your opponentâs Shooting phase, just after an enemy unit has selected its targets.<br><br><b>TARGET:</b> One Wulfen Infantry or Blood Claws unit from your army that was selected as the target of one or more of the attacking unitâs attacks.<br><br><b>EFFECT:</b> Until the end of the phase, after that enemy unit has shot, if one or more models in your unit were destroyed as a result of those attacks, your unit can make an Impetuous move. To do so, roll one D6: your unit can be moved a number of inches up to the result, but your unit must end that move as close as possible to the closest enemy unit (excluding <span class="kwb">AIRCRAFT</span>). When doing so, those models can be moved within Engagement Range of that enemy unit.|
SM|SHOCK CAVALRY|000010270003|Saga of the Beastslayer â Strategic Ploy Stratagem|1|Thunderwolf Cavalry bound through friend and foe, leaping over obstacles in pursuit of their foes.|Your turn|Movement or Charge phase|Saga of the Beastslayer|000001070|<b>WHEN:</b> Your Movement phase or your Charge phase.<br><br><b>TARGET:</b> One Thunderwolf Cavalry unit from your army that has not been selected to move or declared a charge this phase.<br><br><b>EFFECT:</b> Until the end of the phase, each time a model in your unit makes a Normal, Advance, Fall Back or Charge move, it can move through models (excluding <span class="kwb">TITANIC</span> models) and sections of terrain features that are 4" or less in height. When doing so, it can move within Engagement Range of enemy models, but unless it is making a Charge move, it cannot end that move within Engagement Range of them.|
SM|PINNING FIRE|000010270004|Saga of the Beastslayer â Strategic Ploy Stratagem|1|Unleashing a storm of firepower, the Space Wolves pin their targets down and halt their advance.|Your turn|Shooting phase|Saga of the Beastslayer|000001070|<b>WHEN:</b> Your Shooting phase.<br><br><b>TARGET:</b> One <span class="kwb">ADEPTUS</span> <span class="kwb">ASTARTES</span> unit from your army that has not been selected to shoot this phase.<br><br><b>EFFECT:</b> Until the end of the phase, after your unit has shot, select one enemy <span class="kwb">CHARACTER</span>, <span class="kwb">MONSTER</span>, or <span class="kwb">VEHICLE</span> unit hit by one or more of those attacks. Until the start of your next Shooting phase, that unit is pinned. While a unit is pinned, subtract 2" from its Move characteristic and subtract 2 from Charge rolls made for it.|
SM|THUNDEROUS PURSUIT|000010270005|Saga of the Beastslayer â Strategic Ploy Stratagem|1|The relentless endurance of thunderwolf steeds enables the Space Wolves to run down fleeing foes.|Opponentâs turn|Movement phase|Saga of the Beastslayer|000001070|<b>WHEN:</b> Your opponentâs Movement phase, just after an enemy unit ends a Normal, Advance or Fall Back move.<br><br><b>TARGET:</b> One <span class="kwb">ADEPTUS</span> <span class="kwb">ASTARTES</span> unit from your army that is within 9" of that enemy unit and not within Engagement Range of one or more enemy units.<br><br><b>EFFECT:</b> Your unit can make a Normal move of up to D6". If your unit has the Space Wolves Infantry or Thunderwolf Cavalry keywords, it can make a Normal move of up to 6" instead.|
SM|COORDINATED STRIKE|000010270007|Saga of the Beastslayer â Strategic Ploy Stratagem|1|Space Wolves officers rein in their warriorsâ impulsive fury, repositioning them to strike exposed flanks.|Opponentâs turn|Fight phase|Saga of the Beastslayer|000001070|<b>WHEN:</b> End of your opponentâs Fight phase.<br><br><b>TARGET:</b> One Space Wolves unit from your army that is wholly within 9" of one or more battlefield edges and not within Engagement Range of one or more enemy units.<br><br><b>EFFECT:</b> Remove your unit from the battlefield and place it into Strategic Reserves.|
SM|INSPIRING PRESENCE|000010266002|Saga of the Bold â Epic Deed Stratagem|1|The inspiring presence of a champion lends their pack's strikes lethal impetus.|Either playerâs turn|Fight phase|Saga of the Bold|000001069|<b>WHEN:</b> Fight phase.<br><br><b>TARGET:</b> One Adeptus Astartes Character unit from your army that has not been selected to fight this phase.<br><br><b>EFFECT:</b> Until the end of the phase, melee weapons equipped by models in your unit have the [LETHAL HITS] ability.|
SM|BIRTH OF A SAGA|000010266004|Saga of the Bold â Epic Deed Stratagem|1|Heroes are forged in the heat of battle, rising from obscurity to become the warriors of epic sagas.|Your turn|Command phase|Saga of the Bold|000001069|<b>WHEN:</b> Your Command phase.<br><br><b>TARGET:</b> One Wolf Guard Headtaker or Wolf Guard Terminator Pack Leader model from your army.<br><br><b>EFFECT:</b> Until the start of your next Command phase, your model has the <span class="kwb">CHARACTER</span> keyword.<br><br><b>Designerâs Note:</b> <i>While in effect, your modelâs unit is therefore a <span class="kwb">CHARACTER</span> unit, meaning it can interact with the Heroes All rule, in addition to other rules that interact with <span class="kwb">CHARACTER</span> units.</i>|
SM|ALPHA STRIKE|000010266005|Saga of the Bold â Epic Deed Stratagem|1|A true alpha wolf leads by example, and is always first into the fray.|Your turn|Charge phase|Saga of the Bold|000001069|<b>WHEN:</b> Your Charge phase.<br><br><b>TARGET:</b> One Adeptus Astartes Character unit from your army.<br><br><b>EFFECT:</b> Until the end of the phase, your unit is eligible to declare a charge in a turn in which it Advanced.|
SM|HEROIC RESOLVE|000010266006|Saga of the Bold â Epic Deed Stratagem|2|This warriorâs indomitable fortitude is the stuff of legend, galvanizing his pack to remain standing before an avalanche of incoming attacks.|Opponentâs turn|Shooting phase|Saga of the Bold|000001069|<b>WHEN:</b> Your opponentâs Shooting phase, just after an enemy unit has selected its targets.<br><br><b>TARGET:</b> One Space Wolves Character unit from your army that was selected as the target of one or more of the attacking unitâs attacks.<br><br><b>EFFECT:</b> Until the end of the phase, each time an attack is allocated to a model in your unit, subtract 1 from the Damage characteristic of that attack.|
SM|COUNTERCHARGE|000010266007|Saga of the Bold â Epic Deed Stratagem|2|Bellowing encouragement, this warrior rallies his pack and leads a furious counterstrike, intercepting the enemy advance before it can fall upon his allies.|Opponentâs turn|Charge phase|Saga of the Bold|000001069|<b>WHEN:</b> End of your opponentâs Charge phase.<br><br><b>TARGET:</b> One Adeptus Astartes Character unit from your army that is within 6" of one or more enemy units and would be eligible to declare a charge against one or more of those enemy units if it were your Charge phase.<br><br><b>EFFECT:</b> Your unit now declares a charge that targets only one or more of those enemy units, and you resolve that charge as if it were your Charge phase. Note that even if this charge is successful, your unit does not receive any Charge bonus this turn.|
SM|CHAMPIONâS GUIDANCE|000010266003|Saga of the Bold â Epic Deed Stratagem|1|A paragon of Fenrisian savagery, this champion guides his warriors with confidence and precision.|Either playerâs turn|Shooting or Fight phase|Saga of the Bold|000001069|<b>WHEN:</b> Your Shooting phase or the Fight phase.<br><br><b>TARGET:</b> One Space Wolves Character unit from your army that has not been selected to shoot or fight this phase.<br><br><b>EFFECT:</b> Until the end of the phase, each time a model in your unit makes an attack, you can re-roll the Hit roll.|
SM|EYE OF THE PACK|000010661006|Saga of the Great Wolf â Stratagem|1|Once one Fenrisian warrior has perceived some slight weakness in the defences of their foes, they all strike at it like encircling predators dragging down prey.|Your turn|Shooting phase|Saga of the Great Wolf|000001126|<b>WHEN:</b> Your Shooting phase.<br><br><b>TARGET:</b> One <span class="kwb">ADEPTUS</span> <span class="kwb">ASTARTES</span> unit from your army that has not been selected to shoot this phase.<br><br><b>EFFECT:</b> Until the end of the phase, each time a model in your unit makes an attack, you can add 1 to the Wound roll.|
SM|FENRISIAN FEROCITY|000010661004|Saga of the Great Wolf â Stratagem|1|Even the most challenging terrain or formidable fortifications cannot stop the Great Wolfâs chief hunters once they are in motion.|Your turn|Movement or Charge phase|Saga of the Great Wolf|000001126|<b>WHEN:</b> Your Movement phase or your Charge phase.<br><br><b>TARGET:</b> One Adeptus Astartes Mounted or Adeptus Astartes Walker unit from your army that has not been selected to move or charge this phase.<br><br><b>EFFECT:</b> Until the end of the phase, each time a model in your unit makes a Normal, Advance, Fall Back or Charge move, it can move horizontally through models (excluding <span class="kwb">TITANIC</span> models) and terrain features. When doing so, it can move within Engagement Range of enemy models, but cannot end a Normal, Advance or Fall Back move within Engagement Range of them.|
SM|BATTLE INSTINCTS|000010661007|Saga of the Great Wolf â Stratagem|1|These champions of Fenris respond to enemy fire with instinctive swiftness, rarely giving their foes a second chance to shoot at them.|Opponentâs turn|Shooting phase|Saga of the Great Wolf|000001126|<b>WHEN:</b> Your opponentâs Shooting phase, just after an enemy unit has shot.<br><br><b>TARGET:</b> One Space Wolves unit from your army that was selected as the target of one or more of the attacking unitâs attacks.<br><br><b>EFFECT:</b> Your unit can make a Normal move of up to D6".|
SM|UNRELENTING HUNTERS|000010661005|Saga of the Great Wolf â Stratagem|1|Knowing their part in the grand plan and determined to execute it with the magnificence of true champions, these warriors fight with a fluid and inescapable ferocity.|Your turn|Movement phase|Saga of the Great Wolf|000001126|<b>WHEN:</b> Your Movement phase.<br><br><b>TARGET:</b> One <span class="kwb">ADEPTUS</span> <span class="kwb">ASTARTES</span> unit from your army that has not been selected to move this phase.<br><br><b>EFFECT:</b> Until the end of the turn, your unit is eligible to declare a charge in a turn in which it Fell Back. If your unit is a Space Wolves unit, until the end of the turn, it is eligible to declare a charge in a turn in which it Advanced or Fell Back.|
SM|THE FOE FORESEEN|000010661002|Saga of the Great Wolf â Stratagem|1|With his great strategic wisdom, Grimnar predicted the peril these warriors would encounter and warned them to be ready for it.|Either playerâs turn|Shooting or Fight phase|Saga of the Great Wolf|000001126|<b>WHEN:</b> Your opponentâs Shooting phase or the Fight phase, just after an enemy unit has selected its targets.<br><br><b>TARGET:</b> One <span class="kwb">ADEPTUS</span> <span class="kwb">ASTARTES</span> unit from your army that was selected as the target of one or more of the attacking unitâs attacks.<br><br><b>EFFECT:</b> Until the attacking unit has finished making its attacks, each time an attack targets your unit, worsen the Armour Penetration characteristic of that attack by 1.|
SM|GRIMNARâS COMMAND|000010661003|Saga of the Great Wolf â Stratagem|1|Pivotal as they are to the Great Wolfâs plans, this pack have their own orders to fulfil in this moment that come directly from Grimnar himself.|Your turn|Command phase|Saga of the Great Wolf|000001126|<b>WHEN:</b> Your Command phase.<br><br><b>TARGET:</b> One <span class="kwb">ADEPTUS</span> <span class="kwb">ASTARTES</span> unit from your army.<br><br><b>EFFECT:</b> Select one Hunting Pack from the Master of Wolves Detachment rule. Until the start of your next Command phase, that Hunting Pack is active for your unit instead of any other Hunting Pack that is active, even if you have already selected that Hunting Pack this battle.|
SM|MARKED FOR DESTRUCTION|000010262007|Saga of the Hunter â Battle Tactic Stratagem|1|At the barked orders of their Pack Leaders, the Space Wolves focus their fury upon a single target, combining their firepower to bring the foe down.|Your turn|Shooting phase|Saga of the Hunter|000001068|<b>WHEN:</b> Your Shooting phase.<br><br><b>TARGET:</b> Two <span class="kwb">ADEPTUS</span> <span class="kwb">ASTARTES</span> units from your army (excluding Beasts) that have not been selected to shoot this phase.<br><br><b>EFFECT:</b> Select one enemy unit visible to both of your units. Until the end of the phase, models in your units can only target that enemy unit (and only if it is an eligible target) and each time a model in one of your units makes an attack, re-roll a Wound roll of 1.|
SM|OVERWHELMING ONSLAUGHT|000010262004|Saga of the Hunter â Battle Tactic Stratagem|1|Several packs converge upon a single target, pinning them in place with the weight of their bodies.|Either playerâs turn|Fight phase|Saga of the Hunter|000001068|<b>WHEN:</b> Fight phase, just after an enemy unit has selected its targets.<br><br><b>TARGET:</b> Two <span class="kwb">ADEPTUS</span> <span class="kwb">ASTARTES</span> units from your army within Engagement Range of that enemy unit, or one Space Wolves Beasts unit from your army within Engagement Range of that enemy unit.<br><br><b>EFFECT:</b> Until the end of the phase, each time a model in that enemy unit makes an attack, subtract 1 from the Hit roll.|
SM|HUNTERSâ TRAIL|000010262002|Saga of the Hunter â Strategic Ploy Stratagem|1|The Space Wolves close in on their foes, some packs hurling themselves upon the enemy whilst others move to cut off retreat routes.|Either playerâs turn|Fight phase|Saga of the Hunter|000001068|<b>WHEN:</b> Fight phase.<br><br><b>TARGET:</b> One Space Wolves unit (excluding Monsters and Vehicles) from your army that has not been selected to fight this phase.<br><br><b>EFFECT:</b> Until the end of the phase, each time a model in your unit makes a Pile-in or Consolidation move, it can move up to 6" instead of up to 3". When doing so, it does not need to end that move closer to the closest enemy model, provided it ends that move as close as possible to the closest enemy unit.|
SM|TERRITORIAL ADVANTAGE|000010262003|Saga of the Hunter â Strategic Ploy Stratagem|1|The wolf packs are ever on the move, seizing ground and repelling their foes with savage violence.|Either playerâs turn|Fight phase|Saga of the Hunter|000001068|<b>WHEN:</b> Fight phase, just after an enemy unit is destroyed by an <span class="kwb">ADEPTUS</span> <span class="kwb">ASTARTES</span> unit from your army.<br><br><b>TARGET:</b> That <span class="kwb">ADEPTUS</span> <span class="kwb">ASTARTES</span> unit.<br><br><b>EFFECT:</b> Select one objective marker you control that your unit is within range of. That objective marker remains under your control until your opponentâs Level of Control over that objective marker is greater than yours at the end of a phase.|
SM|BOUNDING ADVANCE|000010262006|Saga of the Hunter â Strategic Ploy Stratagem|1|Fenrisian warriors and wolves surge forward, driving through the enemy line to outflank the foe.|Your turn|Movement or Charge phase|Saga of the Hunter|000001068|<b>WHEN:</b> Your Movement phase or your Charge phase.<br><br><b>TARGET:</b> One Space Wolves Infantry or Space Wolves Beasts unit from your army that has not been selected to move or declared a charge this phase.<br><br><b>EFFECT:</b> Until the end of the phase, each time a model in your unit makes a Normal, Advance, Fall Back or Charge move, it can move through models (excluding Titanic models). When doing so, it can move within Engagement Range of enemy models, but unless it is making a Charge move, it cannot end that move within Engagement Range of them.|
SM|CHOSEN PREY|000010262005|Saga of the Hunter â Strategic Ploy Stratagem|1|Having singled out their prey, the pack repeatedly strikes in waves, bleeding the target with each hit.|Your turn|Movement phase|Saga of the Hunter|000001068|<b>WHEN:</b> Your Movement phase, just after a Space Wolves unit from your army Falls Back.<br><br><b>TARGET:</b> That <span class="kwb">SPACE</span> <span class="kwb">WOLVES</span> unit.<br><br><b>EFFECT:</b> Until the end of the turn, your unit is eligible to shoot and declare a charge in a turn in which it Fell Back.|
SM|LAY LOW THE TYRANTS|000010467003|Shadowmark Talon â Battle Tactic Stratagem|1|In a storm of blade thrusts and bludgeoning strikes, enemy champions and commanders are laid low, leaving their troops in leaderless disarray.|Either playerâs turn|Fight phase|Shadowmark Talon|000001104|<b>WHEN:</b> Fight phase.<br><br><b>TARGET:</b> One Adeptus Astartes Infantry unit from your army that has not been selected to fight this phase.<br><br><b>EFFECT:</b> Until the end of the phase, melee weapons equipped by models in your unit have the [PRECISION] ability.|
SM|STUNNING FUSILLADE|000010467005|Shadowmark Talon â Battle Tactic Stratagem|1|From darkness and obscuring cover, Raven Guard battle-brothers open fire as one, striking their unaware targets with precision fire.|Your turn|Shooting phase|Shadowmark Talon|000001104|<b>WHEN:</b> Your Shooting phase.<br><br><b>TARGET:</b> One Adeptus Astartes Infantry unit from your army that has not been selected to shoot this phase.<br><br><b>EFFECT:</b> Until the end of the phase, each time a model in your unit makes a ranged attack that targets an enemy unit that is more than 12" away, improve the Ballistic Skill and Armour Penetration characteristics of that attack by 1. If one or more enemy models are destroyed as a result of those attacks, select one of those destroyed models; that destroyed modelâs unit must take a Battle-shock test.|
SM|RAPTORIAL VIGILANCE|000010467006|Shadowmark Talon â Battle Tactic Stratagem|1|The Raven Guard are swift to exploit the movements of their foes, whether to pursue their prey and complete the kill or to make use of an opportunity to fade oncemore from sight.|Opponentâs turn|Movement phase|Shadowmark Talon|000001104|<b>WHEN:</b> Your opponentâs Movement phase, just after an enemy unit ends a Normal, Advance or Fall Back move.<br><br><b>TARGET:</b> One Adeptus Astartes Infantry or Adeptus Astartes Mounted unit from your army that is within 9" of the enemy unit that just ended that move. You cannot target a unit that is within Engagement Range of one or more enemy units.<br><br><b>EFFECT:</b> Your unit can make a Normal move of up to D6", or up to 6" instead if it is a Phobos or Scout Squad unit.|
SM|ARMOUR OF CONTEMPT|000010467002|Shadowmark Talon â Battle Tactic Stratagem|1|The belligerence of the Adeptus Astartes combined with their post-human physiology makes them unyielding foes to face.|Either playerâs turn|Shooting or Fight phase|Shadowmark Talon|000001104|<b>WHEN:</b> Your opponentâs Shooting phase or the Fight phase, just after an enemy unit has selected its targets.<br><br><b>TARGET:</b> One <span class="kwb">ADEPTUS</span> <span class="kwb">ASTARTES</span> unit from your army that was selected as the target of one or more of the attacking unitâs attacks.<br><br><b>EFFECT:</b> Until the attacking unit has finished making its attacks, each time an attack targets your unit, worsen the Armour Penetration characteristic of that attack by 1.|
SM|INTO DARKNESS|000010467007|Shadowmark Talon â Strategic Ploy Stratagem|1|At the opportune moment, Raven Guard infiltration units slip away from battle, only to relocate ready to strike the foe again.|Opponentâs turn|Fight phase|Shadowmark Talon|000001104|<b>WHEN:</b> End of your opponentâs Fight phase.<br><br><b>TARGET:</b> Up to two Phobos and/or Scout Squad units from your army, or one other Adeptus Astartes Infantry unit from your army. You cannot target a unit that is within Engagement Range of one or more enemy units.<br><br><b>EFFECT:</b> Remove those units from the battlefield and place them into Strategic Reserves.|
SM|FEINT AND THRUST|000010467004|Shadowmark Talon â Strategic Ploy Stratagem|1|Retreating from the fight, these warriors lure their enemies on before swiftly turning the tables and hurling themselves into their now overextended foe.|Your turn|Movement phase|Shadowmark Talon|000001104|<b>WHEN:</b> Your Movement phase.<br><br><b>TARGET:</b> One <span class="kwb">ADEPTUS</span> <span class="kwb">ASTARTES</span> unit from your army.<br><br><b>EFFECT:</b> Until the end of the turn, your unit is eligible to shoot and declare a charge in a turn in which it Fell Back. If it is a Phobos or Scout Squad unit, it is also eligible to shoot and declare a charge in a turn in which it Advanced.|
SM|MOBILE LETHALITY|000010630004|Spearpoint Task Force â Battle Tactic Stratagem|1|The White Scars fight their wars at a furious tempo, and their warriors are adept at fire-and-manoeuvre strategies.|Your turn|Movement phase|Spearpoint Task Force|000001119|<b>WHEN:</b> Your Movement phase.<br><br><b>TARGET:</b> One <span class="kwb">ADEPTUS</span> <span class="kwb">ASTARTES</span> unit from your army.<br><br><b>EFFECT:</b> Until the end of the turn, your unit is eligible to shoot in a turn in which it Advanced or Fell Back.|
SM|ARMOUR OF CONTEMPT|000010630002|Spearpoint Task Force â Battle Tactic Stratagem|1|The belligerence of the Adeptus Astartes combined with their post-human physiology makes them unyielding foes to face.|Either playerâs turn|Shooting or Fight phase|Spearpoint Task Force|000001119|<b>WHEN:</b> Your opponentâs Shooting phase or the Fight phase, just after an enemy unit has selected its targets.<br><br><b>TARGET:</b> One <span class="kwb">ADEPTUS</span> <span class="kwb">ASTARTES</span> unit from your army that was selected as the target of one or more of the attacking unitâs attacks.<br><br><b>EFFECT:</b> Until the attacking unit has finished making its attacks, each time an attack targets your unit, worsen the Armour Penetration characteristic of that attack by 1.|
SM|SPEAR THRUST AND SABRE SWING|000010630003|Spearpoint Task Force â Battle Tactic Stratagem|1|Some foes can be ended with a single charge. Others require sustained savagery to fell. The White Scars are adept at both methods of fighting.|Either playerâs turn|Fight phase|Spearpoint Task Force|000001119|<b>WHEN:</b> Fight phase.<br><br><b>TARGET:</b> One <span class="kwb">ADEPTUS</span> <span class="kwb">ASTARTES</span> unit from your army that has not been selected to fight this phase.<br><br><b>EFFECT:</b> Select either the [LANCE] or [LETHAL HITS] ability. Until the end of the phase, melee weapons equipped by models in your unit have the selected ability. If it is a <span class="kwb">MOUNTED</span> unit, until the end of the phase, melee weapons equipped by models in your unit have the [LANCE] and [LETHAL HITS] abilities instead.|
SM|EVASIVE MANOEUVRES|000010630006|Spearpoint Task Force â Battle Tactic Stratagem|1|Battle-brothers of the White Scars Chapter are born and raised in the saddle. Expert pilots and riders all, they weave through incoming fire with instinctive skill.|Opponentâs turn|Shooting phase|Spearpoint Task Force|000001119|<b>WHEN:</b> Your opponentâs Shooting phase, just after an enemy unit has selected its targets.<br><br><b>TARGET:</b> One Adeptus Astartes Mounted or Adeptus Astartes Fly Vehicle unit from your army that was selected as the target of one or more of the attacking unitâs attacks.<br><br><b>EFFECT:</b> Until the end of the phase, each time an attack targets your unit, subtract 1 from the Hit roll and subtract 1 from the Wound roll.|
SM|HUNTERâS INSTINCTS|000010630005|Spearpoint Task Force â Strategic Ploy Stratagem|1|The White Scars read the ebb and flow of battle with the hungry cunning of raptorial predators, reacting to the enemyâs movements with exceptional rapidity.|Opponentâs turn|Movement phase|Spearpoint Task Force|000001119|<b>WHEN:</b> Your opponentâs Movement phase, just after an enemy unit ends a Normal, Advance or Fall Back move.<br><br><b>TARGET:</b> One Adeptus Astartes Infantry unit or Adeptus Astartes Mounted unit from your army that is within 9" of that enemy unit. You cannot target a unit that is within Engagement Range of one or more enemy units.<br><br><b>EFFECT:</b> Your unit can make a Normal move of up to 6".|
SM|WITHDRAW AND REGROUP|000010630007|Spearpoint Task Force â Strategic Ploy Stratagem|1|The riders and pilots sweep away as swiftly as they arrive, regrouping in preparation for their next assault.|Opponentâs turn|Fight phase|Spearpoint Task Force|000001119|<b>WHEN:</b> End of your opponentâs Fight phase.<br><br><b>TARGET:</b> One Adeptus Astartes Mounted or Adeptus Astartes Fly Vehicle unit from your army that is not within Engagement Range of one or more enemy units.<br><br><b>EFFECT:</b> Remove your unit from the battlefield and place it into Strategic Reserves.|
SM|BLITZING FUSILLADE|000008487003|Stormlance Task Force â Battle Tactic Stratagem|1|Warriors of Stormlance Task Forces can suddenly pour heavy and accurate fire into the enemy even as they race to finish off any survivors.|Your turn|Shooting phase|Stormlance Task Force|000000796|<b>WHEN:</b> Your Shooting phase.<br><br><b>TARGET:</b> One <span class="kwb">ADEPTUS</span> <span class="kwb">ASTARTES</span> unit from your army that has not been selected to shoot this phase.<br><br><b>EFFECT:</b> Until the end of the phase, ranged weapons equipped by models in your unit have the [ASSAULT] ability. If such a weapon already has this ability, until the end of the phase, that weapon has the [SUSTAINED HITS 1] ability as well.|
SM|SHOCK ASSAULT|000008487005|Stormlance Task Force â Battle Tactic Stratagem|1|The Adeptus Astartes are elite troops who strike with all the speed and fury of a searing thunderbolt.|Your turn|Charge phase|Stormlance Task Force|000000796|<b>WHEN:</b> Your Charge phase.<br><br><b>TARGET:</b> One ADEPTUS ASTARTES MOUNTED unit from your army that has not declared a charge this phase.<br><br><b>EFFECT:</b> Until the end of the turn, you can re-roll Charge rolls made for your unit and melee weapons equipped by models in that unit have the [LANCE] ability.|
SM|RIDE HARD, RIDE FAST|000008487006|Stormlance Task Force â Battle Tactic Stratagem|1|Like zephyrs dancing across wide horizons, Space Marine riders and pilots can weave lithely around incoming fire with incredible skill.|Opponentâs turn|Shooting phase|Stormlance Task Force|000000796|<b>WHEN:</b> Your opponentâs Shooting phase, just after an enemy unit has selected its targets.<br><br><b>TARGET:</b> One ADEPTUS ASTARTES MOUNTED or ADEPTUS ASTARTES FLY VEHICLE unit from your army that was selected as the target of one or more of the attacking unitâs attacks.<br><br><b>EFFECT:</b> Until the end of the phase, each time an attack targets your unit, subtract 1 from the Hit roll and subtract 1 from the Wound roll.|
SM|ARMOUR OF CONTEMPT|000008487002|Stormlance Task Force â Battle Tactic Stratagem|1|The belligerence of the Adeptus Astartes combined with their post-human physiology makes them unyielding foes to face.|Either playerâs turn|Shooting or Fight phase|Stormlance Task Force|000000796|<b>WHEN:</b> Your opponentâs Shooting phase or the Fight phase, just after an enemy unit has selected its targets.<br><br><b>TARGET:</b> One <span class="kwb">ADEPTUS</span> <span class="kwb">ASTARTES</span> unit from your army that was selected as the target of one or more of the attacking unitâs attacks.<br><br><b>EFFECT:</b> Until the attacking unit has finished making its attacks, each time an attack targets your unit, worsen the Armour Penetration characteristic of that attack by 1.|
SM|WIND-SWIFT EVASION|000008487007|Stormlance Task Force â Strategic Ploy Stratagem|1|Space Marines are loathe to be brought into combat on any othersâ terms, especially the warriors of Stormlance Task Forces, whose battlefield tactics revolve around speed and precise, ferocious assaults.|Opponentâs turn|Movement phase|Stormlance Task Force|000000796|<b>WHEN:</b> Your opponentâs Movement phase, just after an enemy unit ends a Normal, Advance or Fall Back move.<br><br><b>TARGET:</b> One Adeptus Astartes Infantry or Adeptus Astartes Mounted unit from your army that is within 9" of that enemy unit.<br><br><b>EFFECT:</b> Your unit can make a Normal move of up to 6".<br><br><b>RESTRICTIONS:</b> You cannot select a unit that is within Engagement Range of one or more enemy units.|
SM|FULL THROTTLE|000008487004|Stormlance Task Force â Wargear Stratagem|2|On the eve of riding down the most elusive prey, the task force's expert Techmarines will entreat the engine spirits o f their vehicles, honing the iron steeds' performance to elicit even more speed from them.|Your turn|Movement phase|Stormlance Task Force|000000796|<b>WHEN:</b> Your Movement phase.<br><br><b>TARGET:</b> One ADEPTUS ASTARTES MOUNTED or ADEPTUS ASTARTES VEHICLE unit (excluding WALKERS) from your army.<br><br><b>EFFECT:</b> Until the end of the phase, if your unit Advances, do not make an Advance roll for it. Instead, until the end of the phase, add 6" to the Move characteristic of models in your unit, or 9" instead if your unit is <span class="kwb">MOUNTED</span>.|
SM|CLEANSING SWEEP|000009256005|Terminator Assault â Battle Tactic Stratagem|1|Refined during the clearance of infested space hulks, these methodical tactics ensure no angle of approach goes undefended.|Opponentâs turn|Movement or Charge phase|Terminator Assault|000000907|<b>WHEN:</b> Your opponent's Movement or Charge phase.<br><br><b>TARGET:</b> One Terminator Squad unit from your army that has not fired Overwatch this phase.<br><br><b>EFFECT:</b> Until the end of the phase, each time a model in your unit makes an attack while firing Overwatch, an unmodified Hit roll of 5+ is required to score a hit, instead of an unmodified 6.|
SM|CARVE A PATH|000009256004|Terminator Assault â Strategic Ploy Stratagem|1|Power fists, chainfists, and sheer servo-actuated armoured mass ensure that Terminatorsâ paths are never barred for long.|Your turn|Movement or Charge phase|Terminator Assault|000000907|<b>WHEN:</b> Your Movement phase or your Charge phase.<br><br><b>TARGET:</b> One Terminator Assault Squad unit from your army that has not been selected to move this phase and has not declared a charge this phase.<br><br><b>EFFECT:</b> Until the end of the phase, when making a Normal, Advance or Charge move, your unit can move through a single closed Hatchway as if it was open. When doing so, that Hatchway is opened and cannot be closed for the rest of the battle. This can allow that unit to declare a charge against enemy units that are not visible to it, but to do so those enemy units must be within 1" of that Hatchway and wholly on the opposite side of it from your unit.<br><br><b>RESTRICTIONS:</b> You cannot use this Stratagem more than once per turn.|
SM|TOWER OF STRENGTH|000009256002|Terminator Assault â Strategic Ploy Stratagem|1|Each individual Terminator is a walking fortress. When they stand together they are truly indomitable.|Either playerâs turn|Any phase|Terminator Assault|000000907|<b>WHEN:</b> Start or end of any phase.<br><br><b>TARGET:</b> One Adeptus Astartes Terminator unit from your army.<br><br><b>EFFECT:</b> Until the end of your next Command phase, add 1 to the Objective Control characteristic of models in your unit.<br><br><b>RESTRICTIONS:</b> Each time you use this Stratagem, you cannot use it again until after your next Command phase.|
SM|FOCUSING SHRINE|000009256003|Terminator Assault â Strategic Ploy Stratagem|1|An ancient device built into the structure of the teleportarium, this relic allows for incredibly accurate teleport assaults.|Your turn|Movement phase|Terminator Assault|000000907|<b>WHEN:</b> Your Movement phase, at the start of the Reinforcements step.  <br><br><b>TARGET:</b> One Adeptus Astartes Terminator unit from your army that is in Reserves.  <br><br><b>EFFECT:</b> Until the end of the phase, when setting up your unit on the battlefield using its Deep Strike ability, you can set it up unit anywhere on the battlefield that is more than 6" horizontally away from all enemy models (measure this distance as you would normally for the Deep Strike ability, ignoring Walls and closed Hatchways).  <br><br><b>RESTRICTIONS:</b> Until the end of the turn, your unit is not eligible to declare a charge.|
SM|ARMOUR OF CONTEMPT|000009191003|The Angelic Host â Battle Tactic Stratagem|1|The belligerence of the Adeptus Astartes combined with their enhanced physiology makes them unyielding foes to face.|Either playerâs turn|Shooting or Fight phase|The Angelic Host|000000901|<b>WHEN:</b> Your opponentâs Shooting phase or the Fight phase, just after an enemy unit has selected its targets.<br><br><b>TARGET:</b> One <span class="kwb">ADEPTUS</span> <span class="kwb">ASTARTES</span> unit from your army that was selected as the target of one or more of the attacking unitâs attacks.<br><br><b>EFFECT:</b> Until the attacking unit has finished making its attacks, each time an attack targets your unit, worsen the Armour Penetration characteristic of that attack by 1.|
SM|ANGELâS SACRIFICE|000009191004|The Angelic Host â Battle Tactic Stratagem|1|The Blood Angels would gladly put themselves in harm's way to protect others, just as Sanguinius sacrificed his own life.|Either playerâs turn|Fight phase|The Angelic Host|000000901|<b>WHEN:</b> Start of the Fight phase.<br><br><b>TARGET:</b> One Adeptus Astartes Jump Pack unit from your army.<br><br><b>EFFECT:</b> Until the end of the phase, each time an enemy model within Engagement Range of your unit selects its targets, it must select your unit as the target of all of its attacks.|
SM|MARTIAL EXEMPLARS|000009191005|The Angelic Host â Battle Tactic Stratagem|1|The Blood Angels are mighty warriors indeed, and wield their gilded and shimmering blades with consummate skill.|Either playerâs turn|Fight phase|The Angelic Host|000000901|<b>WHEN:</b> Fight phase.<br><br><b>TARGET:</b> One Adeptus Astartes Jump Pack unit from your army that has not been selected to fight this phase.<br><br><b>EFFECT:</b> Until the end of the phase, melee weapons equipped by models in your unit have the [LETHAL HITS] and [PRECISION] abilities.|
SM|UNBRIDLED ARDOUR|000009191002|The Angelic Host â Epic Deed Stratagem|1|The Sanguinary Guard exemplify the noble heritage of Sanguinius, leaping to avenge their battle-brothers without hesitation.|Either playerâs turn|Any phase|The Angelic Host|000000901|<b>WHEN:</b> Any phase.<br><br><b>TARGET:</b> One <span class="kwb">ADEPTUS</span> <span class="kwb">ASTARTES</span> unit from your army that was just destroyed. You can use this Stratagem on that unit even though it was just destroyed.<br><br><b>EFFECT:</b> Until the end of the battle, each time a friendly Sanguinary Guard unit makes an attack that targets the enemy unit that just destroyed your unit, you can re-roll the Hit roll and you can re-roll the Wound roll.|
SM|DESCENT OF ANGELS|000009191006|The Angelic Host â Epic Deed Stratagem|1|The Blood Angels are masters of aerial assault, leaping from airborne transports with jump packs roaring to plunge into the heat of battle.|Your turn|Movement phase|The Angelic Host|000000901|<b>WHEN:</b> Your Movement phase.<br><br><b>TARGET:</b> One Adeptus Astartes Jump Pack unit from your army that is arriving using the Deep Strike ability this phase.<br><br><b>EFFECT:</b> Your unit can be set up anywhere on the battlefield that is more than 6" horizontally away from all enemy units.<br><br><b>RESTRICTIONS:</b> A unit targeted by this Stratagem is not eligible to declare a charge in the same turn.|
SM|DEATH FROM THE SKIES|000009191007|The Angelic Host â Epic Deed Stratagem|1|The roar of the Blood Angels jump packs is as a funeral dirge to their foes.|Your turn|Charge phase|The Angelic Host|000000901|<b>WHEN:</b> Your Movement phase, just after an Adeptus Astartes Jump Pack unit from your army Advances or Falls Back.<br><br><b>TARGET:</b> That <span class="kwb">ADEPTUS</span> <span class="kwb">ASTARTES</span> <span class="kwb">JUMP</span> <span class="kwb">PACK</span> unit.<br><br><b>EFFECT:</b> Until the end of the turn, your unit is eligible to shoot and declare a charge in a turn in which it Advanced or Fell Back.|
SM|FURIOUS ONSLAUGHT|000009187005|The Lost Brethren â Battle Tactic Stratagem|1|The Lost push towards new foes, the bloodlust in their veins enhancing their preternatural speed.|Either playerâs turn|Fight phase|The Lost Brethren|000000900|<b>WHEN:</b> Fight phase.<br><br><b>TARGET:</b> One Death Company unit from your army, just before that unit Piles-in.<br><br><b>EFFECT:</b> Until the end of the phase, each time a model in your unit makes a Pile-in move, it can move up to D3+3" instead of up to 3". If your unit is within 12" of one or more friendly Chaplain models, or if it is below Starting Strength, it can move up to 6" instead. In either case, it can only do so provided your unit ends that Pile-in move in Unit Coherency and within Engagement Range of one or more enemy units.|
SM|LOST TO RAGE|000009187006|The Lost Brethren â Battle Tactic Stratagem|1|The Lost are consumed utterly by rage.|Either playerâs turn|Fight phase|The Lost Brethren|000000900|<b>WHEN:</b> Fight phase.<br><br><b>TARGET:</b> One Death Company unit from your army that is below Starting Strength and has not been selected to fight this phase.<br><br><b>EFFECT:</b> Until the end of the phase, improve the Attacks, Stength and Armour Penetration characteristics of melee weapons equipped by models in your unit by 1 and, unless your unit is within 12" of one or more friendly Chaplain models, until the end of the phase, those weapons have the [HAZARDOUS] ability.|
SM|ARMOUR OF CONTEMPT|000009187003|The Lost Brethren â Battle Tactic Stratagem|1|The belligerence of the Adeptus Astartes combined with their enhanced physiology makes them unyielding foes to face.|Either playerâs turn|Shooting or Fight phase|The Lost Brethren|000000900|<b>WHEN:</b> Your opponentâs Shooting phase or the Fight phase, just after an enemy unit has selected its targets.<br><br><b>TARGET:</b> One <span class="kwb">ADEPTUS</span> <span class="kwb">ASTARTES</span> unit from your army that was selected as the target of one or more of the attacking unitâs attacks.<br><br><b>EFFECT:</b> Until the attacking unit has finished making its attacks, each time an attack targets your unit, worsen the Armour Penetration characteristic of that attack by 1.|
SM|GLORIOUS SACRIFICE|000009187002|The Lost Brethren â Epic Deed Stratagem|1|Even in death, the Lost bring victory to their Chapter.|Either playerâs turn|Any phase|The Lost Brethren|000000900|<b>WHEN:</b> Any phase.<br><br><b>TARGET:</b> One Death Company unit from your army that was just destroyed while it was within range of an objective marker you controlled. You can use this Stratagem on that unit even though it was just destroyed.<br><br><b>EFFECT:</b> That objective marker remains under your control, even if you have no models within range of it, until your opponent controls it at the start or end of any turn.|
SM|FINAL RETRIBUTION|000009187004|The Lost Brethren â Epic Deed Stratagem|1|These battle-brothers have already accepted their deaths. They now seek to strike one last, telling blow against the enemy.|Either playerâs turn|Fight phase|The Lost Brethren|000000900|<b>WHEN:</b> Fight phase, just after an enemy unit has selected its targets.<br><br><b>TARGET:</b> One Death Company unit from your army that was selected as the target of one or more of the attacking unitâs attacks.<br><br><b>EFFECT:</b> Until the end of the phase, each time a model in your unit is destroyed, if that model has not fought this phase, roll one D6, adding 1 to the result if your unit is within 12" of one or more friendly Chaplain models; on a 4+, do not remove it from play. The destroyed model can fight after the attacking unit has finished making its attacks, and is then removed from play.|
SM|WRATHFUL RAMPAGE|000009187007|The Lost Brethren â Strategic Ploy Stratagem|1|So lost to rage are the Death Company that they surge unstoppably into battle, eagerly outpacing their brothers.|Your turn|Movement phase|The Lost Brethren|000000900|<b>WHEN:</b> Your Movement phase, just after a Death Company unit from your army Advances.<br><br><b>TARGET:</b> That <span class="kwb">DEATH</span> <span class="kwb">COMPANY</span> unit.<br><br><b>EFFECT:</b> Until the end of the turn, your unit is eligible to declare a charge in a turn in which it Advanced. If your unit is within 12" of one or more friendly Chaplain models, or it is below its Starting Strength, until the end of the turn, your unit is eligible to shoot and declare a charge in a turn in which it Advanced.|
SM|ARMOUR OF CONTEMPT|000008389002|Unforgiven Task Force â Battle Tactic Stratagem|1|The belligerence of the Adeptus Astartes combined with their post-human physiology makes them unyielding foes to face.|Either playerâs turn|Shooting or Fight phase|Unforgiven Task Force|000000834|<b>WHEN:</b> Your opponentâs Shooting phase or the Fight phase, just after an enemy unit has selected its targets.<br><br><b>TARGET:</b> One <span class="kwb">ADEPTUS</span> <span class="kwb">ASTARTES</span> unit from your army that was selected as the target of one or more of the attacking unitâs attacks.<br><br><b>EFFECT:</b> Until the attacking unit has finished making its attacks, each time an attack targets your unit, worsen the Armour Penetration characteristic of that attack by 1.|
SM|UNFORGIVEN FURY|000008389003|Unforgiven Task Force â Battle Tactic Stratagem|1|With focused aggression, the Dark Angels relentlessly punish the foe.|Either playerâs turn|Shooting or Fight phase|Unforgiven Task Force|000000834|<b>WHEN:</b> Your Shooting phase or the Fight phase.<br><br><b>TARGET:</b> One <span class="kwb">ADEPTUS</span> <span class="kwb">ASTARTES</span> unit from your army that has not been selected to shoot or fight this phase.<br><br><b>EFFECT:</b> Until the end of the phase, weapons equipped by models in your unit have the [LETHAL HITS] ability. In addition, if one or more <span class="kwb">ADEPTUS</span> <span class="kwb">ASTARTES</span> units from your army are currently Battle-shocked, until the end of the phase, each time a model in your unit makes an attack, a successful unmodified Hit roll of 5+ scores a Critical Hit.|
SM|FIRE DISCIPLINE|000008389005|Unforgiven Task Force â Battle Tactic Stratagem|1|There is no escaping the Unforgivenâs wrath when they bring their disciplined firepower to bear.|Your turn|Shooting phase|Unforgiven Task Force|000000834|<b>WHEN:</b> Your Shooting phase.<br><br><b>TARGET:</b> One <span class="kwb">ADEPTUS</span> <span class="kwb">ASTARTES</span> unit from your army that has not been selected to shoot this phase.<br><br><b>EFFECT:</b> Until the end of the phase, ranged weapons equipped by models in that unit have the [ASSAULT], [HEAVY] and [IGNORES COVER] abilities.|
SM|UNBREAKABLE LINES|000008389007|Unforgiven Task Force â Battle Tactic Stratagem|2|Countless assaults have faltered against the unbreakable ceramite wall that is the Unforgiven standing their ground.|Opponentâs turn|Charge phase|Unforgiven Task Force|000000834|<b>WHEN:</b> Your opponentâs Charge phase, just after an enemy unit ends a Charge move.<br><br><b>TARGET:</b> One <span class="kwb">ADEPTUS</span> <span class="kwb">ASTARTES</span> unit from your army within Engagement Range of that enemy unit.<br><br><b>EFFECT:</b> Until the end of the turn, each time an attack targets your unit, subtract 1 from the Wound roll.|
SM|INTRACTABLE|000008389004|Unforgiven Task Force â Strategic Ploy Stratagem|1|Even the Dark Angels must give ground occasionally, y but their stubborn determination ensures they never do so for long, or without a fight.|Your turn|Movement phase|Unforgiven Task Force|000000834|<b>WHEN:</b> Your Movement phase, just after an <span class="kwb">ADEPTUS</span> <span class="kwb">ASTARTES</span> unit from your army Falls Back.<br><br><b>TARGET:</b> That <span class="kwb">ADEPTUS</span> <span class="kwb">ASTARTES</span> unit.<br><br><b>EFFECT:</b> Until the end of the turn, your unit is eligible to shoot and declare a charge in a turn in which it Fell Back.|
SM|GRIM RETRIBUTION|000008389006|Unforgiven Task Force â Strategic Ploy Stratagem|1|Stern and vengeful as they are, the warriors of the Unforgiven Chapters deliver swift retribution to any foe foolish enough to try to lay them low.|Opponentâs turn|Shooting phase|Unforgiven Task Force|000000834|<b>WHEN:</b> Your opponentâs Shooting phase, just after an enemy unit has shot.<br><br><b>TARGET:</b> One <span class="kwb">ADEPTUS</span> <span class="kwb">ASTARTES</span> unit from your army that had one or more models destroyed as a result of the attacking unitâs attacks.<br><br><b>EFFECT:</b> Your unit can shoot as if it were your Shooting phase, but it must target the enemy unit that just attacked it, and can only do so if that enemy unit is an eligible target.|
SM|SURGICAL STRIKES|000008491004|Vanguard Spearhead â Battle Tactic Stratagem|2|Every tyrant must fear the assassin's blade, and the vanguard spring ambushes with precision coordination.|Either playerâs turn|Fight phase|Vanguard Spearhead|000000797|<b>WHEN:</b> Fight phase.<br><br><b>TARGET:</b> One ADEPTUS ASTARTES INFANTRY unit from your army that has not been selected to fight this phase.<br><br><b>EFFECT:</b> Until the end of the phase, melee weapons equipped by models in your unit have the [PRECISION] ability.|
SM|ARMOUR OF CONTEMPT|000008491003|Vanguard Spearhead â Battle Tactic Stratagem|1|The belligerence of the Adeptus Astartes combined with their post-human physiology makes them unyielding foes to face.|Either playerâs turn|Shooting or Fight phase|Vanguard Spearhead|000000797|<b>WHEN:</b> Your opponentâs Shooting phase or the Fight phase, just after an enemy unit has selected its targets.<br><br><b>TARGET:</b> One <span class="kwb">ADEPTUS</span> <span class="kwb">ASTARTES</span> unit from your army that was selected as the target of one or more of the attacking unitâs attacks.<br><br><b>EFFECT:</b> Until the attacking unit has finished making its attacks, each time an attack targets your unit, worsen the Armour Penetration characteristic of that attack by 1.|
SM|STRIKE FROM THE SHADOWS|000008491005|Vanguard Spearhead â Battle Tactic Stratagem|1|To evade oneâs enemies and sow confusion can be a deadly weapon in itself.|Your turn|Shooting phase|Vanguard Spearhead|000000797|<b>WHEN:</b> Your Shooting phase.<br><br><b>TARGET:</b> One ADEPTUS ASTARTES INFANTRY unit from your army that has not been selected to shoot this phase.<br><br><b>EFFECT:</b> Until the end of the phase, each time a model in your unit makes a ranged attack that targets an enemy unit that is more than 12" away, improve the Ballistic Skill and Armour Penetration characteristics of that attack by 1. If one or more enemy models are destroyed as a result of those attacks, select one of those destroyed models; that destroyed modelâs unit must take a Battle-shock test.|
SM|GUERRILLA TACTICS|000008491007|Vanguard Spearhead â Strategic Ploy Stratagem|1|At the opportune moment, Space Marine infiltration units slip away from battle, only to relocate ready to strike the foe again.|Opponentâs turn|Fight phase|Vanguard Spearhead|000000797|<b>WHEN:</b> End of your opponentâs Fight phase.<br><br><b>TARGET:</b> Up to two PHOBOS and/or SCOUT SQUAD units from your army, or one other ADEPTUS ASTARTES INFANTRY unit from your army.<br><br><b>EFFECT:</b> Remove those units from the battlefield and place them into Strategic Reserves.<br><br><b>RESTRICTIONS:</b> Each unit selected for this Stratagem must be more than 3" away from all enemy models.|
SM|CALCULATED FEINT|000008491006|Vanguard Spearhead â Strategic Ploy Stratagem|1|A feigned retreat can be used to overextend eager foes or draw them into deadly arcs of fire.|Opponentâs turn|Charge phase|Vanguard Spearhead|000000797|<b>WHEN:</b> Your opponentâs Charge phase, just after an enemy unit declares a charge.<br><br><b>TARGET:</b> One ADEPTUS ASTARTES INFANTRY unit from your army that was selected as a target of that charge.<br><br><b>EFFECT:</b> Your unit can make a Normal move of up to D6", or up to 6" instead if it is a PHOBOS or ScouT SQUAD unit.<br><br><b>RESTRICTIONS:</b> You cannot select a unit that is within Engagement Range of one or more enemy units.|
SM|A DEADLY PRIZE|000008491002|Vanguard Spearhead â Wargear Stratagem|1|Warriors of a Vanguard Spearhead will rig critical objectives with explosives to deny them to the enemy.|Either playerâs turn|Command phase|Vanguard Spearhead|000000797|<b>WHEN:</b> Start of the Command phase.<br><br><b>TARGET:</b> One ADEPTUS ASTARTES INFANTRY or ADEPTUS ASTARTES MOUNTED unit from your army within range of an objective marker you control.<br><br><b>EFFECT:</b> That objective marker is said to be Sabotaged, and remains under your control even if you have no models within range of it, until your opponent controls it at the start or end of any turn. While an objective marker is Sabotaged and under your control, each time an enemy unit ends a Normal, Advance, Fall Back or Charge move within range of that objective marker, roll one D6: on a 2+, that enemy unit suffers D3 mortal wounds.|
SM|SPOOR OF THE UNHOLY|000010397004|Vindication Task Force â Battle Tactic Stratagem|1|Perhaps guided by visions from the Emperor, Black Templars can pick out heresy wherever it lurks.|Either playerâs turn|Shooting or Fight phase|Vindication Task Force|000001092|<b>WHEN:</b> Your Shooting phase or the Fight phase.<br><br><b>TARGET:</b> One <span class="kwb">ADEPTUS</span> <span class="kwb">ASTARTES</span> unit from your army that has not been selected to shoot or fight this phase.<br><br><b>EFFECT:</b> Until the end of the phase, ranged weapons equipped by models in your unit have the [IGNORES COVER] ability and each time a model in your unit makes an attack, you can ignore any or all modifiers to the following: that attackâs Ballistic Skill or Weapon Skill characteristic; the Hit roll.|
SM|LITANIES OF PURGATION|000010397003|Vindication Task Force â Battle Tactic Stratagem|1|Where the Emperor's domain is imperilled by the unholy, the Black Templars vow to cleanse it.|Either playerâs turn|Fight phase|Vindication Task Force|000001092|<b>WHEN:</b> Fight phase.<br><br><b>TARGET:</b> One <span class="kwb">ADEPTUS</span> <span class="kwb">ASTARTES</span> unit from your army that has not been selected to fight this phase.<br><br><b>EFFECT:</b> Until the end of the phase, each time a model in your unit makes an attack, if that modelâs unit is within range of one or more objective markers or the target unit is within range of one or more objective markers, improve the Armour Penetration characteristic of that attack by 1.|
SM|REFUSAL TO YIELD|000010397002|Vindication Task Force â Epic Deed Stratagem|1|Where honour is upheld, the Emperor's divinity may manifest to grant his pious warrior new strength.|Either playerâs turn|Any phase|Vindication Task Force|000001092|<b>WHEN:</b> Any phase, just after an Ancient model from your army is destroyed.<br><br><b>TARGET:</b> That <span class="kwb">ANCIENT</span> model. You can use this Stratagem on that model even though it was just destroyed.<br><br><b>EFFECT:</b> At the end of the phase, set your model back up on the battlefield, as close as possible to where it was destroyed and not within Engagement Range of one or more enemy units, with its full wounds remaining.<br><br><b>RESTRICTIONS:</b> You cannot target the same model with this Stratagem more than once per battle.|
SM|PERFERVID INTERVENTION|000010397007|Vindication Task Force â Strategic Ploy Stratagem|2|When the Emperor blesses his crusaders with the opportunity to seize the initiative, none refuse.|Opponentâs turn|Charge phase|Vindication Task Force|000001092|<b>WHEN:</b> End of your opponentâs Charge phase.<br><br><b>TARGET:</b> One <span class="kwb">ADEPTUS</span> <span class="kwb">ASTARTES</span> unit from your army that is within 6" of one or more enemy units and would be eligible to declare a charge against one or more of those enemy units if it were your Charge phase.<br><br><b>EFFECT:</b> Your unit now declares a charge that only targets one or more of those enemy units, and you resolve that charge.<br><br><b>RESTRICTIONS:</b> Note that even if this charge is successful, your unit does not receive any Charge bonus this turn.|
SM|RECITATION OF THE REVERED|000010397006|Vindication Task Force â Strategic Ploy Stratagem|1|The Ancient leads a deafening recital of his banner's honours, the projected chant's zeal shaking the foe.|Opponentâs turn|Shooting phase|Vindication Task Force|000001092|<b>WHEN:</b> Your opponentâs Shooting phase, just after an enemy unit has selected its targets.<br><br><b>TARGET:</b> One Ancient unit from your army that was selected as the target of one or more of the attacking unitâs attacks.<br><br><b>EFFECT:</b> Until the end of the phase, each time an attack targets your unit, subtract 1 from the Hit roll.|
SM|RECLAIM OUR HONOUR!|000010397005|Vindication Task Force â Strategic Ploy Stratagem|1|The sacred standards of a crusade embody its warriors' honour, and no one would see them lost.|Either playerâs turn|Shooting or Fight phase|Vindication Task Force|000001092|<b>WHEN:</b> Your opponentâs Shooting phase or the Fight phase, just after an enemy unit destroys an Ancient model from your army that has not been targeted with the Refusal to Yield Stratagem this phase.<br><br><b>TARGET:</b> One <span class="kwb">ADEPTUS</span> <span class="kwb">ASTARTES</span> unit from your army visible to that enemy unit.<br><br><b>EFFECT:</b> Until the end of the battle, each time an <span class="kwb">ADEPTUS</span> <span class="kwb">ASTARTES</span> model from your army makes an attack that targets that enemy unit, add 1 to the Hit roll.<br><br><b>RESTRICTIONS:</b> You cannot target that <span class="kwb">ANCIENT</span> model with the Refusal to Yield Stratagem this phase.|
SM|TACTICAL MASTERY|000010161005|Wrath of the Rock â Battle Tactic Stratagem|1|When the constituent elements of the Dark Angels fight as one, the enemy is often overwhelmed and torn apart by the fluidity of the Chapterâs rapid advances, tactical withdrawals and unexpected counteroffensives.|Your turn|Movement phase|Wrath of the Rock|000001059|<b>WHEN:</b> Your Movement phase.<br><br><b>TARGET:</b> One <span class="kwb">ADEPTUS</span> <span class="kwb">ASTARTES</span> unit from your army.<br><br><b>EFFECT:</b> Until the end of the turn, your unit is eligible to shoot and declare a charge in a turn in which it Advanced. If your unit has the Ravenwing keyword, it is also eligible to shoot and declare a charge in a turn in which it Fell Back.|
SM|ARMOUR OF CONTEMPT|000010161004|Wrath of the Rock â Battle Tactic Stratagem|1|The belligerence of the Adeptus Astartes combined with their transhuman physiology makes them unyielding foes to face.|Either playerâs turn|Shooting or Fight phase|Wrath of the Rock|000001059|<b>WHEN:</b> Your opponentâs Shooting phase or the Fight phase, just after an enemy unit has selected its targets.<br><br><b>TARGET:</b> One <span class="kwb">ADEPTUS</span> <span class="kwb">ASTARTES</span> unit from your army that was selected as the target of one or more of the attacking unitâs attacks.<br><br><b>EFFECT:</b> Until the attacking unit has finished making its attacks, each time an attack targets your unit, worsen the Armour Penetration characteristic of that attack by 1.|
SM|INESCAPABLE JUSTICE|000010161002|Wrath of the Rock â Battle Tactic Stratagem|2|The Dark Angels pursue their enemies relentlessly, eliminating one with ruthless precision before turning to the next.|Either playerâs turn|Any phase|Wrath of the Rock|000001059|<b>WHEN:</b> Any phase, just after your Oath of Moment target is destroyed.<br><br><b>TARGET:</b> One Adeptus Astartes Character unit that is on the battlefield.<br><br><b>EFFECT:</b> Select one enemy unit within 12" and visible to your unit. That enemy unit becomes your Oath of Moment target until the start of your next Command phase.|
SM|LIONâS WILL|000010161003|Wrath of the Rock â Strategic Ploy Stratagem|1|Unflinching in their loyalty to Chapter and Primarch, Dark Angels battle-brothers seize and hold their objectives with unrelenting determination and zealous fury.|Either playerâs turn|Command phase|Wrath of the Rock|000001059|<b>WHEN:</b> Command phase.<br><br><b>TARGET:</b> One <span class="kwb">ADEPTUS</span> <span class="kwb">ASTARTES</span> unit from your army that is within Engagement Range of one or more enemy units.<br><br><b>EFFECT:</b> Until the start of your next Command phase, add 1 to the Objective Control characteristic of models in your unit. In addition, until the end of the turn, if your unit does not have the Deathwing, Ravenwing or Vehicle keyword, each time a model in your unit makes an attack, add 1 to the Hit roll.|
SM|LEONINE AGGRESSION|000010161007|Wrath of the Rock â Strategic Ploy Stratagem|1|The Dark Angels are always aggressive in their waging of war, seizing any opportunity to pounce upon and annihilate their prey.|Opponentâs turn|Charge phase|Wrath of the Rock|000001059|<b>WHEN:</b> End of your opponentâs Charge phase.<br><br><b>TARGET:</b> One <span class="kwb">ADEPTUS</span> <span class="kwb">ASTARTES</span> unit from your army within 3" of one or more enemy units, or one Deathwing unit from your army within 6" of one or more enemy units.<br><br><b>EFFECT:</b> Your unit now declares a charge that only targets one or more of those enemy units, and you resolve that charge.<br><br><b>RESTRICTIONS:</b> Note that even if this charge is successful, your unit does not receive any Charge bonus this turn.|
SM|RELICS OF THE DARK AGE|000010161006|Wrath of the Rock â Strategic Ploy Stratagem|1|Amongst the many secrets hoarded by the Dark Angels are those technological in nature. The armouries of the Rock contain potent weapons unseen in the armouries of other Chapters.|Your turn|Shooting phase|Wrath of the Rock|000001059|<b>WHEN:</b> Your Shooting phase.<br><br><b>TARGET:</b> One Adeptus Astartes Infantry or Adeptus Astartes Mounted unit from your army that has not been selected to shoot this phase.<br><br><b>EFFECT:</b> Until the end of the phase, add 2 to the Strength characteristic of ranged weapons equipped by models in your unit.|
SM|BRUTE FERVOUR|000009844005|Wrathful Procession â Battle Tactic Stratagem|1|All the enemyâs skill, cunning and trickery come to naught in the face of the Black Templarsâ direct and unrelenting brutality.|Either playerâs turn|Fight phase|Wrathful Procession|000001006|<b>WHEN:</b> Fight phase.<br><br><b>TARGET:</b> One <span class="kwb">ADEPTUS</span> <span class="kwb">ASTARTES</span> unit from your army that has not been selected to fight this phase.<br><br><b>EFFECT:</b> Until the end of the phase, each time a model in your unit makes an attack, re-roll a Hit roll of 1 and you can ignore any or all modifiers to the following: that attackâs Weapon Skill characteristic; the Hit roll; the Wound roll.|
SM|CASTIGATE THE DEMAGOGUES|000009844004|Wrathful Procession â Battle Tactic Stratagem|1|There is nowhere that the architects of heresy can hide from the righteous judgement of the Black Templars.|Either playerâs turn|Fight phase|Wrathful Procession|000001006|<b>WHEN:</b> Fight phase.<br><br><b>TARGET:</b> One <span class="kwb">ADEPTUS</span> <span class="kwb">ASTARTES</span> unit from your army that has not been selected to fight this phase.<br><br><b>EFFECT:</b> Until the end of the phase, melee weapons equipped by models in your unit have the [PRECISION] ability.|
SM|ARMOUR OF CONTEMPT|000009844003|Wrathful Procession â Battle Tactic Stratagem|1|The belligerence and transhuman physiologies of the Adeptus Astartes make them unyielding foes.|Either playerâs turn|Shooting or Fight phase|Wrathful Procession|000001006|<b>WHEN:</b> Your opponentâs Shooting phase or the Fight phase, just after an enemy unit has selected its targets.<br><br><b>TARGET:</b> One <span class="kwb">ADEPTUS</span> <span class="kwb">ASTARTES</span> unit from your army that was selected as the target of one or more of the attacking unitâs attacks.<br><br><b>EFFECT:</b> Until the attacking unit has finished making its attacks, each time an attack targets your unit, worsen the Armour Penetration characteristic of that attack by 1.|
SM|FUELLED BY FAITH|000009844002|Wrathful Procession â Battle Tactic Stratagem|1|So powerfully gripped by holy fervour are these warriors that they fight on through even the most grievous wounds to body and mind.|Either playerâs turn|Any phase|Wrathful Procession|000001006|<b>WHEN:</b> Any phase, just after a mortal wound is allocated to an <span class="kwb">ADEPTUS</span> <span class="kwb">ASTARTES</span> unit from your army.<br><br><b>TARGET:</b> That <span class="kwb">ADEPTUS</span> <span class="kwb">ASTARTES</span> unit.<br><br><b>EFFECT:</b> Until the end of the phase, models in your unit have the Feel No Pain 5+ ability against mortal wounds.|
SM|VOICE OF DEVOTION|000009844007|Wrathful Procession â Strategic Ploy Stratagem|1|In the crucial moment, these battle-brothers switch to the most apposite devotional litany just as they might select the correct weapon from the Chapterâs armouries.|Your turn|Command phase|Wrathful Procession|000001006|<b>WHEN:</b> Your Command phase.<br><br><b>TARGET:</b> One Adeptus Astartes Infantry or Adeptus Astartes Mounted unit from your army.<br><br><b>EFFECT:</b> Select the Chorus of Relentless Hate, Rite of Perfervid Wrath or Chant of Deathless Devotion Litany. Until the end of the battle round, that Litany is active for your unit instead of any other Litany that is active for your army.|
SM|RELENTLESS MOMENTUM|000009844006|Wrathful Procession â Strategic Ploy Stratagem|1|The sheer momentum and ferocity of so many charging, armoured killers are almost impossible to stop, carrying them forward through rank after rank of the heretical foe.|Either playerâs turn|Fight phase|Wrathful Procession|000001006|<b>WHEN:</b> Fight phase.<br><br><b>TARGET:</b> One <span class="kwb">ADEPTUS</span> <span class="kwb">ASTARTES</span> unit from your army that has not been selected to fight this phase and is within Engagement Range of one or more enemy units.<br><br><b>EFFECT:</b> Until the end of the phase, when determining which models in your unit are eligible to fight, any models in it that are within 3" of one or more enemy models are eligible to fight. When resolving those attacks, such models can target one of those enemy units that is within 3" of them and within Engagement Range of their unit.|
TAU|GUIDED FIRE|000009840007|Auxiliary Cadre â Battle Tactic Stratagem|1|These Fire Warriors employ sensory data fed to them by supporting alien auxiliary units to maximise accuracy and place their shots against weak points they might not have perceived.|Your turn|Shooting phase|Auxiliary Cadre|000001005|<b>WHEN:</b> Your Shooting phase.<br><br><b>TARGET:</b> One <span class="kwb">TâAU</span> <span class="kwb">EMPIRE</span> unit from your army (excluding Kroot and Vespid Stingwings units) that has not been selected to shoot this phase.<br><br><b>EFFECT:</b> Until the end of the phase, add 1 to the Strength characteristic of ranged weapons equipped by models in your unit. If your unit is wholly within 9" of one or more <span class="kwb">KROOT</span> or <span class="kwb">VESPID</span> <span class="kwb">STINGWINGS</span> units from your army, add 2 to the Strength characteristic of ranged weapons equipped by models in your unit instead.|
TAU|MULTISENSORY SCANNING|000009840003|Auxiliary Cadre â Battle Tactic Stratagem|1|Target analysis data from scanning drones is rapidly translated into inputs ideally tailored to a range of alien sensoria and then disseminated through the cadre.|Either playerâs turn|Shooting or Fight phase|Auxiliary Cadre|000001005|<b>WHEN:</b> Your Shooting phase or the Fight phase.<br><br><b>TARGET:</b> One <span class="kwb">TâAU</span> <span class="kwb">EMPIRE</span> unit from your army that has not been selected to shoot or fight this phase.<br><br><b>EFFECT:</b> Until the end of the phase, each time a model in your unit makes an attack, re-roll a Wound roll of 1. If it is a Kroot or Vespid Stingwings unit, you can re-roll the Wound roll instead.|
TAU|ALIEN EXPERTISE|000009840006|Auxiliary Cadre â Battle Tactic Stratagem|1|There is much that the alien auxiliaries of the Tâau empire can teach the Fire caste, not least through practical and deadly battlefield demonstrations.|Your turn|Movement phase|Auxiliary Cadre|000001005|<b>WHEN:</b> Your Movement phase.<br><br><b>TARGET:</b> One <span class="kwb">TâAU</span> <span class="kwb">EMPIRE</span> unit from your army.<br><br><b>EFFECT:</b> Until the end of the turn, your unit is eligible to shoot in a turn in which it Advanced. If it is a Kroot or Vespid Stingwings unit, until the end of the turn, your unit is eligible to declare a charge in a turn in which it Advanced as well.|
TAU|PHEROMONE WAYPOINTS|000009840005|Auxiliary Cadre â Strategic Ploy Stratagem|1|Air caste craft have dropped drones that emit pheromones into this region, their emissions invisible but blazing like beacons to the correct alien senses.|Your turn|Movement phase|Auxiliary Cadre|000001005|<b>WHEN:</b> Your Movement phase.<br><br><b>TARGET:</b> One Kroot or Vespid Stingwings unit from your army that has not been selected to move this phase.<br><br><b>EFFECT:</b> Until the end of the phase, each time your unit Advances, do not make an Advance roll for it. Instead, until the end of the phase, add 6" to the Move characteristic of models in your unit.|
TAU|INTERLOCKING MANOUEVRES|000009840004|Auxiliary Cadre â Strategic Ploy Stratagem|1|Regular Fire caste forces operating as part of auxiliary cadres are well trained in swift repositioning and fighting retreats, the better to exploit the presence of or provide support for their alien comrades.|Either playerâs turn|Fight phase|Auxiliary Cadre|000001005|<b>WHEN:</b> End of the Fight phase.<br><br><b>TARGET:</b> One <span class="kwb">TâAU</span> <span class="kwb">EMPIRE</span> unit from your army that was eligible to fight this phase.<br><br><b>EFFECT:</b> If your unit is not within Engagement Range of one or more enemy units, it can make a Normal move of up to 6". Otherwise, your unit can make a Fall Back move. It cannot embark within a Transport at the end of this move if it disembarked from a <span class="kwb">TRANSPORT</span> this turn.|
TAU|EXPERIMENTAL MODIFICATIONS|000009840002|Auxiliary Cadre â Strategic Ploy Stratagem|1|These experimental Earth caste weapon upgrades can only activate for short bursts at a time, but the extra stopping power they provide is formidable.|Either playerâs turn|Shooting or Fight phase|Auxiliary Cadre|000001005|<b>WHEN:</b> Your Shooting phase or the Fight phase.<br><br><b>TARGET:</b> One Kroot or Vespid Stingwings unit from your army that has not been selected to shoot or fight this phase.<br><br><b>EFFECT:</b> Until the end of the phase, improve the Armour Penetration characteristic of weapons equipped by models in your unit by 1.|
TAU|REACTIVE IMPACT DAMPENERS|000009984003|Experimental Prototype Cadre â Battle Tactic Stratagem|1|Advancements in battlesuit field technology include the addition of autoreactive shield dampers to absorb and dissipate the energy from high-velocity kinetic strikes.|Either playerâs turn|Shooting or Fight phase|Experimental Prototype Cadre|000001028|<b>WHEN:</b> Your opponentâs Shooting phase or the Fight phase, just after an enemy unit has selected its targets.<br><br><b>TARGET:</b> One Tâau Empire Battlesuit unit from your army that was selected as the target of one or more of the attacking unitâs attacks.<br><br><b>EFFECT:</b> Until the end of the phase, each time an attack targets your unit, if the Strength characteristic of that attack is greater than the Toughness characteristic of your unit, subtract 1 from the Wound roll.|
TAU|EXPERIMENTAL WEAPONRY|000009984004|Experimental Prototype Cadre â Battle Tactic Stratagem|1|Tâau scientists have distributed the latest prototype weapons amongst this cadreâs contingents, all optimised to increase reliability and accuracy.|Your turn|Shooting phase|Experimental Prototype Cadre|000001028|<b>WHEN:</b> Your Shooting phase.<br><br><b>TARGET:</b> One <span class="kwb">TâAU</span> <span class="kwb">EMPIRE</span> unit from your army that has not been selected to shoot this phase.<br><br><b>EFFECT:</b> Until the end of the phase, each time you roll one or more dice to determine the number of attacks made with a weapon equipped by a model in your unit, you can re-roll the result.|
TAU|AUTOMATED REPAIR DRONES|000009984002|Experimental Prototype Cadre â Strategic Ploy Stratagem|1|Much research is being placed into deploying miniaturised drones to affect battlefield repairs and dispense emergency medical treatments in combat.|Either playerâs turn|Command phase|Experimental Prototype Cadre|000001028|<b>WHEN:</b> Command phase.<br><br><b>TARGET:</b> One Tâau Empire Battlesuit unit from your army.<br><br><b>EFFECT:</b> Select one <span class="kwb">BATTLESUIT</span> model in your unit: that model regains up to D3+1 lost wounds.|
TAU|EXPERIMENTAL AMMUNITION|000009984005|Experimental Prototype Cadre â Wargear Stratagem|1|From hardened warheads and amplified ion capacitors, to hyperaccelerated pulse fields and refined fusion cores, the Tâau are forever innovating improvements to improve the lethality of their ammunition.|Your turn|Shooting phase|Experimental Prototype Cadre|000001028|<b>WHEN:</b> Your Shooting phase.<br><br><b>TARGET:</b> One <span class="kwb">TâAU</span> <span class="kwb">EMPIRE</span> unit from your army that has not been selected to shoot this phase.<br><br><b>EFFECT:</b> Select one of the following to apply to your unit until the end of the phase:<br><ul><li>Improve the Strength characteristic of ranged weapons equipped by models in your unit by 1.</li><li>Improve the Strength and Armour Penetration characteristics of ranged weapons equipped by models in your unit by 1, and those weapons have the [HAZARDOUS] ability.</li></ul><br><b>RESTRICTIONS:</b> You cannot target the same unit with the Experimental Ammunition and Threat Assessment Analyser Stratagems in the same phase.|
TAU|THREAT ASSESSMENT ANALYSER|000009984006|Experimental Prototype Cadre â Wargear Stratagem|1|The Earth caste have been experimenting with implanting AI neurochip-technology into hand-held scanners, enabling the swift calculation of precise firing solutions.|Your turn|Shooting phase|Experimental Prototype Cadre|000001028|<b>WHEN:</b> Your Shooting phase.<br><br><b>TARGET:</b> One <span class="kwb">TâAU</span> <span class="kwb">EMPIRE</span> unit from your army that has not been selected to shoot this phase.<br><br><b>EFFECT:</b> Select the [SUSTAINED HITS 1] or [LETHAL HITS] ability. Until the end of the phase, ranged weapons equipped by models in your unit have the selected ability. You can instead select the [SUSTAINED HITS 1], [LETHAL HITS] and [HAZARDOUS] abilities to apply to those weapons until the end of the phase.<br><br><b>RESTRICTIONS:</b> You cannot target the same unit with the Experimental Ammunition and Threat Assessment Analyser Stratagems in the same phase.|
TAU|NEUROWEB SYSTEM JAMMER|000009984007|Experimental Prototype Cadre â Wargear Stratagem|1|This prototype countermeasure device emits an intense neurostatic jamming field, scrambling the enemyâs senses and fouling their aim.|Opponentâs turn|Shooting phase|Experimental Prototype Cadre|000001028|<b>WHEN:</b> Your opponentâs Shooting phase, just after an enemy unit has selected its targets.<br><br><b>TARGET:</b> One Tâau Empire Crisis unit from your army that was selected as the target of one or more of the attacking unitâs attacks.<br><br><b>EFFECT:</b> Until the end of the phase, your unit can only be selected as the target of a ranged attack if the attacking model is within 18".|
TAU|WALL OF MIRRORS|000008443007|Kauyon â Battle Tactic Stratagem|1|Tâau Stealth Cadres utilise obfuscation fields and wide-band refraction beams to mask their advance.|Opponentâs turn|Fight phase|Kauyon|000000781|<b>WHEN:</b> End of your opponentâs Fight phase.<br><br><b>TARGET:</b> One Stealth, Ghostkeel or Commander Shadowsun unit from your army.<br><br><b>EFFECT:</b> Remove your unit from the battlefield and place it into Strategic Reserves.<br><br><b>RESTRICTIONS:</b> You cannot target a unit that is within Engagement Range of one or more enemy units.|
TAU|A TEMPTING TRAP|000008443002|Kauyon â Battle Tactic Stratagem|1|Kauyon teaches that many things can be used to bait a trap, luring the foe into position.|Your turn|Shooting phase|Kauyon|000000781|<b>WHEN:</b> Your Shooting phase.<br><br><b>TARGET:</b> One <span class="kwb">TâAU</span> <span class="kwb">EMPIRE</span> unit from your army that has not been selected to shoot this phase. The first time you use this Stratagem, you must also select one objective marker that is not in your opponentâs deployment zone; until the end of the battle, this becomes your Trap objective marker.<br><br><b>EFFECT:</b> Until the end of the phase, each time a model in your unit makes a ranged attack that targets an enemy unit within range of your Trap objective marker, add 1 to the Wound roll.<br><br><b>RESTRICTIONS:</b> You cannot use this Stratagem during the first or second battle rounds.|
TAU|POINT-BLANK AMBUSH|000008443003|Kauyon â Battle Tactic Stratagem|1|Devastating firepower need not be applied from afar, especially when striking an unsuspecting foe.|Your turn|Shooting phase|Kauyon|000000781|<b>WHEN:</b> Your Shooting phase.<br><br><b>TARGET:</b> One <span class="kwb">TâAU</span> <span class="kwb">EMPIRE</span> unit from your army that has not been selected to shoot this phase.<br><br><b>EFFECT:</b> Until the end of the phase, each time a model in your unit makes a ranged attack that targets an enemy unit within 9", improve the Armour Penetration characteristic of that attack by 1.<br><br><b>RESTRICTIONS:</b> You cannot use this Stratagem during the first or second battle rounds.|
TAU|COORDINATE TO ENGAGE|000008443004|Kauyon â Battle Tactic Stratagem|1|Tâau Hunter Cadres work in close coordination to destroy the most dangerous enemy targets.|Your turn|Shooting phase|Kauyon|000000781|<b>WHEN:</b> Your Shooting phase.<br><br><b>TARGET:</b> One <span class="kwb">TâAU</span> <span class="kwb">EMPIRE</span> unit from your army that has just been selected as an Observer unit (see For the Greater Good).<br><br><b>EFFECT:</b> Until the end of the phase, each time a model in your unit makes an attack that targets their Spotted unit, improve the Ballistic Skill characteristic of that attack by 1 and, if your unit has the Markerlight keyword, that attack has the [IGNORES COVER] ability.|
TAU|PHOTON GRENADES|000008443006|Kauyon â Wargear Stratagem|1|Hurling a volley of photon grenades, the Tâau leave their enemies dazzled and disorientated, unable to close the distance into combat at a crucial moment.|Opponentâs turn|Charge phase|Kauyon|000000781|<b>WHEN:</b> Your opponentâs Charge phase, just after an enemy unit has declared a charge.<br><br><b>TARGET:</b> One Tâau Empire Grenades unit from your army that was selected as one of the targets of that charge.<br><br><b>EFFECT:</b> That enemy unit must immediately take a Battle-shock test, and until the end of the phase, subtract 2 from Charge rolls made for that enemy unit.|
TAU|COMBAT EMBARKATION|000008443005|Kauyon â Wargear Stratagem|1|Those who act as the lure in the Kauyon must be ready to make a hasty withdrawal once the enemy closes into killing range, lest they be trapped.|Opponentâs turn|Charge phase|Kauyon|000000781|<b>WHEN:</b> Your opponentâs Charge phase, just after an enemy unit has declared a charge.<br><br><b>TARGET:</b> One Tâau Empire Infantry unit from your army that was selected as one of the targets of that charge, and one friendly Transport.<br><br><b>EFFECT:</b> Your unit can embark within that <span class="kwb">TRANSPORT</span>. If it does, your opponent can select new targets for that charge.<br><br><b>RESTRICTIONS:</b> Every model in your <span class="kwb">TâAU</span> <span class="kwb">EMPIRE</span> <span class="kwb">INFANTRY</span> unit must be within 3" of that <span class="kwb">TRANSPORT</span> and there must be sufficient transport capacity to embark the entire unit.|
TAU|A TRAP WELL LAID|000008822003|Kroot Hunting Pack â Battle Tactic Stratagem|1|The Kroot have long perfected the art of ambush hunting, their packs working in deadly concert.|Either playerâs turn|Shooting or Fight phase|Kroot Hunting Pack|000000847|<b>WHEN:</b> Your Shooting phase or the Fight phase.<br><br><b>TARGET:</b> One Kroot unit from your army that has not been selected to shoot or fight this phase.<br><br><b>EFFECT:</b> After your unit has resolved its attacks this phase, select one enemy unit that was hit by one or more of those attacks. Until the end of the phase, each time a <span class="kwb">KROOT</span> model from your army makes an attack that targets that enemy unit, unless the attacking unit is Battle-shocked, improve the Armour Penetration characteristic of that attack by 1.|
TAU|JOIN THE HUNT|000008822002|Kroot Hunting Pack â Battle Tactic Stratagem|2|When a Kroot Hunting Pack closes in on its prey, there are often other hunters waiting to join in the fray and take their share of any spoils.|Either playerâs turn|Any phase|Kroot Hunting Pack|000000847|<b>WHEN:</b> Any phase.<br><br><b>TARGET:</b> One Kroot Infantry or Kroot Hounds unit from your army that was just destroyed. You can use this Stratagem on that unit even though it was just destroyed.<br><br><b>EFFECT:</b> Add a new unit to your army identical to your destroyed unit, in Strategic Reserves, at its Starting Strength.<br><br><b>RESTRICTIONS:</b> This Stratagem cannot be used to return destroyed Character units to Attached units. You can only use this Stratagem once per battle.|
TAU|THE GRISLY FEAST|000008822005|Kroot Hunting Pack â Strategic Ploy Stratagem|1|The psychological impact of witnessing one's comrades being dismembered and devoured by gore-splattered Kroot cannot be overstated.|Either playerâs turn|Fight phase|Kroot Hunting Pack|000000847|<b>WHEN:</b> Fight phase.<br><br><b>TARGET:</b> One Kroot unit from your army that destroyed one or more enemy units this phase.<br><br><b>EFFECT:</b> In your opponentâs next Command phase, each enemy unit within 6" of your unit must take a Battle-shock test. If the unit taking that test is Below Half-strength, subtract 1 from that test. Enemy units affected by this Stratagem do not need to take any other Battle-shock tests in the same phase.|
TAU|GUERRILLA WARRIORS|000008822006|Kroot Hunting Pack â Strategic Ploy Stratagem|1|Kroot see no value in stand-up fights, caring little for honour or glory. They hit and fade, frustrating their foes and bleeding them by degrees until - weakened and out of position - they are rendered vulnerable.|Your turn|Movement phase|Kroot Hunting Pack|000000847|<b>WHEN:</b> Your Movement phase, just after a Kroot unit from your army Falls Back.<br><br><b>TARGET:</b> That <span class="kwb">KROOT</span> unit.<br><br><b>EFFECT:</b> Until the end of the turn, your unit is eligible to shoot and declare a charge.|
TAU|HIDDEN HUNTERS|000008822007|Kroot Hunting Pack â Strategic Ploy Stratagem|1|The Kroot are experts in camouflage and concealment, able to utilise cover in ways most foes would never consider and - to their great misfortune - do not anticipate.|Opponentâs turn|Shooting phase|Kroot Hunting Pack|000000847|<b>WHEN:</b> Your opponentâs Shooting phase, just after an enemy unit has selected its targets.<br><br><b>TARGET:</b> One Kroot unit from your army that was selected as the target of one or more of the attacking unitâs attacks.<br><br><b>EFFECT:</b> Until the end of the phase, your unit can only be selected as the target of a ranged attack if the attacking model is within 18".|
TAU|EMP GRENADES|000008822004|Kroot Hunting Pack â Wargear Stratagem|1|Furnished by Tâau allies or returning Farstalkers, these electromagnetic grenades wreak havoc with the animuses of armoured fighting vehicles.|Either playerâs turn|Shooting or Fight phase|Kroot Hunting Pack|000000847|<b>WHEN:</b> Your opponentâs Shooting phase or the Fight phase, just after an enemy <span class="kwb">VEHICLE</span> unit is selected to shoot or fight.<br><br><b>TARGET:</b> One Kroot Grenades unit from your army within 8" of that enemy <span class="kwb">VEHICLE</span> unit.<br><br><b>EFFECT:</b> Until the end of the phase, worsen the Weapon Skill and Ballistic Skill characteristics of that enemy <span class="kwb">VEHICLE</span> unitâs weapons by 1.|
TAU|BOARDING BLADES|000009646002|Kroot Raiding Party â Battle Tactic Stratagem|1|Expecting close-quarters carnage, these Kroot have adapted the blades on their weapons to slice through even thick armour.|Either playerâs turn|Fight phase|Kroot Raiding Party|000000967|<b>WHEN:</b> Fight phase.<br><br><b>TARGET:</b> One KROOT unit from your army that has not been selected to fight this phase.<br><br><b>EFFECT:</b> Until the end of the phase, improve the Armour Penetration characteristic of melee weapons equipped by models in your unit by 1. In addition, each time a model in your unit makes an attack, on a Critical Wound, improve the Armour Penetration characteristic of that attack by an additional 1.|
TAU|SWEEPING AMBUSH|000009646003|Kroot Raiding Party â Strategic Ploy Stratagem|1|Once they spring their ambush these Kroot move fast, hacking through one band of foes and pouncing on the next before the enemy can regain their footing.|Either playerâs turn|Fight phase|Kroot Raiding Party|000000967|<b>WHEN:</b> Fight phase.<br><br><b>TARGET:</b> One KROOT unit from your army that has not been selected to fight this phase.<br><br><b>EFFECT:</b> Until the end of the phase, each time a model in your unit makes a Pile-in or Consolidation move, it can move up to 6" instead of up to 3". In addition, when making a Consolidation move, that model can end that move within Engagement Range of the closest enemy unit that was not visible to its unit when it started that move.|
TAU|BRUTE FORCE|000009646004|Kroot Raiding Party â Strategic Ploy Stratagem|1|Where cunning will not suffice, the brutal strength of Krootox sees hatchways and bulkheads smashed to pieces, filling the corridors beyond with whickering shrapnel.|Your turn|Movement phase|Kroot Raiding Party|000000967|<b>WHEN:</b> Your Movement phase, just after a KROOTOX RIDERS unit from your army opens a Hatchway.<br><br><b>TARGET:</b> That <span class="kwb">KROOTOX</span> <span class="kwb">RIDERS</span> unit.<br><br><b>EFFECT:</b> Roll one D6 for each unit that is within 3" of that Hatchway, if that Hatchway is visible to that unit and that unit is wholly on the opposite side of it from your unit: on a 2-4, that enemy unit suffers 1 mortal wound; on a 5+, that enemy unit suffers 2 mortal wounds.|
TAU|TANGLEBOMB BOLAS|000009646005|Kroot Raiding Party â Wargear Stratagem|1|Sent spinning in to entangle their targets, these weapons leave their victims easy prey for the screeching Kroot.|Your turn|Shooting phase|Kroot Raiding Party|000000967|<b>WHEN:</b> Your Shooting phase.<br><br><b>TARGET:</b> One KROOT unit from your army.<br><br><b>EFFECT:</b> Select one enemy unit within 9" of and visible to your unit and roll one D6: on a 2+, until the start of your next Shooting phase, halve the Move characteristic of models in that enemy unit and halve Advance and Charge rolls made for it.|
TAU|FOCUSED FIRE|000008812004|Montâka â Battle Tactic Stratagem|1|Montâka doctrine heavily emphasises the massed concentration of fire upon a single target at a time, obliterating each component of the enemy force in succession with a series of unrelenting barrages.|Your turn|Shooting phase|Montâka|000000845|<b>WHEN:</b> Start of your Shooting phase.<br><br><b>TARGET:</b> Two <span class="kwb">TâAU</span> <span class="kwb">EMPIRE</span> units from your army that have not been selected to shoot this phase, and one enemy unit.<br><br><b>EFFECT:</b> Until the end of the phase, each time a model in either of your units makes an attack, it can only target that enemy unit (and only if it is an eligible target for that attack), and when resolving that attack, improve the Armour Penetration characteristic by 1.<br><br><b>RESTRICTIONS:</b> You cannot use this Stratagem during the fourth or fifth battle rounds.|
TAU|PINPOINT COUNTER-OFFENSIVE|000008812002|Montâka â Battle Tactic Stratagem|1|Montâka emphasises rapid evolving threat-analysis and the application of overwhelming firepower to eliminate emergent high-priority targets.|Either playerâs turn|Any phase|Montâka|000000845|<b>WHEN:</b> Any phase.<br><br><b>TARGET:</b> One <span class="kwb">TâAU</span> <span class="kwb">EMPIRE</span> unit (excluding Kroot units) from your army that was just destroyed. You can use this Stratagem on that unit even though it was just destroyed.<br><br><b>EFFECT:</b> Until the end of the battle, each time a <span class="kwb">TâAU</span> <span class="kwb">EMPIRE</span> unit (excluding <span class="kwb">KROOT</span> units) from your army makes an attack that targets the enemy unit that just destroyed your unit, you can re-roll the Hit roll.|
TAU|AGGRESSIVE MOBILITY|000008812003|Montâka â Battle Tactic Stratagem|1|By advancing swiftly into commanding positions, Montâka forces maximise the benefits of their enemies' shock and disorientation.|Your turn|Movement phase|Montâka|000000845|<b>WHEN:</b> Your Movement phase.<br><br><b>TARGET:</b> One <span class="kwb">TâAU</span> <span class="kwb">EMPIRE</span> unit from your army that has not been selected to move this phase.<br><br><b>EFFECT:</b> Until the end of the phase, if your unit Advances, do not make an Advance roll for it. Instead, until the end of the phase, add 6" to the Move characteristic of models in your unit.|
TAU|COMBAT DEBARKATION|000008812005|Montâka â Battle Tactic Stratagem|1|The most aggressive Fire caste warriors sometimes spring from moving transports, roll with the impact of landing, and come up with weapons already blazing.|Your turn|Shooting phase|Montâka|000000845|<b>WHEN:</b> Your Shooting phase.<br><br><b>TARGET:</b> One Tâau Empire Infantry unit from your army that disembarked from a <span class="kwb">TRANSPORT</span> this turn.<br><br><b>EFFECT:</b> Until the end of the phase, each time a model in your unit makes an attack that targets the closest enemy unit, you can re-roll the Wound roll.|
TAU|PULSE ONSLAUGHT|000008812006|Montâka â Strategic Ploy Stratagem|2|Rather than charge into hand-to-hand combat, Tâau soldiery instead intensify their fire patterns, pinning their advancing foes and staving off their onslaught.|Your turn|Shooting phase|Montâka|000000845|<b>WHEN:</b> Your Shooting phase.<br><br><b>TARGET:</b> One Tâau Empire Infantry unit (excluding Kroot units) from your army that has just shot, and one enemy unit (excluding <span class="kwb">MONSTERS</span> and <span class="kwb">VEHICLES</span>) hit by one or more of those attacks.<br><br><b>EFFECT:</b> Until the end of your opponentâs next turn, that enemy unit is shaken. While a unit is shaken, subtract 2 from its Move characteristic and subtract 2 from Advance and Charge rolls made for it.|
TAU|COUNTERFIRE DEFENCE SYSTEMS|000008812007|Montâka â Wargear Stratagem|2|Point-defence systems trigger as incoming fire is detected, blasting projectiles from the air and lessening the power of the enemy fusillade.|Opponentâs turn|Shooting phase|Montâka|000000845|<b>WHEN:</b> Your opponentâs Shooting phase, just after an enemy unit has selected its targets.<br><br><b>TARGET:</b> One <span class="kwb">TâAU</span> <span class="kwb">EMPIRE</span> unit from your army that was selected as the target of one or more of the attacking unitâs attacks.<br><br><b>EFFECT:</b> Until the end of the phase, each time an attack is allocated to your unit, subtract 1 from the Damage characteristic of that attack.|
TAU|THE ARROâKON PROTOCOL|000008816005|Retaliation Cadre â Battle Tactic Stratagem|1|Commander Arroâkonâs teachings are considered pre-eminent in the art of engaging and eliminating numerically overwhelming enemy formations.|Your turn|Shooting phase|Retaliation Cadre|000000846|<b>WHEN:</b> Your Shooting phase.<br><br><b>TARGET:</b> One Tâau Empire Battlesuit unit from your army that has not been selected to shoot this phase.<br><br><b>EFFECT:</b> Until the end of the phase, each time a model in your unit makes an attack that targets an enemy unit that contains 6 or more models, that attack has the [SUSTAINED HITS 1] ability. If that attack targets an enemy unit that contains 11 or more models, it has the [SUSTAINED HITS 2] ability instead.|
TAU|FAIL-SAFE DETONATOR|000008816002|Retaliation Cadre â Epic Deed Stratagem|2|Devices are incorporated into some battlesuits either to prevent high-ranking pilots being taken alive for interrogation or to prevent just such fatal explosions.|Either playerâs turn|Any phase|Retaliation Cadre|000000846|<b>WHEN:</b> Any phase, just after a Tâau Empire Battlesuit model from your army is destroyed.<br><br><b>TARGET:</b> That destroyed modelâs unit. You can use this Stratagem on that unit even if that unit was just destroyed.<br><br><b>EFFECT:</b> Before removing your model from play, if it has the Deadly Demise ability, do not roll for that ability; instead, you can choose whether the result of that roll is a 1 or a 6. If your model does not have the Deadly Demise ability, roll one D6 for each unit within 6" of it: on a 4+, that unit suffers D3 mortal wounds.|
TAU|THE SHORTENED BLADE|000008816004|Retaliation Cadre â Strategic Ploy Stratagem|2|Made famous by Commander Farsight and his protege Brightsword, this philosophy encourages pilots to drop into the very teeth of the enemy army and apply their firepower at point-blank range.|Your turn|Movement phase|Retaliation Cadre|000000846|<b>WHEN:</b> Your Movement phase.<br><br><b>TARGET:</b> One Tâau Empire Battlesuit unit from your army that is arriving using the Deep Strike ability this phase.<br><br><b>EFFECT:</b> Your unit can be set up anywhere on the battlefield that is more than 6" horizontally away from all enemy models.<br><br><b>RESTRICTIONS:</b> A unit targeted with this Stratagem is not eligible to declare a charge in the same turn.|
TAU|THE TORCHSTAR GAMBIT|000008816006|Retaliation Cadre â Strategic Ploy Stratagem|1|Though now disgraced by association with O'Shovah, Sub-Commander Torchstarâs strike-and-fade tactics are still taught - albeit officially under other names - in many Fire caste academies.|Your turn|Shooting phase|Retaliation Cadre|000000846|<b>WHEN:</b> Your Shooting phase.<br><br><b>TARGET:</b> One Tâau Empire Battlesuit unit from your army that can <span class="kwb">FLY</span> whose attacks have been resolved this phase.<br><br><b>EFFECT:</b> If your unit is not within Engagement Range of one or more enemy units, it can make a Normal move. If it does, your unit cannot declare a charge this turn|
TAU|GRAV-INHIBITOR FIELD|000008816007|Retaliation Cadre â Strategic Ploy Stratagem|1|First used by OâJir during the battle for Laguna Shard, these battlesuit-mounted emitters batter advancing foes backwards with gravitic pulse waves.|Opponentâs turn|Charge phase|Retaliation Cadre|000000846|<b>WHEN:</b> Your opponentâs Charge phase, just after an enemy unit has declared a charge.<br><br><b>TARGET:</b> One Tâau Empire Battlesuit unit from your army that was selected as a target of that charge.<br><br><b>EFFECT:</b> That enemy unit must immediately take a Battle-shock test and you must roll one D6 for each model in that enemy unit: for each 6, that enemy unit suffers 1 mortal wound.|
TAU|STIMM INJECTORS|000008816003|Retaliation Cadre â Wargear Stratagem|1|On-board hypodermics shunt pain-blockers and chemical stimulants into the pilot's system.|Either playerâs turn|Shooting or Fight phase|Retaliation Cadre|000000846|<b>WHEN:</b> Your opponentâs Shooting phase or the Fight phase, just after an enemy unit has selected its targets.<br><br><b>TARGET:</b> One Tâau Empire Battlesuit unit from your army that was selected as the target of one or more of the attacking unitâs attacks.<br><br><b>EFFECT:</b> Until the end of the phase, models in your unit have the Feel No Pain 6+ ability.|
TAU|RESPONSIVE VOLLEY|000009637004|Starfire Cadre â Battle Tactic Stratagem|1|Should enemy forces be suddenly revealed during such close-confines combat, Fire caste soldiery are trained to loose immediate, punishing firepower.|Your turn|Movement phase|Starfire Cadre|000000966|<b>WHEN:</b> Your Movement phase, just after a FIRE WARRIOR or PATHfINDER TEAM unit from your army opens a Hatchway.<br><br><b>TARGET:</b> That <span class="kwb">FIRE</span> <span class="kwb">WARRIOR</span> or <span class="kwb">PATHFINDER</span> <span class="kwb">TEAM</span> unit.<br><br><b>EFFECT:</b> Until the end of the turn, each time a model in your unit makes a ranged attack that targets an enemy unit wholly on the opposite side of that Hatchway from them, a Critical Hit is scored on an unmodified Hit roll of 5+, instead of only a 6.|
TAU|PULSE BARRAGE|000009637005|Starfire Cadre â Battle Tactic Stratagem|1|The tight confines of voidship warfare funnel the enemy right into the waiting T'au guns.|Opponentâs turn|Movement or Charge phase|Starfire Cadre|000000966|<b>WHEN:</b> Your opponentâs Movement or Charge phase.<br><br><b>TARGET:</b> One FIRE WARRIOR or PATHfINDER TEAM unit from your army that has not fired Overwatch this phase.<br><br><b>EFFECT:</b> Until the end of the phase, each time a model in your unit makes an attack while firing Overwatch, an unmodified Hit roll of 5+ is required to score a hit, instead of an unmodified 6.|
TAU|RETREATING FIRE|000009637003|Starfire Cadre â Strategic Ploy Stratagem|1|Collapsing lines of infantry provide a defence in depth through the shipboard confines, allowing the enemy to overextend even as retreating T'au continue to pour fire into them.|Your turn|Shooting phase|Starfire Cadre|000000966|<b>WHEN:</b> Your Shooting phase.<br><br><b>TARGET:</b> One FIRE WARRIOR or PATHfINDER TEAM unit from your army.<br><br><b>EFFECT:</b> Until the end of the phase, your unit is eligible to shoot in a turn in which it Fell Back.|
TAU|FIRING LINE|000009637002|Starfire Cadre â Strategic Ploy Stratagem|1|Should the foe break through one line of Fire caste defence, the next is ready to push them back from vital sites aboard the contested ship.|Either playerâs turn|Fight phase|Starfire Cadre|000000966|<b>WHEN:</b> Fight phase, just after an enemy unit destroys a <span class="kwb">TâAU</span> <span class="kwb">EMPIRE</span> unit from your army.<br><br><b>TARGET:</b> One FIRE WARRIOR or PATHfINDER TEAM unit from your army that is not within Engagement Range of one or more enemy units, has not fired Overwatch this turn and is within 9" of that enemy unit.<br><br><b>EFFECT:</b> Your unit can shoot as if it were your Shooting phase, but when doing so, models in your unit can only target that enemy unit (and only if it is an eligible target) and, each time a model in your unit makes an attack, an unmodified Hit roll of 5+ is required to score a hit.|
TS|SULPHUROUS VEIL|000010198002|Changehost of Deceit â Battle Tactic Stratagem|1|Gouts of choking brimstone or arcane smog seeping from the Warp are exploited to confound the foe.|Either playerâs turn|Shooting or Fight phase|Changehost of Deceit|000001062|<b>WHEN:</b> Your opponentâs Shooting phase or the Fight phase, just after an enemy unit has selected its targets.<br><br><b>TARGET:</b> One Thousand Sons or Scintillating Legions unit from your army that was selected as the target of one or more of the attacking unitâs attacks.<br><br><b>EFFECT:</b> Until the end of the phase, each time an attack targets your unit, subtract 1 from the Hit roll.|
TS|GLIMMERSHIFT PORTAL|000010198007|Changehost of Deceit â Strategic Ploy Stratagem|1|Weaving a spell of splintering translocation, Tzeentch's daemons can prise open an unnatural pathway through the Warp.|Opponentâs turn|Fight phase|Changehost of Deceit|000001062|<b>WHEN:</b> End of your opponentâs Fight phase.<br><br><b>TARGET:</b> Up to two Scintillating Legions units from your army (excluding Monsters), or one Scintillating Legions Monster unit from your army, if all of those units are more than 6" horizontally away from all enemy units.<br><br><b>EFFECT:</b> Remove those units from the battlefield and place them into Strategic Reserves.|
TS|CHRONOSORCEROUS BLEED|000010198006|Changehost of Deceit â Strategic Ploy Stratagem|1|By sacrificing minute slivers of the oncoming foes' lives, time can be bled into the Warp, stretching perceptions and causing sudden exhaustion.|Opponentâs turn|Charge phase|Changehost of Deceit|000001062|<b>WHEN:</b> Your opponentâs Charge phase, just after an enemy unit has declared a charge.<br><br><b>TARGET:</b> One Thousand Sons Psyker or Scintillating Legions unit from your army that was selected as a target of that charge.<br><br><b>EFFECT:</b> Until the end of the phase, subtract 2 from Charge rolls made for that enemy unit (this is not cumulative with any other negative modifiers to that Charge roll).|
TS|FRACTAL DISJUNCTION|000010198005|Changehost of Deceit â Strategic Ploy Stratagem|1|Tzeentchian daemons can twist perceptions until they seem no longer there, bending light and dissipating technological targeting scans in a dizzying, fractal puzzle.|Opponentâs turn|Shooting phase|Changehost of Deceit|000001062|<b>WHEN:</b> Your opponentâs Shooting phase, just after an enemy unit has selected its targets.<br><br><b>TARGET:</b> One Scintillating Legions unit from your army (excluding Monsters) that was selected as the target of one or more of the attacking unitâs attacks.<br><br><b>EFFECT:</b> Until the end of the phase, your unit can only be selected as the target of a ranged attack if the attacking model is within 18".|
TS|ETHEREAL PHANTASM|000010198004|Changehost of Deceit â Strategic Ploy Stratagem|1|Semi-sentient doppelgangers stalk the battlefield, bewildering attempts to target the daemonic spawn.|Opponentâs turn|Movement phase|Changehost of Deceit|000001062|<b>WHEN:</b> Your opponentâs Movement phase, just after an enemy unit ends a Normal, Advance or Fall Back move.<br><br><b>TARGET:</b> One Scintillating Legions unit from your army that is within 9" of that enemy unit and not within Engagement Range of one or more enemy units.<br><br><b>EFFECT:</b> Your unit can make a Normal move of up to D6", or a Normal move of up to 6" instead if it is wholly within 6" of one or more friendly Thousand Sons units.|
TS|DECEPTIVE GLAMOUR|000010198003|Changehost of Deceit â Strategic Ploy Stratagem|2|Tendrils of phantasmal sorcery are sent to invade the minds of the Thousand Sons' foes, magnifying the infernal threat until it eclipses all others in a kaleidoscope of insanity.|Either playerâs turn|Fight phase|Changehost of Deceit|000001062|<b>WHEN:</b> Start of the Fight phase.<br><br><b>TARGET:</b> One Thousand Sons unit from your army.<br><br><b>EFFECT:</b> Until the end of the phase, each time an enemy model within Engagement Range of your unit selects targets for its attacks, it can only target your unit if there are no eligible Scintillating Legions targets for those attacks.|
TS|TZEENTCHâS BOON|000009655005|Chosen Cabal â Battle Tactic Stratagem|1|This psykerâs devotion to the God of Change has been rewarded with terrible destructive power.|Your turn|Shooting phase|Chosen Cabal|000000969|<b>WHEN:</b> Your Shooting phase.<br><br><b>TARGET:</b> One THOUSAND SONS PSYKER model from your army within range of an objective marker that has not been selected to shoot this phase.<br><br><b>EFFECT:</b> Until the end of the phase, each time your model makes a Psychic Attack, you can re-roll the Wound roll.|
TS|EMPYRIC DESECRATION|000009655003|Chosen Cabal â Epic Deed Stratagem|1|Powerful Sorcerers may use their mastery of the warp to corrupt areas of the battlefield and deny them to the foe.|Your turn|Fight phase|Chosen Cabal|000000969|<b>WHEN:</b> End of your Fight phase.<br><br><b>TARGET:</b> One THOUSAND SONS PSYKER CHARAcTER model from your army.<br><br><b>EFFECT:</b> Select one objective marker Secured by your opponentâs army that is within 6" of and visible to your model, then roll one D6: on a 2+, that objective marker is no longer considered Secured by your opponentâs army.|
TS|COSTLY BLESSING|000009655002|Chosen Cabal â Epic Deed Stratagem|1|Tzeentch's gifts may protect his followers, but such intervention never comes without cost.|Either playerâs turn|Fight phase|Chosen Cabal|000000969|<b>WHEN:</b> Fight phase, just after an enemy unit has selected its targets.<br><br><b>TARGET:</b> One THOUSAND SONS PSYKER CHARAcTER model from your army that was selected as the target of one or more of the attacking unitâs attacks. <br><br><b>EFFECT:</b> Until the end of the phase, your model has a 3+ invulnerable save. At the end of the phase, your model suffers D3 mortal wounds.|
TS|INFERNO BOLTERS|000009655004|Chosen Cabal â Strategic Ploy Stratagem|1|The Thousand Sons inferno bolters make use of warp-imbued ammunition capable of burning through bulkheads to strike unsuspecting targets.|Your turn|Shooting phase|Chosen Cabal|000000969|<b>WHEN:</b> Your Shooting phase.<br><br><b>TARGET:</b> One RUBRIc MARINES or ScARAB OccULT TERMINATORS unit from your army that has not been selected to shoot this phase.<br><br><b>EFFECT:</b> Select one closed Hatchway. Until the end of the phase, models in your unit can make attacks with ranged weapons (excluding Torrent weapons) that target enemy units within 1" of that Hatchway and that are wholly on the opposite side of it from your unit, as if that Hatchway was open. Each time a model does so, that attack has an Armour Penetration characteristic of 0.|
TS|FLESH CHANGE|000009664003|Devoted Thralls â Battle Tactic Stratagem|1|Tzeentchâs mutagenic gifts lend resilience to those brave or fool hardy enough to embrace them.|Either playerâs turn|Shooting or Fight phase|Devoted Thralls|000000970|<b>WHEN:</b> Your opponentâs Shooting phase or the Fight phase, just after an enemy unit has selected its targets.<br><br><b>TARGET:</b> One TzAANGORS unit from your army that was selected as the target of one or more of the attacking unitâs attacks.<br><br><b>EFFECT:</b> Until the end of the phase, models in your unit have the Feel No Pain 5+ ability.|
TS|PSYCHIC INGRESS|000009664002|Devoted Thralls â Epic Deed Stratagem|1|The Sorcerers of the Thousand Sons can draw upon their powers to melt away hatches and bulkheads.|Either playerâs turn|Any phase|Devoted Thralls|000000970|<b>WHEN:</b> End of any phase.<br><br><b>TARGET:</b> One THOUSAND SONS PSYKER CHARAcTER model from your army.<br><br><b>EFFECT:</b> Open every Hatchway within 3" of your model. When measuring this distance, ignore Walls and closed Hatchways.<br><br><b>RESTRICTIONS:</b> You can only use this Stratagem once.|
TS|FELL SACRIFICE|000009664004|Devoted Thralls â Strategic Ploy Stratagem|1|As ritual violence gathers in intensity, the massed thralls of the Thousand Sons swell with the terrifying powers of the warp.|Opponentâs turn|Command phase|Devoted Thralls|000000970|<b>WHEN:</b> Your opponentâs Command phase, at the start of the Battle-shock step.<br><br><b>TARGET:</b> One THOUSAND SONS CHARAcTER or TzAANGORS unit from your army.<br><br><b>EFFECT:</b> Select one enemy unit below its Starting Strength that is within Engagement Range of your unit. That enemy unit must take a Battle-shock test. If that enemy unit is also Below Half-strength, subtract 1 from that test. This Enhancement cannot cause a unit to take two Battle-shock tests in the same phase.|
TS|BESTIAL SURGE|000009664005|Devoted Thralls â Strategic Ploy Stratagem|1|When struck by enemy fire, the bestial Tzaangors react with instinctive fury, surging towards their assailants in a vengeful flock.|Opponentâs turn|Shooting phase|Devoted Thralls|000000970|<b>WHEN:</b> Your opponentâs Shooting phase, just after an enemy unit has shot.<br><br><b>TARGET:</b> One TzAANGORS unit from your army that was selected as the target of one or more of the attacking unitâs attacks.<br><br><b>EFFECT:</b> Your unit can make a Bestial Surge move. To do so, roll one D6: your unit can be moved a distance in inches up to the result, but must end that move as close as possible to the attacking unit. When doing so, those models can be moved within Engagement Range of that enemy unit, but only that enemy unit.|
TS|ENDURING ANIMUS|000009673002|Fateseekers â Strategic Ploy Stratagem|1|The malefic spirit echoes bound within the armour of the Thousand Sons cling tenaciously to existence and are not banished easily.|Either playerâs turn|Fight phase|Fateseekers|000000971|<b>WHEN:</b> Fight phase, just after an enemy unit has selected its targets.<br><br><b>TARGET:</b> One <span class="kwb">THOUSAND</span> <span class="kwb">SONS</span> unit from your army that was selected as the target of one or more of the attacking unitâs attacks.<br><br><b>EFFECT:</b> Until the end of the phase, each time a model in your unit is destroyed, if that model has not fought this phase, roll one D6. On a 4+, do not remove the destroyed model from play; it can fight after the attacking unit has finished making its attacks, and is then removed from play.|
TS|STRATEGIC VISION|000009673003|Fateseekers â Strategic Ploy Stratagem|1|Flickering visions allow this Sorcerer to foresee enemy threats and direct the weapons of their thralls accordingly.|Your turn|Shooting phase|Fateseekers|000000971|<b>WHEN:</b> Your Shooting phase.<br><br><b>TARGET:</b> One THOUSAND SONS PSYKER unit from your army that is within Engagement Range of one or more enemy units and has not been selected to shoot this phase.<br><br><b>EFFECT:</b> Until the end of the phase, ranged weapons equipped by models in your unit have the [PISTOL] ability, and models in your unit can target enemy units that are not within Engagement Range of them (as long as they are otherwise eligible targets).|
TS|PHANTASMIC MUNITIONS|000009673004|Fateseekers â Strategic Ploy Stratagem|1|The Sorcerer renders the shells and blasts of their warriors ethereal, allowing them to pass through intervening targets before solidifying again to lethal effect.|Your turn|Shooting phase|Fateseekers|000000971|<b>WHEN:</b> Your Shooting phase.<br><br><b>TARGET:</b> One THOUSAND SONS PSYKER unit from your army that has not been selected to shoot this phase.<br><br><b>EFFECT:</b> Until the end of the phase, models in your unit can ignore enemy models for the purposes of determining visibility.|
TS|INVISIBLE ASSAILANTS|000009673005|Fateseekers â Strategic Ploy Stratagem|1|Flocking to the Sorcerer's summons, swarms of minor warp entities assail the enemy, wailing and clawing at them until they are driven to horrified distraction.|Opponentâs turn|Movement phase|Fateseekers|000000971|<b>WHEN:</b> Start of your opponentâs Movement phase.<br><br><b>TARGET:</b> One THOUSAND SONS PSYKER model from your army.<br><br><b>EFFECT:</b> Select one enemy unit visible to your model. That unit must take a Leadership test, subtracting 1 from the result: if failed, until the start of your opponentâs next Movement phase, subtract 2" from the Move characteristic of models in that unit and subtract 2 from Advance and Charge rolls made for it; if passed, subtract 1" from the Move characteristic of models in that unit and subtract 1 from Advance and Charge rolls made for it.|
TS|DEVASTATING SORCERY|000010194007|Grand Coven â Battle Tactic Stratagem|2|The Thousand Sons' flesh seethes with raw sorcery. The sheer unstoppable might of their conjurations is such that little can prevent them from manifesting devastation when unleashed with destructive intent.|Your turn|Shooting phase|Grand Coven|000001061|<b>WHEN:</b> Your Shooting phase.<br><br><b>TARGET:</b> One Thousand Sons Psyker unit from your army that has not been selected to shoot this phase.<br><br><b>EFFECT:</b> Until the end of the phase, add 9" to the Range characteristic of Psychic weapons equipped by models in your unit, and each time a model in your unit makes an attack with a Psychic weapon, you can re-roll the Hit roll and you can re-roll the Wound roll.|
TS|DESECRATION OF WORLDS|000010194005|Grand Coven â Epic Deed Stratagem|1|The Sorcerers of the Thousand Sons pour their corrupting spite and contempt into the bedrock of the battlefield, tainting it with their warpcraft.|Your turn|Command phase|Grand Coven|000001061|<b>WHEN:</b> Your Command phase.<br><br><b>TARGET:</b> One Thousand Sons Psyker unit from your army within range of an objective marker you control.<br><br><b>EFFECT:</b> That objective marker remains under your control until your opponentâs Level of Control over that objective marker is greater than yours at the end of a phase.|
TS|ARCANE FOCUS|000010194006|Grand Coven â Epic Deed Stratagem|1|Using a locus formed from the ritually broken matter of sorcerous artefacts, a Sorcerer can infuse themselves with its power. So invigorated, their empyrically fuelled manipulations are made all the more potent.|Your turn|Shooting phase|Grand Coven|000001061|<b>WHEN:</b> Your Shooting phase, just after you take a Psychic test for a Thousand Sons model from your army that Channelled the Warp (before resolving that Ritual).<br><br><b>TARGET:</b> That <span class="kwb">THOUSAND</span> <span class="kwb">SONS</span> model.<br><br><b>EFFECT:</b> Re-roll all of the D6 rolled for that Psychic test (including the additional D6 for Channelling the Warp).|
TS|PSYCHIC DOMINION|000010194002|Grand Coven â Epic Deed Stratagem|1|To pit one's psychic prowess against the sorcerous might of the Thousand Sons is to be trapped, helpless and screaming, within one's mind.|Either playerâs turn|Any phase|Grand Coven|000001061|<b>WHEN:</b> Any phase, just after an enemy unit has selected its targets.<br><br><b>TARGET:</b> One Thousand Sons unit from your army that was selected as the target of one or more of the attacking unitâs attacks.<br><br><b>EFFECT:</b> Until the end of the phase, Psychic weapons equipped by models in the attacking unit have the [hazardous] ability, and models in your unit have the Feel No Pain 4+ ability against Psychic Attacks.|
TS|DESTINED BY FATE|000010194003|Grand Coven â Epic Deed Stratagem|1|The Architect of Fate has great designs for his pawns, which do not yet include their untimely demise.|Either playerâs turn|Any phase|Grand Coven|000001061|<b>WHEN:</b> Any phase, just after a saving throw is failed for a Thousand Sons Psyker model from your army. If you are using fast dice rolling, this Stratagem can still be used after rolling multiple saving throws at once.<br><br><b>TARGET:</b> That <span class="kwb">PSYKER</span> model.<br><br><b>EFFECT:</b> Change the Damage characteristic of that attack to 0. If you are using fast dice rolling, select one of those attacks you failed a saving throw for.|
TS|EGOTISTICAL POWER|000010194004|Grand Coven â Strategic Ploy Stratagem|1|Drawing on the accumulating empyric energies, one devoted to Tzeentch will willingly syphon the swelling power to fuel their selfish ploys.|Your turn|Command phase|Grand Coven|000001061|<b>WHEN:</b> Your Command phase.<br><br><b>TARGET:</b> One Thousand Sons Psyker unit from your army.<br><br><b>EFFECT:</b> Select the Imbued Manifestation, Psychic Maelstrom or Wrath of the Immaterium ability. Until the start of your next Command phase, that ability applies to your unit instead of any other Kindred Sorcery ability, even if you have already selected that ability this battle.|
TS|KALEIDOSCOPIC TEMPEST|000009742007|Hexwarp Thrallband â Battle Tactic Stratagem|1|As the Thousand Sons solidify their control over sites of magical power, the Immaterium spills into reality in searing torrents, blossoming into a multi-spectral storm of arcane energy that obscures mortal senses and mechanical augury.|Opponentâs turn|Shooting phase|Hexwarp Thrallband|000000983|<b>WHEN:</b> Your opponentâs Shooting phase, just after an enemy unit has selected its targets.<br><br><b>TARGET:</b> One Thousand Sons Psyker unit from your army that was selected as the target of one or more of the attacking unitâs attacks.<br><br><b>EFFECT:</b> Until the end of the phase, your unit has the Stealth ability, and, if your unit is wholly within your armyâs Flow of Magic, each time an attack targets your unit, it has the Benefit of Cover against that attack.|
TS|WARDING HEX|000009742002|Hexwarp Thrallband â Epic Deed Stratagem|1|Thousand Sons Sorcerers draw upon tide swells of Warp energy to weave spells of binding and warding, thereby shackling sites of arcane power to their own arrogant will.|Either playerâs turn|Command phase|Hexwarp Thrallband|000000983|<b>WHEN:</b> Command phase.<br><br><b>TARGET:</b> One Thousand Sons Psyker unit from your army within range of an objective marker you control, if that objective marker is wholly within your armyâs Flow of Magic.<br><br><b>EFFECT:</b> That objective marker remains under your control until your opponentâs Level of Control over that objective marker is greater than yours at the end of a phase.|
TS|THROUGH THE VEIL|000009742005|Hexwarp Thrallband â Epic Deed Stratagem|1|With arcane energy flooding the battlefield, the veil between Warp and reality rapidly collapses. From yawning rifts emerge Rubricae reinforcements to ensure their thrallbandâs victory.|Your turn|Movement phase|Hexwarp Thrallband|000000983|<b>WHEN:</b> Start of the Reinforcements step of your Movement phase.<br><br><b>TARGET:</b> One Rubric Marines or Scarab Occult Terminators unit from your army that is in Strategic Reserves.<br><br><b>EFFECT:</b> If it is a <span class="kwb">RUBRIC</span> <span class="kwb">MARINES</span> unit, until the end of the phase, it has the Deep Strike ability. When your unit is set up on the battlefield using the Deep Strike ability, if it is a <span class="kwb">SCARAB</span> <span class="kwb">OCCULT</span> <span class="kwb">TERMINATOR</span> unit it can be set up anywhere on the battlefield that is wholly within your armyâs Flow of Magic and more than 6" horizontally away from all enemy models.<br><br><b>RESTRICTIONS:</b> If a <span class="kwb">SCARAB</span> <span class="kwb">OCCULT</span> <span class="kwb">TERMINATORS</span> unit is targeted with this Stratagem, it is not eligible to declare a charge in the same turn.|
TS|WRATH OF THE DOOMED|000009742003|Hexwarp Thrallband â Strategic Ploy Stratagem|1|Forewarned of the moment of their demise, the followers of Tzeentch allow the flood of magic to run rampant through their forms, providing them with a final burst of killing energy before unbound arcane force rips their bodies asunder|Either playerâs turn|Fight phase|Hexwarp Thrallband|000000983|<b>WHEN:</b> Fight phase, just after an enemy unit has selected its targets.<br><br><b>TARGET:</b> One <span class="kwb">THOUSAND</span> <span class="kwb">SONS</span> unit from your army that was selected as the target of one or more of the attacking unitâs attacks.<br><br><b>EFFECT:</b> Until the end of the phase, each time a model in your unit is destroyed, if that model has not fought this phase, roll one D6, adding 1 to the result if your unit is wholly within your armyâs Flow of Magic: on a 4+, do not remove it from play. That destroyed model can fight after the attacking unit has finished making its attacks, and is then removed from play.|
TS|STRANDS OF TIME|000009742004|Hexwarp Thrallband â Strategic Ploy Stratagem|1|By drawing upon their expanding nexus of magic, this disciple of Tzeentch can tear strands of temporal energy from the Warp and wind them around themselves and their thralls. Lent speed by this garland of stolen time, they melt away from their foesâ desperate strikes before lashing out again.|Your turn|Movement phase|Hexwarp Thrallband|000000983|<b>WHEN:</b> Your Movement phase, just after a <span class="kwb">THOUSAND</span> <span class="kwb">SONS</span> <span class="kwb">PSYKER</span> unit from your army Falls Back.<br><br><b>TARGET:</b> That Thousand Sons Psyker unit.<br><br><b>EFFECT:</b> Until the end of the turn, your unit is eligible to shoot or declare a charge in a turn in which it Fell Back. If your unit is wholly within your armyâs Flow of Magic when it is targeted with this Stratagem, then until the end of the turn, your unit is eligible to shoot and declare a charge in a turn in which it Fell Back.|
TS|SCOURING WARPFLAME|000009742006|Hexwarp Thrallband â Strategic Ploy Stratagem|1|At a spat curse, Warpâinfused ammunition can be made to glow with sulphurous flame, enabling it to burn through solid cover to strike enemies beyond. Those hit by the fusillade find their forms wreathed in illuminating azure fire.|Your turn|Shooting phase|Hexwarp Thrallband|000000983|<b>WHEN:</b> Your Shooting phase.<br><br><b>TARGET:</b> One Thousand Sons Psyker unit from your army that has not been selected to shoot this phase and is wholly within your armyâs Flow of Magic.<br><br><b>EFFECT:</b> Until the end of the phase, ranged weapons equipped by models in your unit have the [IGNORES COVER] ability. After your unit has shot this phase, select one enemy unit hit by one or more of those attacks. Until the end of the phase, models in that unit cannot have the Benefit of Cover.|
TS|UNWAVERING PHALANX|000010206007|Rubricae Phalanx â Battle Tactic Stratagem|1|Massed in an unyielding wall of sorcerous ceramite, the sheer unnatural resilience of the Thousand Sons can withstand the most vicious assault.|Opponentâs turn|Charge phase|Rubricae Phalanx|000001064|<b>WHEN:</b> Your opponentâs Charge phase, just after an enemy unit ends a Charge move.<br><br><b>TARGET:</b> One Rubric Marines unit from your army within Engagement Range of that enemy unit.<br><br><b>EFFECT:</b> Until the end of the turn, each time an attack targets your unit, subtract 1 from the Wound roll.|
TS|ARDENT AUTOMATA|000010206002|Rubricae Phalanx â Strategic Ploy Stratagem|1|The martial discipline once known amongst the Legion's fellowships has been pared back and twisted until it is another means of control, one which the Rubricaeâs masters use to wrongfoot their foes with sudden changes of tactics.|Your turn|Movement phase|Rubricae Phalanx|000001064|<b>WHEN:</b> Your Movement phase, just after a Rubricae unit from your army Falls Back.<br><br><b>TARGET:</b> That <span class="kwb">RUBRICAE</span> unit.<br><br><b>EFFECT:</b> Until the end of the turn, your unit is eligible to shoot and declare a charge in a turn in which it Fell Back.|
TS|INEXORABLE ADVANCE|000010206003|Rubricae Phalanx â Strategic Ploy Stratagem|1|The warriors of the Thousand Sons can be driven on relentlessly while laying down a hail of weapons fire. They know no fatigue nor weakness, unable to falter even if they wished to.|Your turn|Movement phase|Rubricae Phalanx|000001064|<b>WHEN:</b> Your Movement phase.<br><br><b>TARGET:</b> One Rubricae unit from your army.<br><br><b>EFFECT:</b> Until the end of the turn, your unit can ignore any or all modifiers to its Move characteristic and to Advance rolls made for it, and ranged weapons equipped by models in your unit have the [ASSAULT] ability.|
TS|REVENGE OF THE RUBRICAE|000010206005|Rubricae Phalanx â Strategic Ploy Stratagem|1|Magnusâ psychic scions are as vindictive as their Daemon Primarch. Many weave arcane curses and runes of spite into the eldritch armour of their guardians. Should they fall, their Rubricae unleash a vengeful doom upon the executioners.|Opponentâs turn|Shooting phase|Rubricae Phalanx|000001064|<b>WHEN:</b> Your opponentâs Shooting phase, just after a Thousand Sons Psyker model from your army is destroyed.<br><br><b>TARGET:</b> One Rubricae unit from your army that was within 6" of that <span class="kwb">PSYKER</span> model when it was destroyed.<br><br><b>EFFECT:</b> After the attacking unit has shot, your <span class="kwb">RUBRICAE</span> unit can shoot as if it were your Shooting phase, but when resolving those attacks it can only target the enemy unit that just destroyed your <span class="kwb">PSYKER</span> model (and only if it is an eligible target).|
TS|IMPLACABLE GUARDIANS|000010206006|Rubricae Phalanx â Strategic Ploy Stratagem|2|The Rubricae are superlative, enduring guardians who can absorb great storms of fire if it means shielding their masters.|Opponentâs turn|Shooting phase|Rubricae Phalanx|000001064|<b>WHEN:</b> Your opponentâs Shooting phase, just after an enemy unit has selected its targets.<br><br><b>TARGET:</b> One Rubric Marines Psyker unit from your army that was selected as the target of one or more of the attacking unitâs attacks.<br><br><b>EFFECT:</b> Until the end of the phase, each time an attack is allocated to a model in your unit (excluding <span class="kwb">PSYKER</span> models), subtract 1 from the Damage characteristic of that attack.|
TS|INFERNAL FUSILLADE|000010206004|Rubricae Phalanx â Wargear Stratagem|2|Arcane invocations imbue the Thousand Sonsâ weapons with sorcerous power, rendering them still more lethal to the foe.|Your turn|Shooting phase|Rubricae Phalanx|000001064|<b>WHEN:</b> Your Shooting phase.<br><br><b>TARGET:</b> One Thousand Sons Psyker unit from your army that has not been selected to shoot this phase.<br><br><b>EFFECT:</b> Until the end of the phase, all inferno bolt pistols, inferno boltguns, inferno combi-bolters and inferno combi-weapons equipped by models in your unit have the [PSYCHIC] ability and a Strength characteristic of 5.|
TS|HEX-MARKED ARMOUR|000010210002|Warpforged Cabal â Battle Tactic Stratagem|1|Amorphous runes and sigils carved into the armoured flanks of the Cabal's war engines flare with unholy power, leaching the foe's attacks of strength.|Either playerâs turn|Shooting or Fight phase|Warpforged Cabal|000001065|<b>WHEN:</b> Your opponentâs Shooting phase or the Fight phase, just after an enemy unit has selected its targets.<br><br><b>TARGET:</b> One Thousand Sons Vehicle unit from your army that was selected as the target of one or more of the attacking unitâs attacks.<br><br><b>EFFECT:</b> Until the attacking unit has finished making its attacks, each time an attack targets your unit, worsen the Armour Penetration characteristic of that attack by 1.|
TS|ENSORCELLED INFUSION|000010210006|Warpforged Cabal â Battle Tactic Stratagem|1|Utilising the fell powers of the Warp, Thousand Sons Sorcerers infuse vehicles with empyric energies to render them even deadlier.|Your turn|Shooting phase|Warpforged Cabal|000001065|<b>WHEN:</b> Your Shooting phase.<br><br><b>TARGET:</b> One Thousand Sons Vehicle unit from your army that has not been selected to shoot this phase, that is within 6" of one or more friendly Thousand Sons Psyker units.<br><br><b>EFFECT:</b> Until the end of the phase, ranged weapons equipped by <span class="kwb">VEHICLE</span> models in your unit have the [PSYCHIC] ability and each time an attack is made with such a weapon, add 1 to the Wound roll.|
TS|MUTATE LANDSCAPE|000010210003|Warpforged Cabal â Epic Deed Stratagem|1|Where the Warpforged Cabals spread their malignant change, the terrain erupts in uncontrolled mutation or transmogrifies into hazardous forms.|Your turn|Command phase|Warpforged Cabal|000001065|<b>WHEN:</b> Your Command phase.<br><br><b>TARGET:</b> One Thousand Sons Psyker unit from your army within range of an objective marker you control.<br><br><b>EFFECT:</b> That objective marker is mutated, and remains under your control until your opponentâs Level of Control over that objective marker is greater than yours at the end of a phase. While an objective marker is mutated and under your control, each time an enemy unit ends a Normal, Advance, Fall Back or Charge move within range of that objective marker, roll one D6: on a 4+, that enemy unit suffers D3 mortal wounds.|
TS|MALEVOLENT ANIMUS|000010210005|Warpforged Cabal â Epic Deed Stratagem|1|Whether a corrupted machine spirit or a cackling possessor daemon, the core animus of many Thousand Sons war engines seethe with a malignity that sees them unerringly strike out at prey even when critical systems are compromised.|Your turn|Command phase|Warpforged Cabal|000001065|<b>WHEN:</b> Your Command phase.<br><br><b>TARGET:</b> One Thousand Sons Vehicle unit from your army within 6" of one or more friendly Thousand Sons Psyker units.<br><br><b>EFFECT:</b> Until the start of your next Command phase, your <span class="kwb">VEHICLE</span> unit is malevolent. While a unit is malevolent, it can ignore any or all modifiers to the following: the profile characteristics of its models; the Weapon Skill and Ballistic Skill characteristics of weapons equipped by its models; any roll or test made for it (excluding modifiers to saving throws).|
TS|CYBERSPIRIT MACHINATIONS|000010210004|Warpforged Cabal â Strategic Ploy Stratagem|1|Technoshamanic rites can briefly possess a vehicle's logic-cores, shackling its mechanisms to a new lore.|Your turn|Movement phase|Warpforged Cabal|000001065|<b>WHEN:</b> Your Movement phase, just after a Thousand Sons Vehicle unit from your army Falls Back.<br><br><b>TARGET:</b> That <span class="kwb">VEHICLE</span> unit, and one friendly Thousand Sons Psyker unit within 6" of that <span class="kwb">VEHICLE</span> unit.<br><br><b>EFFECT:</b> Until the end of the turn, your <span class="kwb">VEHICLE</span> unit is eligible to shoot and declare a charge in a turn in which it Fell Back.|
TS|WARPFLAME GARGOYLES|000010210007|Warpforged Cabal â Wargear Stratagem|1|On the hulls of vehicles swollen with the power of Tzeentch, gnashing maws open to spew warpfire over those nearby.|Opponentâs turn|Charge phase|Warpforged Cabal|000001065|<b>WHEN:</b> Your opponentâs Charge phase, just after an enemy unit ends a Charge move.<br><br><b>TARGET:</b> One Thousand Sons Vehicle unit from your army within Engagement Range of that enemy unit.<br><br><b>EFFECT:</b> Roll six D6: for each 5+, that enemy unit suffers 1 mortal wound. That enemy unit must then take a Battle-shock test.|
TS|GIFT OF CHANGE|000010202002|Warpmeld Pact â Epic Deed Stratagem|1|For those already saturated by the coursing power of the Warp, even death is no barrier to change.|Either playerâs turn|Any phase|Warpmeld Pact|000001063|<b>WHEN:</b> Any phase.<br><br><b>TARGET:</b> One Thousand Sons Character model from your army (excluding Monsters) that was just destroyed. You can use this Stratagem on that model even though it was just destroyed.<br><br><b>EFFECT:</b> At the end of the phase, add one Tzeentch Chaos Spawn unit containing one model to your army, and set it up as close as possible to where your model was destroyed and not within Engagement Range of one or more enemy units.<br><br><b>RESTRICTIONS:</b> You can only use this Stratagem once per battle round.|
TS|WARPED VICISSITUDE|000010202003|Warpmeld Pact â Strategic Ploy Stratagem|1|With a shrieked plea to Tzeentch, mutant flesh can flicker between insubstantial states as if not there.|Either playerâs turn|Shooting or Fight phase|Warpmeld Pact|000001063|<b>WHEN:</b> Your opponentâs Shooting phase or the Fight phase, just after an enemy unit has selected its targets.<br><br><b>TARGET:</b> One Tzaangors unit from your army that was selected as the target of one or more of the attacking unitâs attacks.<br><br><b>EFFECT:</b> Until the end of the phase, models in your unit have a 4+ invulnerable save.|
TS|DERANGED FEROCITY|000010202004|Warpmeld Pact â Strategic Ploy Stratagem|1|With insane, bestial ferocity is true change wrought.|Either playerâs turn|Fight phase|Warpmeld Pact|000001063|<b>WHEN:</b> Fight phase, just after a Tzeentch Mutant unit from your army is selected to fight.<br><br><b>TARGET:</b> That <span class="kwb">TZEENTCH</span> <span class="kwb">MUTANT</span> unit.<br><br><b>EFFECT:</b> Until the end of the phase, each time a model in your unit makes a Pile-in or Consolidation move, it can move up to 6" instead of up to 3", and when determining which models in it are eligible to fight, any models in it that are within 3" of one or more enemy models are eligible to fight. When resolving those attacks, such models can target one of those enemy units that is within 3" of them and within Engagement Range of their unit.|
TS|BLESSED TRANSMUTATIONS|000010202005|Warpmeld Pact â Strategic Ploy Stratagem|1|When Tzeentchian magicks wax strong, spirit and flesh are yoked again and again in service to the Great Sorcerer.|Your turn|Command phase|Warpmeld Pact|000001063|<b>WHEN:</b> Your Command phase.<br><br><b>TARGET:</b> One Thousand Sons Psyker model from your army, and one friendly Tzaangors unit that is below its Starting Strength and within 12" of that <span class="kwb">PSYKER</span> model.<br><br><b>EFFECT:</b> Return up to D3+1 destroyed models (excluding Characters) to your <span class="kwb">TZAANGORS</span> unit.|
TS|TOUCHED BY TZEENTCH|000010202006|Warpmeld Pact â Strategic Ploy Stratagem|1|The mutagenic vitality flowing through the Thousand Sons' twisted thralls can manifest in flickering bursts of supernatural speed.|Your turn|Movement phase|Warpmeld Pact|000001063|<b>WHEN:</b> Start of your Movement phase.<br><br><b>TARGET:</b> One Tzeentch Mutant unit from your army.<br><br><b>EFFECT:</b> Until the end of the turn, your unit is eligible to shoot or declare a charge in a turn in which it Advanced.|
TS|TWISTED MIRAGE|000010202007|Warpmeld Pact â Strategic Ploy Stratagem|1|The very flesh of a Warpmeld Pact's mutant abominations radiates a reality-twisting aura. They may appear in one place to their foes, but things are not always as they seem.|Your turn|Movement phase|Warpmeld Pact|000001063|<b>WHEN:</b> Reinforcements step of your Movement phase.<br><br><b>TARGET:</b> One Tzeentch Mutant unit from your army that is arriving from Strategic Reserves this phase.<br><br><b>EFFECT:</b> Your unit can be set up anywhere on the battlefield that is more than 6" horizontally away from all enemy units, or anywhere on the battlefield that is more than 9" horizontally away from all enemy units if it is a Monster unit. In either case, until the end of the turn, it is not eligible to declare a charge.|
TYR|RAPACIOUS HUNGER|000008413007|Assimilation Swarm â Battle Tactic Stratagem|1|The hunger of the Tyranids can never be satiated.|Your turn|Fight phase|Assimilation Swarm|000000771|<b>WHEN:</b> Your Fight phase.<br><br><b>TARGET:</b> One <span class="kwb">TYRANIDS</span> unit from your army that just destroyed an enemy unit.<br><br><b>EFFECT:</b> Your unit immediately Regenerates (See Feed the Swarm). When doing so, if your unit is a Harvester unit and you choose for one model to regain up to D3 lost wounds, that model regains up to 3 lost wounds instead.|
TYR|BROODGUARD IMPULSE|000008413002|Assimilation Swarm â Epic Deed Stratagem|1|Should a foe successfully slay one of the swarmâs assimilation organisms, they only mark themselves as a priority for predation and consumption in turn.|Either playerâs turn|Any phase|Assimilation Swarm|000000771|<b>WHEN:</b> Any phase.<br><br><b>TARGET:</b> One Harvester unit from your army that was just destroyed. You can use this Stratagem on that unit even though it was just destroyed.<br><br><b>EFFECT:</b> Until the end of the battle, each time a friendly <span class="kwb">TYRANIDS</span> model makes an attack that targets the enemy unit that just destroyed your <span class="kwb">HARVESTER</span> unit, add 1 to the Wound roll.|
TYR|ABLATIVE CARAPACE|000008413005|Assimilation Swarm â Epic Deed Stratagem|2|These organisms have employed consumed minerals to exude an additional hardened protective layer over their chitinous armour.|Either playerâs turn|Shooting or Fight phase|Assimilation Swarm|000000771|<b>WHEN:</b> Your opponentâs Shooting phase or the Fight phase, just after an enemy unit has selected its targets.<br><br><b>TARGET:</b> One Harvester unit from your army that was selected as the target of one or more of the attacking unitâs attacks.<br><br><b>EFFECT:</b> Until the end of the phase, models in your unit have the Feel No Pain 5+ ability. If your unit is within range of an objective marker you control, until the end of the phase models in your unit have the Feel No Pain 4+ ability instead.|
TYR|SECURE BIOMASS|000008413006|Assimilation Swarm â Strategic Ploy Stratagem|1|When rich sources of biomass are identified the warrior organisms of this swarm will stop at nothing to destroy resistance and claim them.|Either playerâs turn|Fight phase|Assimilation Swarm|000000771|<b>WHEN:</b> Fight phase.<br><br><b>TARGET:</b> One <span class="kwb">TYRANIDS</span> unit from your army that has not been selected to fight this phase.<br><br><b>EFFECT:</b> Until the end of the phase, melee weapons equipped by models in your unit have the [LETHAL HITS] ability. If your unit is a Harvester unit, each time a model in that unit makes a melee attack, a successful unmodified Hit roll of 5+ scores a Critical Hit as well.|
TYR|TYRANNOFORMED|000008413004|Assimilation Swarm â Strategic Ploy Stratagem|1|Swarms of diminutive Tyranid phage organisms carpet even the most vital strategic assets, steadily breaking them down for assimilation.|Either playerâs turn|Command phase|Assimilation Swarm|000000771|<b>WHEN:</b> Command phase.<br><br><b>TARGET:</b> One Harvester unit from your army that is within range of an objective marker you control.<br><br><b>EFFECT:</b> That objective marker remains under your control, even if you have no models within range of it, until your opponent controls it at the start or end of any turn.|
TYR|RECLAIM BIOMASS|000008413003|Assimilation Swarm â Strategic Ploy Stratagem|1|Dead Tyranids are consumed and reconstituted by the swarm just as readily as the lifeless carcasses of their prey.|Either playerâs turn|Any phase|Assimilation Swarm|000000771|<b>WHEN:</b> Any phase, when a <span class="kwb">TYRANIDS</span> unit from your army is destroyed, before the last model in it is removed from play.<br><br><b>TARGET:</b> One Harvester unit from your army that is within 6" of that destroyed unit.<br><br><b>EFFECT:</b> Regenerate one friendly <span class="kwb">TYRANIDS</span> unit within 6" of your <span class="kwb">HARVESTER</span> unit (See Feed the Swarm).|
TYR|ONRUSHING HORDE|000009700005|Biotide â Battle Tactic Stratagem|1|Surging toward their victims in a swift mass of screeching maws and lashing talons, the Tyranids are a panic-inducing sight.|Opponentâs turn|Shooting phase|Biotide|000000975|<b>WHEN:</b> Your opponentâs Shooting phase, just after an enemy unit has selected its targets.<br><br><b>TARGET:</b> One <span class="kwb">TYRANIDS</span> unit from your army (excluding WINGED TYRANID PRIME units), that was selected as the target of one or more of the attacking unitâs attacks.<br><br><b>EFFECT:</b> Until the end of the phase, each time an attack targets your unit, subtract 1 from the Hit roll.|
TYR|SWARM HUNTERS|000009700004|Biotide â Battle Tactic Stratagem|1|These Termagants act like a single, many-limbed, many-weaponed organism, squirming around one another to level the most firepower possible.|Your turn|Shooting phase|Biotide|000000975|<b>WHEN:</b> Your Shooting phase.<br><br><b>TARGET:</b> One TERMAGANTs unit from your army that has not been selected to shoot this phase.<br><br><b>EFFECT:</b> Until the end of the phase, models in your unit can ignore other models in their unit for the purposes of determining visibility. In addition, if your unit is within Synapse Range of your army, each time a model in your unit makes an attack, you can re-roll the Hit roll.|
TYR|LIVING AVALANCHE|000009700002|Biotide â Strategic Ploy Stratagem|1|This hatchway does not so much slide open as burst asunder like a breached dam, warrior organisms spilling forth from it in a heaving mass.|Your turn|Movement phase|Biotide|000000975|<b>WHEN:</b> Your Movement phase, just after a <span class="kwb">TYRANIDS</span> unit from your army has opened a Hatchway.<br><br><b>TARGET:</b> That <span class="kwb">TYRANIDS</span> unit.<br><br><b>EFFECT:</b> Your unit can make a Swarm move. To do so, your unit can be moved up to 3", but at least one model from your unit must end that move on the opposite side of that Hatchway from the one it started the phase on. When doing so, those models can be moved within Engagement Range of enemy units.|
TYR|SQUIRMING MASSES|000009700003|Biotide â Strategic Ploy Stratagem|1|Like water flowing through every available gap and channel, the Tyranids squeeze through ducts and vents to spill out in the midst of the prey.|Your turn|Movement phase|Biotide|000000975|<b>WHEN:</b> Your Movement phase, at the start of the Reinforcements step.<br><br><b>TARGET:</b> One ENDLESS MULTITUDE unit from your army that is in Reserves.<br><br><b>EFFECT:</b> Until the end of the phase, models in your unit have the Deep Strike ability and, when setting them upon the battlefield using that ability, they can be set up anywhere on the battlefield that is more than 6" horizontally away from all enemy units, provided they are also within Synapse Range of your army.<br><br><b>RESTRICTIONS:</b> You can only use this Stratagem once and, until the end of the turn, your unit is not eligible to declare a charge.|
TYR|LITHE KILLERS|000009691002|Boarding Swarm â Battle Tactic Stratagem|1|These warrior organisms employ agility and stealth in place of resilience, weaving around their victims' blows and exploiting the tangled internal structures of the voidship to their advantage.|Either playerâs turn|Fight phase|Boarding Swarm|000000974|<b>WHEN:</b> Fight phase, just after an enemy unit has selected its targets.<br><br><b>TARGET:</b> One <span class="kwb">TYRANIDS</span> unit from your army that was selected as the target of one or more of the attacking unitâs attacks.<br><br><b>EFFECT:</b> Until the end of the phase, models in your unit have a 5+ invulnerable save.|
TYR|PREDATORY POUNCE|000009691005|Boarding Swarm â Strategic Ploy Stratagem|1|The internal hatchways of prey voidships make excellent ambush sites for vanguard organisms.|Opponentâs turn|Movement phase|Boarding Swarm|000000974|<b>WHEN:</b> Your opponentâs Movement phase, just after an enemy unit opens a Hatchway.<br><br><b>TARGET:</b> One <span class="kwb">TYRANIDS</span> unit from your army that is within 3" of that Hatchway and is not within Engagement Range of one or more enemy units.<br><br><b>EFFECT:</b> Your unit can make a Pounce move. To do so, your unit can be moved up to 3", but must end that move as close as possible to that Hatchway. When doing so, those models can be moved within Engagement Range of that enemy unit, but only that enemy unit.|
TYR|TALON-TIP SWARM|000009691004|Boarding Swarm â Strategic Ploy Stratagem|1|As they break the prey's lines, these organisms seek key strategic sites to tear apart.|Either playerâs turn|Fight phase|Boarding Swarm|000000974|<b>WHEN:</b> Fight phase, just after a <span class="kwb">TYRANIDS</span> unit from your army destroys an enemy unit.<br><br><b>TARGET:</b> That <span class="kwb">TYRANIDS</span> unit.<br><br><b>EFFECT:</b> If your unit is not within Engagement Range of one or more enemy units, it can make a Normal move of up to 3". After that move, if your unit is within range of an objective marker and no enemy units are within range of that objective marker, that objective marker is Secured by your army.|
TYR|ADRENALISED SLAUGHTER|000009691003|Boarding Swarm â Strategic Ploy Stratagem|1|These organisms contain additional adrenal biomorphs, which send them into a final killing frenzy just before death.|Either playerâs turn|Fight phase|Boarding Swarm|000000974|<b>WHEN:</b> Fight phase, just after an enemy unit has selected its targets.<br><br><b>TARGET:</b> One <span class="kwb">TYRANIDS</span> unit from your army that was selected as the target of one or more of the attacking unitâs attacks.<br><br><b>EFFECT:</b> Until the end of the phase, each time a model in your unit is destroyed, if that model has not fought this phase, roll one D6. On a 5+, do not remove the destroyed model from play; it can fight after the attacking unit has finished making its attacks, and is then removed from play.|
TYR|SAVAGE ROAR|000008422004|Crusher Stampede â Battle Tactic Stratagem|1|This monster is even more terrifying to behold than other bioforms of its kind.|Either playerâs turn|Fight phase|Crusher Stampede|000000769|<b>WHEN:</b> Fight phase, just after an enemy unit has selected its targets.<br><br><b>TARGET:</b> One Tyranids Monster unit from your army that was selected as the target of one or more of the attacking unitâs attacks.<br><br><b>EFFECT:</b> That enemy unit must take a Battle-shock test and, until the end of the phase, each time a model in that enemy unit makes an attack that targets your unit, subtract 1 from the Hit roll. If that Battle-shock test was failed, subtract 1 from the Wound roll as well.|
TYR|RAMPAGING MONSTROSITIES|000008422003|Crusher Stampede â Battle Tactic Stratagem|1|Tyranid monsters have reserves of energy that they unleash in waves of devastating fury.|Either playerâs turn|Fight phase|Crusher Stampede|000000769|<b>WHEN:</b> Fight phase.<br><br><b>TARGET:</b> One Tyranids Monster unit from your army that has not been selected to fight this phase.<br><br><b>EFFECT:</b> Until the end of the phase, each time a model in your unit makes an attack, you can re-roll the Hit roll.|
TYR|SWARM-GUIDED SALVOES|000008422006|Crusher Stampede â Battle Tactic Stratagem|1|One cannot hide from a gestalt entity with a million eyes, even in the densest cover.|Your turn|Shooting phase|Crusher Stampede|000000769|<b>WHEN:</b> Your Shooting phase.<br><br><b>TARGET:</b> One Tyranids Monster unit from your army that has not been selected to shoot this phase.<br><br><b>EFFECT:</b> Until the end of the phase, ranged weapons equipped by models in your unit have the [IGNORES COVER] ability, and until the end of the phase each time a model in your unit makes an attack, you can ignore any or all modifiers to that modelâs Ballistic Skill characteristic and any or all modifiers to the Hit roll.|
TYR|MASSIVE IMPACT|000008422007|Crusher Stampede â Epic Deed Stratagem|1|Employing their sheer bulk and vicious chitinous horns and spikes, the largest Tyranids crash headlong through the foe, often with devastating results.|Your turn|Charge phase|Crusher Stampede|000000769|<b>WHEN:</b> Your Charge phase, just after a Tyranids Monster model from your army ends a Charge move.<br><br><b>TARGET:</b> That <span class="kwb">TYRANIDS</span> <span class="kwb">MONSTER</span> model.<br><br><b>EFFECT:</b> Select one enemy unit within Engagement Range of your model and roll six D6: for each 4+, that enemy unit suffers 1 mortal wound.|
TYR|CORROSIVE VISCERA|000008422002|Crusher Stampede â Strategic Ploy Stratagem|1|Highly acidic fluids spray from the creatureâs wounds, lethal to those nearby.|Either playerâs turn|Shooting or Fight phase|Crusher Stampede|000000769|<b>WHEN:</b> Your opponentâs Shooting phase or the Fight phase, just after a Tyranids Monster model from your army with the Deadly Demise ability that cannot <span class="kwb">FLY</span> is destroyed.<br><br><b>TARGET:</b> That <span class="kwb">TYRANIDS</span> <span class="kwb">MONSTER</span> model. You can use this Stratagem on that model even though it was just destroyed.<br><br><b>EFFECT:</b> Do not roll one D6 to determine whether mortal wounds are inflicted by your modelâs Deadly Demise ability. Instead, mortal wounds are automatically inflicted.|
TYR|UNTRAMMELLED FEROCITY|000008422005|Crusher Stampede â Strategic Ploy Stratagem|1|Encircling and entrapping such physically powerful and fearless beasts is nigh on impossible.|Your turn|Movement phase|Crusher Stampede|000000769|<b>WHEN:</b> Your Movement phase.<br><br><b>TARGET:</b> One Tyranids Monster unit from your army that has not been selected to move this phase.<br><br><b>EFFECT:</b> Until the end of the phase, each time a model in your unit makes a Normal, Advance or Fall Back move, it can move through models (excluding <span class="kwb">TITANIC</span> models) and sections of terrain features that are 4" or less in height. When doing so: <br><ul><li>It can move within Engagement Range of enemy models, but cannot end that move within Engagement Range of them. </li><li>It can also move through sections of terrain features that are more than 4" in height, but if it does, after its unit has moved, roll one D6: on a 1, your unit is Battle-shocked.</li></ul>|
TYR|HYPERADRENAL REFLEXES|000009725002|Infestation Swarm â Battle Tactic Stratagem|1|Goaded by the biostimulants surging through their bodies, these warrior organisms evade their enemies'attacks with unbelievable swiftness.|Either playerâs turn|Fight phase|Infestation Swarm|000000979|<b>WHEN:</b> Fight phase, just after an enemy unit has selected its targets.<br><br><b>TARGET:</b> One GREAT DEVOURER unit from your army that was selected as the target of one or more of the attacking unitâs attacks.<br><br><b>EFFECT:</b> Until the end of the phase, models in your unit have a 4+ invulnerable save.|
TYR|HUNTING GROUNDS|000009725004|Infestation Swarm â Strategic Ploy Stratagem|1|Genestealers on the hunt are relentless, squirming through hatches before they have even half opened.|Your turn|Movement phase|Infestation Swarm|000000979|<b>WHEN:</b> Your Movement phase, just after a GREAT DEVOURER unit from your army opens a Hatchway.<br><br><b>TARGET:</b> That <span class="kwb">GREAT</span> <span class="kwb">DEVOURER</span> unit.<br><br><b>EFFECT:</b> Your unit can make a Normal move of up to 3", provided at least one of its models ends that move on the opposite side of that Hatchway from when your unit opened it.|
TYR|PERVASIVE DREAD|000009725003|Infestation Swarm â Strategic Ploy Stratagem|1|With the death of their leader, the surviving prey feel an ominous sense of doom press down upon them, heightened by subtle psionic assault.|Either playerâs turn|Fight phase|Infestation Swarm|000000979|<b>WHEN:</b> Fight phase, just after the enemy <span class="kwb">WARLORD</span> is destroyed (and is not returned to the battlefield) by a GREAT DEVOURER unit from your army.<br><br><b>TARGET:</b> That <span class="kwb">GREAT</span> <span class="kwb">DEVOURER</span> unit.<br><br><b>EFFECT:</b> In your opponentâs next Command phase, each enemy unit on the battlefield must take a Battle-shock test, subtracting 1 from the result. This Stratagem cannot cause a unit to take two Battle-shock tests in the same phase.|
TYR|OUTFLANK|000009725005|Infestation Swarm â Strategic Ploy Stratagem|1|Swarms of Genestealers crawl through vents and ducts as they seek to outflank their prey.|Opponentâs turn|Fight phase|Infestation Swarm|000000979|<b>WHEN:</b> End of your opponentâs Fight phase.<br><br><b>TARGET:</b> One GENESTEALERs or PURESTRAIN GENESTEALERS unit from your army that is wholly within an Entry Zone.<br><br><b>EFFECT:</b> Remove your unit from the battlefield and place it into Strategic Reserves. It will arrive back on the battlefield in the Reinforcements step of your next Movement phase. When doing so, if it was within one of your Entry Zones when it was removed, it must be set up wholly within another one of your Entry Zones. If it was within one of your opponentâs Entry Zones when it was removed, it must be set up wholly within another one of your opponentâs Entry Zones instead. If this is not possible, your unit is destroyed.|
TYR|ADRENAL SURGE|000008349003|Invasion Fleet â Battle Tactic Stratagem|2|These warrior organisms destroy all as their adrenaline surges.|Either playerâs turn|Fight phase|Invasion Fleet|000000748|<b>WHEN:</b> Fight phase.<br><br><b>TARGET:</b> Up to two <span class="kwb">TYRANIDS</span> units from your army that are within Synapse Range of your army and are eligible to fight, or one other <span class="kwb">TYRANIDS</span> unit from your army that is eligible to fight.<br><br><b>EFFECT:</b> Until the end of the phase, each time a model in any of those selected units makes an attack, an unmodified Hit roll of 5+ scores a Critical Hit.|
TYR|RAPID REGENERATION|000008349002|Invasion Fleet â Battle Tactic Stratagem|1|Prey stare in horror as chitinous armour regrows and flesh, muscle and sinew knots back together.|Either playerâs turn|Shooting or Fight phase|Invasion Fleet|000000748|<b>WHEN:</b> Your opponentâs Shooting phase or the Fight phase, just after an enemy unit has selected its targets.<br><br><b>TARGET:</b> One <span class="kwb">TYRANIDS</span> unit from your army that was selected as the target of one or more of the attacking unitâs attacks.<br><br><b>EFFECT:</b> Until the end of the phase, models in your unit have the Feel No Pain 6+ ability. If your unit is within Synapse Range of your army, models in your unit have the Feel No Pain 5+ ability instead.|
TYR|PREDATORY IMPERATIVE|000008349006|Invasion Fleet â Strategic Ploy Stratagem|1|Guided by the instincts of leader-beasts, the swarm can be tasked with focusing its hunting instincts.|Your turn|Command phase|Invasion Fleet|000000748|<b>WHEN:</b> Your Command phase.<br><br><b>TARGET:</b> Up to two <span class="kwb">TYRANIDS</span> units from your army that are within Synapse Range of your army, or one other <span class="kwb">TYRANIDS</span> unit from your army.<br><br><b>EFFECT:</b> Select one Hyper-adaptation. Until the start of your next Command phase, that Hyper-adaptation is active for those selected units in addition to any other that may be active for your army.<br><br><b>RESTRICTIONS:</b> You cannot select the same Hyper-adaptation you selected at the start of the first battle round.|
TYR|DEATH FRENZY|000008349004|Invasion Fleet â Strategic Ploy Stratagem|1|Tyranids care nothing for self-preservation, lashing out even in death.|Either playerâs turn|Fight phase|Invasion Fleet|000000748|<b>WHEN:</b> Fight phase, just after an enemy unit has selected its targets.<br><br><b>TARGET:</b> One <span class="kwb">TYRANIDS</span> unit from your army that was selected as the target of one or more of the attacking unitâs attacks.<br><br><b>EFFECT:</b> Until the end of the phase, each time a model in your unit is destroyed, if that model has not fought this phase, roll one D6: on a 4+, do not remove it from play. The destroyed model can fight after the attacking modelâs unit has finished making its attacks, and is then removed from play.|
TYR|OVERRUN|000008349005|Invasion Fleet â Strategic Ploy Stratagem|1|Tyranids in battle form an unstoppable avalanche of flesh and chitin that buries the foe alive.|Either playerâs turn|Fight phase|Invasion Fleet|000000748|<b>WHEN:</b> Fight phase, just before a <span class="kwb">TYRANIDS</span> unit from your army Consolidates.<br><br><b>TARGET:</b> That <span class="kwb">TYRANIDS</span> unit.<br><br><b>EFFECT:</b> Until the end of the phase, each time your unit Consolidates, models in it can move an additional 3" as long as your unit can end that move within Engagement Range of one or more enemy units. If your unit is within Synapse Range of your army and not within Engagement Range of any enemy units, instead of making that Consolidation move, it can make a Normal move of up to 6".|
TYR|ENDLESS SWARM|000008349007|Invasion Fleet â Strategic Ploy Stratagem|1|As the battle rages, more organisms pour in to bolster the swarms.|Your turn|Command phase|Invasion Fleet|000000748|<b>WHEN:</b> Your Command phase.<br><br><b>TARGET:</b> Up to two Endless Multitude units from your army that are within Synapse Range of your army, or one other <span class="kwb">ENDLESS</span> <span class="kwb">MULTITUDE</span> unit from your army.<br><br><b>EFFECT:</b> You can return up to D3+3 destroyed models to each of the selected units.|
TYR|RETREAT BELOW|000010148007|Subterranean Assault â Strategic Ploy Stratagem|1|The network of tunnels beneath the battlefield enables Tyranid organisms to retreat from the foe and prepare further ambushes.|Opponentâs turn|Fight phase|Subterranean Assault|000001057|<b>WHEN:</b> End of your opponentâs Fight phase.<br><br><b>TARGET:</b> One Tyranids unit or up to two Burrower units from your army that are not within Engagement Range of one or more enemy units.<br><br><b>EFFECT:</b> Remove your unit from the battlefield and place it into Strategic Reserves.|
TYR|SWARMING ASSAULT|000010148006|Subterranean Assault â Strategic Ploy Stratagem|1|A hive fleetâs vanguard organisms favour mobility and aggression, keeping the foe on the back foot with repeated coordinated assaults.|Your turn|Charge phase|Subterranean Assault|000001057|<b>WHEN:</b> Your Charge phase.<br><br><b>TARGET:</b> One Tyranids Monster unit from your army that was set up as Reinforcements this turn.<br><br><b>EFFECT:</b> Until the end of the phase, friendly Tyranids units within 6" of your unit can re-roll Charge rolls.|
TYR|TUNNEL NETWORK|000010148005|Subterranean Assault â Strategic Ploy Stratagem|1|Taking advantage of freshly burrowed tunnels, Tyranid bioforms move swiftly across the landscape, emerging in unexpected locations.|Your turn|Movement phase|Subterranean Assault|000001057|<b>WHEN:</b> End of your Movement phase.<br><br><b>TARGET:</b> One Tyranids unit from your army that is wholly within 9" of one or more of your Tunnel Markers and not within Engagement Range of one or more enemy units.<br><br><b>EFFECT:</b> Remove your unit from the battlefield and set it up again, wholly within 9" of another Tunnel Marker you placed, and more than 6" horizontally away from all enemy units.|
TYR|ENFILADING EMERGENCE|000010148004|Subterranean Assault â Strategic Ploy Stratagem|1|Emerging from the depths, Tyranid bioforms level their weapon morphs and spit hissing volleys of living ammunition into the exposed backs of outflanked prey.|Your turn|Movement phase|Subterranean Assault|000001057|<b>WHEN:</b> End of your Movement phase.<br><br><b>TARGET:</b> One Tyranids unit from your army that was set up as Reinforcements this turn.<br><br><b>EFFECT:</b> Until the end of your next Fight phase, weapons equipped by models in your unit have the [SUSTAINED HITS 1] and [IGNORES COVER] abilities.|
TYR|REPLENISHING SWARMS|000010148003|Subterranean Assault â Wargear Stratagem|1|Scrambling through the tunnels come endless multitudes of warrior-beasts and harvester bioforms, spilling out of the depths to reinforce the teeming masses.|Your turn|Movement phase|Subterranean Assault|000001057|<b>WHEN:</b> Your Movement phase.<br><br><b>TARGET:</b> One Tyranids unit from your army, wholly within 9" of one or more Tunnel Markers you placed.<br><br><b>EFFECT:</b> One model in your unit regains up to D3+1 lost wounds, or you can return up to D3+1 destroyed models with a Wounds characteristic of 1 to your unit, with their full wounds remaining, instead.|
TYR|ADAPTIVE OPTIMISATION|000010148002|Subterranean Assault â Wargear Stratagem|1|On occasions where subterranean assaults are deemed tactically useful, the hive mind may spontaneously alter its burrowing organisms, enabling them to act as beacons for its will.|Either playerâs turn|Command phase|Subterranean Assault|000001057|<b>WHEN:</b> Command phase.<br><br><b>TARGET:</b> One Mawloc or Trygon unit from your army.<br><br><b>EFFECT:</b> Until the start of your next Command phase, your unit has the Synapse keyword.|
TYR|SYNAPTIC CHANNELLING|000008556003|Synaptic Nexus â Battle Tactic Stratagem|1|Tyranids are one with the Hive Mind; individuality is a disadvantage that they surpass.|Either playerâs turn|Command phase|Synaptic Nexus|000000773|<b>WHEN:</b> Command phase.<br><br><b>TARGET:</b> One Synapse unit from your army.<br><br><b>EFFECT:</b> Until the end of the turn, while a friendly <span class="kwb">TYRANIDS</span> unit is within 9" of the selected unit, that unit is within Synapse Range of your army.|
TYR|IRRESISTIBLE WILL|000008556004|Synaptic Nexus â Battle Tactic Stratagem|1|Whether paralysing its prey or forcing them to stumble out of cover with its force of will, or else puppeteering nearby warrior organisms, the leader-beast ensures the prey targets are struck down.|Either playerâs turn|Shooting or Fight phase|Synaptic Nexus|000000773|<b>WHEN:</b> Your Shooting phase or the Fight phase.<br><br><b>TARGET:</b> One Synapse unit from your army that has not been selected to shoot or fight this phase, and one enemy unit within 24" of and visible to the <span class="kwb">SYNAPSE</span> unit.<br><br><b>EFFECT:</b> Until the end of the phase, each time a friendly <span class="kwb">TYRANIDS</span> model makes an attack that targets that enemy unit, if the attacking modelâs unit is within 6" of your <span class="kwb">SYNAPSE</span> unit, re-roll a Hit roll of 1 and re-roll a Wound roll of 1.|
TYR|REINFORCED HIVE NODE|000008556005|Synaptic Nexus â Battle Tactic Stratagem|1|Psionic shielding crackles around these leader-beasts, helping to ensure their survival.|Either playerâs turn|Shooting or Fight phase|Synaptic Nexus|000000773|<b>WHEN:</b> Your opponentâs Shooting phase or the Fight phase, just after an enemy unit has selected its targets.<br><br><b>TARGET:</b> One Synapse unit from your army that was selected as the target of one or more of the attacking unitâs attacks.<br><br><b>EFFECT:</b> Until the attacking unit has finished making its attacks, each time an attack targets your unit, worsen the Armour Penetration characteristic of that attack by 1.|
TYR|THE SMOTHERING SHADOW|000008556002|Synaptic Nexus â Strategic Ploy Stratagem|1|In the heart of the swarms, the Shadow in the Warp can literally kill with its smothering power.|Either playerâs turn|Any phase|Synaptic Nexus|000000773|<b>WHEN:</b> Any phase, just after an enemy unit fails a Battle-shock test.<br><br><b>TARGET:</b> One Synapse unit from your army within 12" of that enemy unit.<br><br><b>EFFECT:</b> Roll six D6: for each 3+, that enemy unit suffers 1 mortal wound.|
TYR|IMPERATIVE DOMINANCE|000008556006|Synaptic Nexus â Strategic Ploy Stratagem|1|At need, the focused will of the Tyranid leader-beasts can goad warrior organisms to exhibit strategically beneficial behaviours at the instant they are needed most.|Your turn|Command phase|Synaptic Nexus|000000773|<b>WHEN:</b> Your Command phase.<br><br><b>TARGET:</b> One <span class="kwb">TYRANIDS</span> unit from your army that is within Synapse Range of your army.<br><br><b>EFFECT:</b> Select one Synaptic Imperative, even if you have already selected that imperative this battle. Until the start of your next Command phase, that Synaptic Imperative is active for your unit instead of any other Synaptic Imperative that is active for your army.|
TYR|OVERRIDE INSTINCTS|000008556007|Synaptic Nexus â Strategic Ploy Stratagem|1|The seemingly omniscient Hive Mind processes the sensory input of its swarms at an impossible rate, and compels its broods to react accordingly.|Your turn|Movement phase|Synaptic Nexus|000000773|<b>WHEN:</b> Your Movement phase.<br><br><b>TARGET:</b> One <span class="kwb">TYRANIDS</span> unit from your army that is within Synapse Range of your army and made a Fall Back move this phase.<br><br><b>EFFECT:</b> Your unit is eligible to shoot and declare a charge this turn.|
TYR|BIO-ACID SURGE|000009682002|Tyranid Attack â Battle Tactic Stratagem|1|Triggered by synaptic imperative, these warrior organisms'weapon limbs secrete dripping gouts of virulent bio-acid.|Either playerâs turn|Fight phase|Tyranid Attack|000000973|<b>WHEN:</b> Fight phase.<br><br><b>TARGET:</b> One <span class="kwb">TYRANIDS</span> unit from your army that is within Synapse Range of your army and has not been selected to fight this phase.<br><br><b>EFFECT:</b> Until the end of the phase, melee weapons equipped by models in your unit have the [SUSTAINED HITS 1] ability.|
TYR|HIVE SIGHT|000009682005|Tyranid Attack â Strategic Ploy Stratagem|1|It is whispered amongst the fearful prey species that if one Tyranid can see you, they all can...|Your turn|Charge phase|Tyranid Attack|000000973|<b>WHEN:</b> Your Charge phase.<br><br><b>TARGET:</b> One TYRANIDS SYNAPSE unit from your army and one friendly <span class="kwb">TYRANIDS</span> unit that has not declared a charge this phase.<br><br><b>EFFECT:</b> Select one enemy unit that is visible to your SYNAPSE unit. Until the end of the phase, each time your other unit declares a charge, it can include that enemy unit as a target of that charge, even if it is not visible to it, and when doing so, add 1 to the Charge roll.|
TYR|EXPENDABLE BIOMASS|000009682004|Tyranid Attack â Strategic Ploy Stratagem|1|The Tyranids will expend the lives of their lesser organisms in droves provided it results in their preyâs defeat.|Your turn|Shooting phase|Tyranid Attack|000000973|WHEN: Your Shooting phase.<br><br>TARGET: One TYRANID WARRIORS wITH RANGED BIO-wEAPONS unit from your army that has not been selected to shoot this phase.<br><br>EFFECT: Select one enemy unit that is visible to your unit and within Engagement Range of one or more friendly ENDLESS MULTITUDE or RIPPER SwARMS units. Until the end of the phase, your unit is eligible to make ranged attacks against that enemy unit as if it was not within Engagement Range of those friendly units. When doing so, each time a model in your unit makes a ranged attack, subtract 1 from the Hit roll and, after your unit has finished making its attacks, each of those friendly units that started the phase within Engagement Range of that enemy unit suffers D3 mortal wounds.|
TYR|PHAGIC SPORES|000009682003|Tyranid Attack â Wargear Stratagem|1|In death, these warrior organisms release billowing clouds of hideously corrosive spores that reduce nearby prey to bubbling organic slicks.|Either playerâs turn|Shooting or Fight phase|Tyranid Attack|000000973|<b>WHEN:</b> Your opponentâs Shooting phase or the Fight phase, just after an enemy unit has selected its targets.<br><br><b>TARGET:</b> One TYRANID WARRIORS wITH MELEE BIO-wEAPONS or TYRANID WARRIORS wITH RANGED BIO-wEAPONS unit from your army that was selected as the target of one or more of the attacking unitâs attacks.<br><br><b>EFFECT:</b> Until the end of the phase, each time a model in your unit is destroyed as a result of an attack, do not remove it from play; after the attacking unit has finished making its attacks, roll one D6: on a 3-5, the closest enemy unit within 3" of and visible to your unit suffers 1 mortal wound; on a 6, the closest enemy unit within 3" of and visible to your unit suffers 2 mortal wounds. The destroyed model is then removed from play.|
TYR|TEEMING MASSES|000008409004|Unending Swarm â Battle Tactic Stratagem|1|Skittering, darting and pouring over one another, the Tyranids make for hard and confusing targets.|Either playerâs turn|Shooting or Fight phase|Unending Swarm|000000770|<b>WHEN:</b> Your opponentâs Shooting phase or the Fight phase, just after an enemy unit has selected its targets.<br><br><b>TARGET:</b> One Endless Multitude unit from your army that was selected as the target of one or more of the attacking unitâs attacks.<br><br><b>EFFECT:</b> Until the end of the phase, each time an attack targets your unit, subtract 1 from the Hit roll.|
TYR|SWARMING MASSES|000008409005|Unending Swarm â Battle Tactic Stratagem|1|The sheer weight of Tyranid numbers begins to tell as they bury their victims in lashing, biting horror.|Either playerâs turn|Shooting or Fight phase|Unending Swarm|000000770|<b>WHEN:</b> Your Shooting phase or the Fight phase.<br><br><b>TARGET:</b> One Endless Multitude unit from your army that has not been selected to shoot or fight this phase.<br><br><b>EFFECT:</b> Until the end of the phase, weapons equipped by models in your unit have the [SUSTAINED HITS 1] ability, and If your unit contains 15 or more models, each time a model in your unit makes an attack, an unmodified Hit roll of 5+ scores a Critical Hit.|
TYR|BOUNDING ADVANCE|000008409006|Unending Swarm â Battle Tactic Stratagem|1|Synaptic impulses from the Hive Mind urge greater speed from the swarmâs warrior organisms.|Your turn|Movement phase|Unending Swarm|000000770|<b>WHEN:</b> Your Movement phase.<br><br><b>TARGET:</b> One Endless Multitude unit from your army.<br><br><b>EFFECT:</b> Until the end of the phase, each time your unit Advances, do not make an Advance roll. Instead, until the end of the phase, add 6" to the Move characteristic of models in your unit.|
TYR|PRESERVATION IMPERATIVE|000008409007|Unending Swarm â Strategic Ploy Stratagem|1|Triggered by incoming projectile fire, a synaptic pulse spurs the danger-senses of lesser warrior organisms and causes them to scatter like a shoal evading predators. Only once the explosions have stopped and the dust cleared do the bioforms bunch up once again.|Opponentâs turn|Shooting phase|Unending Swarm|000000770|<b>WHEN:</b> Your opponentâs Shooting phase, just after an enemy unit has selected its targets.<br><br><b>TARGET:</b> One Endless Multitude unit from your army that was selected as the target of one or more of the attacking unitâs attacks.<br><br><b>EFFECT:</b> Until the end of the phase, your unit is treated as containing fewer than five models for the purpose of the [BLAST] ability.|
TYR|SYNAPTIC GOADING|000008409002|Unending Swarm â Strategic Ploy Stratagem|1|For a moment, a minuscule sliver of the Hive Mindâs ineffable will is focussed through these warrior organisms, driving them to pounce upon either valuable prey or else some vital strategic target.|Either playerâs turn|Any phase|Unending Swarm|000000770|<b>WHEN:</b> Any phase, just before an Endless Multitude unit from your army that is within Synapse Range of your army makes a Surge move.<br><br><b>TARGET:</b> That <span class="kwb">ENDLESS</span> <span class="kwb">MULTITUDE</span> unit.<br><br><b>EFFECT:</b> When making that Surge move, you can re-roll the D6 to determine how far your unit moves, and your unit can end that move as close as possible to the closest objective marker (instead of as close as possible to the closest enemy unit]. All other rules for making Surge moves still apply.|
TYR|UNENDING WAVES|000008409003|Unending Swarm â Strategic Ploy Stratagem|2|No matter how many warrior organisms are slain, more are already surging forward over their corpses.|Either playerâs turn|Any phase|Unending Swarm|000000770|<b>WHEN:</b> Any phase.<br><br><b>TARGET:</b> One Endless Multitude unit from your army that was just destroyed. You can use this Stratagem on that unit even though it was just destroyed.<br><br><b>EFFECT:</b> Add a new unit to your army identical to your destroyed unit, in Strategic Reserves, at its Starting Strength.<br><br><b>RESTRICTIONS:</b> Any destroyed Character units that were attached to your unit are not returned. You can only use this Stratagem once per battle.|
TYR|ASSASSIN BEASTS|000008418003|Vanguard Onslaught â Battle Tactic Stratagem|1|These bioforms have been adapted to strike with pinpoint precision at the pre-assessed weak points of selected prey that require elimination.|Either playerâs turn|Fight phase|Vanguard Onslaught|000000772|<b>WHEN:</b> Fight phase.<br><br><b>TARGET:</b> One Vanguard Invader Infantry unit from your army that has not been selected to fight this phase.<br><br><b>EFFECT:</b> Until the end of the phase, melee weapons equipped by models in your unit have the [PRECISION] ability.|
TYR|SURPRISE ASSAULT|000008418002|Vanguard Onslaught â Battle Tactic Stratagem|1|Vanguard organisms strike from unexpected quarters with calculated and emotionless alien savagery that is appalling to behold.|Either playerâs turn|Shooting or Fight phase|Vanguard Onslaught|000000772|<b>WHEN:</b> Your Shooting phase or the Fight phase, just after a Vanguard Invader unit from your army has selected its targets.<br><br><b>TARGET:</b> That <span class="kwb">VANGUARD</span> <span class="kwb">INVADER</span> unit.<br><br><b>EFFECT:</b> Select one enemy unit that was selected as the target of one or more of your unitâs attacks. That enemy unit must take a Battle-shock test. Until the end of the phase, each time a model in your unit makes an attack that targets that enemy unit, add 1 to the Hit roll. If the Battle-shock test was failed, add 1 to the Wound roll as well.|
TYR|SEEDED BROODS|000008418004|Vanguard Onslaught â Strategic Ploy Stratagem|1|Warrior organisms erupt from concealment straight into advanced positions.|Your turn|Movement phase|Vanguard Onslaught|000000772|<b>WHEN:</b> Your Movement phase.<br><br><b>TARGET:</b> One <span class="kwb">TYRANIDS</span> unit from your army that is in Reserves, or up to two Vanguard Invader units from your army that are in Reserves.<br><br><b>EFFECT:</b> Until the end of the phase, for the purposes of setting up those selected units on the battlefield, treat the current battle round number as being one higher than it actually is.|
TYR|UNSEEN LURKERS|000008418006|Vanguard Onslaught â Strategic Ploy Stratagem|1|Hyper-attuned senses warn vanguard organisms when they are being targeted by the prey.|Opponentâs turn|Shooting phase|Vanguard Onslaught|000000772|<b>WHEN:</b> Your opponentâs Shooting phase, just after an enemy unit has selected its targets.<br><br><b>TARGET:</b> One Vanguard Invader unit from your army that was selected as the target of one or more of the attacking unitâs attacks.<br><br><b>EFFECT:</b> Until the end of the phase, your unit can only be selected as the target of a ranged attack if the attacking model is within 18" or, if your unit has the Lone Operative ability, if the attacking model is within 6". Your opponent can select new targets for the attacking unitâs attacks.|
TYR|INVISIBLE HUNTER|000008418007|Vanguard Onslaught â Strategic Ploy Stratagem|1|Hunter-slayer organisms can melt away before the eyes of their foes, only to strike from a new direction.|Opponentâs turn|Fight phase|Vanguard Onslaught|000000772|<b>WHEN:</b> End of your opponentâs Fight phase.<br><br><b>TARGET:</b> Up to two Vanguard Invader units from your army, or one Tyranids Infantry unit from your army.<br><br><b>EFFECT:</b> Remove the targeted units from the battlefield and place them into Strategic Reserves.<br><br><b>RESTRICTIONS:</b> The targeted units must be more than 3" away from all enemy units.|
TYR|HYPERSENSORY SCILLIA|000008418005|Vanguard Onslaught â Strategic Ploy Stratagem|2|Hissing clusters of scillia warn of the slightest prey movements, allowing the Tyranids to react.|Opponentâs turn|Movement phase|Vanguard Onslaught|000000772|<b>WHEN:</b> Your opponentâs Movement phase, just after an enemy unit ends a Normal, Advance or Fall Back move.<br><br><b>TARGET:</b> Up to two Vanguard Invader units from your army that are within 9" of that enemy unit, or one other Tyranids Infantry unit from your army that is within 9" of that enemy unit.<br><br><b>EFFECT:</b> Those selected units can each make a Normal move of up to 6".<br><br><b>RESTRICTIONS:</b> You cannot target units that are within Engagement Range of one or more enemy units.|
TYR|SYNAPTIC AMPLIFICATION|000009738002|Warrior Bioform Onslaught â Strategic Ploy Stratagem|1|Tyranid Warriors focus and amplify the urgency of the Hive Mindâs impulse to nearby broods, lending them increased coordination.|Either playerâs turn|Shooting or Fight phase|Warrior Bioform Onslaught|000000982|<b>WHEN:</b> Your Shooting phase or the Fight phase.<br><br><b>TARGET:</b> One <span class="kwb">TYRANIDS</span> unit from your army that has not been selected to shoot or fight this phase.<br><br><b>EFFECT:</b> If that unit is a Tyranid Warriors unit, select up to one Endless Multitude unit from your army, that is not Battle-shocked, within 6" of it. Until the end of the phase, each time a model in those units makes an attack, re-roll a Wound roll of 1, and, if it is a <span class="kwb">TYRANID</span> <span class="kwb">WARRIORS</span> unit, re-roll a Hit roll of 1 as well.|
TYR|SYNAPTIC SHIELD|000009738007|Warrior Bioform Onslaught â Strategic Ploy Stratagem|1|By focusing the psionic energies of the Hive Mind, these leaderâbeasts shield the teeming bioforms under their command.|Opponentâs turn|Shooting phase|Warrior Bioform Onslaught|000000982|<b>WHEN:</b> Your opponentâs Shooting phase, just after an enemy unit has selected its targets.<br><br><b>TARGET:</b> One Tyranid Warriors unit from your army that was selected as the target of one or more of the attacking unitâs attacks.<br><br><b>EFFECT:</b> If that unit is a <span class="kwb">TYRANID</span> <span class="kwb">WARRIORS</span> unit, select up to one Endless Multitude unit from your army, that is not Battle-shocked, within 6" of it. Until the end of the phase, each time a ranged attack targets one of those units, if the Strength characteristic of that attack is greater than the Toughness characteristic of that unit, subtract 1 from the Wound roll.|
TYR|PARASITIC PAYLOAD|000009738006|Warrior Bioform Onslaught â Strategic Ploy Stratagem|1|The projectiles fired by this weapon are infected with parasites that burrow into the central nervous systems of their targets, causing them to wail and scream in pain and giving away their position to the oncoming swarms.|Your turn|Shooting phase|Warrior Bioform Onslaught|000000982|<b>WHEN:</b> Your Shooting phase.<br><br><b>TARGET:</b> One Tyranid Warriors with Ranged Bio-weapons unit from your army that has not been selected to shoot this phase.<br><br><b>EFFECT:</b> Until the end of the phase, ranged weapons equipped by models in your unit have the [IGNORES COVER] ability. After your unit has resolved its shooting attacks this phase, select one enemy unit hit by one or more of those attacks. Until the end of the turn, models in that unit cannot have the Benefit of Cover.|
TYR|SYNAPTIC MICRONODES|000009738005|Warrior Bioform Onslaught â Strategic Ploy Stratagem|1|Impulses from the Hive Mind compel its most adaptable bioforms to shed microbial micronodes that burrow into the soil, knitting together to form a short-term synaptic relay that persists only as long as the brief-burning lifespans of its composite creatures.|Your turn|Movement phase|Warrior Bioform Onslaught|000000982|<b>WHEN:</b> Your Movement phase.<br><br><b>TARGET:</b> One Tyranid Warriors unit from your army.<br><br><b>EFFECT:</b> Select one objective marker you control that your unit is within range of. That objective marker remains under your control until your opponentâs Level of Control over that objective marker is greater than yours at the end of a phase.|
TYR|RESTORATIVE IMPULSE|000009738004|Warrior Bioform Onslaught â Strategic Ploy Stratagem|1|Responding to impulses from the Hive Mind, dormant nanoviral organisms awaken within the corpse of a fallen Tyranid Warrior, knitting together ruptured organs and restoring its broken form to life.|Your turn|Command phase|Warrior Bioform Onslaught|000000982|<b>WHEN:</b> Your Command phase.<br><br><b>TARGET:</b> One Tyranid Warriors unit from your army that is below its Starting Strength.<br><br><b>EFFECT:</b> Return 1 destroyed model (excluding <span class="kwb">CHARACTER</span> models) to your unit.|
TYR|SPONTANEOUS HYPERCORROSION|000009738003|Warrior Bioform Onslaught â Wargear Stratagem|1|Biomorphic symbiotes growing beneath the chitinous plates of some Tyranids can be activated by synaptic impulse, acidifying their bioâweapons at a momentâs notice.|Either playerâs turn|Shooting or Fight phase|Warrior Bioform Onslaught|000000982|<b>WHEN:</b> Your Shooting phase or the Fight phase.<br><br><b>TARGET:</b> One <span class="kwb">TYRANIDS</span> unit from your army that has not been selected to shoot or fight this phase.<br><br><b>EFFECT:</b> Until the end of the phase, add 2 to the Strength characteristic of ranged weapons equipped by models in your unit and add 1 to the Strength characteristic of melee weapons equipped by Tyranid Warriors and Winged Tyranid Prime models in your unit.|
WE|HACK AND SLASH|000008431003|Berzerker Warband â Battle Tactic Stratagem|1|Hack and slash, rend and tear, dismember and eviscerate. Kill! Kill! KILL!|Either playerâs turn|Fight phase|Berzerker Warband|000000777|<b>WHEN:</b> Fight phase.<br><br><b>TARGET:</b> One World Eaters unit from your army that has not been selected to fight this phase and that made a charge move this turn.<br><br><b>EFFECT:</b> Until the end of the phase, improve the Armour Penetration characteristic of melee weapons equipped by models in your unit by 1.|
WE|FRENZIED RESILIENCE|000008431004|Berzerker Warband â Battle Tactic Stratagem|2|The depths of their fury lend the devoted of Khorne resilience. Mere flesh wounds will not stay the wrath of the World Eaters.|Either playerâs turn|Fight phase|Berzerker Warband|000000777|<b>WHEN:</b> Fight phase, just after an enemy unit has selected its targets.<br><br><b>TARGET:</b> One World Eaters unit from your army that was selected as the target of one or more of the attacking unitâs attacks.<br><br><b>EFFECT:</b> Until the end of the phase, each time an attack is allocated to a model in your unit, subtract 1 from the Damage characteristic of that attack.|
WE|BLOOD OFFERING|000008431002|Berzerker Warband â Epic Deed Stratagem|1|Khorne cares not from whence the blood flows, only that it does. The deaths of his own devoted are fitting offerings.|Either playerâs turn|Any phase|Berzerker Warband|000000777|<b>WHEN:</b> Any phase.<br><br><b>TARGET:</b> One World Eaters unit from your army that was just destroyed while it was within range of one or more objective markers you controlled at the end of the previous phase. You can use this Stratagem on that unit even though it was just destroyed.<br><br><b>EFFECT:</b> Select one of those objective markers. That objective marker remains under your control until your opponentâs Level of Control over that objective marker is greater than yours at the end of a phase.|
WE|SKULLS FOR THE SKULL THRONE!|000008431005|Berzerker Warband â Strategic Ploy Stratagem|1|The skulls of mighty champions and monstrous foes make a fitting tribute to the Blood God.|Either playerâs turn|Fight phase|Berzerker Warband|000000777|<b>WHEN:</b> Fight phase, just after a <span class="kwb">WORLD</span> <span class="kwb">EATERS</span> unit from your army destroys a <span class="kwb">CHARACTER</span> or <span class="kwb">MONSTER</span> model.<br><br><b>TARGET:</b> That World Eaters unit.<br><br><b>EFFECT:</b> Make a Blessings of Khorne roll and use the results to activate one Blessing of Khorne. Until the end of the battle round, that Blessing of Khorne is active in addition to any other Blessings of Khorne that are currently active.|
WE|APOPLECTIC FRENZY|000008431006|Berzerker Warband â Strategic Ploy Stratagem|1|Those who fight for Khorne are driven to even greater depths of rage, surging towards the foe in a barely controlled tide of bloodthirsty savagery.|Your turn|Charge phase|Berzerker Warband|000000777|<b>WHEN:</b> Your Movement phase, just after a <span class="kwb">KHORNE</span> <span class="kwb">BERZERKERS</span> unit from your army is selected to Advance.<br><br><b>TARGET:</b> That Khorne Berzerkers unit.<br><br><b>EFFECT:</b> Until the end of the turn, your unit is eligible to declare a charge in a turn in which it Advanced.|
WE|BERZERKERâS WRATH|000008431007|Berzerker Warband â Strategic Ploy Stratagem|1|The incessant pounding of the Butcher's Nails drives the World Eaters forward, desperate to salve their agony with blood and gore.|Opponentâs turn|Shooting phase|Berzerker Warband|000000777|<b>WHEN:</b> Your opponentâs Shooting phase, just after an enemy unit has shot.<br><br><b>TARGET:</b> One Khorne Berzerkers unit from your army that can make a Blood Surge move as a result of those attacks.<br><br><b>EFFECT:</b> Do not roll a D6 to determine how far models in your unit can move when they make their Blood Surge move. Instead, when making their Blood Surge move, these models can move up to 8".|
WE|SAVAGE RESILIENCE|000009709004|Boarding Butchers â Battle Tactic Stratagem|1|Lost to blood madness, these warriors cannot be halted even by ruinous salvoes of enemy fire.|Opponentâs turn|Shooting phase|Boarding Butchers|000000977|<b>WHEN:</b> Your opponentâs Shooting phase, just after an enemy unit has selected its targets.<br><br><b>TARGET:</b> One <span class="kwb">WORLD</span> <span class="kwb">EATERS</span> unit from your army that was selected as the target of one or more of the attacking unitâs attacks.<br><br><b>EFFECT:</b> Until the end of the phase, each time an attack is allocated to a model in your unit, subtract 1 from the Damage characteristic of that attack.|
WE|TERRIFYING SCREAMS|000009709002|Boarding Butchers â Strategic Ploy Stratagem|1|These warriors dismember their victims with such apocalyptic violence that the agonised screams of the dying ring throughout the ship.|Either playerâs turn|Fight phase|Boarding Butchers|000000977|<b>WHEN:</b> Fight phase, just after a <span class="kwb">WORLD</span> <span class="kwb">EATERS</span> unit from your army destroys an enemy unit.<br><br><b>TARGET:</b> That <span class="kwb">WORLD</span> <span class="kwb">EATERS</span> unit.<br><br><b>EFFECT:</b> Until the end of your opponentâs next Command phase, subtract 1 from Battle-shock and Leadership tests taken for all enemy units.|
WE|UNSTOPPABLE RAGE|000009709003|Boarding Butchers â Strategic Ploy Stratagem|1|Charging headlong into battle, these warriors simply smash hatches from their housings as they bull their way through, often straight into unsuspecting foes waiting in corridors and chambers beyond.|Your turn|Movement phase|Boarding Butchers|000000977|<b>WHEN:</b> Your Movement phase, just after a <span class="kwb">WORLD</span> <span class="kwb">EATERS</span> unit from your army (excluding <span class="kwb">JAKHAL</span> units) opens a Hatchway.<br><br><b>TARGET:</b> That <span class="kwb">WORLD</span> <span class="kwb">EATERS</span> unit.<br><br><b>EFFECT:</b> For each enemy unit within 3" of that Hatchway and wholly on the opposite side of it from your unit, until the start of your next Movement phase, that enemy unit is stunned. While a unit is stunned, each time a model in it makes an attack, subtract 1 from the Hit roll.|
WE|COWARDSâ BANE|000009709005|Boarding Butchers â Strategic Ploy Stratagem|1|Disgusted by those who seek to flee their axes, the World Eaters cut them down without mercy.|Opponentâs turn|Movement phase|Boarding Butchers|000000977|<b>WHEN:</b> Your opponentâs Movement phase, just after an enemy unit is selected to Fall Back.<br><br><b>TARGET:</b> One <span class="kwb">WORLD</span> <span class="kwb">EATERS</span> unit from your army (excluding JAKHAL units) within Engagement Range of that enemy unit.<br><br><b>EFFECT:</b> Until the end of the phase, each time that enemy unit Falls Back, models in it must take Desperate Escape tests as if their unit was Battle-shocked. When doing so, if that enemy unit is also Battle-shocked by other means, subtract 1 from each of those Desperate Escape tests.|
WE|BLOODTHIRSTY HORDE|000010075005|Cult of Blood â Battle Tactic Stratagem|1|In their feverish desire to slaughter, Khornate cultists scramble and surge to land blows upon the foe.|Either playerâs turn|Fight phase|Cult of Blood|000001042|<b>WHEN:</b> Fight phase.<br><br><b>TARGET:</b> One Jakhals or Goremongers unit from your army that has not been selected to fight this phase and is within Engagement Range of one or more enemy units.<br><br><b>EFFECT:</b> Until the end of the phase, each time your unit is selected to fight, when determining which models in it are eligible to fight, any models in your unit that are within 3" of one or more enemy models are eligible to fight. When resolving those attacks, such models can target one of those enemy units that is within 3" of them and within Engagement Range of their unit.|
WE|BRAZEN IDOL|000010075007|Cult of Blood â Epic Deed Stratagem|2|The greatest idols wrought in Khorne's infernal name bestow myriad blessings upon his faithful.|Your turn|Command phase|Cult of Blood|000001042|<b>WHEN:</b> Your Command phase.<br><br><b>TARGET:</b> One World Eaters Monster or World Eaters Titanic unit from your army.<br><br><b>EFFECT:</b> Select the Idol of Infinite Rage, Idol of Burning Wrath or Idol of Blessed Blood. Until the start of your next Command phase, that Idols of Khorne ability is active for your unit instead of any other Idols of Khorne ability that is active for your army, even if you have already selected that ability this battle.<br><br><b>RESTRICTIONS:</b> You can only use this Stratagem once per battle.|
WE|BLOODY VENGEANCE|000010075002|Cult of Blood â Epic Deed Stratagem|1|The demise of this titanic being showers nearby cultists in blood and viscera, inspiring vengeful fury.|Either playerâs turn|Any phase|Cult of Blood|000001042|<b>WHEN:</b> Any phase.<br><br><b>TARGET:</b> One World Eaters Monster or World Eaters Titanic unit from your army that was just destroyed by an enemy unit. You can use this Stratagem on that unit even though it was just destroyed.<br><br><b>EFFECT:</b> Until the end of the battle, each time a model in a Jakhals or Goremongers unit from your army makes an attack that targets the enemy unit that just destroyed your unit, you can re-roll the Hit roll.|
WE|FAIL NOT THE BLOOD GOD|000010075006|Cult of Blood â Strategic Ploy Stratagem|1|To fail Khorne is to invite a terrible fate.|Either playerâs turn|Fight phase|Cult of Blood|000001042|<b>WHEN:</b> Fight phase.<br><br><b>TARGET:</b> One Jakhals or Goremongers unit from your army.<br><br><b>EFFECT:</b> Until the end of the phase, each time a model in your unit makes an attack, re-roll a Hit roll of 1. If that modelâs unit is within 6" of one or more friendly World Eaters Monster units, or within 9" of one or more friendly World Eaters Titanic units, you can re-roll the Hit roll instead.|
WE|IN THE SHADOW OF BRASS IDOLS|000010075004|Cult of Blood â Strategic Ploy Stratagem|1|Emboldened by blood-slick and skull-laden idols of their dark god, mortal cultists shrug off injury.|Either playerâs turn|Shooting or Fight phase|Cult of Blood|000001042|<b>WHEN:</b> Your opponentâs Shooting phase or the Fight phase, just after an enemy unit has selected its targets.<br><br><b>TARGET:</b> One Jakhals or Goremongers unit from your army that was selected as the target as one or more of the attacking unitâs attacks.<br><br><b>EFFECT:</b> Until the end of the phase, models in your unit have the Feel No Pain 6+ ability. If your unit is within 6" of one or more friendly World Eaters Monster units, or within 9" of one or more friendly World Eaters Titanic units, your unit has the Feel No Pain 5+ ability instead.|
WE|DRAWN TO THE SLAUGHTER|000010075003|Cult of Blood â Strategic Ploy Stratagem|2|As the bloodshed increases, Jakhals are drawn to the fight like hungry scavengers to a kill.|Either playerâs turn|Any phase|Cult of Blood|000001042|<b>WHEN:</b> Any phase.<br><br><b>TARGET:</b> One Jakhals unit from your army that was just destroyed. You can use this Stratagem on that unit even though it was just destroyed.<br><br><b>EFFECT:</b> Add a new unit to your army identical to your destroyed unit, in Strategic Reserves, at its Starting Strength.<br><br><b>RESTRICTIONS:</b> This Stratagem cannot be used to return destroyed Character units to Attached units. You can only use this Stratagem once per battle.|
WE|FURY UNLEASHED|000010087007|Goretrack Onslaught â Strategic Ploy Stratagem|1|Khorne Berzerkers react to incoming fire, disembarking to release their pent-up fury.|Opponentâs turn|Shooting phase|Goretrack Onslaught|000001045|<b>WHEN:</b> Your opponentâs Shooting phase, just after an enemy unit has shot.<br><br><b>TARGET:</b> One World Eaters Rhino model from your army that has one or more wounds remaining and was hit by one or more of the attacking unitâs attacks.<br><br><b>EFFECT:</b> One Khorne Berzerkers unit embarked within your model can disembark and make a Blood Surge move.<br><br><b>RESTRICTIONS:</b> A unit cannot be targeted by this Stratagem and the Unrelenting Advance Stratagem in the same phase.|
WE|ENDLESS PURSUIT OF VIOLENCE|000010087002|Goretrack Onslaught â Strategic Ploy Stratagem|1|Having slaughtered their foes, the World Eaters mount up once more to seek new victims.|Either playerâs turn|Shooting or Fight phase|Goretrack Onslaught|000001045|<b>WHEN:</b> End of the Fight phase.<br><br><b>TARGET:</b> One World Eaters Infantry unit from your army and one friendly Transport that it is able to embark within.<br><br><b>EFFECT:</b> If your <span class="kwb">WORLD</span> <span class="kwb">EATERS</span> <span class="kwb">INFANTRY</span> unit is wholly within 6" of that <span class="kwb">TRANSPORT</span>, it can embark within it.|
WE|SMASH THROUGH|000010087003|Goretrack Onslaught â Strategic Ploy Stratagem|1|Few obstacles can prevent the World Eaters' eager armoured formations from reaching their prey.|Your turn|Movement phase|Goretrack Onslaught|000001045|<b>WHEN:</b> Your Movement phase.<br><br><b>TARGET:</b> One World Eaters Vehicle model from your army that has not been selected to move this phase.<br><br><b>EFFECT:</b> Until the end of the phase, each time your unit makes a Normal or Advance move, it can move horizontally through terrain features.|
WE|AGGRESSIVE DISEMBARKATION|000010087004|Goretrack Onslaught â Strategic Ploy Stratagem|1|Propelled by their bloodlust, the World Eaters spill from their transports and surge towards the foe.|Your turn|Movement phase|Goretrack Onslaught|000001045|<b>WHEN:</b> Your Movement phase.<br><br><b>TARGET:</b> One World Eaters Rhino model from your army that has not been selected to move this phase.<br><br><b>EFFECT:</b> One <span class="kwb">WORLD</span> <span class="kwb">EATERS</span> unit embarked within your <span class="kwb">RHINO</span> can disembark. When doing so, models in that unit can be set up anywhere on the battlefield wholly within 6" of your <span class="kwb">RHINO</span> and can be set up within Engagement Range of one or more enemy units.|
WE|FULL-THROTTLE ASSAULT|000010087005|Goretrack Onslaught â Strategic Ploy Stratagem|1|With their transports growling with hunger, the World Eaters emerge rapidly to crash headlong into their enemies.|Your turn|Movement phase|Goretrack Onslaught|000001045|<b>WHEN:</b> Your Movement phase.<br><br><b>TARGET:</b> One World Eaters Rhino model from your army that has not been selected to move this phase.<br><br><b>EFFECT:</b> Until the end of the phase, each time a <span class="kwb">WORLD</span> <span class="kwb">EATERS</span> unit disembarks from that model after it has made a Normal move, that unit is still eligible to declare a charge this turn.|
WE|UNRELENTING ADVANCE|000010087006|Goretrack Onslaught â Strategic Ploy Stratagem|1|Incoming fire crashes against corrupted armour, drawing the target closer.|Opponentâs turn|Shooting phase|Goretrack Onslaught|000001045|<b>WHEN:</b> Your opponentâs Shooting phase, just after an enemy unit has shot.<br><br><b>TARGET:</b> One World Eaters Vehicle model from your army that was hit by one or more of the attacking unitâs attacks.<br><br><b>EFFECT:</b> Your model can make a Normal move of up to 6".<br><br><b>RESTRICTIONS:</b> A unit cannot be targeted by this Stratagem and the Fury Unleashed Stratagem in the same phase.|
WE|DAEMONIC FURY|000010079003|Khorne Daemonkin â Battle Tactic Stratagem|1|The blood legions surge forth from the Warp in a howling tide of carnage, butchering all in their path.|Either playerâs turn|Fight phase|Khorne Daemonkin|000001043|<b>WHEN:</b> Start of your Fight phase.<br><br><b>TARGET:</b> One Blood Legions unit from your army.<br><br><b>EFFECT:</b> Select one friendly World Eaters unit within 6" of your unit. Until the end of the turn, melee weapons equipped by models in your <span class="kwb">WORLD</span> <span class="kwb">EATERS</span> unit have the [LANCE] ability. If the Daemonic Rage ability is active for your army, then until the end of the phase those melee weapons also have the [TWIN-LINKED] ability.|
WE|BLESSING OF BURNING BLOOD|000010079005|Khorne Daemonkin â Battle Tactic Stratagem|1|The weapons of Khorne's craven foes are turned aside by empyric energies.|Either playerâs turn|Shooting or Fight phase|Khorne Daemonkin|000001043|<b>WHEN:</b> Your opponentâs Shooting phase or the Fight phase, just after an enemy unit has selected its targets.<br><br><b>TARGET:</b> One Blood Legions unit from your army that is within 6" of a friendly World Eaters unit that was selected as the target as one or more of the attacking unitâs attacks.<br><br><b>EFFECT:</b> Until the end of the phase, models in your <span class="kwb">WORLD</span> <span class="kwb">EATERS</span> unit have a 5+ invulnerable save. If the Boon of Blood ability is active for your army, then until the end of the phase, models in your <span class="kwb">WORLD</span> <span class="kwb">EATERS</span> unit have a 4+ invulnerable save.|
WE|A WORTHY SKULL|000010079004|Khorne Daemonkin â Epic Deed Stratagem|1|Khorneâs followers seek to claim the skulls of the foe's mightiest champions.|Either playerâs turn|Fight phase|Khorne Daemonkin|000001043|<b>WHEN:</b> Fight phase, just after a Blood Legions or World Eaters unit from your army has fought, and one or more enemy <span class="kwb">CHARACTER</span> or <span class="kwb">MONSTER</span> models were destroyed as a result of those attacks.<br><br><b>TARGET:</b> That <span class="kwb">BLOOD</span> <span class="kwb">LEGIONS</span> or <span class="kwb">WORLD</span> <span class="kwb">EATERS</span> unit.<br><br><b>EFFECT:</b> You gain D3BTP and you can then spend one or more BTP you have to activate one of the Blood Tithe abilities.<br>|
WE|MURDER-CALL|000010079007|Khorne Daemonkin â Strategic Ploy Stratagem|1|With their foes rent asunder, Khornate daemons return to the chaos of the Warp, awaiting the next massacre to strike again.|Opponentâs turn|Fight phase|Khorne Daemonkin|000001043|<b>WHEN:</b> End of your opponentâs Fight phase.<br><br><b>TARGET:</b> One Blood Legions unit from your army that is on the battlefield and not within Engagement Range of one or more enemy units.<br><br><b>EFFECT:</b> Remove your unit from the battlefield and place it into Strategic Reserves.|
WE|SUMMONED BY SLAUGHTER|000010079002|Khorne Daemonkin â Strategic Ploy Stratagem|1|As blood is spilt, the veil between reality and the Warp is eroded, and Khorneâs daemonic legions spill forth at will.|Either playerâs turn|Any phase|Khorne Daemonkin|000001043|<b>WHEN:</b> Any phase, when the last model in a unit is destroyed, before removing it from play. (If that unit is a Transport, any units embarked within that <span class="kwb">TRANSPORT</span> model must disembark first.)<br><br><b>TARGET:</b> One Bloodletters unit from your army that is in Reserves.<br><br><b>EFFECT:</b> Set your unit up anywhere on the battlefield wholly within 9" of that destroyed model and more than 6" horizontally away from all enemy units, then remove the destroyed model from play.<br><br><b>RESTRICTIONS:</b> You cannot use this Stratagem more than once per battle round.|
WE|DAEMONTIDE|000010079006|Khorne Daemonkin â Strategic Ploy Stratagem|1|As the bloodshed increases, seemingly endless tides of daemons spill from the Warp to bolster the ranks of the blood legions.|Your turn|Command phase|Khorne Daemonkin|000001043|<b>WHEN:</b> Your Command phase.<br><br><b>TARGET:</b> One World Eaters unit from your army.<br><br><b>EFFECT:</b> Select one friendly Blood Legions unit within 6" of your unit. One destroyed Mounted model, up to D3 destroyed Beast models, or up to D6 destroyed Infantry models are returned to that <span class="kwb">BLOOD</span> <span class="kwb">LEGIONS</span> unit with their full wounds remaining.<br><br><b>RESTRICTIONS:</b> This Stratagem cannot be used to return destroyed Character models to Attached units.|
WE|DAEMONIC RESISTANCE|000010083002|Possessed Slaughterband â Battle Tactic Stratagem|2|Possession lends great resilience.|Either playerâs turn|Shooting or Fight phase|Possessed Slaughterband|000001044|<b>WHEN:</b> Your opponentâs Shooting phase or the Fight phase, just after an enemy unit has selected its targets.<br><br><b>TARGET:</b> One World Eaters Possessed unit from your army that was selected as the target of one or more of the attacking unitâs attacks.<br><br><b>EFFECT:</b> Until the end of the phase, each time an attack targets your unit, subtract 1 from the Wound roll.|
WE|IMMORTAL FURY|000010083004|Possessed Slaughterband â Battle Tactic Stratagem|2|Even as their host's form is destroyed, Khorne's daemons strive to strike a final, vengeful blow.|Either playerâs turn|Fight phase|Possessed Slaughterband|000001044|<b>WHEN:</b> Fight phase, just after an enemy unit has selected its targets.<br><br><b>TARGET:</b> One World Eaters Possessed unit from your army that was selected as the target of one or more of the attacking unitâs attacks.<br><br><b>EFFECT:</b> Until the end of the phase, each time a model in your unit is destroyed, if that model has not fought this phase, do not remove it from play. The destroyed model can fight after the attacking modelâs unit has finished making its attacks, and is then removed from play.|
WE|DAEMONIC STRENGTH|000010083003|Possessed Slaughterband â Battle Tactic Stratagem|1|Infernal mutations grant the possessed daemonic strength.|Either playerâs turn|Fight phase|Possessed Slaughterband|000001044|<b>WHEN:</b> Fight phase.<br><br><b>TARGET:</b> One World Eaters Possessed unit from your army that has not been selected to fight this phase.<br><br><b>EFFECT:</b> Until the end of the phase, each time an attack made by a model in your unit is allocated to an enemy model, if your unit has the Eightbound keyword and that enemy model is not a <span class="kwb">MONSTER</span> or <span class="kwb">VEHICLE</span>, add 1 to the Damage characteristic of that attack. If your unit has the Exalted Eightbound keyword and that enemy model is a <span class="kwb">MONSTER</span> or <span class="kwb">VEHICLE</span>, add 1 to the Damage characteristic of that attack instead.|
WE|RAPID MANIFESTATION|000010083005|Possessed Slaughterband â Strategic Ploy Stratagem|1|Tearing through the fabric of reality, the Exalted Eightbound appear as if from nowhere to loom over their terrified victims.|Your turn|Movement phase|Possessed Slaughterband|000001044|<b>WHEN:</b> Your Movement phase.<br><br><b>TARGET:</b> One Exalted Eightbound unit from your army that is arriving using the Deep Strike ability this phase.<br><br><b>EFFECT:</b> Your unit can be set up anywhere on the battlefield that is more than 6" horizontally away from all enemy units.<br><br><b>RESTRICTIONS:</b> A unit targeted with this Stratagem is not eligible to declare a charge in the same turn.|
WE|HORRIFYING VIOLENCE|000010083007|Possessed Slaughterband â Strategic Ploy Stratagem|1|Enthralled warriors fall upon their victims in horrifying displays of carnage, sending panic rippling through the enemy ranks.|Opponentâs turn|Command phase|Possessed Slaughterband|000001044|<b>WHEN:</b> Your opponentâs Command phase.<br><br><b>TARGET:</b> One World Eaters Possessed unit from your army.<br><br><b>EFFECT:</b> Each enemy unit within Engagement Range of your unit must take a Battle-shock test, subtracting 1 from that test.|
WE|WARP STALKERS|000010083006|Possessed Slaughterband â Strategic Ploy Stratagem|1|Possessed warriors surge over and through their allies, swatting lessors aside in their eagerness to slaughter foes.|Your turn|Movement or Charge phase|Possessed Slaughterband|000001044|<b>WHEN:</b> Your Movement phase or your Charge phase.<br><br><b>TARGET:</b> One World Eaters Possessed unit from your army that has not been selected to move or declare a charge this phase.<br><br><b>EFFECT:</b> Until the end of the phase, each time a model in your unit makes a Normal, Advance, Fall Back or Charge move, it can move through enemy models (excluding <span class="kwb">MONSTERS</span> and <span class="kwb">VEHICLES</span>). When doing so, it can move within Engagement Range of such models but, unless that move was a Charge move, it cannot end that move within Engagement Range of them, and any Desperate Escape test is automatically passed.|
WE|SHOCKING ONSLAUGHT|000009717005|Skullsworn â Battle Tactic Stratagem|1|The horrifying onset of these warriors can paralyse enemies with fear at the crucial moment.|Opponentâs turn|Movement or Charge phase|Skullsworn|000000978|<b>WHEN:</b> Your Movement or Charge phase, just after an enemy unit is selected to fire Overwatch.<br><br><b>TARGET:</b> One <span class="kwb">WORLD</span> <span class="kwb">EATERS</span> unit from your army.<br><br><b>EFFECT:</b> Until the end of the phase, each time an enemy unit is selected to fire Overwatch, it must take a Leadership test, subtracting 1 from the result: if failed, that enemy unit cannot fire Overwatch at your unit this phase.|
WE|RUINOUS RAMPAGE|000009717004|Skullsworn â Strategic Ploy Stratagem|1|These berserk warriors smash through armoured hatchways as though they were no more durable than parchment.|Your turn|Movement or Charge phase|Skullsworn|000000978|<b>WHEN:</b> Your Movement or Charge phase.<br><br><b>TARGET:</b> One WORLD EATERS TERMINATOR, EIGHTBOUND or EXALTED EIGHTBOUND unit from your army that has not been selected to move this phase and has not declared a charge this phase.<br><br><b>EFFECT:</b> Until the end of the phase, when making a Normal, Advance or Charge move, your unit can move through a single closed Hatchway as if it was open. When doing so, that Hatchway is opened and cannot be closed for the rest of the battle. This can allow that unit to declare a charge against enemy units that are not visible to it, but to do so those enemy units must be within 1" of that Hatchway and wholly on the opposite side of it from your unit.<br><br><b>RESTRICTIONS:</b> You can only use this Stratagem once per turn.|
WE|FURIOUS MOMENTUM|000009717003|Skullsworn â Strategic Ploy Stratagem|1|Gripped by supernatural levels of fury, these warriors surge through the raging heart of battle like a bloody tide.|Either playerâs turn|Fight phase|Skullsworn|000000978|<b>WHEN:</b> Fight phase.<br><br><b>TARGET:</b> One <span class="kwb">WORLD</span> <span class="kwb">EATERS</span> unit from your army that has not been selected to fight this phase.<br><br><b>EFFECT:</b> Until the end of the phase, each time a model in your unit makes a Pile-in or Consolidation move, it can move up to 6" instead of up to 3".|
WE|BLOOD RITE|000009717002|Skullsworn â Strategic Ploy Stratagem|1|Ground upon which Khorneâs champions have shed the blood of their foes is indelibly stained with the mark of their wrathful god.|Either playerâs turn|Fight phase|Skullsworn|000000978|<b>WHEN:</b> Fight phase, just after a WORLD EATERS TERMINATOR, EIGHTBOUND or EXALTED EIGHTBOUND unit from your army destroys an enemy unit.<br><br><b>TARGET:</b> That unit.<br><br><b>EFFECT:</b> Select one objective marker that your unit or the destroyed unit was within range of at the start of the phase. That objective marker is Secured by your army.|
WE|OVERSHADOWED BY NONE|000009848003|Vessels of Wrath â Battle Tactic Stratagem|1|The more towering and monstrous the adversary, the better a chance that its bloody end will win the approbation of Khorne.|Either playerâs turn|Fight phase|Vessels of Wrath|000001007|<b>WHEN:</b> Fight phase.<br><br><b>TARGET:</b> One World Eaters Infantry, World Eaters Mounted or World Eaters Daemon Prince unit from your army that has not been selected to fight this phase.<br><br><b>EFFECT:</b> Until the end of the phase, each time a model in your unit makes an attack that targets a <span class="kwb">MONSTER</span> or <span class="kwb">VEHICLE</span> unit, you can re-roll the Wound roll.|
WE|ASPIRE TO INFAMY|000009848002|Vessels of Wrath â Battle Tactic Stratagem|1|With proven champions of Khorne looking on, those of lesser renown hurl themselves into the fray with greater ferocity, eager to prove their prowess.|Either playerâs turn|Fight phase|Vessels of Wrath|000001007|<b>WHEN:</b> Fight phase.<br><br><b>TARGET:</b> One Khorne Berzerkers or Jakhals unit from your army that has not been selected to fight this phase and is within 8" of one or more friendly World Eaters Character models.<br><br><b>EFFECT:</b> Until the end of the phase, improve the Strength and Armour Penetration characteristics of melee weapons equipped by non-<span class="kwb">CHARACTER</span> models in your unit by 1.|
WE|BRAZEN CONTEMPT|000009848007|Vessels of Wrath â Battle Tactic Stratagem|1|Empowered by flowing waves of hatred that they believe emanate from the Blood God himself, Khorneâs worshippers feel nothing but scorn at their enemiesâ pitiful blows.|Opponentâs turn|Shooting phase|Vessels of Wrath|000001007|<b>WHEN:</b> Your opponentâs Shooting phase, just after an enemy unit has selected its targets.<br><br><b>TARGET:</b> One <span class="kwb">WORLD</span> <span class="kwb">EATERS</span> unit from your army that was selected as the target of one or more of the attacking unitâs attacks.<br><br><b>EFFECT:</b> Until the end of the phase, each time an attack targets your unit, if the Strength characteristic of that attack is greater than the Toughness characteristic of your unit, subtract 1 from the Wound roll, or, if it is a <span class="kwb">VESSEL</span> <span class="kwb">OF</span> <span class="kwb">WRATH</span> unit, subtract 1 from the Wound roll instead.|
WE|GORY DEDICATION|000009848004|Vessels of Wrath â Strategic Ploy Stratagem|1|To the World Eaters, every battlefield is an altar upon which to offer up crimson sacrifices. Where the lifeblood of their victims falls, it anoints the ground as holy to Khorneâs murderous creed.|Either playerâs turn|Fight phase|Vessels of Wrath|000001007|<b>WHEN:</b> End of the Fight phase.<br><br><b>TARGET:</b> One <span class="kwb">WORLD</span> <span class="kwb">EATERS</span> unit from your army that destroyed one or more enemy models with a melee attack this phase.<br><br><b>EFFECT:</b> Select one objective marker you control that your unit is within range of. That objective marker remains under your control until your opponentâs Level of Control over that objective marker is greater than yours at the end of a phase.|
WE|MEET FORCE WITH FORCE|000009848006|Vessels of Wrath â Strategic Ploy Stratagem|1|Desperate to prove themselves to the Blood God in this hour of infernal glory, these warriors are only goaded to more ferocious efforts by the enemyâs attempts to hold them at bay.|Opponentâs turn|Shooting phase|Vessels of Wrath|000001007|<b>WHEN:</b> Your opponentâs Shooting phase, just after an enemy unit has shot.<br><br><b>TARGET:</b> One World Eaters Infantry, World Eaters Mounted or World Eaters Daemon Prince unit from your army that lost one or more wounds as a result of those attacks.<br><br><b>EFFECT:</b> Your unit can make a Blood Surge move. To do so, roll one D6: models in your unit move a number of inches up to the result, but your unit must end that move as close as possible to the closest enemy unit (excluding <span class="kwb">AIRCRAFT</span>). When doing so, those models can be moved within Engagement Range of that enemy unit. If your unit is a Khorne Berzerkers or <span class="kwb">VESSEL</span> <span class="kwb">OF</span> <span class="kwb">WRATH</span>  unit, you can re-roll the D6 to determine how far your unit can move.|
WE|PUNISH THE CRAVEN|000009848005|Vessels of Wrath â Strategic Ploy Stratagem|1|The Blood God is said to detest cowards. Meting out punishment to such degenerates is a sure way to win his favour and gain his wrathful boons.|Opponentâs turn|Movement phase|Vessels of Wrath|000001007|<b>WHEN:</b> Your opponentâs Movement phase, just after an enemy unit (excluding <span class="kwb">MONSTERS</span> and <span class="kwb">VEHICLES</span>) is selected to Fall Back.<br><br><b>TARGET:</b> One World Eaters Infantry or World Eaters Daemon Prince unit from your army within Engagement Range of that enemy unit.<br><br><b>EFFECT:</b> When that enemy unit Falls Back, all models in that enemy unit must take a Desperate Escape test. When doing so, if your unit is a <span class="kwb">VESSEL</span> <span class="kwb">OF</span> <span class="kwb">WRATH</span>  unit, subtract 1 from each of those tests.|
